task_index,task,feature_index,interval,x,ale
0,task_1,0,0,0.0,2.331294059753418
0,task_1,0,1,0.03904642537236214,1.9783028364181519
0,task_1,0,2,0.07077282667160034,1.6745445728302002
0,task_1,0,3,0.09369717538356781,1.4909321069717407
0,task_1,0,4,0.12005231529474258,1.2635771036148071
0,task_1,0,5,0.14084550738334656,1.0887492895126343
0,task_1,0,6,0.16069602966308594,0.9142939448356628
0,task_1,0,7,0.18282778561115265,0.7131791114807129
0,task_1,0,8,0.2063368558883667,0.512397825717926
0,task_1,0,9,0.23040956258773804,0.32592451572418213
0,task_1,0,10,0.2544783353805542,0.14894366264343262
0,task_1,0,11,0.27415740489959717,0.011769043281674385
0,task_1,0,12,0.2929990291595459,-0.10825055092573166
0,task_1,0,13,0.31203556060791016,-0.24033373594284058
0,task_1,0,14,0.32810860872268677,-0.3351953327655792
0,task_1,0,15,0.345615416765213,-0.44470298290252686
0,task_1,0,16,0.363826721906662,-0.5454208254814148
0,task_1,0,17,0.3786299526691437,-0.621437668800354
0,task_1,0,18,0.39093151688575745,-0.6742258071899414
0,task_1,0,19,0.40347373485565186,-0.7234787940979004
0,task_1,0,20,0.4141494631767273,-0.7411084771156311
0,task_1,0,21,0.42499974370002747,-0.7733328342437744
0,task_1,0,22,0.43355196714401245,-0.7947366833686829
0,task_1,0,23,0.44058167934417725,-0.8295618891716003
0,task_1,0,24,0.44745394587516785,-0.8482003211975098
0,task_1,0,25,0.4544453024864197,-0.837519645690918
0,task_1,0,26,0.46237313747406006,-0.8444554805755615
0,task_1,0,27,0.4691495895385742,-0.8271520137786865
0,task_1,0,28,0.47943544387817383,-0.8040727376937866
0,task_1,0,29,0.6715680360794067,-1.460722804069519
0,task_1,1,0,0.0,0.18474526703357697
0,task_1,1,1,0.0,0.18474526703357697
0,task_1,1,2,0.0,0.18474526703357697
0,task_1,1,3,0.0,0.18474526703357697
0,task_1,1,4,0.0,0.18474526703357697
0,task_1,1,5,0.0,0.18474526703357697
0,task_1,1,6,0.0,0.18474526703357697
0,task_1,1,7,0.0,0.18474526703357697
0,task_1,1,8,0.0,0.18474526703357697
0,task_1,1,9,0.0,0.18474526703357697
0,task_1,1,10,0.0,0.18474526703357697
0,task_1,1,11,0.0,0.18474526703357697
0,task_1,1,12,0.0,0.18474526703357697
0,task_1,1,13,0.0,0.18474526703357697
0,task_1,1,14,0.0,0.18474526703357697
0,task_1,1,15,0.0,0.18474526703357697
0,task_1,1,16,0.0,0.18474526703357697
0,task_1,1,17,0.0,0.18474526703357697
0,task_1,1,18,0.0,0.18474526703357697
0,task_1,1,19,0.0,0.18474526703357697
0,task_1,1,20,0.0,0.18474526703357697
0,task_1,1,21,0.0,0.18474526703357697
0,task_1,1,22,0.0,0.18474526703357697
0,task_1,1,23,0.0,0.18474526703357697
0,task_1,1,24,0.010352075099945068,0.1517418920993805
0,task_1,1,25,0.014546036720275879,0.16411516070365906
0,task_1,1,26,0.01730048656463623,0.162521630525589
0,task_1,1,27,0.01986391842365265,0.16688664257526398
0,task_1,1,28,0.023472845554351807,0.21521493792533875
0,task_1,1,29,0.49553781747817993,-5.294366359710693
0,task_1,2,0,0.6153506636619568,0.19535095989704132
0,task_1,2,1,0.6903496980667114,-1.982113003730774
0,task_1,2,2,0.7675602436065674,-1.5128040313720703
0,task_1,2,3,0.8424999713897705,-0.5311341285705566
0,task_1,2,4,0.8937479257583618,-0.2788717746734619
0,task_1,2,5,0.9471541047096252,-0.4295523762702942
0,task_1,2,6,1.0001975297927856,-0.22680561244487762
0,task_1,2,7,1.0380275249481201,0.1447143703699112
0,task_1,2,8,1.0477927923202515,0.3596639931201935
0,task_1,2,9,1.0511502027511597,0.4405458867549896
0,task_1,2,10,1.0546985864639282,0.5270458459854126
0,task_1,2,11,1.0570874214172363,0.5806589722633362
0,task_1,2,12,1.0607430934906006,0.6437081098556519
0,task_1,2,13,1.0654112100601196,0.7111330032348633
0,task_1,2,14,1.0737231969833374,0.6661012768745422
0,task_1,2,15,1.082491159439087,0.5731695294380188
0,task_1,2,16,1.0919077396392822,0.5769795179367065
0,task_1,2,17,1.1014795303344727,0.6161887049674988
0,task_1,2,18,1.1082438230514526,0.6205196380615234
0,task_1,2,19,1.1168324947357178,0.6197481751441956
0,task_1,2,20,1.1242895126342773,0.6262221336364746
0,task_1,2,21,1.1325222253799438,0.5466063022613525
0,task_1,2,22,1.139638900756836,0.40094897150993347
0,task_1,2,23,1.1454063653945923,0.2351813018321991
0,task_1,2,24,1.1498514413833618,0.15120813250541687
0,task_1,2,25,1.1544289588928223,0.06838101148605347
0,task_1,2,26,1.1585832834243774,0.0003099176101386547
0,task_1,2,27,1.1622802019119263,-0.019482607021927834
0,task_1,2,28,1.1671795845031738,-0.1953786462545395
0,task_1,2,29,1.4665107727050781,-4.128223896026611
0,task_1,3,0,0.12015705555677414,-2.764280080795288
0,task_1,3,1,0.15718354284763336,-2.276690721511841
0,task_1,3,2,0.19294233620166779,-1.826404094696045
0,task_1,3,3,0.23174971342086792,-1.3524165153503418
0,task_1,3,4,0.25770387053489685,-1.0485243797302246
0,task_1,3,5,0.2936192452907562,-0.6814438700675964
0,task_1,3,6,0.3270215392112732,-0.3469843566417694
0,task_1,3,7,0.34770599007606506,-0.16965658962726593
0,task_1,3,8,0.3570719361305237,-0.09384424984455109
0,task_1,3,9,0.3659142553806305,-0.026965796947479248
0,task_1,3,10,0.37340351939201355,0.03470440208911896
0,task_1,3,11,0.38299626111984253,0.10775905102491379
0,task_1,3,12,0.3896379768848419,0.15635636448860168
0,task_1,3,13,0.3981485366821289,0.21903228759765625
0,task_1,3,14,0.40640464425086975,0.27732351422309875
0,task_1,3,15,0.4142632782459259,0.33384156227111816
0,task_1,3,16,0.41944748163223267,0.3714851140975952
0,task_1,3,17,0.4273189902305603,0.4248116612434387
0,task_1,3,18,0.4327385425567627,0.4565469026565552
0,task_1,3,19,0.4390020966529846,0.4939383864402771
0,task_1,3,20,0.44396865367889404,0.5261018872261047
0,task_1,3,21,0.448473185300827,0.5510939955711365
0,task_1,3,22,0.452101469039917,0.5719301700592041
0,task_1,3,23,0.4559309780597687,0.5915117859840393
0,task_1,3,24,0.45941364765167236,0.6094639301300049
0,task_1,3,25,0.463198184967041,0.6268092393875122
0,task_1,3,26,0.46723058819770813,0.6490814685821533
0,task_1,3,27,0.4734766483306885,0.679838240146637
0,task_1,3,28,0.47967883944511414,0.7053884267807007
0,task_1,3,29,1.7245720624923706,2.2001872062683105
0,task_1,4,0,9.999999747378752e-05,0.0
0,task_1,4,1,9.999999747378752e-05,0.0
0,task_1,4,2,9.999999747378752e-05,0.0
0,task_1,4,3,9.999999747378752e-05,0.0
0,task_1,4,4,9.999999747378752e-05,0.0
0,task_1,4,5,9.999999747378752e-05,0.0
0,task_1,4,6,9.999999747378752e-05,0.0
0,task_1,4,7,9.999999747378752e-05,0.0
0,task_1,4,8,9.999999747378752e-05,0.0
0,task_1,4,9,9.999999747378752e-05,0.0
0,task_1,4,10,9.999999747378752e-05,0.0
0,task_1,4,11,9.999999747378752e-05,0.0
0,task_1,4,12,9.999999747378752e-05,0.0
0,task_1,4,13,9.999999747378752e-05,0.0
0,task_1,4,14,9.999999747378752e-05,0.0
0,task_1,4,15,9.999999747378752e-05,0.0
0,task_1,4,16,9.999999747378752e-05,0.0
0,task_1,4,17,9.999999747378752e-05,0.0
0,task_1,4,18,9.999999747378752e-05,0.0
0,task_1,4,19,9.999999747378752e-05,0.0
0,task_1,4,20,9.999999747378752e-05,0.0
0,task_1,4,21,9.999999747378752e-05,0.0
0,task_1,4,22,9.999999747378752e-05,0.0
0,task_1,4,23,9.999999747378752e-05,0.0
0,task_1,4,24,9.999999747378752e-05,0.0
0,task_1,4,25,9.999999747378752e-05,0.0
0,task_1,4,26,9.999999747378752e-05,0.0
0,task_1,4,27,9.999999747378752e-05,0.0
0,task_1,4,28,9.999999747378752e-05,0.0
0,task_1,4,29,9.999999747378752e-05,0.0
0,task_1,5,0,0.0,0.1242636889219284
0,task_1,5,1,0.0,0.1242636889219284
0,task_1,5,2,0.0,0.1242636889219284
0,task_1,5,3,0.0,0.1242636889219284
0,task_1,5,4,0.0,0.1242636889219284
0,task_1,5,5,0.0,0.1242636889219284
0,task_1,5,6,0.0,0.1242636889219284
0,task_1,5,7,0.0,0.1242636889219284
0,task_1,5,8,0.0,0.1242636889219284
0,task_1,5,9,0.0,0.1242636889219284
0,task_1,5,10,0.0,0.1242636889219284
0,task_1,5,11,0.0,0.1242636889219284
0,task_1,5,12,0.0,0.1242636889219284
0,task_1,5,13,0.0,0.1242636889219284
0,task_1,5,14,0.0,0.1242636889219284
0,task_1,5,15,0.0,0.1242636889219284
0,task_1,5,16,0.0,0.1242636889219284
0,task_1,5,17,0.0,0.1242636889219284
0,task_1,5,18,0.0,0.1242636889219284
0,task_1,5,19,0.0,0.1242636889219284
0,task_1,5,20,0.0,0.1242636889219284
0,task_1,5,21,0.0,0.1242636889219284
0,task_1,5,22,0.0,0.1242636889219284
0,task_1,5,23,0.0,0.1242636889219284
0,task_1,5,24,0.020250841975212097,-0.2880305349826813
0,task_1,5,25,0.09002059698104858,-1.0977177619934082
0,task_1,5,26,0.15184113383293152,-1.4340277910232544
0,task_1,5,27,0.2287573665380478,-2.092989206314087
0,task_1,5,28,0.2932703495025635,-2.1203222274780273
0,task_1,5,29,0.6265969276428223,4.050759315490723
0,task_1,6,0,0.0,-0.2895854413509369
0,task_1,6,1,0.0,-0.2895854413509369
0,task_1,6,2,0.0,-0.2895854413509369
0,task_1,6,3,0.0,-0.2895854413509369
0,task_1,6,4,0.0,-0.2895854413509369
0,task_1,6,5,0.0,-0.2895854413509369
0,task_1,6,6,0.0,-0.2895854413509369
0,task_1,6,7,0.0,-0.2895854413509369
0,task_1,6,8,0.0,-0.2895854413509369
0,task_1,6,9,0.0,-0.2895854413509369
0,task_1,6,10,0.0,-0.2895854413509369
0,task_1,6,11,0.0,-0.2895854413509369
0,task_1,6,12,0.001036219298839569,-0.2845061421394348
0,task_1,6,13,0.006807237863540649,-0.2636004686355591
0,task_1,6,14,0.013554677367210388,-0.22781148552894592
0,task_1,6,15,0.019000142812728882,-0.21034108102321625
0,task_1,6,16,0.02345016598701477,-0.18813224136829376
0,task_1,6,17,0.029855072498321533,-0.15662024915218353
0,task_1,6,18,0.033164411783218384,-0.1406412422657013
0,task_1,6,19,0.03828607499599457,-0.10911115258932114
0,task_1,6,20,0.04151090979576111,-0.09774959832429886
0,task_1,6,21,0.04513868689537048,-0.08734326809644699
0,task_1,6,22,0.04965290427207947,-0.06643933802843094
0,task_1,6,23,0.053024858236312866,-0.05733954533934593
0,task_1,6,24,0.056052014231681824,-0.03496212512254715
0,task_1,6,25,0.060296788811683655,-0.013510455377399921
0,task_1,6,26,0.06611485779285431,0.01710689254105091
0,task_1,6,27,0.07264657318592072,0.046294163912534714
0,task_1,6,28,0.0824785828590393,0.09446339309215546
0,task_1,6,29,1.4809776544570923,5.2552690505981445
0,task_1,7,0,9.999999747378752e-05,0.0
0,task_1,7,1,9.999999747378752e-05,0.0
0,task_1,7,2,9.999999747378752e-05,0.0
0,task_1,7,3,9.999999747378752e-05,0.0
0,task_1,7,4,9.999999747378752e-05,0.0
0,task_1,7,5,9.999999747378752e-05,0.0
0,task_1,7,6,9.999999747378752e-05,0.0
0,task_1,7,7,9.999999747378752e-05,0.0
0,task_1,7,8,9.999999747378752e-05,0.0
0,task_1,7,9,9.999999747378752e-05,0.0
0,task_1,7,10,9.999999747378752e-05,0.0
0,task_1,7,11,9.999999747378752e-05,0.0
0,task_1,7,12,9.999999747378752e-05,0.0
0,task_1,7,13,9.999999747378752e-05,0.0
0,task_1,7,14,9.999999747378752e-05,0.0
0,task_1,7,15,9.999999747378752e-05,0.0
0,task_1,7,16,9.999999747378752e-05,0.0
0,task_1,7,17,9.999999747378752e-05,0.0
0,task_1,7,18,9.999999747378752e-05,0.0
0,task_1,7,19,9.999999747378752e-05,0.0
0,task_1,7,20,9.999999747378752e-05,0.0
0,task_1,7,21,9.999999747378752e-05,0.0
0,task_1,7,22,9.999999747378752e-05,0.0
0,task_1,7,23,9.999999747378752e-05,0.0
0,task_1,7,24,9.999999747378752e-05,0.0
0,task_1,7,25,9.999999747378752e-05,0.0
0,task_1,7,26,9.999999747378752e-05,0.0
0,task_1,7,27,9.999999747378752e-05,0.0
0,task_1,7,28,9.999999747378752e-05,0.0
0,task_1,7,29,9.999999747378752e-05,0.0
0,task_1,8,0,2.055875539779663,0.0
0,task_1,8,1,2.055875539779663,0.0
0,task_1,8,2,2.055875539779663,0.0
0,task_1,8,3,2.055875539779663,0.0
0,task_1,8,4,2.055875539779663,0.0
0,task_1,8,5,2.055875539779663,0.0
0,task_1,8,6,2.055875539779663,0.0
0,task_1,8,7,2.055875539779663,0.0
0,task_1,8,8,2.055875539779663,0.0
0,task_1,8,9,2.055875539779663,0.0
0,task_1,8,10,2.055875539779663,0.0
0,task_1,8,11,2.055875539779663,0.0
0,task_1,8,12,2.055875539779663,0.0
0,task_1,8,13,2.055875539779663,0.0
0,task_1,8,14,2.055875539779663,0.0
0,task_1,8,15,2.055875539779663,0.0
0,task_1,8,16,2.055875539779663,0.0
0,task_1,8,17,2.055875539779663,0.0
0,task_1,8,18,2.055875539779663,0.0
0,task_1,8,19,2.055875539779663,0.0
0,task_1,8,20,2.055875539779663,0.0
0,task_1,8,21,2.055875539779663,0.0
0,task_1,8,22,2.055875539779663,0.0
0,task_1,8,23,2.055875539779663,0.0
0,task_1,8,24,2.055875539779663,0.0
0,task_1,8,25,2.055875539779663,0.0
0,task_1,8,26,2.055875539779663,0.0
0,task_1,8,27,2.055875539779663,0.0
0,task_1,8,28,2.055875539779663,0.0
0,task_1,8,29,2.055875539779663,0.0
0,task_1,9,0,0.24519354104995728,-0.5553603172302246
0,task_1,9,1,0.25294551253318787,-0.5533655881881714
0,task_1,9,2,0.2582217752933502,-0.5484323501586914
0,task_1,9,3,0.2630021870136261,-0.5476623773574829
0,task_1,9,4,0.26909130811691284,-0.5436963438987732
0,task_1,9,5,0.2741566598415375,-0.5442593693733215
0,task_1,9,6,0.27824461460113525,-0.5398070812225342
0,task_1,9,7,0.28289005160331726,-0.5418417453765869
0,task_1,9,8,0.288446307182312,-0.5338531732559204
0,task_1,9,9,0.2932184934616089,-0.532814621925354
0,task_1,9,10,0.299900084733963,-0.5272588133811951
0,task_1,9,11,0.3054613173007965,-0.5179757475852966
0,task_1,9,12,0.3128158450126648,-0.515779435634613
0,task_1,9,13,0.31951820850372314,-0.509034276008606
0,task_1,9,14,0.3271787762641907,-0.49702250957489014
0,task_1,9,15,0.33321455121040344,-0.4870545566082001
0,task_1,9,16,0.33934301137924194,-0.4760317802429199
0,task_1,9,17,0.3463926613330841,-0.4716111719608307
0,task_1,9,18,0.3555259704589844,-0.4544452726840973
0,task_1,9,19,0.3710337281227112,-0.42537811398506165
0,task_1,9,20,0.40574032068252563,-0.3604119122028351
0,task_1,9,21,0.4531322419643402,-0.25180700421333313
0,task_1,9,22,0.4954071342945099,-0.06640991568565369
0,task_1,9,23,0.5496340990066528,0.3077665865421295
0,task_1,9,24,0.600039005279541,0.633948028087616
0,task_1,9,25,0.6531354784965515,1.0106797218322754
0,task_1,9,26,0.7310466170310974,1.5450718402862549
0,task_1,9,27,0.7993181347846985,1.9681679010391235
0,task_1,9,28,0.8654504418373108,2.3506081104278564
0,task_1,9,29,1.606144666671753,3.185070514678955
0,task_1,10,0,0.005646035075187683,-1.275012493133545
0,task_1,10,1,0.016769811511039734,-1.256539225578308
0,task_1,10,2,0.03210581839084625,-1.225417137145996
0,task_1,10,3,0.05315207690000534,-1.1871910095214844
0,task_1,10,4,0.07558516412973404,-1.1700761318206787
0,task_1,10,5,0.11028784513473511,-1.082823634147644
0,task_1,10,6,0.1322036236524582,-1.0355210304260254
0,task_1,10,7,0.17047233879566193,-0.9492015242576599
0,task_1,10,8,0.21340109407901764,-0.8529188632965088
0,task_1,10,9,0.2547996938228607,-0.7762027382850647
0,task_1,10,10,0.3004298806190491,-0.647626519203186
0,task_1,10,11,0.346456915140152,-0.5236236453056335
0,task_1,10,12,0.4006366431713104,-0.4130074977874756
0,task_1,10,13,0.453389048576355,-0.2987772226333618
0,task_1,10,14,0.5206730365753174,-0.141180619597435
0,task_1,10,15,0.5749450922012329,0.030508477240800858
0,task_1,10,16,0.6368556022644043,0.18613718450069427
0,task_1,10,17,0.7086414098739624,0.35947728157043457
0,task_1,10,18,0.7765063047409058,0.47081345319747925
0,task_1,10,19,0.8488420248031616,0.6157844066619873
0,task_1,10,20,0.9096372127532959,0.7130020260810852
0,task_1,10,21,0.9911022186279297,0.7985705137252808
0,task_1,10,22,1.0593363046646118,0.8646382093429565
0,task_1,10,23,1.1213246583938599,0.8970623016357422
0,task_1,10,24,1.1976068019866943,0.9306241869926453
0,task_1,10,25,1.2615318298339844,0.956233561038971
0,task_1,10,26,1.3345154523849487,1.009320855140686
0,task_1,10,27,1.3997321128845215,1.0954313278198242
0,task_1,10,28,1.469814658164978,1.2578308582305908
0,task_1,10,29,2.0914957523345947,2.649683713912964
0,task_1,11,0,0.0,-0.31317833065986633
0,task_1,11,1,0.0,-0.31317833065986633
0,task_1,11,2,0.0,-0.31317833065986633
0,task_1,11,3,0.0,-0.31317833065986633
0,task_1,11,4,0.0,-0.31317833065986633
0,task_1,11,5,0.0,-0.31317833065986633
0,task_1,11,6,0.0,-0.31317833065986633
0,task_1,11,7,0.0,-0.31317833065986633
0,task_1,11,8,0.0,-0.31317833065986633
0,task_1,11,9,0.0,-0.31317833065986633
0,task_1,11,10,0.0,-0.31317833065986633
0,task_1,11,11,0.0,-0.31317833065986633
0,task_1,11,12,0.0,-0.31317833065986633
0,task_1,11,13,0.007433712482452393,-0.28028595447540283
0,task_1,11,14,0.015470162034034729,-0.24159952998161316
0,task_1,11,15,0.02335275709629059,-0.24159952998161316
0,task_1,11,16,0.03143903613090515,-0.20348630845546722
0,task_1,11,17,0.0380067378282547,-0.17082978785037994
0,task_1,11,18,0.04487992823123932,-0.13580410182476044
0,task_1,11,19,0.0525045245885849,-0.09463422000408173
0,task_1,11,20,0.05811004340648651,-0.0638352707028389
0,task_1,11,21,0.06355996429920197,-0.03508438542485237
0,task_1,11,22,0.06869395077228546,-0.006828731391578913
0,task_1,11,23,0.07174451649188995,0.010988873429596424
0,task_1,11,24,0.07441474497318268,0.02881736308336258
0,task_1,11,25,0.07706968486309052,0.04314110800623894
0,task_1,11,26,0.08035947382450104,0.06517093628644943
0,task_1,11,27,0.08203406631946564,0.07548198848962784
0,task_1,11,28,0.08438460528850555,0.08662751317024231
0,task_1,11,29,2.674508571624756,5.23507833480835
0,task_1,12,0,9.999999747378752e-05,-0.014210854656994343
0,task_1,12,1,9.999999747378752e-05,-0.014210854656994343
0,task_1,12,2,9.999999747378752e-05,-0.014210854656994343
0,task_1,12,3,9.999999747378752e-05,-0.014210854656994343
0,task_1,12,4,9.999999747378752e-05,-0.014210854656994343
0,task_1,12,5,9.999999747378752e-05,-0.014210854656994343
0,task_1,12,6,9.999999747378752e-05,-0.014210854656994343
0,task_1,12,7,9.999999747378752e-05,-0.014210854656994343
0,task_1,12,8,9.999999747378752e-05,-0.014210854656994343
0,task_1,12,9,9.999999747378752e-05,-0.014210854656994343
0,task_1,12,10,9.999999747378752e-05,-0.014210854656994343
0,task_1,12,11,9.999999747378752e-05,-0.014210854656994343
0,task_1,12,12,9.999999747378752e-05,-0.014210854656994343
0,task_1,12,13,9.999999747378752e-05,-0.014210854656994343
0,task_1,12,14,9.999999747378752e-05,-0.014210854656994343
0,task_1,12,15,9.999999747378752e-05,-0.014210854656994343
0,task_1,12,16,9.999999747378752e-05,-0.014210854656994343
0,task_1,12,17,9.999999747378752e-05,-0.014210854656994343
0,task_1,12,18,9.999999747378752e-05,-0.014210854656994343
0,task_1,12,19,9.999999747378752e-05,-0.014210854656994343
0,task_1,12,20,9.999999747378752e-05,-0.014210854656994343
0,task_1,12,21,9.999999747378752e-05,-0.014210854656994343
0,task_1,12,22,9.999999747378752e-05,-0.014210854656994343
0,task_1,12,23,9.999999747378752e-05,-0.014210854656994343
0,task_1,12,24,9.999999747378752e-05,-0.014210854656994343
0,task_1,12,25,9.999999747378752e-05,-0.014210854656994343
0,task_1,12,26,9.999999747378752e-05,-0.014210854656994343
0,task_1,12,27,9.999999747378752e-05,-0.014210854656994343
0,task_1,12,28,9.999999747378752e-05,-0.014210854656994343
0,task_1,12,29,9.999999747378752e-05,-0.014210854656994343
0,task_1,13,0,0.0,0.028421709313988686
0,task_1,13,1,0.0,0.028421709313988686
0,task_1,13,2,0.0,0.028421709313988686
0,task_1,13,3,0.0,0.028421709313988686
0,task_1,13,4,0.0,0.028421709313988686
0,task_1,13,5,0.0,0.028421709313988686
0,task_1,13,6,0.0,0.028421709313988686
0,task_1,13,7,0.0,0.028421709313988686
0,task_1,13,8,0.0,0.028421709313988686
0,task_1,13,9,0.0,0.028421709313988686
0,task_1,13,10,0.0,0.028421709313988686
0,task_1,13,11,0.0,0.028421709313988686
0,task_1,13,12,0.0,0.028421709313988686
0,task_1,13,13,0.0,0.028421709313988686
0,task_1,13,14,0.0,0.028421709313988686
0,task_1,13,15,0.0,0.028421709313988686
0,task_1,13,16,0.010573714971542358,0.028421709313988686
0,task_1,13,17,0.021334141492843628,0.028421709313988686
0,task_1,13,18,0.03233063220977783,0.028421709313988686
0,task_1,13,19,0.042107611894607544,0.028421709313988686
0,task_1,13,20,0.05196636915206909,0.028421709313988686
0,task_1,13,21,0.06023833155632019,0.028421709313988686
0,task_1,13,22,0.06630310416221619,0.028421709313988686
0,task_1,13,23,0.07338148355484009,0.028421709313988686
0,task_1,13,24,0.0788007378578186,0.028421709313988686
0,task_1,13,25,0.0842200517654419,0.028421709313988686
0,task_1,13,26,0.08957672119140625,0.028421709313988686
0,task_1,13,27,0.09546425938606262,0.028421709313988686
0,task_1,13,28,0.10109031200408936,0.028421709313988686
0,task_1,13,29,0.12460590898990631,0.028421709313988686
0,task_1,14,0,0.0,0.22170288860797882
0,task_1,14,1,0.0,0.22170288860797882
0,task_1,14,2,0.0,0.22170288860797882
0,task_1,14,3,0.0,0.22170288860797882
0,task_1,14,4,0.0,0.22170288860797882
0,task_1,14,5,0.0,0.22170288860797882
0,task_1,14,6,0.0,0.22170288860797882
0,task_1,14,7,0.0,0.22170288860797882
0,task_1,14,8,0.0,0.22170288860797882
0,task_1,14,9,0.0,0.22170288860797882
0,task_1,14,10,0.0,0.22170288860797882
0,task_1,14,11,0.0,0.22170288860797882
0,task_1,14,12,0.0,0.22170288860797882
0,task_1,14,13,0.0,0.22170288860797882
0,task_1,14,14,0.0,0.22170288860797882
0,task_1,14,15,0.0,0.22170288860797882
0,task_1,14,16,0.0,0.22170288860797882
0,task_1,14,17,0.0,0.22170288860797882
0,task_1,14,18,0.0,0.22170288860797882
0,task_1,14,19,0.0,0.22170288860797882
0,task_1,14,20,0.0,0.22170288860797882
0,task_1,14,21,0.0,0.22170288860797882
0,task_1,14,22,0.0,0.22170288860797882
0,task_1,14,23,0.0,0.22170288860797882
0,task_1,14,24,0.0,0.22170288860797882
0,task_1,14,25,0.011497192084789276,0.29372358322143555
0,task_1,14,26,0.03876150771975517,0.2070295214653015
0,task_1,14,27,0.06965913623571396,-0.19650520384311676
0,task_1,14,28,0.09720318019390106,-0.6309440732002258
0,task_1,14,29,0.31210172176361084,-5.215875148773193
0,task_1,15,0,0.009739995002746582,1.6064802408218384
0,task_1,15,1,0.047152817249298096,1.5439720153808594
0,task_1,15,2,0.09843426942825317,1.4637751579284668
0,task_1,15,3,0.127162367105484,1.4147613048553467
0,task_1,15,4,0.16702142357826233,1.3506125211715698
0,task_1,15,5,0.20145124197006226,1.2629954814910889
0,task_1,15,6,0.2385636866092682,1.0596963167190552
0,task_1,15,7,0.2683056592941284,0.8705124258995056
0,task_1,15,8,0.29586631059646606,0.7228375673294067
0,task_1,15,9,0.3211028575897217,0.5984704494476318
0,task_1,15,10,0.3532414734363556,0.42109018564224243
0,task_1,15,11,0.37161460518836975,0.31074756383895874
0,task_1,15,12,0.39068445563316345,0.17698682844638824
0,task_1,15,13,0.4118734896183014,0.02197381481528282
0,task_1,15,14,0.4256594479084015,-0.08750607073307037
0,task_1,15,15,0.43984255194664,-0.2023230493068695
0,task_1,15,16,0.4541541635990143,-0.32549014687538147
0,task_1,15,17,0.4667806327342987,-0.435710608959198
0,task_1,15,18,0.47589215636253357,-0.5198719501495361
0,task_1,15,19,0.4835849702358246,-0.590261697769165
0,task_1,15,20,0.4924016296863556,-0.6714317202568054
0,task_1,15,21,0.5011351108551025,-0.7527977228164673
0,task_1,15,22,0.5089730024337769,-0.8259002566337585
0,task_1,15,23,0.5165978670120239,-0.8989354968070984
0,task_1,15,24,0.5220742225646973,-0.951954185962677
0,task_1,15,25,0.5302425622940063,-1.0305414199829102
0,task_1,15,26,0.5396770238876343,-1.1209995746612549
0,task_1,15,27,0.550507664680481,-1.2270894050598145
0,task_1,15,28,0.5614408254623413,-1.3330503702163696
0,task_1,15,29,0.6154632568359375,-1.8510420322418213
0,task_1,16,0,0.0,-1.1045677661895752
0,task_1,16,1,0.0,-1.1045677661895752
0,task_1,16,2,0.0,-1.1045677661895752
0,task_1,16,3,0.0,-1.1045677661895752
0,task_1,16,4,0.0,-1.1045677661895752
0,task_1,16,5,0.0,-1.1045677661895752
0,task_1,16,6,0.0,-1.1045677661895752
0,task_1,16,7,0.0,-1.1045677661895752
0,task_1,16,8,0.0,-1.1045677661895752
0,task_1,16,9,0.0,-1.1045677661895752
0,task_1,16,10,0.0,-1.1045677661895752
0,task_1,16,11,0.01135164499282837,-0.9182702302932739
0,task_1,16,12,0.053436845541000366,-0.16353537142276764
0,task_1,16,13,0.08727605640888214,0.3173981308937073
0,task_1,16,14,0.13239818811416626,0.6051501631736755
0,task_1,16,15,0.17535249888896942,0.7672746777534485
0,task_1,16,16,0.21752876043319702,0.8473197221755981
0,task_1,16,17,0.2551395297050476,0.9145784974098206
0,task_1,16,18,0.28158730268478394,0.9523449540138245
0,task_1,16,19,0.3189004063606262,0.956580638885498
0,task_1,16,20,0.3501754105091095,0.9873360395431519
0,task_1,16,21,0.37899085879325867,0.9857854247093201
0,task_1,16,22,0.4018700420856476,0.9883133172988892
0,task_1,16,23,0.417218416929245,0.9911832213401794
0,task_1,16,24,0.4345334470272064,1.0039100646972656
0,task_1,16,25,0.4431954324245453,1.0017825365066528
0,task_1,16,26,0.4492831230163574,1.0128998756408691
0,task_1,16,27,0.4548400342464447,1.008263111114502
0,task_1,16,28,0.45950740575790405,1.021040916442871
0,task_1,16,29,1.317479133605957,-1.1291122436523438
0,task_1,17,0,0.0,1.3533189296722412
0,task_1,17,1,0.0005580484867095947,1.3533189296722412
0,task_1,17,2,0.0015914291143417358,1.2861149311065674
0,task_1,17,3,0.007589846849441528,1.0721756219863892
0,task_1,17,4,0.009137943387031555,1.0721756219863892
0,task_1,17,5,0.009513258934020996,1.0721756219863892
0,task_1,17,6,0.010973885655403137,1.0721756219863892
0,task_1,17,7,0.015563637018203735,1.0721756219863892
0,task_1,17,8,0.01655086874961853,0.8879023194313049
0,task_1,17,9,0.017362922430038452,0.8695088028907776
0,task_1,17,10,0.0182248055934906,0.8695088028907776
0,task_1,17,11,0.018857553601264954,0.8695088028907776
0,task_1,17,12,0.025837525725364685,0.5636884570121765
0,task_1,17,13,0.03063429892063141,0.3427726924419403
0,task_1,17,14,0.03356142342090607,0.20999178290367126
0,task_1,17,15,0.03445403277873993,0.20999178290367126
0,task_1,17,16,0.06740405410528183,-1.0126070976257324
0,task_1,17,17,0.06740405410528183,-1.0126070976257324
0,task_1,17,18,0.06740405410528183,-1.0126070976257324
0,task_1,17,19,0.06740405410528183,-1.0126070976257324
0,task_1,17,20,0.06740405410528183,-1.0126070976257324
0,task_1,17,21,0.06740405410528183,-1.0126070976257324
0,task_1,17,22,0.06740405410528183,-1.0126070976257324
0,task_1,17,23,0.06740405410528183,-1.0126070976257324
0,task_1,17,24,0.06740405410528183,-1.0126070976257324
0,task_1,17,25,0.06740405410528183,-1.0126070976257324
0,task_1,17,26,0.06740405410528183,-1.0126070976257324
0,task_1,17,27,0.06740405410528183,-1.0126070976257324
0,task_1,17,28,0.06740405410528183,-1.0126070976257324
0,task_1,17,29,0.06740405410528183,-1.0126070976257324
0,task_1,18,0,0.0,0.6492551565170288
0,task_1,18,1,0.0,0.6492551565170288
0,task_1,18,2,0.0,0.6492551565170288
0,task_1,18,3,0.0,0.6492551565170288
0,task_1,18,4,0.0,0.6492551565170288
0,task_1,18,5,0.0,0.6492551565170288
0,task_1,18,6,0.0,0.6492551565170288
0,task_1,18,7,0.0,0.6492551565170288
0,task_1,18,8,0.0,0.6492551565170288
0,task_1,18,9,0.0,0.6492551565170288
0,task_1,18,10,0.0,0.6492551565170288
0,task_1,18,11,0.0,0.6492551565170288
0,task_1,18,12,0.0,0.6492551565170288
0,task_1,18,13,0.0,0.6492551565170288
0,task_1,18,14,0.0,0.6492551565170288
0,task_1,18,15,0.03988456726074219,0.6012828350067139
0,task_1,18,16,0.08539750427007675,0.5368382334709167
0,task_1,18,17,0.13273340463638306,0.4700942039489746
0,task_1,18,18,0.18406778573989868,0.3461320698261261
0,task_1,18,19,0.2297070324420929,0.23802252113819122
0,task_1,18,20,0.2719329297542572,0.08093009144067764
0,task_1,18,21,0.31865912675857544,-0.15128742158412933
0,task_1,18,22,0.37272197008132935,-0.484569787979126
0,task_1,18,23,0.42318564653396606,-0.785931408405304
0,task_1,18,24,0.4703812599182129,-1.0777640342712402
0,task_1,18,25,0.49783211946487427,-1.2537500858306885
0,task_1,18,26,0.546899676322937,-1.5779818296432495
0,task_1,18,27,0.5763649344444275,-1.7712258100509644
0,task_1,18,28,0.6180611252784729,-2.0455315113067627
0,task_1,18,29,0.7391696572303772,-2.8640825748443604
0,task_1,19,0,0.0,0.6840547919273376
0,task_1,19,1,0.0,0.6840547919273376
0,task_1,19,2,0.02479381673038006,0.6774144768714905
0,task_1,19,3,0.05928453058004379,0.7261644601821899
0,task_1,19,4,0.09002905339002609,0.8017478585243225
0,task_1,19,5,0.12648440897464752,0.9202799201011658
0,task_1,19,6,0.15934771299362183,1.03653085231781
0,task_1,19,7,0.199026957154274,1.1419817209243774
0,task_1,19,8,0.24144083261489868,1.1903156042099
0,task_1,19,9,0.28137093782424927,1.1828619241714478
0,task_1,19,10,0.32237550616264343,1.1335556507110596
0,task_1,19,11,0.36049774289131165,1.0720477104187012
0,task_1,19,12,0.4119439423084259,0.888761043548584
0,task_1,19,13,0.4559765160083771,0.7259162664413452
0,task_1,19,14,0.5002747178077698,0.5265408158302307
0,task_1,19,15,0.5505303144454956,0.2528112828731537
0,task_1,19,16,0.5913622975349426,0.04492400959134102
0,task_1,19,17,0.6413490176200867,-0.1959751844406128
0,task_1,19,18,0.6908743381500244,-0.4577130079269409
0,task_1,19,19,0.7386941909790039,-0.663057267665863
0,task_1,19,20,0.7862692475318909,-0.8466950058937073
0,task_1,19,21,0.8363312482833862,-1.0161428451538086
0,task_1,19,22,0.8859840035438538,-1.1335972547531128
0,task_1,19,23,0.927405059337616,-1.2194737195968628
0,task_1,19,24,0.976824939250946,-1.359550952911377
0,task_1,19,25,1.0168888568878174,-1.359550952911377
0,task_1,19,26,1.0751417875289917,-1.359550952911377
0,task_1,19,27,1.1132103204727173,-1.359550952911377
0,task_1,19,28,1.1572034358978271,-1.359550952911377
0,task_1,19,29,1.2085703611373901,-1.359550952911377
0,task_1,20,0,0.03330094367265701,-0.9503309726715088
0,task_1,20,1,0.039294540882110596,-0.9148382544517517
0,task_1,20,2,0.043655991554260254,-0.8913939595222473
0,task_1,20,3,0.05069243162870407,-0.8529155254364014
0,task_1,20,4,0.054050616919994354,-0.8382105827331543
0,task_1,20,5,0.06037786602973938,-0.8080399036407471
0,task_1,20,6,0.06591442227363586,-0.7796411514282227
0,task_1,20,7,0.07228318601846695,-0.7451953291893005
0,task_1,20,8,0.08045593649148941,-0.6987932920455933
0,task_1,20,9,0.08728652447462082,-0.6645121574401855
0,task_1,20,10,0.09721974283456802,-0.6063932776451111
0,task_1,20,11,0.1071850135922432,-0.5495624542236328
0,task_1,20,12,0.11874305456876755,-0.4811560809612274
0,task_1,20,13,0.1290585994720459,-0.40585261583328247
0,task_1,20,14,0.13925468921661377,-0.3323999047279358
0,task_1,20,15,0.14949852228164673,-0.2523347735404968
0,task_1,20,16,0.1649988293647766,-0.1418623924255371
0,task_1,20,17,0.17563360929489136,-0.06968021392822266
0,task_1,20,18,0.18635869026184082,-0.0012398266699165106
0,task_1,20,19,0.19461286067962646,0.05140301212668419
0,task_1,20,20,0.2033368945121765,0.10970629006624222
0,task_1,20,21,0.2231084108352661,0.2589004933834076
0,task_1,20,22,0.27588069438934326,0.6381388306617737
0,task_1,20,23,0.3228631019592285,0.972413957118988
0,task_1,20,24,0.37682244181632996,1.3332433700561523
0,task_1,20,25,0.43190187215805054,1.6685141324996948
0,task_1,20,26,0.4987368881702423,1.9762053489685059
0,task_1,20,27,0.5546209812164307,2.204545259475708
0,task_1,20,28,0.625758707523346,2.417649030685425
0,task_1,20,29,1.4627748727798462,-0.6463682651519775
0,task_1,21,0,0.0,1.1507704257965088
0,task_1,21,1,0.0,1.1507704257965088
0,task_1,21,2,0.0,1.1507704257965088
0,task_1,21,3,0.0,1.1507704257965088
0,task_1,21,4,0.0,1.1507704257965088
0,task_1,21,5,0.0,1.1507704257965088
0,task_1,21,6,0.0,1.1507704257965088
0,task_1,21,7,0.0,1.1507704257965088
0,task_1,21,8,0.00016365200281143188,1.1507704257965088
0,task_1,21,9,0.029291409999132156,1.0153144598007202
0,task_1,21,10,0.0639529749751091,0.8423066139221191
0,task_1,21,11,0.09482989460229874,0.6801435351371765
0,task_1,21,12,0.1238018125295639,0.5050827264785767
0,task_1,21,13,0.15430831909179688,0.32755163311958313
0,task_1,21,14,0.18685288727283478,0.1085808053612709
0,task_1,21,15,0.2163695991039276,-0.11397739499807358
0,task_1,21,16,0.24148106575012207,-0.29314810037612915
0,task_1,21,17,0.2714589834213257,-0.5185850858688354
0,task_1,21,18,0.29332613945007324,-0.6905971169471741
0,task_1,21,19,0.31493741273880005,-0.8589330315589905
0,task_1,21,20,0.33531463146209717,-1.0183933973312378
0,task_1,21,21,0.35128894448280334,-1.1491420269012451
0,task_1,21,22,0.3646264374256134,-1.1491420269012451
0,task_1,21,23,0.3734019696712494,-1.1491420269012451
0,task_1,21,24,0.3795808255672455,-1.1491420269012451
0,task_1,21,25,0.38496652245521545,-1.1491420269012451
0,task_1,21,26,0.3898349404335022,-1.1491420269012451
0,task_1,21,27,0.3957500457763672,-1.1491420269012451
0,task_1,21,28,0.40288498997688293,-1.1491420269012451
0,task_1,21,29,0.4241536557674408,-1.1491420269012451
0,task_1,22,0,0.0,1.7620710134506226
0,task_1,22,1,0.0,1.7620710134506226
0,task_1,22,2,0.0,1.7620710134506226
0,task_1,22,3,0.0,1.7620710134506226
0,task_1,22,4,0.02025911584496498,1.6216031312942505
0,task_1,22,5,0.06382113695144653,1.0424463748931885
0,task_1,22,6,0.09494423866271973,0.495278924703598
0,task_1,22,7,0.1183837503194809,0.020089490339159966
0,task_1,22,8,0.13389547169208527,-0.24606935679912567
0,task_1,22,9,0.14833375811576843,-0.5977282524108887
0,task_1,22,10,0.16608932614326477,-0.7629840970039368
0,task_1,22,11,0.18126821517944336,-0.9152981042861938
0,task_1,22,12,0.19214679300785065,-0.8844227194786072
0,task_1,22,13,0.20519085228443146,-0.9538191556930542
0,task_1,22,14,0.2172960340976715,-0.9581224322319031
0,task_1,22,15,0.23062671720981598,-0.9066187143325806
0,task_1,22,16,0.23880799114704132,-0.8787496089935303
0,task_1,22,17,0.25123298168182373,-0.7372153401374817
0,task_1,22,18,0.2607695162296295,-0.7164952754974365
0,task_1,22,19,0.26976266503334045,-0.7186987400054932
0,task_1,22,20,0.2782920002937317,-0.555954098701477
0,task_1,22,21,0.2834959030151367,-0.5379219055175781
0,task_1,22,22,0.2893076241016388,-0.47426244616508484
0,task_1,22,23,0.29419612884521484,-0.38024961948394775
0,task_1,22,24,0.2986811399459839,-0.3382045030593872
0,task_1,22,25,0.3030785322189331,-0.257517009973526
0,task_1,22,26,0.30913519859313965,-0.19283968210220337
0,task_1,22,27,0.31416451930999756,-0.11746646463871002
0,task_1,22,28,0.32106512784957886,-0.04676235094666481
0,task_1,22,29,0.5628645420074463,1.949702501296997
0,task_1,23,0,0.0,0.0035527136642485857
0,task_1,23,1,0.005516005679965019,0.0035527136642485857
0,task_1,23,2,0.005516005679965019,0.0035527136642485857
0,task_1,23,3,0.005516005679965019,0.0035527136642485857
0,task_1,23,4,0.005516005679965019,0.0035527136642485857
0,task_1,23,5,0.005516005679965019,0.0035527136642485857
0,task_1,23,6,0.005516005679965019,0.0035527136642485857
0,task_1,23,7,0.005516005679965019,0.0035527136642485857
0,task_1,23,8,0.005516005679965019,0.0035527136642485857
0,task_1,23,9,0.005516005679965019,0.0035527136642485857
0,task_1,23,10,0.005516005679965019,0.0035527136642485857
0,task_1,23,11,0.005516005679965019,0.0035527136642485857
0,task_1,23,12,0.005516005679965019,0.0035527136642485857
0,task_1,23,13,0.005516005679965019,0.0035527136642485857
0,task_1,23,14,0.005516005679965019,0.0035527136642485857
0,task_1,23,15,0.005516005679965019,0.0035527136642485857
0,task_1,23,16,0.005516005679965019,0.0035527136642485857
0,task_1,23,17,0.005516005679965019,0.0035527136642485857
0,task_1,23,18,0.005516005679965019,0.0035527136642485857
0,task_1,23,19,0.005516005679965019,0.0035527136642485857
0,task_1,23,20,0.005516005679965019,0.0035527136642485857
0,task_1,23,21,0.005516005679965019,0.0035527136642485857
0,task_1,23,22,0.005516005679965019,0.0035527136642485857
0,task_1,23,23,0.005516005679965019,0.0035527136642485857
0,task_1,23,24,0.005516005679965019,0.0035527136642485857
0,task_1,23,25,0.005516005679965019,0.0035527136642485857
0,task_1,23,26,0.005516005679965019,0.0035527136642485857
0,task_1,23,27,0.005516005679965019,0.0035527136642485857
0,task_1,23,28,0.005516005679965019,0.0035527136642485857
0,task_1,23,29,0.005516005679965019,0.0035527136642485857
0,task_1,24,0,0.0,0.6052666902542114
0,task_1,24,1,0.0,0.6052666902542114
0,task_1,24,2,0.0,0.6052666902542114
0,task_1,24,3,0.0,0.6052666902542114
0,task_1,24,4,0.0,0.6052666902542114
0,task_1,24,5,0.0,0.6052666902542114
0,task_1,24,6,0.0,0.6052666902542114
0,task_1,24,7,0.0,0.6052666902542114
0,task_1,24,8,0.0,0.6052666902542114
0,task_1,24,9,0.0,0.6052666902542114
0,task_1,24,10,0.0,0.6052666902542114
0,task_1,24,11,0.0,0.6052666902542114
0,task_1,24,12,0.0,0.6052666902542114
0,task_1,24,13,0.0,0.6052666902542114
0,task_1,24,14,0.0,0.6052666902542114
0,task_1,24,15,0.0,0.6052666902542114
0,task_1,24,16,0.0,0.6052666902542114
0,task_1,24,17,0.0,0.6052666902542114
0,task_1,24,18,0.0,0.6052666902542114
0,task_1,24,19,0.00448194146156311,0.5065528154373169
0,task_1,24,20,0.025960169732570648,0.17116624116897583
0,task_1,24,21,0.040131352841854095,-0.11122189462184906
0,task_1,24,22,0.051313288509845734,-0.45023971796035767
0,task_1,24,23,0.06997653096914291,-0.7019743323326111
0,task_1,24,24,0.08434819430112839,-1.0748223066329956
0,task_1,24,25,0.1046166941523552,-1.5027600526809692
0,task_1,24,26,0.11757979542016983,-1.7332258224487305
0,task_1,24,27,0.12990227341651917,-1.9560019969940186
0,task_1,24,28,0.14833557605743408,-2.3576223850250244
0,task_1,24,29,0.6650480628013611,-2.289916753768921
0,task_1,25,0,0.0,-0.5843445062637329
0,task_1,25,1,0.0,-0.5843445062637329
0,task_1,25,2,0.0,-0.5843445062637329
0,task_1,25,3,0.0,-0.5843445062637329
0,task_1,25,4,0.0,-0.5843445062637329
0,task_1,25,5,0.0,-0.5843445062637329
0,task_1,25,6,0.0,-0.5843445062637329
0,task_1,25,7,0.0,-0.5843445062637329
0,task_1,25,8,0.0,-0.5843445062637329
0,task_1,25,9,0.0,-0.5843445062637329
0,task_1,25,10,0.0,-0.5843445062637329
0,task_1,25,11,0.0,-0.5843445062637329
0,task_1,25,12,0.0,-0.5843445062637329
0,task_1,25,13,0.0,-0.5843445062637329
0,task_1,25,14,0.0,-0.5843445062637329
0,task_1,25,15,0.0,-0.5843445062637329
0,task_1,25,16,0.0,-0.5843445062637329
0,task_1,25,17,0.0,-0.5843445062637329
0,task_1,25,18,0.0,-0.5843445062637329
0,task_1,25,19,0.0,-0.5843445062637329
0,task_1,25,20,0.00636020302772522,-0.5098932385444641
0,task_1,25,21,0.02545197308063507,-0.22074022889137268
0,task_1,25,22,0.054443005472421646,0.16219986975193024
0,task_1,25,23,0.08569584786891937,1.180298924446106
0,task_1,25,24,0.10613474994897842,1.8458373546600342
0,task_1,25,25,0.13174985349178314,1.8458373546600342
0,task_1,25,26,0.16090968251228333,1.8458373546600342
0,task_1,25,27,0.18339955806732178,1.8458373546600342
0,task_1,25,28,0.21248683333396912,1.8458373546600342
0,task_1,25,29,0.27359017729759216,1.8458373546600342
0,task_1,26,0,0.0,-0.5077478289604187
0,task_1,26,1,0.0,-0.5077478289604187
0,task_1,26,2,0.0,-0.5077478289604187
0,task_1,26,3,0.0,-0.5077478289604187
0,task_1,26,4,0.0,-0.5077478289604187
0,task_1,26,5,0.0,-0.5077478289604187
0,task_1,26,6,0.0,-0.5077478289604187
0,task_1,26,7,0.0,-0.5077478289604187
0,task_1,26,8,0.0,-0.5077478289604187
0,task_1,26,9,0.0,-0.5077478289604187
0,task_1,26,10,0.0,-0.5077478289604187
0,task_1,26,11,0.0,-0.5077478289604187
0,task_1,26,12,0.0,-0.5077478289604187
0,task_1,26,13,0.0,-0.5077478289604187
0,task_1,26,14,0.0,-0.5077478289604187
0,task_1,26,15,0.0,-0.5077478289604187
0,task_1,26,16,0.0,-0.5077478289604187
0,task_1,26,17,0.0,-0.5077478289604187
0,task_1,26,18,0.0,-0.5077478289604187
0,task_1,26,19,0.0,-0.5077478289604187
0,task_1,26,20,0.014579162001609802,-0.44915539026260376
0,task_1,26,21,0.08525535464286804,-0.17648781836032867
0,task_1,26,22,0.17056094110012054,0.17630504071712494
0,task_1,26,23,0.24585607647895813,0.4388921558856964
0,task_1,26,24,0.32572078704833984,0.7347367405891418
0,task_1,26,25,0.3982415795326233,0.9869183897972107
0,task_1,26,26,0.4687036871910095,1.2515679597854614
0,task_1,26,27,0.5437590479850769,1.5687686204910278
0,task_1,26,28,0.6029471755027771,1.803101658821106
0,task_1,26,29,2.5372531414031982,3.820309638977051
0,task_1,27,0,0.0,0.7448986768722534
0,task_1,27,1,0.00011213123798370361,0.742704451084137
0,task_1,27,2,0.0005308166146278381,0.7341626882553101
0,task_1,27,3,0.0010789185762405396,0.7232961654663086
0,task_1,27,4,0.0020607560873031616,0.7037049531936646
0,task_1,27,5,0.0020708367228507996,0.7037049531936646
0,task_1,27,6,0.002531193196773529,0.695084810256958
0,task_1,27,7,0.00371725857257843,0.6681273579597473
0,task_1,27,8,0.004724547266960144,0.6480463743209839
0,task_1,27,9,0.0053485482931137085,0.631025493144989
0,task_1,27,10,0.005625806748867035,0.6287529468536377
0,task_1,27,11,0.006971683353185654,0.6181541085243225
0,task_1,27,12,0.007878091186285019,0.5814402103424072
0,task_1,27,13,0.009009551256895065,0.5483702421188354
0,task_1,27,14,0.00959085300564766,0.5474298596382141
0,task_1,27,15,0.010161489248275757,0.5378693342208862
0,task_1,27,16,0.013507872819900513,0.4494627118110657
0,task_1,27,17,0.013568241149187088,0.4494627118110657
0,task_1,27,18,0.014578115195035934,0.45573189854621887
0,task_1,27,19,0.016365133225917816,0.42255744338035583
0,task_1,27,20,0.018863655626773834,0.3918384611606598
0,task_1,27,21,0.022701192647218704,0.34371042251586914
0,task_1,27,22,0.6349518299102783,-1.6211917400360107
0,task_1,27,23,0.6349518299102783,-1.6211917400360107
0,task_1,27,24,0.6349518299102783,-1.6211917400360107
0,task_1,27,25,0.6349518299102783,-1.6211917400360107
0,task_1,27,26,0.6349518299102783,-1.6211917400360107
0,task_1,27,27,0.6349518299102783,-1.6211917400360107
0,task_1,27,28,0.6349518299102783,-1.6211917400360107
0,task_1,27,29,0.6349518299102783,-1.6211917400360107
0,task_1,28,0,9.999999747378752e-05,0.0
0,task_1,28,1,9.999999747378752e-05,0.0
0,task_1,28,2,9.999999747378752e-05,0.0
0,task_1,28,3,9.999999747378752e-05,0.0
0,task_1,28,4,9.999999747378752e-05,0.0
0,task_1,28,5,9.999999747378752e-05,0.0
0,task_1,28,6,9.999999747378752e-05,0.0
0,task_1,28,7,9.999999747378752e-05,0.0
0,task_1,28,8,9.999999747378752e-05,0.0
0,task_1,28,9,9.999999747378752e-05,0.0
0,task_1,28,10,9.999999747378752e-05,0.0
0,task_1,28,11,9.999999747378752e-05,0.0
0,task_1,28,12,9.999999747378752e-05,0.0
0,task_1,28,13,9.999999747378752e-05,0.0
0,task_1,28,14,9.999999747378752e-05,0.0
0,task_1,28,15,9.999999747378752e-05,0.0
0,task_1,28,16,9.999999747378752e-05,0.0
0,task_1,28,17,9.999999747378752e-05,0.0
0,task_1,28,18,9.999999747378752e-05,0.0
0,task_1,28,19,9.999999747378752e-05,0.0
0,task_1,28,20,9.999999747378752e-05,0.0
0,task_1,28,21,9.999999747378752e-05,0.0
0,task_1,28,22,9.999999747378752e-05,0.0
0,task_1,28,23,9.999999747378752e-05,0.0
0,task_1,28,24,9.999999747378752e-05,0.0
0,task_1,28,25,9.999999747378752e-05,0.0
0,task_1,28,26,9.999999747378752e-05,0.0
0,task_1,28,27,9.999999747378752e-05,0.0
0,task_1,28,28,9.999999747378752e-05,0.0
0,task_1,28,29,9.999999747378752e-05,0.0
0,task_1,29,0,0.2651157081127167,2.470074415206909
0,task_1,29,1,0.36344966292381287,-0.27537789940834045
0,task_1,29,2,0.4730741083621979,-1.5294580459594727
0,task_1,29,3,0.5961345434188843,-0.8690498471260071
0,task_1,29,4,0.6915909647941589,-0.4556276202201843
0,task_1,29,5,0.784868597984314,-0.17883780598640442
0,task_1,29,6,0.8790621757507324,0.04378139227628708
0,task_1,29,7,0.9792615175247192,0.16809292137622833
0,task_1,29,8,1.0676238536834717,0.29590341448783875
0,task_1,29,9,1.118504524230957,0.45516183972358704
0,task_1,29,10,1.1512619256973267,0.5160223245620728
0,task_1,29,11,1.1792395114898682,0.524238109588623
0,task_1,29,12,1.2018219232559204,0.5674171447753906
0,task_1,29,13,1.2377636432647705,0.5412260293960571
0,task_1,29,14,1.255808711051941,0.51540607213974
0,task_1,29,15,1.2821635007858276,0.46704864501953125
0,task_1,29,16,1.3029898405075073,0.41481995582580566
0,task_1,29,17,1.3243898153305054,0.40286847949028015
0,task_1,29,18,1.3469548225402832,0.33952781558036804
0,task_1,29,19,1.368504285812378,0.21239231526851654
0,task_1,29,20,1.3830534219741821,0.16791567206382751
0,task_1,29,21,1.3985254764556885,0.10488828271627426
0,task_1,29,22,1.4141240119934082,0.0314929336309433
0,task_1,29,23,1.426931619644165,-0.03457430750131607
0,task_1,29,24,1.4359898567199707,-0.09810104221105576
0,task_1,29,25,1.4421476125717163,-0.12606579065322876
0,task_1,29,26,1.4498566389083862,-0.15448400378227234
0,task_1,29,27,1.4562350511550903,-0.18338751792907715
0,task_1,29,28,1.4642213582992554,-0.22807005047798157
0,task_1,29,29,2.301356792449951,-4.10523796081543
0,task_1,30,0,1.1816627979278564,0.0
0,task_1,30,1,1.1816627979278564,0.0
0,task_1,30,2,1.1816627979278564,0.0
0,task_1,30,3,1.1816627979278564,0.0
0,task_1,30,4,1.1816627979278564,0.0
0,task_1,30,5,1.1816627979278564,0.0
0,task_1,30,6,1.1816627979278564,0.0
0,task_1,30,7,1.1816627979278564,0.0
0,task_1,30,8,1.1816627979278564,0.0
0,task_1,30,9,1.1816627979278564,0.0
0,task_1,30,10,1.1816627979278564,0.0
0,task_1,30,11,1.1816627979278564,0.0
0,task_1,30,12,1.1816627979278564,0.0
0,task_1,30,13,1.1816627979278564,0.0
0,task_1,30,14,1.1816627979278564,0.0
0,task_1,30,15,1.1816627979278564,0.0
0,task_1,30,16,1.1816627979278564,0.0
0,task_1,30,17,1.1816627979278564,0.0
0,task_1,30,18,1.1816627979278564,0.0
0,task_1,30,19,1.1816627979278564,0.0
0,task_1,30,20,1.1816627979278564,0.0
0,task_1,30,21,1.1816627979278564,0.0
0,task_1,30,22,1.1816627979278564,0.0
0,task_1,30,23,1.1816627979278564,0.0
0,task_1,30,24,1.1816627979278564,0.0
0,task_1,30,25,1.1816627979278564,0.0
0,task_1,30,26,1.1816627979278564,0.0
0,task_1,30,27,1.1816627979278564,0.0
0,task_1,30,28,1.1816627979278564,0.0
0,task_1,30,29,1.1816627979278564,0.0
0,task_1,31,0,0.005656570196151733,-1.4005773067474365
0,task_1,31,1,0.018537119030952454,-1.3516749143600464
0,task_1,31,2,0.03388051688671112,-1.304510474205017
0,task_1,31,3,0.05225414037704468,-1.250122308731079
0,task_1,31,4,0.07604892551898956,-1.1734364032745361
0,task_1,31,5,0.1062541976571083,-1.0804152488708496
0,task_1,31,6,0.14014172554016113,-0.9667360186576843
0,task_1,31,7,0.17285189032554626,-0.8798386454582214
0,task_1,31,8,0.2141263633966446,-0.7409457564353943
0,task_1,31,9,0.26300716400146484,-0.6140088438987732
0,task_1,31,10,0.31629034876823425,-0.4266512989997864
0,task_1,31,11,0.3655145764350891,-0.2977633476257324
0,task_1,31,12,0.42382171750068665,-0.12753541767597198
0,task_1,31,13,0.4838927388191223,0.0391080304980278
0,task_1,31,14,0.5569689869880676,0.20990866422653198
0,task_1,31,15,0.621841311454773,0.3616788387298584
0,task_1,31,16,0.6953774690628052,0.5248304009437561
0,task_1,31,17,0.7730050683021545,0.643589437007904
0,task_1,31,18,0.8502557277679443,0.7572059035301208
0,task_1,31,19,0.9219086170196533,0.8713852167129517
0,task_1,31,20,1.0033553838729858,0.9654096961021423
0,task_1,31,21,1.0810043811798096,1.0512444972991943
0,task_1,31,22,1.169010877609253,1.1243067979812622
0,task_1,31,23,1.2465879917144775,1.1159778833389282
0,task_1,31,24,1.327431082725525,1.1125739812850952
0,task_1,31,25,1.4017235040664673,1.1211990118026733
0,task_1,31,26,1.4819910526275635,1.1376421451568604
0,task_1,31,27,1.553394079208374,1.1472529172897339
0,task_1,31,28,1.6256353855133057,1.2101571559906006
0,task_1,31,29,2.668808937072754,-1.7792558670043945
0,task_1,32,0,0.4467054605484009,1.956087589263916
0,task_1,32,1,0.5260802507400513,1.386368751525879
0,task_1,32,2,0.6072956919670105,1.2595198154449463
0,task_1,32,3,0.6953446269035339,1.5060746669769287
0,task_1,32,4,0.7625625133514404,1.5909550189971924
0,task_1,32,5,0.8374371528625488,1.461382269859314
0,task_1,32,6,0.9070558547973633,1.262954831123352
0,task_1,32,7,0.9768387079238892,1.0378590822219849
0,task_1,32,8,1.0451875925064087,0.6933012008666992
0,task_1,32,9,1.09608793258667,0.49033689498901367
0,task_1,32,10,1.1456305980682373,0.30643999576568604
0,task_1,32,11,1.1974523067474365,0.1315593123435974
0,task_1,32,12,1.24550461769104,0.0015253102174028754
0,task_1,32,13,1.2848626375198364,-0.10257424414157867
0,task_1,32,14,1.321542501449585,-0.2504059672355652
0,task_1,32,15,1.3502964973449707,-0.4031699001789093
0,task_1,32,16,1.3838260173797607,-0.6088966131210327
0,task_1,32,17,1.407776117324829,-0.7517734169960022
0,task_1,32,18,1.4310132265090942,-0.8713634610176086
0,task_1,32,19,1.4534704685211182,-0.9624843001365662
0,task_1,32,20,1.478323221206665,-0.9646616578102112
0,task_1,32,21,1.4927431344985962,-0.9666129350662231
0,task_1,32,22,1.506649374961853,-0.9542067050933838
0,task_1,32,23,1.519717812538147,-0.9433785080909729
0,task_1,32,24,1.531120777130127,-0.9332005977630615
0,task_1,32,25,1.5488804578781128,-0.9173387289047241
0,task_1,32,26,1.5649430751800537,-0.9030094742774963
0,task_1,32,27,1.5775814056396484,-0.8917417526245117
0,task_1,32,28,1.599535584449768,-0.8684980273246765
0,task_1,32,29,1.645698070526123,-0.791038453578949
0,task_1,33,0,0.0,1.3556352853775024
0,task_1,33,1,0.0,1.3556352853775024
0,task_1,33,2,0.0,1.3556352853775024
0,task_1,33,3,0.0,1.3556352853775024
0,task_1,33,4,0.0,1.3556352853775024
0,task_1,33,5,0.0,1.3556352853775024
0,task_1,33,6,0.03060261905193329,1.2343236207962036
0,task_1,33,7,0.08030243217945099,1.0075331926345825
0,task_1,33,8,0.1340494006872177,0.7573438882827759
0,task_1,33,9,0.1793382316827774,0.5959248542785645
0,task_1,33,10,0.22147046029567719,0.4658466875553131
0,task_1,33,11,0.26010018587112427,0.29978758096694946
0,task_1,33,12,0.3097459077835083,0.13743393123149872
0,task_1,33,13,0.35158926248550415,0.020944692194461823
0,task_1,33,14,0.38827115297317505,-0.07792401313781738
0,task_1,33,15,0.42928433418273926,-0.17439451813697815
0,task_1,33,16,0.46312421560287476,-0.2623201012611389
0,task_1,33,17,0.5024272799491882,-0.3786008358001709
0,task_1,33,18,0.533915638923645,-0.47788572311401367
0,task_1,33,19,0.5627864599227905,-0.5718463063240051
0,task_1,33,20,0.5907430052757263,-0.6508901119232178
0,task_1,33,21,0.6226721405982971,-0.7564401030540466
0,task_1,33,22,0.6450194716453552,-0.8172656297683716
0,task_1,33,23,0.6647921204566956,-0.8895798921585083
0,task_1,33,24,0.6854170560836792,-0.9571052193641663
0,task_1,33,25,0.7009795904159546,-1.0084277391433716
0,task_1,33,26,0.7195075154304504,-1.0688341856002808
0,task_1,33,27,0.7323862910270691,-1.1106665134429932
0,task_1,33,28,0.7459558248519897,-1.1518362760543823
0,task_1,33,29,1.0702792406082153,-2.298931837081909
0,task_1,34,0,0.0,0.13153202831745148
0,task_1,34,1,0.0,0.13153202831745148
0,task_1,34,2,0.0,0.13153202831745148
0,task_1,34,3,0.0,0.13153202831745148
0,task_1,34,4,0.0,0.13153202831745148
0,task_1,34,5,0.0,0.13153202831745148
0,task_1,34,6,0.0,0.13153202831745148
0,task_1,34,7,0.0,0.13153202831745148
0,task_1,34,8,0.0,0.13153202831745148
0,task_1,34,9,0.01729564368724823,0.1723051816225052
0,task_1,34,10,0.04087177664041519,0.22747673094272614
0,task_1,34,11,0.060209475457668304,0.26184651255607605
0,task_1,34,12,0.07451827079057693,0.28157737851142883
0,task_1,34,13,0.0882113054394722,0.28920066356658936
0,task_1,34,14,0.09878379851579666,0.2918880581855774
0,task_1,34,15,0.1093529537320137,0.28811678290367126
0,task_1,34,16,0.11807412654161453,0.27910786867141724
0,task_1,34,17,0.12702041864395142,0.27031710743904114
0,task_1,34,18,0.13620692491531372,0.2537010908126831
0,task_1,34,19,0.14608773589134216,0.23647059500217438
0,task_1,34,20,0.1542169153690338,0.20996692776679993
0,task_1,34,21,0.16051450371742249,0.19185419380664825
0,task_1,34,22,0.16528761386871338,0.18041929602622986
0,task_1,34,23,0.17083942890167236,0.16307927668094635
0,task_1,34,24,0.17574310302734375,0.14460299909114838
0,task_1,34,25,0.1800917387008667,0.12751764059066772
0,task_1,34,26,0.1861274242401123,0.10947924107313156
0,task_1,34,27,0.19235464930534363,0.07742250710725784
0,task_1,34,28,0.19914942979812622,0.04143395647406578
0,task_1,34,29,0.8604415655136108,-5.281571865081787
0,task_1,35,0,0.0,0.6566024422645569
0,task_1,35,1,0.0,0.6566024422645569
0,task_1,35,2,0.0,0.6566024422645569
0,task_1,35,3,0.0,0.6566024422645569
0,task_1,35,4,0.0,0.6566024422645569
0,task_1,35,5,0.0,0.6566024422645569
0,task_1,35,6,0.0,0.6566024422645569
0,task_1,35,7,0.0,0.6566024422645569
0,task_1,35,8,0.0,0.6566024422645569
0,task_1,35,9,0.0,0.6566024422645569
0,task_1,35,10,0.0,0.6566024422645569
0,task_1,35,11,0.014099493622779846,0.5875375866889954
0,task_1,35,12,0.0353841632604599,0.4893347918987274
0,task_1,35,13,0.05448850989341736,0.38813185691833496
0,task_1,35,14,0.07843554019927979,0.2636657655239105
0,task_1,35,15,0.10101622343063354,0.14178518950939178
0,task_1,35,16,0.11903153359889984,0.045419905334711075
0,task_1,35,17,0.13282819092273712,-0.031021326780319214
0,task_1,35,18,0.14460481703281403,-0.0945010706782341
0,task_1,35,19,0.16513626277446747,-0.20601104199886322
0,task_1,35,20,0.17857421934604645,-0.28101253509521484
0,task_1,35,21,0.1899457722902298,-0.34376654028892517
0,task_1,35,22,0.20019279420375824,-0.39610210061073303
0,task_1,35,23,0.2110002487897873,-0.4503115713596344
0,task_1,35,24,0.21782632172107697,-0.4790513515472412
0,task_1,35,25,0.22399289906024933,-0.5114808678627014
0,task_1,35,26,0.22988061606884003,-0.5398436784744263
0,task_1,35,27,0.23780308663845062,-0.5774431228637695
0,task_1,35,28,0.24397055804729462,-0.6090172529220581
0,task_1,35,29,1.1445997953414917,-4.61893892288208
0,task_1,36,0,0.0,0.0
0,task_1,36,1,0.0,0.0
0,task_1,36,2,0.0,0.0
0,task_1,36,3,0.02271948754787445,0.0
0,task_1,36,4,0.08558891713619232,0.0
0,task_1,36,5,0.15093974769115448,0.0
0,task_1,36,6,0.19516359269618988,0.0
0,task_1,36,7,0.2573588490486145,0.0
0,task_1,36,8,0.318686842918396,0.0
0,task_1,36,9,0.3756253719329834,0.0
0,task_1,36,10,0.43364351987838745,0.0
0,task_1,36,11,0.47920799255371094,0.0
0,task_1,36,12,0.5342868566513062,0.0
0,task_1,36,13,0.5901626348495483,0.0
0,task_1,36,14,0.6450342535972595,0.0
0,task_1,36,15,0.6941025853157043,0.0
0,task_1,36,16,0.7415034770965576,0.0
0,task_1,36,17,0.7945297956466675,0.0
0,task_1,36,18,0.8379628658294678,0.0
0,task_1,36,19,0.8794540166854858,0.0
0,task_1,36,20,0.9149768352508545,0.0
0,task_1,36,21,0.9663954973220825,0.0
0,task_1,36,22,1.0034613609313965,0.0
0,task_1,36,23,1.0352473258972168,0.0
0,task_1,36,24,1.0732163190841675,0.0
0,task_1,36,25,1.098175287246704,0.0
0,task_1,36,26,1.1427398920059204,0.0
0,task_1,36,27,1.1707396507263184,0.0
0,task_1,36,28,1.2006584405899048,0.0
0,task_1,36,29,1.2427722215652466,0.0
0,task_1,37,0,0.044241175055503845,0.17743507027626038
0,task_1,37,1,0.05285210162401199,0.18494178354740143
0,task_1,37,2,0.05945044010877609,0.19032204151153564
0,task_1,37,3,0.06880665570497513,0.1972016841173172
0,task_1,37,4,0.07665859162807465,0.20406953990459442
0,task_1,37,5,0.08967986702919006,0.2144760936498642
0,task_1,37,6,0.10435929894447327,0.2255164533853531
0,task_1,37,7,0.11848916113376617,0.23691324889659882
0,task_1,37,8,0.13787944614887238,0.2530008852481842
0,task_1,37,9,0.16026486456394196,0.2730312943458557
0,task_1,37,10,0.18343374133110046,0.2889549136161804
0,task_1,37,11,0.2083762139081955,0.3092575669288635
0,task_1,37,12,0.23128396272659302,0.3298986852169037
0,task_1,37,13,0.26370999217033386,0.36301177740097046
0,task_1,37,14,0.2956008315086365,0.38245755434036255
0,task_1,37,15,0.32757019996643066,0.3993456959724426
0,task_1,37,16,0.3555141091346741,0.418533056974411
0,task_1,37,17,0.39684486389160156,0.44280099868774414
0,task_1,37,18,0.4350431561470032,0.46133023500442505
0,task_1,37,19,0.46476244926452637,0.47249847650527954
0,task_1,37,20,0.499602735042572,0.4814342260360718
0,task_1,37,21,0.5479714870452881,0.48431649804115295
0,task_1,37,22,0.584389865398407,0.4740799069404602
0,task_1,37,23,0.6179525256156921,0.3611886501312256
0,task_1,37,24,0.6592493653297424,0.012396948412060738
0,task_1,37,25,0.6870301961898804,-0.22129954397678375
0,task_1,37,26,0.734419584274292,-0.6403982043266296
0,task_1,37,27,0.768458366394043,-0.9155137538909912
0,task_1,37,28,0.8067933320999146,-1.2271100282669067
0,task_1,37,29,1.3686211109161377,-4.834092140197754
0,task_1,38,0,0.04683174565434456,-0.24978183209896088
0,task_1,38,1,0.049201227724552155,-0.24252790212631226
0,task_1,38,2,0.05110704153776169,-0.2311362773180008
0,task_1,38,3,0.05268021672964096,-0.22601178288459778
0,task_1,38,4,0.05412597581744194,-0.2188328504562378
0,task_1,38,5,0.0557197742164135,-0.20868773758411407
0,task_1,38,6,0.05710664764046669,-0.20868773758411407
0,task_1,38,7,0.058117154985666275,-0.2039787322282791
0,task_1,38,8,0.05965188518166542,-0.19992761313915253
0,task_1,38,9,0.06096113100647926,-0.19331423938274384
0,task_1,38,10,0.06270768493413925,-0.18445023894309998
0,task_1,38,11,0.06401845812797546,-0.18950548768043518
0,task_1,38,12,0.06562551856040955,-0.18920540809631348
0,task_1,38,13,0.06724323332309723,-0.18823590874671936
0,task_1,38,14,0.06845153868198395,-0.18214191496372223
0,task_1,38,15,0.0701601654291153,-0.18228040635585785
0,task_1,38,16,0.07200854271650314,-0.1751476526260376
0,task_1,38,17,0.0734352320432663,-0.16787640750408173
0,task_1,38,18,0.07515925914049149,-0.16129766404628754
0,task_1,38,19,0.07667816430330276,-0.1583891659975052
0,task_1,38,20,0.07834476232528687,-0.1592894196510315
0,task_1,38,21,0.07974053919315338,-0.15605774521827698
0,task_1,38,22,0.0812225192785263,-0.15605774521827698
0,task_1,38,23,0.08313629776239395,-0.1501484215259552
0,task_1,38,24,0.0848672091960907,-0.14607997238636017
0,task_1,38,25,0.08675136417150497,-0.1480536013841629
0,task_1,38,26,0.0892590582370758,-0.14261747896671295
0,task_1,38,27,0.09168434888124466,-0.13759686052799225
0,task_1,38,28,0.09552241861820221,-0.13470566272735596
0,task_1,38,29,2.4685018062591553,5.292023658752441
0,task_1,39,0,9.999999747378752e-05,0.05684341862797737
0,task_1,39,1,9.999999747378752e-05,0.05684341862797737
0,task_1,39,2,9.999999747378752e-05,0.05684341862797737
0,task_1,39,3,9.999999747378752e-05,0.05684341862797737
0,task_1,39,4,9.999999747378752e-05,0.05684341862797737
0,task_1,39,5,9.999999747378752e-05,0.05684341862797737
0,task_1,39,6,9.999999747378752e-05,0.05684341862797737
0,task_1,39,7,9.999999747378752e-05,0.05684341862797737
0,task_1,39,8,9.999999747378752e-05,0.05684341862797737
0,task_1,39,9,9.999999747378752e-05,0.05684341862797737
0,task_1,39,10,9.999999747378752e-05,0.05684341862797737
0,task_1,39,11,9.999999747378752e-05,0.05684341862797737
0,task_1,39,12,9.999999747378752e-05,0.05684341862797737
0,task_1,39,13,9.999999747378752e-05,0.05684341862797737
0,task_1,39,14,9.999999747378752e-05,0.05684341862797737
0,task_1,39,15,9.999999747378752e-05,0.05684341862797737
0,task_1,39,16,9.999999747378752e-05,0.05684341862797737
0,task_1,39,17,9.999999747378752e-05,0.05684341862797737
0,task_1,39,18,9.999999747378752e-05,0.05684341862797737
0,task_1,39,19,9.999999747378752e-05,0.05684341862797737
0,task_1,39,20,9.999999747378752e-05,0.05684341862797737
0,task_1,39,21,9.999999747378752e-05,0.05684341862797737
0,task_1,39,22,9.999999747378752e-05,0.05684341862797737
0,task_1,39,23,9.999999747378752e-05,0.05684341862797737
0,task_1,39,24,9.999999747378752e-05,0.05684341862797737
0,task_1,39,25,9.999999747378752e-05,0.05684341862797737
0,task_1,39,26,9.999999747378752e-05,0.05684341862797737
0,task_1,39,27,9.999999747378752e-05,0.05684341862797737
0,task_1,39,28,9.999999747378752e-05,0.05684341862797737
0,task_1,39,29,9.999999747378752e-05,0.05684341862797737
0,task_1,40,0,0.15963324904441833,-1.3495173454284668
0,task_1,40,1,0.16740229725837708,-1.268685221672058
0,task_1,40,2,0.1732606291770935,-1.2332000732421875
0,task_1,40,3,0.1799471080303192,-1.1677414178848267
0,task_1,40,4,0.18632543087005615,-1.1200165748596191
0,task_1,40,5,0.1926478147506714,-1.0585449934005737
0,task_1,40,6,0.20133286714553833,-0.9959949851036072
0,task_1,40,7,0.2132457196712494,-0.9154987335205078
0,task_1,40,8,0.22843363881111145,-0.8006806373596191
0,task_1,40,9,0.2394256889820099,-0.7274937629699707
0,task_1,40,10,0.24975819885730743,-0.6517671942710876
0,task_1,40,11,0.2679411470890045,-0.5418735146522522
0,task_1,40,12,0.2800370156764984,-0.45743587613105774
0,task_1,40,13,0.2975689172744751,-0.31746265292167664
0,task_1,40,14,0.3175147771835327,-0.15929274260997772
0,task_1,40,15,0.33762359619140625,-0.02958689257502556
0,task_1,40,16,0.3565498888492584,0.10225838422775269
0,task_1,40,17,0.3775148391723633,0.2638166546821594
0,task_1,40,18,0.3946434259414673,0.38220542669296265
0,task_1,40,19,0.4102596044540405,0.4969308376312256
0,task_1,40,20,0.4395846724510193,0.687336802482605
0,task_1,40,21,0.5069563388824463,1.0697892904281616
0,task_1,40,22,0.5761668682098389,1.318497896194458
0,task_1,40,23,0.6556791663169861,1.4453943967819214
0,task_1,40,24,0.7313487529754639,1.6428707838058472
0,task_1,40,25,0.8119770288467407,1.6049296855926514
0,task_1,40,26,0.9048920273780823,1.4435046911239624
0,task_1,40,27,0.9911917448043823,1.2653617858886719
0,task_1,40,28,1.0717973709106445,1.1695828437805176
0,task_1,40,29,2.5777053833007812,-0.09769035875797272
0,task_1,41,0,0.0,0.5279168486595154
0,task_1,41,1,0.0,0.5279168486595154
0,task_1,41,2,0.0,0.5279168486595154
0,task_1,41,3,0.0,0.5279168486595154
0,task_1,41,4,0.0,0.5279168486595154
0,task_1,41,5,0.0,0.5279168486595154
0,task_1,41,6,0.0,0.5279168486595154
0,task_1,41,7,0.0,0.5279168486595154
0,task_1,41,8,0.0,0.5279168486595154
0,task_1,41,9,0.0,0.5279168486595154
0,task_1,41,10,0.0,0.5279168486595154
0,task_1,41,11,0.0,0.5279168486595154
0,task_1,41,12,0.0,0.5279168486595154
0,task_1,41,13,0.0,0.5279168486595154
0,task_1,41,14,0.0,0.5279168486595154
0,task_1,41,15,0.0,0.5279168486595154
0,task_1,41,16,0.020931318402290344,0.4702174961566925
0,task_1,41,17,0.06943699717521667,0.2896946966648102
0,task_1,41,18,0.11085499078035355,0.16675609350204468
0,task_1,41,19,0.1527189016342163,0.023143762722611427
0,task_1,41,20,0.2019270360469818,-0.14295917749404907
0,task_1,41,21,0.24383969604969025,-0.29989662766456604
0,task_1,41,22,0.27158546447753906,-0.37106168270111084
0,task_1,41,23,0.3001708686351776,-0.478288471698761
0,task_1,41,24,0.3311011791229248,-0.5781545042991638
0,task_1,41,25,0.3531563878059387,-0.6459972262382507
0,task_1,41,26,0.36414065957069397,-0.6824707388877869
0,task_1,41,27,0.383571982383728,-0.7645740509033203
0,task_1,41,28,0.3992342948913574,-0.823184072971344
0,task_1,41,29,1.2640953063964844,-4.609893798828125
0,task_1,42,0,0.0,0.2568209171295166
0,task_1,42,1,0.0,0.2568209171295166
0,task_1,42,2,0.0,0.2568209171295166
0,task_1,42,3,0.0,0.2568209171295166
0,task_1,42,4,0.0,0.2568209171295166
0,task_1,42,5,0.0,0.2568209171295166
0,task_1,42,6,0.0,0.2568209171295166
0,task_1,42,7,0.0,0.2568209171295166
0,task_1,42,8,0.0,0.2568209171295166
0,task_1,42,9,0.0,0.2568209171295166
0,task_1,42,10,0.0,0.2568209171295166
0,task_1,42,11,0.0,0.2568209171295166
0,task_1,42,12,0.0,0.2568209171295166
0,task_1,42,13,0.0,0.2568209171295166
0,task_1,42,14,0.0,0.2568209171295166
0,task_1,42,15,0.0,0.2568209171295166
0,task_1,42,16,0.0,0.2568209171295166
0,task_1,42,17,0.0,0.2568209171295166
0,task_1,42,18,0.0,0.2568209171295166
0,task_1,42,19,0.0,0.2568209171295166
0,task_1,42,20,0.0,0.2568209171295166
0,task_1,42,21,0.0,0.2568209171295166
0,task_1,42,22,0.004290349781513214,0.23060736060142517
0,task_1,42,23,0.02475924789905548,0.1316055804491043
0,task_1,42,24,0.05163668841123581,0.002938013756647706
0,task_1,42,25,0.06731206923723221,-0.07189851254224777
0,task_1,42,26,0.0881054624915123,-0.18032462894916534
0,task_1,42,27,0.09958954900503159,-0.2373729944229126
0,task_1,42,28,0.1118297204375267,-0.3012833595275879
0,task_1,42,29,1.0684707164764404,-5.224331378936768
0,task_1,43,0,0.950890302658081,0.0
0,task_1,43,1,0.950890302658081,0.0
0,task_1,43,2,0.950890302658081,0.0
0,task_1,43,3,0.950890302658081,0.0
0,task_1,43,4,0.950890302658081,0.0
0,task_1,43,5,0.950890302658081,0.0
0,task_1,43,6,0.950890302658081,0.0
0,task_1,43,7,0.950890302658081,0.0
0,task_1,43,8,0.950890302658081,0.0
0,task_1,43,9,0.950890302658081,0.0
0,task_1,43,10,0.950890302658081,0.0
0,task_1,43,11,0.950890302658081,0.0
0,task_1,43,12,0.950890302658081,0.0
0,task_1,43,13,0.950890302658081,0.0
0,task_1,43,14,0.950890302658081,0.0
0,task_1,43,15,0.950890302658081,0.0
0,task_1,43,16,0.950890302658081,0.0
0,task_1,43,17,0.950890302658081,0.0
0,task_1,43,18,0.950890302658081,0.0
0,task_1,43,19,0.950890302658081,0.0
0,task_1,43,20,0.950890302658081,0.0
0,task_1,43,21,0.950890302658081,0.0
0,task_1,43,22,0.950890302658081,0.0
0,task_1,43,23,0.950890302658081,0.0
0,task_1,43,24,0.950890302658081,0.0
0,task_1,43,25,0.950890302658081,0.0
0,task_1,43,26,0.950890302658081,0.0
0,task_1,43,27,0.950890302658081,0.0
0,task_1,43,28,0.950890302658081,0.0
0,task_1,43,29,0.950890302658081,0.0
0,task_1,44,0,0.0,0.13434536755084991
0,task_1,44,1,0.0,0.13434536755084991
0,task_1,44,2,0.0,0.13434536755084991
0,task_1,44,3,0.0,0.13434536755084991
0,task_1,44,4,0.0,0.13434536755084991
0,task_1,44,5,0.0,0.13434536755084991
0,task_1,44,6,0.0,0.13434536755084991
0,task_1,44,7,0.0,0.13434536755084991
0,task_1,44,8,0.0,0.13434536755084991
0,task_1,44,9,0.0,0.13434536755084991
0,task_1,44,10,0.0,0.13434536755084991
0,task_1,44,11,0.0,0.13434536755084991
0,task_1,44,12,0.0,0.13434536755084991
0,task_1,44,13,0.0,0.13434536755084991
0,task_1,44,14,0.0,0.13434536755084991
0,task_1,44,15,0.0,0.13434536755084991
0,task_1,44,16,0.0,0.13434536755084991
0,task_1,44,17,0.0,0.13434536755084991
0,task_1,44,18,0.0,0.13434536755084991
0,task_1,44,19,0.0,0.13434536755084991
0,task_1,44,20,0.0,0.13434536755084991
0,task_1,44,21,0.0,0.13434536755084991
0,task_1,44,22,0.0,0.13434536755084991
0,task_1,44,23,0.0,0.13434536755084991
0,task_1,44,24,0.0,0.13434536755084991
0,task_1,44,25,0.023476023226976395,0.26555484533309937
0,task_1,44,26,0.04848390072584152,0.39632895588874817
0,task_1,44,27,0.07801143825054169,0.5615787506103516
0,task_1,44,28,0.10498515516519547,0.6676685810089111
0,task_1,44,29,1.897040605545044,-5.249764919281006
0,task_1,45,0,1.3922799825668335,116.41532135009766
0,task_1,45,1,1.3922799825668335,116.41532135009766
0,task_1,45,2,1.3922799825668335,116.41532135009766
0,task_1,45,3,1.3922799825668335,116.41532135009766
0,task_1,45,4,1.3922799825668335,116.41532135009766
0,task_1,45,5,1.3922799825668335,116.41532135009766
0,task_1,45,6,1.3922799825668335,116.41532135009766
0,task_1,45,7,1.3922799825668335,116.41532135009766
0,task_1,45,8,1.3922799825668335,116.41532135009766
0,task_1,45,9,1.3922799825668335,116.41532135009766
0,task_1,45,10,1.3922799825668335,116.41532135009766
0,task_1,45,11,1.3922799825668335,116.41532135009766
0,task_1,45,12,1.3922799825668335,116.41532135009766
0,task_1,45,13,1.3922799825668335,116.41532135009766
0,task_1,45,14,1.3922799825668335,116.41532135009766
0,task_1,45,15,1.3922799825668335,116.41532135009766
0,task_1,45,16,1.3922799825668335,116.41532135009766
0,task_1,45,17,1.3922799825668335,116.41532135009766
0,task_1,45,18,1.3922799825668335,116.41532135009766
0,task_1,45,19,1.3922799825668335,116.41532135009766
0,task_1,45,20,1.3922799825668335,116.41532135009766
0,task_1,45,21,1.3922799825668335,116.41532135009766
0,task_1,45,22,1.3922799825668335,116.41532135009766
0,task_1,45,23,1.3922799825668335,116.41532135009766
0,task_1,45,24,1.3922799825668335,116.41532135009766
0,task_1,45,25,1.3922799825668335,116.41532135009766
0,task_1,45,26,1.3922799825668335,116.41532135009766
0,task_1,45,27,1.3922799825668335,116.41532135009766
0,task_1,45,28,1.3922799825668335,116.41532135009766
0,task_1,45,29,1.3922799825668335,116.41532135009766
0,task_1,46,0,0.1425006240606308,-1.2824161052703857
0,task_1,46,1,0.16352225840091705,-1.4084614515304565
0,task_1,46,2,0.1907665729522705,-1.306412696838379
0,task_1,46,3,0.2118486613035202,-0.9734429121017456
0,task_1,46,4,0.23374328017234802,-0.29232802987098694
0,task_1,46,5,0.2609984278678894,0.28401321172714233
0,task_1,46,6,0.2799663245677948,0.8266305923461914
0,task_1,46,7,0.29952067136764526,0.6403778195381165
0,task_1,46,8,0.3209984600543976,0.27827364206314087
0,task_1,46,9,0.3389602303504944,-0.10145573318004608
0,task_1,46,10,0.35188281536102295,-0.17493516206741333
0,task_1,46,11,0.3596367835998535,-0.08717051893472672
0,task_1,46,12,0.3672528564929962,-0.0003311873588245362
0,task_1,46,13,0.37431883811950684,0.0626516118645668
0,task_1,46,14,0.3809206485748291,0.09862056374549866
0,task_1,46,15,0.3854294717311859,0.14640788733959198
0,task_1,46,16,0.3913826048374176,0.19514963030815125
0,task_1,46,17,0.3959217071533203,0.23608539998531342
0,task_1,46,18,0.40026360750198364,0.3128195106983185
0,task_1,46,19,0.4035913944244385,0.348376989364624
0,task_1,46,20,0.4077657461166382,0.39744889736175537
0,task_1,46,21,0.4115074872970581,0.47041448950767517
0,task_1,46,22,0.41518276929855347,0.5294039845466614
0,task_1,46,23,0.4197465181350708,0.6006564497947693
0,task_1,46,24,0.4242674708366394,0.6677128076553345
0,task_1,46,25,0.42803025245666504,0.7429395318031311
0,task_1,46,26,0.43319952487945557,0.7926105856895447
0,task_1,46,27,0.43880313634872437,0.9024995565414429
0,task_1,46,28,0.44721609354019165,1.1256786584854126
0,task_1,46,29,0.7337154746055603,-4.0318427085876465
0,task_1,47,0,0.0,0.6279362440109253
0,task_1,47,1,0.0,0.6279362440109253
0,task_1,47,2,0.0,0.6279362440109253
0,task_1,47,3,0.0,0.6279362440109253
0,task_1,47,4,0.0,0.6279362440109253
0,task_1,47,5,0.0,0.6279362440109253
0,task_1,47,6,0.0,0.6279362440109253
0,task_1,47,7,0.03519517183303833,0.6694290637969971
0,task_1,47,8,0.08656425774097443,0.7185636162757874
0,task_1,47,9,0.14668551087379456,0.7729072570800781
0,task_1,47,10,0.20613721013069153,0.7759727835655212
0,task_1,47,11,0.27564314007759094,0.7655757665634155
0,task_1,47,12,0.33984509110450745,0.7079219222068787
0,task_1,47,13,0.4080599844455719,0.5787155628204346
0,task_1,47,14,0.46834883093833923,0.48357534408569336
0,task_1,47,15,0.5265809297561646,0.3694528341293335
0,task_1,47,16,0.5972211360931396,0.22511795163154602
0,task_1,47,17,0.6632298231124878,0.09846043586730957
0,task_1,47,18,0.7259191274642944,-0.02145804464817047
0,task_1,47,19,0.7866308689117432,-0.11864491552114487
0,task_1,47,20,0.8673423528671265,-0.22303622961044312
0,task_1,47,21,0.9138814210891724,-0.29456716775894165
0,task_1,47,22,0.9647581577301025,-0.38749822974205017
0,task_1,47,23,1.0236127376556396,-0.4982093572616577
0,task_1,47,24,1.0714370012283325,-0.608953595161438
0,task_1,47,25,1.133241891860962,-0.7668826580047607
0,task_1,47,26,1.178076148033142,-0.9264386296272278
0,task_1,47,27,1.2248668670654297,-1.2018933296203613
0,task_1,47,28,1.2598857879638672,-1.4896365404129028
0,task_1,47,29,1.447179913520813,-4.024026393890381
0,task_1,48,0,0.0,-0.05684341862797737
0,task_1,48,1,0.0,-0.05684341862797737
0,task_1,48,2,0.0,-0.05684341862797737
0,task_1,48,3,0.0,-0.05684341862797737
0,task_1,48,4,0.0,-0.05684341862797737
0,task_1,48,5,0.0,-0.05684341862797737
0,task_1,48,6,0.0,-0.05684341862797737
0,task_1,48,7,0.0,-0.05684341862797737
0,task_1,48,8,0.0,-0.05684341862797737
0,task_1,48,9,0.0,-0.05684341862797737
0,task_1,48,10,0.0,-0.05684341862797737
0,task_1,48,11,0.0,-0.05684341862797737
0,task_1,48,12,0.0,-0.05684341862797737
0,task_1,48,13,0.0,-0.05684341862797737
0,task_1,48,14,0.004823505878448486,-0.05684341862797737
0,task_1,48,15,0.026965200901031494,-0.05684341862797737
0,task_1,48,16,0.0414503812789917,-0.05684341862797737
0,task_1,48,17,0.06000387668609619,-0.05684341862797737
0,task_1,48,18,0.07231834530830383,-0.05684341862797737
0,task_1,48,19,0.08201101422309875,-0.05684341862797737
0,task_1,48,20,0.08985179662704468,-0.05684341862797737
0,task_1,48,21,0.09652605652809143,-0.05684341862797737
0,task_1,48,22,0.10112571716308594,-0.05684341862797737
0,task_1,48,23,0.10625714063644409,-0.05684341862797737
0,task_1,48,24,0.1114467978477478,-0.05684341862797737
0,task_1,48,25,0.11654055118560791,-0.05684341862797737
0,task_1,48,26,0.12125691771507263,-0.05684341862797737
0,task_1,48,27,0.12673097848892212,-0.05684341862797737
0,task_1,48,28,0.13717004656791687,-0.05684341862797737
0,task_1,48,29,0.16410018503665924,-0.05684341862797737
0,task_1,49,0,9.999999747378752e-05,0.028421709313988686
0,task_1,49,1,9.999999747378752e-05,0.028421709313988686
0,task_1,49,2,9.999999747378752e-05,0.028421709313988686
0,task_1,49,3,9.999999747378752e-05,0.028421709313988686
0,task_1,49,4,9.999999747378752e-05,0.028421709313988686
0,task_1,49,5,9.999999747378752e-05,0.028421709313988686
0,task_1,49,6,9.999999747378752e-05,0.028421709313988686
0,task_1,49,7,9.999999747378752e-05,0.028421709313988686
0,task_1,49,8,9.999999747378752e-05,0.028421709313988686
0,task_1,49,9,9.999999747378752e-05,0.028421709313988686
0,task_1,49,10,9.999999747378752e-05,0.028421709313988686
0,task_1,49,11,9.999999747378752e-05,0.028421709313988686
0,task_1,49,12,9.999999747378752e-05,0.028421709313988686
0,task_1,49,13,9.999999747378752e-05,0.028421709313988686
0,task_1,49,14,9.999999747378752e-05,0.028421709313988686
0,task_1,49,15,9.999999747378752e-05,0.028421709313988686
0,task_1,49,16,9.999999747378752e-05,0.028421709313988686
0,task_1,49,17,9.999999747378752e-05,0.028421709313988686
0,task_1,49,18,9.999999747378752e-05,0.028421709313988686
0,task_1,49,19,9.999999747378752e-05,0.028421709313988686
0,task_1,49,20,9.999999747378752e-05,0.028421709313988686
0,task_1,49,21,9.999999747378752e-05,0.028421709313988686
0,task_1,49,22,9.999999747378752e-05,0.028421709313988686
0,task_1,49,23,9.999999747378752e-05,0.028421709313988686
0,task_1,49,24,9.999999747378752e-05,0.028421709313988686
0,task_1,49,25,9.999999747378752e-05,0.028421709313988686
0,task_1,49,26,9.999999747378752e-05,0.028421709313988686
0,task_1,49,27,9.999999747378752e-05,0.028421709313988686
0,task_1,49,28,9.999999747378752e-05,0.028421709313988686
0,task_1,49,29,9.999999747378752e-05,0.028421709313988686
0,task_1,50,0,0.0,0.0
0,task_1,50,1,0.0,0.0
0,task_1,50,2,0.0,0.0
0,task_1,50,3,0.0,0.0
0,task_1,50,4,0.0,0.0
0,task_1,50,5,0.0,0.0
0,task_1,50,6,0.0,0.0
0,task_1,50,7,0.0,0.0
0,task_1,50,8,0.0,0.0
0,task_1,50,9,0.0,0.0
0,task_1,50,10,0.0,0.0
0,task_1,50,11,0.015998125076293945,0.0
0,task_1,50,12,0.05975466966629028,0.0
0,task_1,50,13,0.10822471976280212,0.0
0,task_1,50,14,0.1467171311378479,0.0
0,task_1,50,15,0.18190571665763855,0.0
0,task_1,50,16,0.21360239386558533,0.0
0,task_1,50,17,0.24616292119026184,0.0
0,task_1,50,18,0.2830098569393158,0.0
0,task_1,50,19,0.299542099237442,0.0
0,task_1,50,20,0.3213982880115509,0.0
0,task_1,50,21,0.3420989215373993,0.0
0,task_1,50,22,0.35462215542793274,0.0
0,task_1,50,23,0.36241456866264343,0.0
0,task_1,50,24,0.3678413927555084,0.0
0,task_1,50,25,0.373564749956131,0.0
0,task_1,50,26,0.37910935282707214,0.0
0,task_1,50,27,0.38487544655799866,0.0
0,task_1,50,28,0.39242491126060486,0.0
0,task_1,50,29,0.4223446846008301,0.0
0,task_1,51,0,0.2704923748970032,1.600844383239746
0,task_1,51,1,0.3141636550426483,1.600844383239746
0,task_1,51,2,0.3653861880302429,1.600844383239746
0,task_1,51,3,0.4116217792034149,1.4558817148208618
0,task_1,51,4,0.4449107050895691,1.3231046199798584
0,task_1,51,5,0.48890531063079834,1.147264003753662
0,task_1,51,6,0.5294501185417175,0.9870442152023315
0,task_1,51,7,0.5716953277587891,0.8131675720214844
0,task_1,51,8,0.607307493686676,0.6674301028251648
0,task_1,51,9,0.6383914351463318,0.5418203473091125
0,task_1,51,10,0.6687844395637512,0.4152540862560272
0,task_1,51,11,0.7040045857429504,0.26573148369789124
0,task_1,51,12,0.734626054763794,0.13869978487491608
0,task_1,51,13,0.7633587718009949,0.016396235674619675
0,task_1,51,14,0.7876079082489014,-0.08845134824514389
0,task_1,51,15,0.8117507100105286,-0.19416475296020508
0,task_1,51,16,0.8362941741943359,-0.31103041768074036
0,task_1,51,17,0.861168622970581,-0.42359769344329834
0,task_1,51,18,0.8828279972076416,-0.5083445906639099
0,task_1,51,19,0.9033970832824707,-0.5799346566200256
0,task_1,51,20,0.9351415038108826,-0.6776597499847412
0,task_1,51,21,0.9494218826293945,-0.7253193259239197
0,task_1,51,22,0.9691304564476013,-0.796859085559845
0,task_1,51,23,0.9869392514228821,-0.8568518757820129
0,task_1,51,24,1.0032851696014404,-0.9051038026809692
0,task_1,51,25,1.0264990329742432,-0.9925568699836731
0,task_1,51,26,1.0471785068511963,-1.0705276727676392
0,task_1,51,27,1.0667407512664795,-1.1252639293670654
0,task_1,51,28,1.0867185592651367,-1.1622958183288574
0,task_1,51,29,1.7956476211547852,-2.1563637256622314
0,task_1,52,0,0.0,-0.6083943843841553
0,task_1,52,1,0.0,-0.6083943843841553
0,task_1,52,2,0.0,-0.6083943843841553
0,task_1,52,3,0.0,-0.6083943843841553
0,task_1,52,4,0.0,-0.6083943843841553
0,task_1,52,5,0.0,-0.6083943843841553
0,task_1,52,6,0.0,-0.6083943843841553
0,task_1,52,7,0.0,-0.6083943843841553
0,task_1,52,8,0.0,-0.6083943843841553
0,task_1,52,9,0.0,-0.6083943843841553
0,task_1,52,10,0.0054117292165756226,-0.518951952457428
0,task_1,52,11,0.015018746256828308,-0.37911662459373474
0,task_1,52,12,0.02528136968612671,-0.22781188786029816
0,task_1,52,13,0.03822474181652069,-0.003228107700124383
0,task_1,52,14,0.0465376079082489,0.18346360325813293
0,task_1,52,15,0.05374997854232788,0.29991114139556885
0,task_1,52,16,0.06127266585826874,0.40890923142433167
0,task_1,52,17,0.06900680065155029,0.5443344712257385
0,task_1,52,18,0.07690572738647461,0.6863434314727783
0,task_1,52,19,0.0837712287902832,0.7790719270706177
0,task_1,52,20,0.09184183180332184,0.806762158870697
0,task_1,52,21,0.09718570113182068,0.8478761315345764
0,task_1,52,22,0.10108307003974915,0.8830779790878296
0,task_1,52,23,0.10592692345380783,0.9183631539344788
0,task_1,52,24,0.10913034528493881,0.9337950348854065
0,task_1,52,25,0.11381423473358154,0.9566179513931274
0,task_1,52,26,0.11645739525556564,0.973278284072876
0,task_1,52,27,0.11912283301353455,0.9668632745742798
0,task_1,52,28,0.12223019450902939,0.9697484970092773
0,task_1,52,29,1.2264751195907593,-3.9453651905059814
0,task_1,53,0,0.0,-0.2158193290233612
0,task_1,53,1,0.0,-0.2158193290233612
0,task_1,53,2,0.0,-0.2158193290233612
0,task_1,53,3,0.0,-0.2158193290233612
0,task_1,53,4,0.0,-0.2158193290233612
0,task_1,53,5,0.0,-0.2158193290233612
0,task_1,53,6,0.0,-0.2158193290233612
0,task_1,53,7,0.0,-0.2158193290233612
0,task_1,53,8,0.0,-0.2158193290233612
0,task_1,53,9,0.0,-0.2158193290233612
0,task_1,53,10,0.0,-0.2158193290233612
0,task_1,53,11,0.0,-0.2158193290233612
0,task_1,53,12,0.0,-0.2158193290233612
0,task_1,53,13,0.0,-0.2158193290233612
0,task_1,53,14,0.0,-0.2158193290233612
0,task_1,53,15,0.0,-0.2158193290233612
0,task_1,53,16,0.0,-0.2158193290233612
0,task_1,53,17,0.0,-0.2158193290233612
0,task_1,53,18,0.0,-0.2158193290233612
0,task_1,53,19,0.0,-0.2158193290233612
0,task_1,53,20,0.0,-0.2158193290233612
0,task_1,53,21,0.0,-0.2158193290233612
0,task_1,53,22,0.0,-0.2158193290233612
0,task_1,53,23,0.0,-0.2158193290233612
0,task_1,53,24,0.0,-0.2158193290233612
0,task_1,53,25,0.0,-0.2158193290233612
0,task_1,53,26,0.0,-0.2158193290233612
0,task_1,53,27,0.05397184565663338,0.1467294991016388
0,task_1,53,28,0.11126291006803513,0.4331817626953125
0,task_1,53,29,1.5393445491790771,5.247210502624512
0,task_1,54,0,0.0,0.3260088860988617
0,task_1,54,1,0.0,0.3260088860988617
0,task_1,54,2,0.0,0.3260088860988617
0,task_1,54,3,0.0,0.3260088860988617
0,task_1,54,4,0.0,0.3260088860988617
0,task_1,54,5,0.0,0.3260088860988617
0,task_1,54,6,0.0,0.3260088860988617
0,task_1,54,7,0.0,0.3260088860988617
0,task_1,54,8,0.0,0.3260088860988617
0,task_1,54,9,0.0,0.3260088860988617
0,task_1,54,10,0.0,0.3260088860988617
0,task_1,54,11,0.0,0.3260088860988617
0,task_1,54,12,0.0,0.3260088860988617
0,task_1,54,13,0.0,0.3260088860988617
0,task_1,54,14,0.0,0.3260088860988617
0,task_1,54,15,0.0,0.3260088860988617
0,task_1,54,16,0.0,0.3260088860988617
0,task_1,54,17,0.0,0.3260088860988617
0,task_1,54,18,0.0,0.3260088860988617
0,task_1,54,19,0.0,0.3260088860988617
0,task_1,54,20,0.0,0.3260088860988617
0,task_1,54,21,0.0,0.3260088860988617
0,task_1,54,22,0.0,0.3260088860988617
0,task_1,54,23,0.0,0.3260088860988617
0,task_1,54,24,0.0,0.3260088860988617
0,task_1,54,25,0.0,0.3260088860988617
0,task_1,54,26,0.005420126020908356,-0.3190470337867737
0,task_1,54,27,0.015824131667613983,-1.5634021759033203
0,task_1,54,28,0.023313477635383606,-2.309044599533081
0,task_1,54,29,0.0450599268078804,-4.284736633300781
0,task_1,55,0,0.42788979411125183,2.9581685066223145
0,task_1,55,1,0.4962385594844818,2.6049845218658447
0,task_1,55,2,0.5723738074302673,2.2157669067382812
0,task_1,55,3,0.633665919303894,1.665719747543335
0,task_1,55,4,0.7000375390052795,0.9359100461006165
0,task_1,55,5,0.7610182762145996,0.27826449275016785
0,task_1,55,6,0.8035812377929688,-0.14730143547058105
0,task_1,55,7,0.8508397936820984,-0.45702213048934937
0,task_1,55,8,0.892982542514801,-0.45702213048934937
0,task_1,55,9,0.9079380631446838,-0.45702213048934937
0,task_1,55,10,0.915105402469635,-0.45702213048934937
0,task_1,55,11,0.9239031672477722,-0.45702213048934937
0,task_1,55,12,0.9317149519920349,-0.45702213048934937
0,task_1,55,13,0.9375545382499695,-0.45702213048934937
0,task_1,55,14,0.9440934658050537,-0.45702213048934937
0,task_1,55,15,0.9502333402633667,-0.45702213048934937
0,task_1,55,16,0.9618436098098755,-0.45702213048934937
0,task_1,55,17,0.9686505794525146,-0.45702213048934937
0,task_1,55,18,0.9754961133003235,-0.45702213048934937
0,task_1,55,19,0.9847530722618103,-0.45702213048934937
0,task_1,55,20,0.9917941093444824,-0.45702213048934937
0,task_1,55,21,0.9985254406929016,-0.45702213048934937
0,task_1,55,22,1.0033930540084839,-0.45702213048934937
0,task_1,55,23,1.0077672004699707,-0.45702213048934937
0,task_1,55,24,1.0126054286956787,-0.45702213048934937
0,task_1,55,25,1.0165599584579468,-0.45702213048934937
0,task_1,55,26,1.0227073431015015,-0.45702213048934937
0,task_1,55,27,1.028287410736084,-0.45702213048934937
0,task_1,55,28,1.0331071615219116,-0.45702213048934937
0,task_1,55,29,1.0629702806472778,-0.45702213048934937
0,task_1,56,0,0.0,-0.347282350063324
0,task_1,56,1,0.0,-0.347282350063324
0,task_1,56,2,0.0,-0.347282350063324
0,task_1,56,3,0.0,-0.347282350063324
0,task_1,56,4,0.0,-0.347282350063324
0,task_1,56,5,0.0,-0.347282350063324
0,task_1,56,6,0.0,-0.347282350063324
0,task_1,56,7,0.0,-0.347282350063324
0,task_1,56,8,0.0,-0.347282350063324
0,task_1,56,9,0.0,-0.347282350063324
0,task_1,56,10,0.0,-0.347282350063324
0,task_1,56,11,0.0,-0.347282350063324
0,task_1,56,12,0.0,-0.347282350063324
0,task_1,56,13,0.0,-0.347282350063324
0,task_1,56,14,0.0,-0.347282350063324
0,task_1,56,15,0.0,-0.347282350063324
0,task_1,56,16,0.0,-0.347282350063324
0,task_1,56,17,0.0,-0.347282350063324
0,task_1,56,18,0.0,-0.347282350063324
0,task_1,56,19,0.009757399559020996,-0.347282350063324
0,task_1,56,20,0.028206557035446167,-0.347282350063324
0,task_1,56,21,0.049059271812438965,-0.347282350063324
0,task_1,56,22,0.07349029183387756,-0.347282350063324
0,task_1,56,23,0.09386967122554779,-0.08688075095415115
0,task_1,56,24,0.11724523454904556,0.20802262425422668
0,task_1,56,25,0.134592205286026,0.4036286771297455
0,task_1,56,26,0.15800034999847412,0.6364513039588928
0,task_1,56,27,0.17885145545005798,0.8523572087287903
0,task_1,56,28,0.19880151748657227,1.111198902130127
0,task_1,56,29,1.5691514015197754,4.862715721130371
0,task_1,57,0,0.0,0.0
0,task_1,57,1,0.0001042170260916464,0.0
0,task_1,57,2,0.0001042170260916464,0.0
0,task_1,57,3,0.0001042170260916464,0.0
0,task_1,57,4,0.0001042170260916464,0.0
0,task_1,57,5,0.0001042170260916464,0.0
0,task_1,57,6,0.0001042170260916464,0.0
0,task_1,57,7,0.0001042170260916464,0.0
0,task_1,57,8,0.0001042170260916464,0.0
0,task_1,57,9,0.0001042170260916464,0.0
0,task_1,57,10,0.0001042170260916464,0.0
0,task_1,57,11,0.0001042170260916464,0.0
0,task_1,57,12,0.0001042170260916464,0.0
0,task_1,57,13,0.0001042170260916464,0.0
0,task_1,57,14,0.0001042170260916464,0.0
0,task_1,57,15,0.0001042170260916464,0.0
0,task_1,57,16,0.0001042170260916464,0.0
0,task_1,57,17,0.0001042170260916464,0.0
0,task_1,57,18,0.0001042170260916464,0.0
0,task_1,57,19,0.0001042170260916464,0.0
0,task_1,57,20,0.0001042170260916464,0.0
0,task_1,57,21,0.0001042170260916464,0.0
0,task_1,57,22,0.0001042170260916464,0.0
0,task_1,57,23,0.0001042170260916464,0.0
0,task_1,57,24,0.0001042170260916464,0.0
0,task_1,57,25,0.0001042170260916464,0.0
0,task_1,57,26,0.0001042170260916464,0.0
0,task_1,57,27,0.0001042170260916464,0.0
0,task_1,57,28,0.0001042170260916464,0.0
0,task_1,57,29,0.0001042170260916464,0.0
0,task_1,58,0,0.040647462010383606,0.9779951572418213
0,task_1,58,1,0.05435597896575928,0.9779951572418213
0,task_1,58,2,0.06763631105422974,0.9779951572418213
0,task_1,58,3,0.08280397951602936,0.9779951572418213
0,task_1,58,4,0.09796743094921112,0.9779951572418213
0,task_1,58,5,0.10897858440876007,0.9779951572418213
0,task_1,58,6,0.12816105782985687,0.9779951572418213
0,task_1,58,7,0.14162388443946838,0.8674480319023132
0,task_1,58,8,0.15424606204032898,0.7894198298454285
0,task_1,58,9,0.16646668314933777,0.7045784592628479
0,task_1,58,10,0.18143267929553986,0.6021143198013306
0,task_1,58,11,0.19601254165172577,0.5082444548606873
0,task_1,58,12,0.215916246175766,0.38214269280433655
0,task_1,58,13,0.2279386669397354,0.30212002992630005
0,task_1,58,14,0.24209100008010864,0.21629869937896729
0,task_1,58,15,0.2590155005455017,0.10676488280296326
0,task_1,58,16,0.27641648054122925,-0.00046840470167808235
0,task_1,58,17,0.29205507040023804,-0.1293698102235794
0,task_1,58,18,0.30976563692092896,-0.2655339539051056
0,task_1,58,19,0.32774555683135986,-0.3767543137073517
0,task_1,58,20,0.35060596466064453,-0.4824933111667633
0,task_1,58,21,0.3662123680114746,-0.5421274900436401
0,task_1,58,22,0.3795924782752991,-0.5804603695869446
0,task_1,58,23,0.39647579193115234,-0.6234080791473389
0,task_1,58,24,0.41328734159469604,-0.7314759492874146
0,task_1,58,25,0.4379860758781433,-0.8470359444618225
0,task_1,58,26,0.4531788229942322,-0.9135223627090454
0,task_1,58,27,0.4720357060432434,-1.0252759456634521
0,task_1,58,28,0.48754721879959106,-1.1108940839767456
0,task_1,58,29,1.2841274738311768,-3.6962761878967285
0,task_1,59,0,1.4472107887268066,58.20766067504883
0,task_1,59,1,1.4472107887268066,58.20766067504883
0,task_1,59,2,1.4472107887268066,58.20766067504883
0,task_1,59,3,1.4472107887268066,58.20766067504883
0,task_1,59,4,1.4472107887268066,58.20766067504883
0,task_1,59,5,1.4472107887268066,58.20766067504883
0,task_1,59,6,1.4472107887268066,58.20766067504883
0,task_1,59,7,1.4472107887268066,58.20766067504883
0,task_1,59,8,1.4472107887268066,58.20766067504883
0,task_1,59,9,1.4472107887268066,58.20766067504883
0,task_1,59,10,1.4472107887268066,58.20766067504883
0,task_1,59,11,1.4472107887268066,58.20766067504883
0,task_1,59,12,1.4472107887268066,58.20766067504883
0,task_1,59,13,1.4472107887268066,58.20766067504883
0,task_1,59,14,1.4472107887268066,58.20766067504883
0,task_1,59,15,1.4472107887268066,58.20766067504883
0,task_1,59,16,1.4472107887268066,58.20766067504883
0,task_1,59,17,1.4472107887268066,58.20766067504883
0,task_1,59,18,1.4472107887268066,58.20766067504883
0,task_1,59,19,1.4472107887268066,58.20766067504883
0,task_1,59,20,1.4472107887268066,58.20766067504883
0,task_1,59,21,1.4472107887268066,58.20766067504883
0,task_1,59,22,1.4472107887268066,58.20766067504883
0,task_1,59,23,1.4472107887268066,58.20766067504883
0,task_1,59,24,1.4472107887268066,58.20766067504883
0,task_1,59,25,1.4472107887268066,58.20766067504883
0,task_1,59,26,1.4472107887268066,58.20766067504883
0,task_1,59,27,1.4472107887268066,58.20766067504883
0,task_1,59,28,1.4472107887268066,58.20766067504883
0,task_1,59,29,1.4472107887268066,58.20766067504883
0,task_1,60,0,9.999999747378752e-05,0.0
0,task_1,60,1,9.999999747378752e-05,0.0
0,task_1,60,2,9.999999747378752e-05,0.0
0,task_1,60,3,9.999999747378752e-05,0.0
0,task_1,60,4,9.999999747378752e-05,0.0
0,task_1,60,5,9.999999747378752e-05,0.0
0,task_1,60,6,9.999999747378752e-05,0.0
0,task_1,60,7,9.999999747378752e-05,0.0
0,task_1,60,8,9.999999747378752e-05,0.0
0,task_1,60,9,9.999999747378752e-05,0.0
0,task_1,60,10,9.999999747378752e-05,0.0
0,task_1,60,11,9.999999747378752e-05,0.0
0,task_1,60,12,9.999999747378752e-05,0.0
0,task_1,60,13,9.999999747378752e-05,0.0
0,task_1,60,14,9.999999747378752e-05,0.0
0,task_1,60,15,9.999999747378752e-05,0.0
0,task_1,60,16,9.999999747378752e-05,0.0
0,task_1,60,17,9.999999747378752e-05,0.0
0,task_1,60,18,9.999999747378752e-05,0.0
0,task_1,60,19,9.999999747378752e-05,0.0
0,task_1,60,20,9.999999747378752e-05,0.0
0,task_1,60,21,9.999999747378752e-05,0.0
0,task_1,60,22,9.999999747378752e-05,0.0
0,task_1,60,23,9.999999747378752e-05,0.0
0,task_1,60,24,9.999999747378752e-05,0.0
0,task_1,60,25,9.999999747378752e-05,0.0
0,task_1,60,26,9.999999747378752e-05,0.0
0,task_1,60,27,9.999999747378752e-05,0.0
0,task_1,60,28,9.999999747378752e-05,0.0
0,task_1,60,29,9.999999747378752e-05,0.0
0,task_1,61,0,0.0,-0.6805973052978516
0,task_1,61,1,0.0,-0.6805973052978516
0,task_1,61,2,0.0,-0.6805973052978516
0,task_1,61,3,0.0,-0.6805973052978516
0,task_1,61,4,0.0,-0.6805973052978516
0,task_1,61,5,0.0,-0.6805973052978516
0,task_1,61,6,0.0,-0.6805973052978516
0,task_1,61,7,0.0,-0.6805973052978516
0,task_1,61,8,0.01397193968296051,-0.6805973052978516
0,task_1,61,9,0.03229804337024689,-0.6805973052978516
0,task_1,61,10,0.054455652832984924,-0.6805973052978516
0,task_1,61,11,0.07694849371910095,-0.6805973052978516
0,task_1,61,12,0.10754256695508957,-0.6805973052978516
0,task_1,61,13,0.12990406155586243,-0.6805973052978516
0,task_1,61,14,0.1588195264339447,-0.6805973052978516
0,task_1,61,15,0.1825384646654129,-0.5844231247901917
0,task_1,61,16,0.21374264359474182,-0.44711658358573914
0,task_1,61,17,0.2387310266494751,-0.3072093427181244
0,task_1,61,18,0.26434189081192017,-0.1219477504491806
0,task_1,61,19,0.2862635552883148,0.057943250983953476
0,task_1,61,20,0.31318679451942444,0.28107789158821106
0,task_1,61,21,0.3394005298614502,0.37426674365997314
0,task_1,61,22,0.3648245930671692,0.5026316046714783
0,task_1,61,23,0.379222571849823,0.6570164561271667
0,task_1,61,24,0.3989560902118683,0.8965190052986145
0,task_1,61,25,0.42025429010391235,1.1563166379928589
0,task_1,61,26,0.4293459355831146,1.2668043375015259
0,task_1,61,27,0.4394388496875763,1.3934826850891113
0,task_1,61,28,0.45327281951904297,1.5708503723144531
0,task_1,61,29,1.6351627111434937,3.5127453804016113
0,task_1,62,0,0.0,0.0
0,task_1,62,1,0.0,0.0
0,task_1,62,2,0.0,0.0
0,task_1,62,3,0.04859048128128052,0.0
0,task_1,62,4,0.1085413247346878,0.0
0,task_1,62,5,0.1768978089094162,0.0
0,task_1,62,6,0.2519634962081909,0.0
0,task_1,62,7,0.31602174043655396,0.0
0,task_1,62,8,0.3876110911369324,0.0
0,task_1,62,9,0.44009900093078613,0.0
0,task_1,62,10,0.5008842349052429,0.0
0,task_1,62,11,0.5546669960021973,0.0
0,task_1,62,12,0.6158895492553711,0.0
0,task_1,62,13,0.6673154830932617,0.0
0,task_1,62,14,0.7147283554077148,0.0
0,task_1,62,15,0.7553492188453674,0.0
0,task_1,62,16,0.8005133271217346,0.0
0,task_1,62,17,0.841435432434082,0.0
0,task_1,62,18,0.8782105445861816,0.0
0,task_1,62,19,0.9048405885696411,0.0
0,task_1,62,20,0.9372308254241943,0.0
0,task_1,62,21,0.9664678573608398,0.0
0,task_1,62,22,0.983967661857605,0.0
0,task_1,62,23,1.0030802488327026,0.0
0,task_1,62,24,1.015295147895813,0.0
0,task_1,62,25,1.026336669921875,0.0
0,task_1,62,26,1.0420483350753784,0.0
0,task_1,62,27,1.0498586893081665,0.0
0,task_1,62,28,1.0585201978683472,0.0
0,task_1,62,29,1.0729573965072632,0.0
0,task_1,63,0,0.0,0.22172117233276367
0,task_1,63,1,0.0,0.22172117233276367
0,task_1,63,2,0.0,0.22172117233276367
0,task_1,63,3,0.0,0.22172117233276367
0,task_1,63,4,0.0,0.22172117233276367
0,task_1,63,5,0.0,0.22172117233276367
0,task_1,63,6,0.0,0.22172117233276367
0,task_1,63,7,0.0,0.22172117233276367
0,task_1,63,8,0.0,0.22172117233276367
0,task_1,63,9,0.0,0.22172117233276367
0,task_1,63,10,0.0,0.22172117233276367
0,task_1,63,11,0.0,0.22172117233276367
0,task_1,63,12,0.0,0.22172117233276367
0,task_1,63,13,0.0,0.22172117233276367
0,task_1,63,14,0.0,0.22172117233276367
0,task_1,63,15,0.0,0.22172117233276367
0,task_1,63,16,0.0,0.22172117233276367
0,task_1,63,17,0.0,0.22172117233276367
0,task_1,63,18,0.0,0.22172117233276367
0,task_1,63,19,0.0,0.22172117233276367
0,task_1,63,20,0.0,0.22172117233276367
0,task_1,63,21,0.009321033954620361,0.21391542255878448
0,task_1,63,22,0.026530295610427856,0.1704740822315216
0,task_1,63,23,0.03916949778795242,0.13106568157672882
0,task_1,63,24,0.05573749542236328,0.05649286136031151
0,task_1,63,25,0.0653245598077774,0.04149925708770752
0,task_1,63,26,0.07489027827978134,0.017748143523931503
0,task_1,63,27,0.08437186479568481,-0.00506701972335577
0,task_1,63,28,0.09428224712610245,-0.003033238463103771
0,task_1,63,29,1.1047085523605347,-5.279239654541016
0,task_1,64,0,0.0,0.1434410661458969
0,task_1,64,1,0.0,0.1434410661458969
0,task_1,64,2,0.0,0.1434410661458969
0,task_1,64,3,0.0,0.1434410661458969
0,task_1,64,4,0.0,0.1434410661458969
0,task_1,64,5,0.0,0.1434410661458969
0,task_1,64,6,0.0,0.1434410661458969
0,task_1,64,7,0.0,0.1434410661458969
0,task_1,64,8,0.0,0.1434410661458969
0,task_1,64,9,0.0,0.1434410661458969
0,task_1,64,10,0.0,0.1434410661458969
0,task_1,64,11,0.0,0.1434410661458969
0,task_1,64,12,0.0,0.1434410661458969
0,task_1,64,13,0.0,0.1434410661458969
0,task_1,64,14,0.0,0.1434410661458969
0,task_1,64,15,0.0,0.1434410661458969
0,task_1,64,16,0.0,0.1434410661458969
0,task_1,64,17,0.0,0.1434410661458969
0,task_1,64,18,0.0,0.1434410661458969
0,task_1,64,19,0.0,0.1434410661458969
0,task_1,64,20,0.0,0.1434410661458969
0,task_1,64,21,0.0,0.1434410661458969
0,task_1,64,22,0.0,0.1434410661458969
0,task_1,64,23,0.0,0.1434410661458969
0,task_1,64,24,0.0,0.1434410661458969
0,task_1,64,25,0.0,0.1434410661458969
0,task_1,64,26,0.0,0.1434410661458969
0,task_1,64,27,0.0017569810152053833,0.18581587076187134
0,task_1,64,28,0.03620326519012451,1.1465871334075928
0,task_1,64,29,1.2897026538848877,-5.205312252044678
0,task_1,65,0,0.0,-0.21547162532806396
0,task_1,65,1,0.0,-0.21547162532806396
0,task_1,65,2,0.0,-0.21547162532806396
0,task_1,65,3,0.0,-0.21547162532806396
0,task_1,65,4,0.0,-0.21547162532806396
0,task_1,65,5,0.0,-0.21547162532806396
0,task_1,65,6,0.0,-0.21547162532806396
0,task_1,65,7,0.0,-0.21547162532806396
0,task_1,65,8,0.0,-0.21547162532806396
0,task_1,65,9,0.0,-0.21547162532806396
0,task_1,65,10,0.0,-0.21547162532806396
0,task_1,65,11,0.0,-0.21547162532806396
0,task_1,65,12,0.0,-0.21547162532806396
0,task_1,65,13,0.0,-0.21547162532806396
0,task_1,65,14,0.0,-0.21547162532806396
0,task_1,65,15,0.0,-0.21547162532806396
0,task_1,65,16,0.0,-0.21547162532806396
0,task_1,65,17,0.0,-0.21547162532806396
0,task_1,65,18,0.0,-0.21547162532806396
0,task_1,65,19,0.0,-0.21547162532806396
0,task_1,65,20,0.0,-0.21547162532806396
0,task_1,65,21,0.0,-0.21547162532806396
0,task_1,65,22,0.0,-0.21547162532806396
0,task_1,65,23,0.0,-0.21547162532806396
0,task_1,65,24,0.0,-0.21547162532806396
0,task_1,65,25,0.0,-0.21547162532806396
0,task_1,65,26,0.0,-0.21547162532806396
0,task_1,65,27,0.005009755492210388,-0.0043761287815868855
0,task_1,65,28,0.022927820682525635,0.5874852538108826
0,task_1,65,29,0.9518641233444214,5.234623432159424
0,task_1,66,0,0.0,0.38335514068603516
0,task_1,66,1,0.0,0.38335514068603516
0,task_1,66,2,0.0,0.38335514068603516
0,task_1,66,3,0.0,0.38335514068603516
0,task_1,66,4,0.012058127671480179,0.49607256054878235
0,task_1,66,5,0.09088060259819031,0.9045404195785522
0,task_1,66,6,0.16021467745304108,1.2194920778274536
0,task_1,66,7,0.2067383974790573,1.302043080329895
0,task_1,66,8,0.2387927770614624,1.258434772491455
0,task_1,66,9,0.271715372800827,1.1712703704833984
0,task_1,66,10,0.3042832612991333,1.0308010578155518
0,task_1,66,11,0.33129262924194336,0.8411087989807129
0,task_1,66,12,0.36409029364585876,0.6808521747589111
0,task_1,66,13,0.3927971422672272,0.5109864473342896
0,task_1,66,14,0.42323052883148193,0.3787168562412262
0,task_1,66,15,0.448916494846344,0.27977699041366577
0,task_1,66,16,0.4733400344848633,0.11408299207687378
0,task_1,66,17,0.49656224250793457,-0.008901878260076046
0,task_1,66,18,0.5192607045173645,-0.13995712995529175
0,task_1,66,19,0.5403434634208679,-0.30620792508125305
0,task_1,66,20,0.5551536083221436,-0.3941459357738495
0,task_1,66,21,0.5750176906585693,-0.5884293913841248
0,task_1,66,22,0.5894389748573303,-0.705074667930603
0,task_1,66,23,0.6028802394866943,-0.8296934962272644
0,task_1,66,24,0.6149653792381287,-0.9327518939971924
0,task_1,66,25,0.622534990310669,-1.0364956855773926
0,task_1,66,26,0.6282941102981567,-1.1213513612747192
0,task_1,66,27,0.6341723203659058,-1.182521104812622
0,task_1,66,28,0.6391338109970093,-1.2226054668426514
0,task_1,66,29,1.0058202743530273,-3.253462314605713
0,task_1,67,0,0.24534332752227783,-2.5259552001953125
0,task_1,67,1,0.30248743295669556,-2.4558517932891846
0,task_1,67,2,0.35547250509262085,-1.9265748262405396
0,task_1,67,3,0.40576910972595215,-1.227561354637146
0,task_1,67,4,0.45692968368530273,-0.829346776008606
0,task_1,67,5,0.4795026183128357,-0.680675208568573
0,task_1,67,6,0.495472252368927,-0.5713876485824585
0,task_1,67,7,0.5115683078765869,-0.45061877369880676
0,task_1,67,8,0.5250347256660461,-0.35998257994651794
0,task_1,67,9,0.5414153337478638,-0.2518768310546875
0,task_1,67,10,0.5591500997543335,-0.13725543022155762
0,task_1,67,11,0.5733620524406433,-0.04401538148522377
0,task_1,67,12,0.5904720425605774,0.06576520949602127
0,task_1,67,13,0.6091287732124329,0.17767243087291718
0,task_1,67,14,0.6210362315177917,0.25269272923469543
0,task_1,67,15,0.6339526772499084,0.32709795236587524
0,task_1,67,16,0.6473577618598938,0.40273794531822205
0,task_1,67,17,0.6640927195549011,0.4857974350452423
0,task_1,67,18,0.6706640720367432,0.5187761187553406
0,task_1,67,19,0.6799456477165222,0.5631741881370544
0,task_1,67,20,0.6880910992622375,0.6030454039573669
0,task_1,67,21,0.6996347904205322,0.6671763062477112
0,task_1,67,22,0.7058256268501282,0.7025511264801025
0,task_1,67,23,0.7129334807395935,0.7467194199562073
0,task_1,67,24,0.7181469798088074,0.7794392108917236
0,task_1,67,25,0.7239477634429932,0.8170334696769714
0,task_1,67,26,0.7300863265991211,0.8598752021789551
0,task_1,67,27,0.736258327960968,0.9031582474708557
0,task_1,67,28,0.7423081994056702,0.9448482990264893
0,task_1,67,29,0.8427526354789734,1.6435298919677734
0,task_1,68,0,0.0,-0.0035527136642485857
0,task_1,68,1,0.0,-0.0035527136642485857
0,task_1,68,2,0.0,-0.0035527136642485857
0,task_1,68,3,0.0,-0.0035527136642485857
0,task_1,68,4,0.0,-0.0035527136642485857
0,task_1,68,5,0.0,-0.0035527136642485857
0,task_1,68,6,0.0,-0.0035527136642485857
0,task_1,68,7,0.0,-0.0035527136642485857
0,task_1,68,8,0.0,-0.0035527136642485857
0,task_1,68,9,0.0,-0.0035527136642485857
0,task_1,68,10,0.0,-0.0035527136642485857
0,task_1,68,11,0.0,-0.0035527136642485857
0,task_1,68,12,0.0,-0.0035527136642485857
0,task_1,68,13,0.0,-0.0035527136642485857
0,task_1,68,14,0.0,-0.0035527136642485857
0,task_1,68,15,0.0,-0.0035527136642485857
0,task_1,68,16,0.0,-0.0035527136642485857
0,task_1,68,17,0.0,-0.0035527136642485857
0,task_1,68,18,0.0,-0.0035527136642485857
0,task_1,68,19,0.0,-0.0035527136642485857
0,task_1,68,20,0.0,-0.0035527136642485857
0,task_1,68,21,0.0,-0.0035527136642485857
0,task_1,68,22,0.0,-0.0035527136642485857
0,task_1,68,23,0.0,-0.0035527136642485857
0,task_1,68,24,0.0,-0.0035527136642485857
0,task_1,68,25,0.0,-0.0035527136642485857
0,task_1,68,26,0.0,-0.0035527136642485857
0,task_1,68,27,0.0,-0.0035527136642485857
0,task_1,68,28,0.00022342801094055176,-0.0035527136642485857
0,task_1,68,29,0.02529594488441944,-0.0035527136642485857
0,task_1,69,0,0.35232532024383545,1.6560008525848389
0,task_1,69,1,0.40258321166038513,1.6560008525848389
0,task_1,69,2,0.4488763213157654,1.6560008525848389
0,task_1,69,3,0.5065643787384033,1.6560008525848389
0,task_1,69,4,0.5435087084770203,1.3482847213745117
0,task_1,69,5,0.5875713229179382,1.0364149808883667
0,task_1,69,6,0.6326593160629272,0.756272554397583
0,task_1,69,7,0.6775029897689819,0.47945910692214966
0,task_1,69,8,0.7130535840988159,0.22208541631698608
0,task_1,69,9,0.7455422878265381,0.009661260060966015
0,task_1,69,10,0.7741866111755371,-0.08964790403842926
0,task_1,69,11,0.80335533618927,-0.1715642809867859
0,task_1,69,12,0.8307222127914429,-0.21184132993221283
0,task_1,69,13,0.8580236434936523,-0.22998017072677612
0,task_1,69,14,0.8755737543106079,-0.24317331612110138
0,task_1,69,15,0.8944034576416016,-0.25535205006599426
0,task_1,69,16,0.9100602865219116,-0.280565470457077
0,task_1,69,17,0.9218630790710449,-0.2967074513435364
0,task_1,69,18,0.9390223026275635,-0.3409842848777771
0,task_1,69,19,0.9511476755142212,-0.36379924416542053
0,task_1,69,20,0.9656995534896851,-0.3949136435985565
0,task_1,69,21,0.9765125513076782,-0.4363441467285156
0,task_1,69,22,0.9832223653793335,-0.45603302121162415
0,task_1,69,23,0.9923970699310303,-0.48005810379981995
0,task_1,69,24,1.0013678073883057,-0.5024435520172119
0,task_1,69,25,1.0103366374969482,-0.5359863638877869
0,task_1,69,26,1.0211882591247559,-0.5695107579231262
0,task_1,69,27,1.0334616899490356,-0.6134663820266724
0,task_1,69,28,1.0476878881454468,-0.6654902696609497
0,task_1,69,29,1.4997631311416626,-3.3383169174194336
0,task_1,70,0,0.15153861045837402,0.5906198024749756
0,task_1,70,1,0.15735375881195068,0.5890623331069946
0,task_1,70,2,0.16577589511871338,0.5720281004905701
0,task_1,70,3,0.1764654666185379,0.5569934248924255
0,task_1,70,4,0.1878158003091812,0.5292338728904724
0,task_1,70,5,0.19752545654773712,0.5303791165351868
0,task_1,70,6,0.21163515746593475,0.5083115696907043
0,task_1,70,7,0.22855940461158752,0.4899483919143677
0,task_1,70,8,0.24072274565696716,0.4832618832588196
0,task_1,70,9,0.25373464822769165,0.4568418562412262
0,task_1,70,10,0.2666914463043213,0.42957159876823425
0,task_1,70,11,0.2809096574783325,0.3918828070163727
0,task_1,70,12,0.2973260283470154,0.3536602556705475
0,task_1,70,13,0.31100186705589294,0.2945045232772827
0,task_1,70,14,0.32529574632644653,0.24359525740146637
0,task_1,70,15,0.3375788927078247,0.21001233160495758
0,task_1,70,16,0.35127753019332886,0.14348210394382477
0,task_1,70,17,0.36371785402297974,0.09405683726072311
0,task_1,70,18,0.3799031972885132,0.006213924381881952
0,task_1,70,19,0.3909112215042114,-0.0355263352394104
0,task_1,70,20,0.40909355878829956,-0.12118561565876007
0,task_1,70,21,0.4206959009170532,-0.17870773375034332
0,task_1,70,22,0.42878565192222595,-0.2029445916414261
0,task_1,70,23,0.43697941303253174,-0.24081240594387054
0,task_1,70,24,0.4470595419406891,-0.27875009179115295
0,task_1,70,25,0.45664507150650024,-0.31848353147506714
0,task_1,70,26,0.46468377113342285,-0.3387417495250702
0,task_1,70,27,0.4730303883552551,-0.3748099207878113
0,task_1,70,28,0.4818938970565796,-0.41058823466300964
0,task_1,70,29,1.210703730583191,-4.973109245300293
0,task_1,71,0,0.0,-0.2700132727622986
0,task_1,71,1,0.0,-0.2700132727622986
0,task_1,71,2,0.0,-0.2700132727622986
0,task_1,71,3,0.0,-0.2700132727622986
0,task_1,71,4,0.0,-0.2700132727622986
0,task_1,71,5,0.0,-0.2700132727622986
0,task_1,71,6,0.0,-0.2700132727622986
0,task_1,71,7,0.0,-0.2700132727622986
0,task_1,71,8,0.0,-0.2700132727622986
0,task_1,71,9,0.0,-0.2700132727622986
0,task_1,71,10,0.0,-0.2700132727622986
0,task_1,71,11,0.0,-0.2700132727622986
0,task_1,71,12,0.0,-0.2700132727622986
0,task_1,71,13,0.0,-0.2700132727622986
0,task_1,71,14,0.0,-0.2700132727622986
0,task_1,71,15,0.0,-0.2700132727622986
0,task_1,71,16,0.0,-0.2700132727622986
0,task_1,71,17,0.0,-0.2700132727622986
0,task_1,71,18,0.0,-0.2700132727622986
0,task_1,71,19,0.0,-0.2700132727622986
0,task_1,71,20,0.0,-0.2700132727622986
0,task_1,71,21,0.0,-0.2700132727622986
0,task_1,71,22,0.0,-0.2700132727622986
0,task_1,71,23,0.0,-0.2700132727622986
0,task_1,71,24,0.008702728897333145,-0.2188204973936081
0,task_1,71,25,0.036786746233701706,-0.09454318135976791
0,task_1,71,26,0.11033664643764496,0.232435405254364
0,task_1,71,27,0.17566069960594177,0.5157389640808105
0,task_1,71,28,0.2628868520259857,0.9491919875144958
0,task_1,71,29,1.9290109872817993,5.096314907073975
0,task_1,72,0,0.1241193562746048,0.9329726696014404
0,task_1,72,1,0.13222821056842804,0.9219496846199036
0,task_1,72,2,0.13667716085910797,0.9149574041366577
0,task_1,72,3,0.14210821688175201,0.9068422913551331
0,task_1,72,4,0.14872372150421143,0.8956170678138733
0,task_1,72,5,0.1539793461561203,0.8862906098365784
0,task_1,72,6,0.1629641205072403,0.8610115647315979
0,task_1,72,7,0.17166371643543243,0.833554744720459
0,task_1,72,8,0.1847829967737198,0.7885907888412476
0,task_1,72,9,0.20146049559116364,0.7286868095397949
0,task_1,72,10,0.22331812977790833,0.6490662693977356
0,task_1,72,11,0.24134553968906403,0.5954842567443848
0,task_1,72,12,0.2692481279373169,0.5281128287315369
0,task_1,72,13,0.3047121465206146,0.44961681962013245
0,task_1,72,14,0.3334796726703644,0.3876088559627533
0,task_1,72,15,0.3810747563838959,0.29068419337272644
0,task_1,72,16,0.4155680537223816,0.21928109228610992
0,task_1,72,17,0.4651753902435303,0.11971529573202133
0,task_1,72,18,0.515663743019104,0.002697140909731388
0,task_1,72,19,0.569932222366333,-0.09691639989614487
0,task_1,72,20,0.6284964084625244,-0.2177809178829193
0,task_1,72,21,0.6978732347488403,-0.3813239634037018
0,task_1,72,22,0.7652081847190857,-0.5717054009437561
0,task_1,72,23,0.8381794095039368,-0.7930615544319153
0,task_1,72,24,0.9036721587181091,-1.0027278661727905
0,task_1,72,25,0.9830545783042908,-1.1921014785766602
0,task_1,72,26,1.060484766960144,-1.371474266052246
0,task_1,72,27,1.1321135759353638,-1.5377075672149658
0,task_1,72,28,1.2175003290176392,-1.7463732957839966
0,task_1,72,29,1.6191767454147339,-3.001565933227539
0,task_1,73,0,0.20623859763145447,0.5258666276931763
0,task_1,73,1,0.21331535279750824,0.49568745493888855
0,task_1,73,2,0.21805623173713684,0.4762519299983978
0,task_1,73,3,0.22109796106815338,0.4618511497974396
0,task_1,73,4,0.22555182874202728,0.443204402923584
0,task_1,73,5,0.2300959974527359,0.41949838399887085
0,task_1,73,6,0.2335721254348755,0.4069686532020569
0,task_1,73,7,0.23721179366111755,0.38976404070854187
0,task_1,73,8,0.24063867330551147,0.37726742029190063
0,task_1,73,9,0.2448522299528122,0.3567582070827484
0,task_1,73,10,0.2493155151605606,0.33252260088920593
0,task_1,73,11,0.25369027256965637,0.31377676129341125
0,task_1,73,12,0.25829118490219116,0.29026132822036743
0,task_1,73,13,0.2648891508579254,0.2580622136592865
0,task_1,73,14,0.2708909213542938,0.23134194314479828
0,task_1,73,15,0.2772364616394043,0.1986401379108429
0,task_1,73,16,0.2847312092781067,0.16155970096588135
0,task_1,73,17,0.291740357875824,0.1303180754184723
0,task_1,73,18,0.2974694073200226,0.10242285579442978
0,task_1,73,19,0.3048127293586731,0.061728522181510925
0,task_1,73,20,0.31208425760269165,0.02223604917526245
0,task_1,73,21,0.31752628087997437,-0.0006909288349561393
0,task_1,73,22,0.32611435651779175,-0.0402214489877224
0,task_1,73,23,0.3333324193954468,-0.06990108639001846
0,task_1,73,24,0.3399907350540161,-0.10296986252069473
0,task_1,73,25,0.34792354702949524,-0.14254741370677948
0,task_1,73,26,0.35812413692474365,-0.19081398844718933
0,task_1,73,27,0.37895217537879944,-0.3068726658821106
0,task_1,73,28,0.40415504574775696,-0.48707976937294006
0,task_1,73,29,1.3227427005767822,-5.114889144897461
0,task_1,74,0,0.04069359600543976,-1.0246309041976929
0,task_1,74,1,0.047469571232795715,-0.9810084104537964
0,task_1,74,2,0.05497439205646515,-0.9305756092071533
0,task_1,74,3,0.06185741722583771,-0.8763232231140137
0,task_1,74,4,0.06556613743305206,-0.8499708771705627
0,task_1,74,5,0.07236793637275696,-0.8038219213485718
0,task_1,74,6,0.07750104367733002,-0.7684887051582336
0,task_1,74,7,0.08521854132413864,-0.7134305834770203
0,task_1,74,8,0.09305044263601303,-0.6500153541564941
0,task_1,74,9,0.1035546138882637,-0.5660411715507507
0,task_1,74,10,0.11460299044847488,-0.4723459780216217
0,task_1,74,11,0.12794150412082672,-0.37155506014823914
0,task_1,74,12,0.14346899092197418,-0.2605883479118347
0,task_1,74,13,0.15879854559898376,-0.15610213577747345
0,task_1,74,14,0.16981422901153564,-0.08384668827056885
0,task_1,74,15,0.18147636950016022,0.0034852181561291218
0,task_1,74,16,0.1932305544614792,0.07677049189805984
0,task_1,74,17,0.2128337323665619,0.20687264204025269
0,task_1,74,18,0.23188361525535583,0.34024670720100403
0,task_1,74,19,0.24770158529281616,0.44505438208580017
0,task_1,74,20,0.2658831775188446,0.5851147770881653
0,task_1,74,21,0.28615689277648926,0.7481255531311035
0,task_1,74,22,0.30779340863227844,0.9270709156990051
0,task_1,74,23,0.32630035281181335,1.0728272199630737
0,task_1,74,24,0.33974772691726685,1.1917293071746826
0,task_1,74,25,0.358848512172699,1.3564790487289429
0,task_1,74,26,0.38624733686447144,1.5491257905960083
0,task_1,74,27,0.41847267746925354,1.7361400127410889
0,task_1,74,28,0.44593989849090576,1.810444712638855
0,task_1,74,29,0.8724759817123413,-2.5407397747039795
0,task_1,75,0,9.999999747378752e-05,0.0
0,task_1,75,1,9.999999747378752e-05,0.0
0,task_1,75,2,9.999999747378752e-05,0.0
0,task_1,75,3,9.999999747378752e-05,0.0
0,task_1,75,4,9.999999747378752e-05,0.0
0,task_1,75,5,9.999999747378752e-05,0.0
0,task_1,75,6,9.999999747378752e-05,0.0
0,task_1,75,7,9.999999747378752e-05,0.0
0,task_1,75,8,9.999999747378752e-05,0.0
0,task_1,75,9,9.999999747378752e-05,0.0
0,task_1,75,10,9.999999747378752e-05,0.0
0,task_1,75,11,9.999999747378752e-05,0.0
0,task_1,75,12,9.999999747378752e-05,0.0
0,task_1,75,13,9.999999747378752e-05,0.0
0,task_1,75,14,9.999999747378752e-05,0.0
0,task_1,75,15,9.999999747378752e-05,0.0
0,task_1,75,16,9.999999747378752e-05,0.0
0,task_1,75,17,9.999999747378752e-05,0.0
0,task_1,75,18,9.999999747378752e-05,0.0
0,task_1,75,19,9.999999747378752e-05,0.0
0,task_1,75,20,9.999999747378752e-05,0.0
0,task_1,75,21,9.999999747378752e-05,0.0
0,task_1,75,22,9.999999747378752e-05,0.0
0,task_1,75,23,9.999999747378752e-05,0.0
0,task_1,75,24,9.999999747378752e-05,0.0
0,task_1,75,25,9.999999747378752e-05,0.0
0,task_1,75,26,9.999999747378752e-05,0.0
0,task_1,75,27,9.999999747378752e-05,0.0
0,task_1,75,28,9.999999747378752e-05,0.0
0,task_1,75,29,9.999999747378752e-05,0.0
0,task_1,76,0,0.0,0.478801429271698
0,task_1,76,1,0.0,0.478801429271698
0,task_1,76,2,0.0,0.478801429271698
0,task_1,76,3,0.0,0.478801429271698
0,task_1,76,4,0.0,0.478801429271698
0,task_1,76,5,0.0,0.478801429271698
0,task_1,76,6,0.0,0.478801429271698
0,task_1,76,7,0.0,0.478801429271698
0,task_1,76,8,0.0,0.478801429271698
0,task_1,76,9,0.0,0.478801429271698
0,task_1,76,10,0.0,0.478801429271698
0,task_1,76,11,0.0,0.478801429271698
0,task_1,76,12,0.0,0.478801429271698
0,task_1,76,13,0.0,0.478801429271698
0,task_1,76,14,0.0,0.478801429271698
0,task_1,76,15,0.0,0.478801429271698
0,task_1,76,16,0.0,0.478801429271698
0,task_1,76,17,0.0,0.478801429271698
0,task_1,76,18,0.0,0.478801429271698
0,task_1,76,19,0.0,0.478801429271698
0,task_1,76,20,0.0,0.478801429271698
0,task_1,76,21,0.0,0.478801429271698
0,task_1,76,22,0.04643911123275757,0.09823354333639145
0,task_1,76,23,0.09157617390155792,-0.33477434515953064
0,task_1,76,24,0.12533913552761078,-0.6464583873748779
0,task_1,76,25,0.16601844131946564,-1.0164581537246704
0,task_1,76,26,0.2010880410671234,-1.3624975681304932
0,task_1,76,27,0.22531259059906006,-1.5810472965240479
0,task_1,76,28,0.2559025287628174,-1.8872140645980835
0,task_1,76,29,0.5035604238510132,-3.8034160137176514
0,task_1,77,0,0.0,-0.46535149216651917
0,task_1,77,1,0.0,-0.46535149216651917
0,task_1,77,2,0.0,-0.46535149216651917
0,task_1,77,3,0.0,-0.46535149216651917
0,task_1,77,4,0.0,-0.46535149216651917
0,task_1,77,5,0.0,-0.46535149216651917
0,task_1,77,6,0.0,-0.46535149216651917
0,task_1,77,7,0.0,-0.46535149216651917
0,task_1,77,8,0.0,-0.46535149216651917
0,task_1,77,9,0.0,-0.46535149216651917
0,task_1,77,10,0.0,-0.46535149216651917
0,task_1,77,11,0.0,-0.46535149216651917
0,task_1,77,12,0.0,-0.46535149216651917
0,task_1,77,13,0.0,-0.46535149216651917
0,task_1,77,14,0.0,-0.46535149216651917
0,task_1,77,15,0.0,-0.46535149216651917
0,task_1,77,16,0.0,-0.46535149216651917
0,task_1,77,17,0.0,-0.46535149216651917
0,task_1,77,18,0.0,-0.46535149216651917
0,task_1,77,19,0.0,-0.46535149216651917
0,task_1,77,20,0.0,-0.46535149216651917
0,task_1,77,21,0.0,-0.46535149216651917
0,task_1,77,22,0.0,-0.46535149216651917
0,task_1,77,23,0.0,-0.46535149216651917
0,task_1,77,24,0.04449966549873352,0.462270051240921
0,task_1,77,25,0.09453439712524414,1.4120311737060547
0,task_1,77,26,0.15597744286060333,2.323533058166504
0,task_1,77,27,0.2059410661458969,2.323533058166504
0,task_1,77,28,0.2568344175815582,2.323533058166504
0,task_1,77,29,0.32227030396461487,2.323533058166504
0,task_1,78,0,0.0,0.6136050820350647
0,task_1,78,1,0.0,0.6136050820350647
0,task_1,78,2,0.0,0.6136050820350647
0,task_1,78,3,0.0,0.6136050820350647
0,task_1,78,4,0.0,0.6136050820350647
0,task_1,78,5,0.0,0.6136050820350647
0,task_1,78,6,0.0,0.6136050820350647
0,task_1,78,7,0.0,0.6136050820350647
0,task_1,78,8,0.0,0.6136050820350647
0,task_1,78,9,0.0,0.6136050820350647
0,task_1,78,10,0.0,0.6136050820350647
0,task_1,78,11,0.0,0.6136050820350647
0,task_1,78,12,0.0,0.6136050820350647
0,task_1,78,13,0.0,0.6136050820350647
0,task_1,78,14,0.0,0.6136050820350647
0,task_1,78,15,0.0005270391702651978,0.6104796528816223
0,task_1,78,16,0.03326444327831268,0.4510764181613922
0,task_1,78,17,0.07396040111780167,0.2669926583766937
0,task_1,78,18,0.11195632070302963,0.09914278984069824
0,task_1,78,19,0.14720512926578522,-0.06458040326833725
0,task_1,78,20,0.18581822514533997,-0.23206113278865814
0,task_1,78,21,0.2250256985425949,-0.3691248297691345
0,task_1,78,22,0.2564874291419983,-0.47516071796417236
0,task_1,78,23,0.2876829504966736,-0.5952515602111816
0,task_1,78,24,0.3207148015499115,-0.7318546175956726
0,task_1,78,25,0.3472897708415985,-0.8481705784797668
0,task_1,78,26,0.3696681559085846,-0.9469390511512756
0,task_1,78,27,0.39397990703582764,-1.0539039373397827
0,task_1,78,28,0.4161456823348999,-1.1515133380889893
0,task_1,78,29,1.0790938138961792,-4.163206100463867
0,task_1,79,0,0.0,-0.35836195945739746
0,task_1,79,1,0.0,-0.35836195945739746
0,task_1,79,2,0.0,-0.35836195945739746
0,task_1,79,3,0.0,-0.35836195945739746
0,task_1,79,4,0.0,-0.35836195945739746
0,task_1,79,5,0.0,-0.35836195945739746
0,task_1,79,6,0.0,-0.35836195945739746
0,task_1,79,7,0.0,-0.35836195945739746
0,task_1,79,8,0.0,-0.35836195945739746
0,task_1,79,9,0.0,-0.35836195945739746
0,task_1,79,10,0.0,-0.35836195945739746
0,task_1,79,11,0.003079846501350403,-0.34381377696990967
0,task_1,79,12,0.00598868727684021,-0.3350244462490082
0,task_1,79,13,0.010067872703075409,-0.3252134919166565
0,task_1,79,14,0.013828985393047333,-0.31532540917396545
0,task_1,79,15,0.01742035150527954,-0.3085553050041199
0,task_1,79,16,0.02187022566795349,-0.28636229038238525
0,task_1,79,17,0.026455074548721313,-0.2625265121459961
0,task_1,79,18,0.032098665833473206,-0.23335352540016174
0,task_1,79,19,0.0375661626458168,-0.18974973261356354
0,task_1,79,20,0.04362186789512634,-0.1414903700351715
0,task_1,79,21,0.05110681802034378,-0.07851595431566238
0,task_1,79,22,0.055925771594047546,-0.035702597349882126
0,task_1,79,23,0.06246853619813919,0.020157624036073685
0,task_1,79,24,0.06966081261634827,0.07492075115442276
0,task_1,79,25,0.07822050154209137,0.14387664198875427
0,task_1,79,26,0.09160250425338745,0.2639006972312927
0,task_1,79,27,0.11260691285133362,0.5242565870285034
0,task_1,79,28,0.1239117756485939,0.6753776669502258
0,task_1,79,29,0.6900203227996826,5.095125675201416
0,task_1,80,0,0.0,0.793725848197937
0,task_1,80,1,0.0,0.793725848197937
0,task_1,80,2,0.0,0.793725848197937
0,task_1,80,3,0.0,0.793725848197937
0,task_1,80,4,0.0,0.793725848197937
0,task_1,80,5,0.018824979662895203,0.7005620002746582
0,task_1,80,6,0.0707392618060112,0.6176478266716003
0,task_1,80,7,0.10376293957233429,0.6608879566192627
0,task_1,80,8,0.12937799096107483,0.5624223351478577
0,task_1,80,9,0.15991854667663574,0.4708651006221771
0,task_1,80,10,0.19465389847755432,0.37875279784202576
0,task_1,80,11,0.21586526930332184,0.4129509925842285
0,task_1,80,12,0.2423917055130005,0.49327579140663147
0,task_1,80,13,0.262807697057724,0.49538904428482056
0,task_1,80,14,0.2988981604576111,0.21496360003948212
0,task_1,80,15,0.32430052757263184,0.10685189068317413
0,task_1,80,16,0.3423471450805664,0.06535915285348892
0,task_1,80,17,0.3586352467536926,-0.015618993900716305
0,task_1,80,18,0.3777528703212738,-0.025351550430059433
0,task_1,80,19,0.3986498713493347,-0.12473350763320923
0,task_1,80,20,0.4175513982772827,-0.26415058970451355
0,task_1,80,21,0.43131524324417114,-0.32035183906555176
0,task_1,80,22,0.4435080885887146,-0.38451695442199707
0,task_1,80,23,0.45381587743759155,-0.41356605291366577
0,task_1,80,24,0.46316707134246826,-0.5035637021064758
0,task_1,80,25,0.4703060984611511,-0.5674794316291809
0,task_1,80,26,0.4793991446495056,-0.5766085982322693
0,task_1,80,27,0.4894048571586609,-0.6829465627670288
0,task_1,80,28,0.4990171194076538,-0.7150228023529053
0,task_1,80,29,1.182839035987854,-4.554646968841553
0,task_1,81,0,0.0,0.21023143827915192
0,task_1,81,1,0.0,0.21023143827915192
0,task_1,81,2,0.0,0.21023143827915192
0,task_1,81,3,0.0,0.21023143827915192
0,task_1,81,4,0.0,0.21023143827915192
0,task_1,81,5,0.0,0.21023143827915192
0,task_1,81,6,0.0,0.21023143827915192
0,task_1,81,7,0.0,0.21023143827915192
0,task_1,81,8,0.0,0.21023143827915192
0,task_1,81,9,0.0,0.21023143827915192
0,task_1,81,10,0.0,0.21023143827915192
0,task_1,81,11,0.0,0.21023143827915192
0,task_1,81,12,0.0,0.21023143827915192
0,task_1,81,13,0.0,0.21023143827915192
0,task_1,81,14,0.0,0.21023143827915192
0,task_1,81,15,0.0,0.21023143827915192
0,task_1,81,16,0.0,0.21023143827915192
0,task_1,81,17,0.0,0.21023143827915192
0,task_1,81,18,0.0,0.21023143827915192
0,task_1,81,19,0.0,0.21023143827915192
0,task_1,81,20,0.0,0.21023143827915192
0,task_1,81,21,0.0,0.21023143827915192
0,task_1,81,22,0.0,0.21023143827915192
0,task_1,81,23,0.0,0.21023143827915192
0,task_1,81,24,0.012674838304519653,0.21023143827915192
0,task_1,81,25,0.0621381551027298,0.21023143827915192
0,task_1,81,26,0.10469468683004379,0.003117075189948082
0,task_1,81,27,0.14016807079315186,-0.026640331372618675
0,task_1,81,28,0.17633521556854248,-0.1678396612405777
0,task_1,81,29,1.24241304397583,-5.274654865264893
0,task_1,82,0,0.0,-0.5633673667907715
0,task_1,82,1,0.0,-0.5633673667907715
0,task_1,82,2,0.0,-0.5633673667907715
0,task_1,82,3,0.0,-0.5633673667907715
0,task_1,82,4,0.0,-0.5633673667907715
0,task_1,82,5,0.0,-0.5633673667907715
0,task_1,82,6,0.0,-0.5633673667907715
0,task_1,82,7,0.0,-0.5633673667907715
0,task_1,82,8,0.0,-0.5633673667907715
0,task_1,82,9,0.0,-0.5633673667907715
0,task_1,82,10,0.0,-0.5633673667907715
0,task_1,82,11,0.0,-0.5633673667907715
0,task_1,82,12,0.0,-0.5633673667907715
0,task_1,82,13,0.0,-0.5633673667907715
0,task_1,82,14,0.0,-0.5633673667907715
0,task_1,82,15,0.0,-0.5633673667907715
0,task_1,82,16,0.0,-0.5633673667907715
0,task_1,82,17,0.0,-0.5633673667907715
0,task_1,82,18,0.0018329694867134094,-0.5518442988395691
0,task_1,82,19,0.026330526918172836,-0.40240761637687683
0,task_1,82,20,0.05275740101933479,-0.23102201521396637
0,task_1,82,21,0.07350453734397888,-0.10962916165590286
0,task_1,82,22,0.11692549288272858,0.10287534445524216
0,task_1,82,23,0.1944880187511444,0.49785545468330383
0,task_1,82,24,0.25949737429618835,0.8283329010009766
0,task_1,82,25,0.33092570304870605,1.1796481609344482
0,task_1,82,26,0.41633495688438416,1.5961333513259888
0,task_1,82,27,0.48749738931655884,1.9672023057937622
0,task_1,82,28,0.5655196309089661,2.3582866191864014
0,task_1,82,29,0.6787237524986267,2.905179023742676
0,task_1,83,0,0.0,0.0035527136642485857
0,task_1,83,1,0.0,0.0035527136642485857
0,task_1,83,2,0.0,0.0035527136642485857
0,task_1,83,3,0.0,0.0035527136642485857
0,task_1,83,4,0.0,0.0035527136642485857
0,task_1,83,5,0.0,0.0035527136642485857
0,task_1,83,6,0.0,0.0035527136642485857
0,task_1,83,7,0.0,0.0035527136642485857
0,task_1,83,8,0.0,0.0035527136642485857
0,task_1,83,9,0.0,0.0035527136642485857
0,task_1,83,10,0.0,0.0035527136642485857
0,task_1,83,11,0.0,0.0035527136642485857
0,task_1,83,12,0.0,0.0035527136642485857
0,task_1,83,13,0.0,0.0035527136642485857
0,task_1,83,14,0.0,0.0035527136642485857
0,task_1,83,15,0.0,0.0035527136642485857
0,task_1,83,16,0.0,0.0035527136642485857
0,task_1,83,17,0.0,0.0035527136642485857
0,task_1,83,18,0.0,0.0035527136642485857
0,task_1,83,19,0.0,0.0035527136642485857
0,task_1,83,20,0.009944431483745575,0.0035527136642485857
0,task_1,83,21,0.017565034329891205,0.0035527136642485857
0,task_1,83,22,0.02773509919643402,0.0035527136642485857
0,task_1,83,23,0.03621671348810196,0.0035527136642485857
0,task_1,83,24,0.04248231649398804,0.0035527136642485857
0,task_1,83,25,0.04907283931970596,0.0035527136642485857
0,task_1,83,26,0.05554201453924179,0.0035527136642485857
0,task_1,83,27,0.06307599693536758,0.0035527136642485857
0,task_1,83,28,0.07048731297254562,0.0035527136642485857
0,task_1,83,29,0.09229154139757156,0.0035527136642485857
0,task_1,84,0,2.200361490249634,-116.41532135009766
0,task_1,84,1,2.200361490249634,-116.41532135009766
0,task_1,84,2,2.200361490249634,-116.41532135009766
0,task_1,84,3,2.200361490249634,-116.41532135009766
0,task_1,84,4,2.200361490249634,-116.41532135009766
0,task_1,84,5,2.200361490249634,-116.41532135009766
0,task_1,84,6,2.200361490249634,-116.41532135009766
0,task_1,84,7,2.200361490249634,-116.41532135009766
0,task_1,84,8,2.200361490249634,-116.41532135009766
0,task_1,84,9,2.200361490249634,-116.41532135009766
0,task_1,84,10,2.200361490249634,-116.41532135009766
0,task_1,84,11,2.200361490249634,-116.41532135009766
0,task_1,84,12,2.200361490249634,-116.41532135009766
0,task_1,84,13,2.200361490249634,-116.41532135009766
0,task_1,84,14,2.200361490249634,-116.41532135009766
0,task_1,84,15,2.200361490249634,-116.41532135009766
0,task_1,84,16,2.200361490249634,-116.41532135009766
0,task_1,84,17,2.200361490249634,-116.41532135009766
0,task_1,84,18,2.200361490249634,-116.41532135009766
0,task_1,84,19,2.200361490249634,-116.41532135009766
0,task_1,84,20,2.200361490249634,-116.41532135009766
0,task_1,84,21,2.200361490249634,-116.41532135009766
0,task_1,84,22,2.200361490249634,-116.41532135009766
0,task_1,84,23,2.200361490249634,-116.41532135009766
0,task_1,84,24,2.200361490249634,-116.41532135009766
0,task_1,84,25,2.200361490249634,-116.41532135009766
0,task_1,84,26,2.200361490249634,-116.41532135009766
0,task_1,84,27,2.200361490249634,-116.41532135009766
0,task_1,84,28,2.200361490249634,-116.41532135009766
0,task_1,84,29,2.200361490249634,-116.41532135009766
0,task_1,85,0,0.0,0.0
0,task_1,85,1,0.0023363083600997925,0.0
0,task_1,85,2,0.007312163710594177,0.0
0,task_1,85,3,0.01503470353782177,0.0
0,task_1,85,4,0.01503470353782177,0.0
0,task_1,85,5,0.01503470353782177,0.0
0,task_1,85,6,0.01503470353782177,0.0
0,task_1,85,7,0.01503470353782177,0.0
0,task_1,85,8,0.01503470353782177,0.0
0,task_1,85,9,0.01503470353782177,0.0
0,task_1,85,10,0.01503470353782177,0.0
0,task_1,85,11,0.01503470353782177,0.0
0,task_1,85,12,0.01503470353782177,0.0
0,task_1,85,13,0.01503470353782177,0.0
0,task_1,85,14,0.01503470353782177,0.0
0,task_1,85,15,0.01503470353782177,0.0
0,task_1,85,16,0.01503470353782177,0.0
0,task_1,85,17,0.01503470353782177,0.0
0,task_1,85,18,0.01503470353782177,0.0
0,task_1,85,19,0.01503470353782177,0.0
0,task_1,85,20,0.01503470353782177,0.0
0,task_1,85,21,0.01503470353782177,0.0
0,task_1,85,22,0.01503470353782177,0.0
0,task_1,85,23,0.01503470353782177,0.0
0,task_1,85,24,0.01503470353782177,0.0
0,task_1,85,25,0.01503470353782177,0.0
0,task_1,85,26,0.01503470353782177,0.0
0,task_1,85,27,0.01503470353782177,0.0
0,task_1,85,28,0.01503470353782177,0.0
0,task_1,85,29,0.01503470353782177,0.0
0,task_1,86,0,0.0,0.6560485363006592
0,task_1,86,1,0.0,0.6560485363006592
0,task_1,86,2,0.0,0.6560485363006592
0,task_1,86,3,0.0,0.6560485363006592
0,task_1,86,4,0.0,0.6560485363006592
0,task_1,86,5,0.0,0.6560485363006592
0,task_1,86,6,0.0,0.6560485363006592
0,task_1,86,7,0.0,0.6560485363006592
0,task_1,86,8,0.0,0.6560485363006592
0,task_1,86,9,0.0,0.6560485363006592
0,task_1,86,10,0.0,0.6560485363006592
0,task_1,86,11,0.0,0.6560485363006592
0,task_1,86,12,0.0,0.6560485363006592
0,task_1,86,13,0.0,0.6560485363006592
0,task_1,86,14,0.0,0.6560485363006592
0,task_1,86,15,0.0,0.6560485363006592
0,task_1,86,16,0.0,0.6560485363006592
0,task_1,86,17,0.0,0.6560485363006592
0,task_1,86,18,0.02322385460138321,0.5022322535514832
0,task_1,86,19,0.07310184836387634,0.24126943945884705
0,task_1,86,20,0.1269228756427765,-0.0908227413892746
0,task_1,86,21,0.17207121849060059,-0.37808212637901306
0,task_1,86,22,0.22109124064445496,-0.7235602140426636
0,task_1,86,23,0.25620514154434204,-0.9157684445381165
0,task_1,86,24,0.301618754863739,-1.1747037172317505
0,task_1,86,25,0.33255505561828613,-1.3769876956939697
0,task_1,86,26,0.3628675639629364,-1.6016393899917603
0,task_1,86,27,0.3930358290672302,-1.7861789464950562
0,task_1,86,28,0.4132004976272583,-1.8977580070495605
0,task_1,86,29,0.519074559211731,-2.60687518119812
0,task_1,87,0,0.23563191294670105,0.510753333568573
0,task_1,87,1,0.27208220958709717,0.7332067489624023
0,task_1,87,2,0.3064916729927063,0.8821800351142883
0,task_1,87,3,0.3473418653011322,0.950864851474762
0,task_1,87,4,0.3854164481163025,0.9160211682319641
0,task_1,87,5,0.42603743076324463,0.9009429812431335
0,task_1,87,6,0.46139588952064514,0.8071170449256897
0,task_1,87,7,0.48764869570732117,0.7188683748245239
0,task_1,87,8,0.5064477324485779,0.6459212303161621
0,task_1,87,9,0.5287222862243652,0.5874273180961609
0,task_1,87,10,0.5475941896438599,0.5117552876472473
0,task_1,87,11,0.567699670791626,0.43462073802948
0,task_1,87,12,0.5890198349952698,0.3469773530960083
0,task_1,87,13,0.6076689958572388,0.2796320915222168
0,task_1,87,14,0.6265182495117188,0.19708260893821716
0,task_1,87,15,0.6483749747276306,0.09569840878248215
0,task_1,87,16,0.6612690687179565,0.03909382224082947
0,task_1,87,17,0.675326943397522,-0.04369219392538071
0,task_1,87,18,0.6922965049743652,-0.13794870674610138
0,task_1,87,19,0.7038443088531494,-0.1889916956424713
0,task_1,87,20,0.7167730331420898,-0.280482679605484
0,task_1,87,21,0.7264392375946045,-0.36027446389198303
0,task_1,87,22,0.7354987859725952,-0.4252370595932007
0,task_1,87,23,0.7452023029327393,-0.48952725529670715
0,task_1,87,24,0.7517911195755005,-0.5529319047927856
0,task_1,87,25,0.7584095001220703,-0.5896446108818054
0,task_1,87,26,0.7650922536849976,-0.6402398347854614
0,task_1,87,27,0.7701476812362671,-0.696081817150116
0,task_1,87,28,0.7778373956680298,-0.7424069046974182
0,task_1,87,29,1.1518841981887817,-4.410708904266357
0,task_1,88,0,1.1022294759750366,0.0
0,task_1,88,1,1.1022294759750366,0.0
0,task_1,88,2,1.1022294759750366,0.0
0,task_1,88,3,1.1022294759750366,0.0
0,task_1,88,4,1.1022294759750366,0.0
0,task_1,88,5,1.1022294759750366,0.0
0,task_1,88,6,1.1022294759750366,0.0
0,task_1,88,7,1.1022294759750366,0.0
0,task_1,88,8,1.1022294759750366,0.0
0,task_1,88,9,1.1022294759750366,0.0
0,task_1,88,10,1.1022294759750366,0.0
0,task_1,88,11,1.1022294759750366,0.0
0,task_1,88,12,1.1022294759750366,0.0
0,task_1,88,13,1.1022294759750366,0.0
0,task_1,88,14,1.1022294759750366,0.0
0,task_1,88,15,1.1022294759750366,0.0
0,task_1,88,16,1.1022294759750366,0.0
0,task_1,88,17,1.1022294759750366,0.0
0,task_1,88,18,1.1022294759750366,0.0
0,task_1,88,19,1.1022294759750366,0.0
0,task_1,88,20,1.1022294759750366,0.0
0,task_1,88,21,1.1022294759750366,0.0
0,task_1,88,22,1.1022294759750366,0.0
0,task_1,88,23,1.1022294759750366,0.0
0,task_1,88,24,1.1022294759750366,0.0
0,task_1,88,25,1.1022294759750366,0.0
0,task_1,88,26,1.1022294759750366,0.0
0,task_1,88,27,1.1022294759750366,0.0
0,task_1,88,28,1.1022294759750366,0.0
0,task_1,88,29,1.1022294759750366,0.0
0,task_1,89,0,0.01520378328859806,2.314540386199951
0,task_1,89,1,0.021352875977754593,2.05692458152771
0,task_1,89,2,0.025805991142988205,1.8397780656814575
0,task_1,89,3,0.0314987413585186,1.6527047157287598
0,task_1,89,4,0.035216353833675385,1.5655306577682495
0,task_1,89,5,0.03908694162964821,0.9276151061058044
0,task_1,89,6,0.04450436681509018,0.7049740552902222
0,task_1,89,7,0.04917343705892563,0.6047108173370361
0,task_1,89,8,0.0526503324508667,0.5794128775596619
0,task_1,89,9,0.05858577415347099,0.21656647324562073
0,task_1,89,10,0.06419827044010162,0.02220270037651062
0,task_1,89,11,0.07076883316040039,-0.08192156255245209
0,task_1,89,12,0.07694236934185028,-0.28044089674949646
0,task_1,89,13,0.08385978639125824,-0.6225550174713135
0,task_1,89,14,0.0935947597026825,-0.7187526822090149
0,task_1,89,15,0.10535821318626404,-0.7187526822090149
0,task_1,89,16,0.12246033549308777,-0.7187526822090149
0,task_1,89,17,0.13633936643600464,-0.7187526822090149
0,task_1,89,18,0.15188243985176086,-0.7187526822090149
0,task_1,89,19,0.16742509603500366,-0.7187526822090149
0,task_1,89,20,0.18528470396995544,-0.7187526822090149
0,task_1,89,21,0.2033831775188446,-0.7187526822090149
0,task_1,89,22,0.2171519696712494,-0.7187526822090149
0,task_1,89,23,0.22926247119903564,-0.7187526822090149
0,task_1,89,24,0.24315080046653748,-0.7187526822090149
0,task_1,89,25,0.252534419298172,-0.7187526822090149
0,task_1,89,26,0.2606183886528015,-0.7187526822090149
0,task_1,89,27,0.2675522267818451,-0.7187526822090149
0,task_1,89,28,0.27398988604545593,-0.7187526822090149
0,task_1,89,29,0.2972296178340912,-0.7187526822090149
0,task_1,90,0,0.0,0.17176105082035065
0,task_1,90,1,0.0,0.17176105082035065
0,task_1,90,2,0.0,0.17176105082035065
0,task_1,90,3,0.0,0.17176105082035065
0,task_1,90,4,0.0,0.17176105082035065
0,task_1,90,5,0.0,0.17176105082035065
0,task_1,90,6,0.0,0.17176105082035065
0,task_1,90,7,0.0,0.17176105082035065
0,task_1,90,8,0.0,0.17176105082035065
0,task_1,90,9,0.0,0.17176105082035065
0,task_1,90,10,0.0,0.17176105082035065
0,task_1,90,11,0.0,0.17176105082035065
0,task_1,90,12,0.0,0.17176105082035065
0,task_1,90,13,0.0,0.17176105082035065
0,task_1,90,14,0.0,0.17176105082035065
0,task_1,90,15,0.0,0.17176105082035065
0,task_1,90,16,0.0,0.17176105082035065
0,task_1,90,17,0.0,0.17176105082035065
0,task_1,90,18,0.0,0.17176105082035065
0,task_1,90,19,0.0,0.17176105082035065
0,task_1,90,20,0.0,0.17176105082035065
0,task_1,90,21,0.0,0.17176105082035065
0,task_1,90,22,0.0,0.17176105082035065
0,task_1,90,23,0.0,0.17176105082035065
0,task_1,90,24,0.0,0.17176105082035065
0,task_1,90,25,0.0,0.17176105082035065
0,task_1,90,26,0.0,0.17176105082035065
0,task_1,90,27,0.0,0.17176105082035065
0,task_1,90,28,0.03024795651435852,0.477117121219635
0,task_1,90,29,0.26080095767974854,-5.286426544189453
0,task_1,91,0,0.0,-0.9251400828361511
0,task_1,91,1,0.0,-0.9251400828361511
0,task_1,91,2,0.0,-0.9251400828361511
0,task_1,91,3,0.0,-0.9251400828361511
0,task_1,91,4,0.0,-0.9251400828361511
0,task_1,91,5,0.0,-0.9251400828361511
0,task_1,91,6,0.04163457453250885,-0.6187787652015686
0,task_1,91,7,0.10199907422065735,-0.18330666422843933
0,task_1,91,8,0.15862298011779785,0.1399887651205063
0,task_1,91,9,0.22158780694007874,0.5506883263587952
0,task_1,91,10,0.2841879427433014,1.0980279445648193
0,task_1,91,11,0.3421865403652191,1.3567389249801636
0,task_1,91,12,0.3891674280166626,1.5688093900680542
0,task_1,91,13,0.44292351603507996,1.8312122821807861
0,task_1,91,14,0.4981919229030609,1.6985539197921753
0,task_1,91,15,0.5449060201644897,1.470280647277832
0,task_1,91,16,0.5832478404045105,1.2059521675109863
0,task_1,91,17,0.6253702044487,0.8954164385795593
0,task_1,91,18,0.6557923555374146,0.5395815968513489
0,task_1,91,19,0.6872673630714417,0.14899656176567078
0,task_1,91,20,0.70942223072052,-0.11397286504507065
0,task_1,91,21,0.7204239368438721,-0.2328995168209076
0,task_1,91,22,0.729314386844635,-0.3279164135456085
0,task_1,91,23,0.7368607521057129,-0.4087555408477783
0,task_1,91,24,0.7426913976669312,-0.45931145548820496
0,task_1,91,25,0.7492673993110657,-0.5236542224884033
0,task_1,91,26,0.7554055452346802,-0.5821923017501831
0,task_1,91,27,0.7613233923912048,-0.6371145248413086
0,task_1,91,28,0.771638035774231,-0.7360643148422241
0,task_1,91,29,0.9258999824523926,-2.129441261291504
0,task_1,92,0,0.49991315603256226,1.3072011470794678
0,task_1,92,1,0.5101360082626343,1.1510981321334839
0,task_1,92,2,0.5175439119338989,1.0442065000534058
0,task_1,92,3,0.5235853791236877,0.9618406891822815
0,task_1,92,4,0.5278892517089844,0.8927500247955322
0,task_1,92,5,0.5323622822761536,0.8390795588493347
0,task_1,92,6,0.5363656878471375,0.7852311134338379
0,task_1,92,7,0.5424718856811523,0.6824957132339478
0,task_1,92,8,0.5473527908325195,0.6404414176940918
0,task_1,92,9,0.554236650466919,0.5685941576957703
0,task_1,92,10,0.5591649413108826,0.4961692988872528
0,task_1,92,11,0.5641191601753235,0.4213447868824005
0,task_1,92,12,0.5698282718658447,0.32855749130249023
0,task_1,92,13,0.5775597095489502,0.2229650467634201
0,task_1,92,14,0.5853588581085205,0.10902353376150131
0,task_1,92,15,0.5925745368003845,-0.017850477248430252
0,task_1,92,16,0.5978941917419434,-0.10031938552856445
0,task_1,92,17,0.603229820728302,-0.16626766324043274
0,task_1,92,18,0.608635663986206,-0.22721953690052032
0,task_1,92,19,0.6131300926208496,-0.29046767950057983
0,task_1,92,20,0.6172742247581482,-0.344523161649704
0,task_1,92,21,0.6204701662063599,-0.40689682960510254
0,task_1,92,22,0.6240081191062927,-0.46883854269981384
0,task_1,92,23,0.6270266771316528,-0.50898277759552
0,task_1,92,24,0.6336057782173157,-0.5909171104431152
0,task_1,92,25,0.6392397284507751,-0.6716241836547852
0,task_1,92,26,0.6450639963150024,-0.7481253743171692
0,task_1,92,27,0.65120530128479,-0.8581539392471313
0,task_1,92,28,0.6651955842971802,-1.0673786401748657
0,task_1,92,29,1.01614511013031,-3.9834253787994385
0,task_1,93,0,9.999999747378752e-05,0.0
0,task_1,93,1,9.999999747378752e-05,0.0
0,task_1,93,2,9.999999747378752e-05,0.0
0,task_1,93,3,9.999999747378752e-05,0.0
0,task_1,93,4,9.999999747378752e-05,0.0
0,task_1,93,5,9.999999747378752e-05,0.0
0,task_1,93,6,9.999999747378752e-05,0.0
0,task_1,93,7,9.999999747378752e-05,0.0
0,task_1,93,8,9.999999747378752e-05,0.0
0,task_1,93,9,9.999999747378752e-05,0.0
0,task_1,93,10,9.999999747378752e-05,0.0
0,task_1,93,11,9.999999747378752e-05,0.0
0,task_1,93,12,9.999999747378752e-05,0.0
0,task_1,93,13,9.999999747378752e-05,0.0
0,task_1,93,14,9.999999747378752e-05,0.0
0,task_1,93,15,9.999999747378752e-05,0.0
0,task_1,93,16,9.999999747378752e-05,0.0
0,task_1,93,17,9.999999747378752e-05,0.0
0,task_1,93,18,9.999999747378752e-05,0.0
0,task_1,93,19,9.999999747378752e-05,0.0
0,task_1,93,20,9.999999747378752e-05,0.0
0,task_1,93,21,9.999999747378752e-05,0.0
0,task_1,93,22,9.999999747378752e-05,0.0
0,task_1,93,23,9.999999747378752e-05,0.0
0,task_1,93,24,9.999999747378752e-05,0.0
0,task_1,93,25,9.999999747378752e-05,0.0
0,task_1,93,26,9.999999747378752e-05,0.0
0,task_1,93,27,9.999999747378752e-05,0.0
0,task_1,93,28,9.999999747378752e-05,0.0
0,task_1,93,29,9.999999747378752e-05,0.0
0,task_1,94,0,0.0,0.350070059299469
0,task_1,94,1,0.0,0.350070059299469
0,task_1,94,2,0.0,0.350070059299469
0,task_1,94,3,0.0,0.350070059299469
0,task_1,94,4,0.0,0.350070059299469
0,task_1,94,5,0.07683301717042923,0.4162066876888275
0,task_1,94,6,0.12408193945884705,0.43757548928260803
0,task_1,94,7,0.15470749139785767,0.45433664321899414
0,task_1,94,8,0.19048991799354553,0.45174840092658997
0,task_1,94,9,0.22649900615215302,0.46339094638824463
0,task_1,94,10,0.2617656886577606,0.4507140815258026
0,task_1,94,11,0.2910905182361603,0.4132777154445648
0,task_1,94,12,0.3205249309539795,0.38244274258613586
0,task_1,94,13,0.35757356882095337,0.3393360376358032
0,task_1,94,14,0.3800395429134369,0.29204559326171875
0,task_1,94,15,0.40686628222465515,0.24352045357227325
0,task_1,94,16,0.434718519449234,0.18490901589393616
0,task_1,94,17,0.4619962275028229,0.1244165226817131
0,task_1,94,18,0.4815904498100281,0.07872938364744186
0,task_1,94,19,0.4987564980983734,0.038259461522102356
0,task_1,94,20,0.5238243937492371,-0.026926426216959953
0,task_1,94,21,0.5384573340415955,-0.06026722490787506
0,task_1,94,22,0.5514330863952637,-0.09910505264997482
0,task_1,94,23,0.5678958296775818,-0.14000575244426727
0,task_1,94,24,0.5788549780845642,-0.17675982415676117
0,task_1,94,25,0.5868359208106995,-0.19428116083145142
0,task_1,94,26,0.5926427245140076,-0.20924849808216095
0,task_1,94,27,0.6000998020172119,-0.23192477226257324
0,task_1,94,28,0.6065754294395447,-0.2549026608467102
0,task_1,94,29,2.0022871494293213,-5.127838134765625
0,task_1,95,0,0.0,-0.007105427328497171
0,task_1,95,1,0.0,-0.007105427328497171
0,task_1,95,2,0.0,-0.007105427328497171
0,task_1,95,3,0.0,-0.007105427328497171
0,task_1,95,4,0.0,-0.007105427328497171
0,task_1,95,5,0.0,-0.007105427328497171
0,task_1,95,6,0.0,-0.007105427328497171
0,task_1,95,7,0.0,-0.007105427328497171
0,task_1,95,8,0.0,-0.007105427328497171
0,task_1,95,9,0.0,-0.007105427328497171
0,task_1,95,10,0.0,-0.007105427328497171
0,task_1,95,11,0.0,-0.007105427328497171
0,task_1,95,12,0.0,-0.007105427328497171
0,task_1,95,13,0.0,-0.007105427328497171
0,task_1,95,14,0.0,-0.007105427328497171
0,task_1,95,15,0.0,-0.007105427328497171
0,task_1,95,16,0.0,-0.007105427328497171
0,task_1,95,17,0.0,-0.007105427328497171
0,task_1,95,18,0.0,-0.007105427328497171
0,task_1,95,19,0.0,-0.007105427328497171
0,task_1,95,20,0.0,-0.007105427328497171
0,task_1,95,21,0.0,-0.007105427328497171
0,task_1,95,22,0.0,-0.007105427328497171
0,task_1,95,23,0.0,-0.007105427328497171
0,task_1,95,24,0.0,-0.007105427328497171
0,task_1,95,25,0.0,-0.007105427328497171
0,task_1,95,26,0.0,-0.007105427328497171
0,task_1,95,27,0.0,-0.007105427328497171
0,task_1,95,28,0.016320250928401947,-0.007105427328497171
0,task_1,95,29,0.04889147728681564,-0.007105427328497171
0,task_1,96,0,0.0,-0.27279531955718994
0,task_1,96,1,0.0,-0.27279531955718994
0,task_1,96,2,0.0,-0.27279531955718994
0,task_1,96,3,0.0,-0.27279531955718994
0,task_1,96,4,0.0,-0.27279531955718994
0,task_1,96,5,0.0,-0.27279531955718994
0,task_1,96,6,0.0,-0.27279531955718994
0,task_1,96,7,0.0,-0.27279531955718994
0,task_1,96,8,0.0,-0.27279531955718994
0,task_1,96,9,0.0,-0.27279531955718994
0,task_1,96,10,0.0,-0.27279531955718994
0,task_1,96,11,0.0,-0.27279531955718994
0,task_1,96,12,0.0,-0.27279531955718994
0,task_1,96,13,0.0,-0.27279531955718994
0,task_1,96,14,0.0,-0.27279531955718994
0,task_1,96,15,0.0,-0.27279531955718994
0,task_1,96,16,0.0,-0.27279531955718994
0,task_1,96,17,0.0,-0.27279531955718994
0,task_1,96,18,0.0,-0.27279531955718994
0,task_1,96,19,0.0,-0.27279531955718994
0,task_1,96,20,0.0,-0.27279531955718994
0,task_1,96,21,0.0,-0.27279531955718994
0,task_1,96,22,0.0,-0.27279531955718994
0,task_1,96,23,0.0118027925491333,-0.27279531955718994
0,task_1,96,24,0.07440508902072906,-0.27279531955718994
0,task_1,96,25,0.1325790137052536,-0.27279531955718994
0,task_1,96,26,0.20807281136512756,0.27106955647468567
0,task_1,96,27,0.27634483575820923,0.7059206366539001
0,task_1,96,28,0.33164680004119873,1.0839482545852661
0,task_1,96,29,2.4683072566986084,5.031739711761475
0,task_1,97,0,0.0,1.3100794553756714
0,task_1,97,1,0.0,1.3100794553756714
0,task_1,97,2,0.014965333044528961,1.3446687459945679
0,task_1,97,3,0.0685010552406311,1.300707459449768
0,task_1,97,4,0.1079246997833252,1.228598952293396
0,task_1,97,5,0.15794840455055237,0.9292932152748108
0,task_1,97,6,0.20775507390499115,0.14940346777439117
0,task_1,97,7,0.2645277678966522,-0.8168463706970215
0,task_1,97,8,0.320623517036438,-1.5582469701766968
0,task_1,97,9,0.36212342977523804,-1.506363034248352
0,task_1,97,10,0.41285037994384766,-1.42437744140625
0,task_1,97,11,0.46810972690582275,-1.2980704307556152
0,task_1,97,12,0.5251818895339966,-1.0946595668792725
0,task_1,97,13,0.5748841166496277,-0.9189053773880005
0,task_1,97,14,0.6236307621002197,-0.7729451060295105
0,task_1,97,15,0.668371319770813,-0.5808161497116089
0,task_1,97,16,0.7194031476974487,-0.31352072954177856
0,task_1,97,17,0.7632021307945251,-0.12699635326862335
0,task_1,97,18,0.8080368638038635,0.03490244969725609
0,task_1,97,19,0.8464800119400024,0.1586165875196457
0,task_1,97,20,0.8942755460739136,0.30006325244903564
0,task_1,97,21,0.9288173317909241,0.42330533266067505
0,task_1,97,22,0.9666104912757874,0.5209656953811646
0,task_1,97,23,0.995759129524231,0.5926454067230225
0,task_1,97,24,1.027466058731079,0.6065235733985901
0,task_1,97,25,1.0561038255691528,0.609762966632843
0,task_1,97,26,1.0856242179870605,0.6107410192489624
0,task_1,97,27,1.1052616834640503,0.6013708710670471
0,task_1,97,28,1.1286283731460571,0.5678914189338684
0,task_1,97,29,1.8707135915756226,-2.187866449356079
0,task_1,98,0,0.13920648396015167,2.4955835342407227
0,task_1,98,1,0.21790452301502228,2.2650015354156494
0,task_1,98,2,0.28789401054382324,2.0116782188415527
0,task_1,98,3,0.3650937080383301,1.757082462310791
0,task_1,98,4,0.4322223663330078,1.4817200899124146
0,task_1,98,5,0.4986848831176758,1.2168669700622559
0,task_1,98,6,0.5610825419425964,0.623932421207428
0,task_1,98,7,0.6086210608482361,-0.01181785762310028
0,task_1,98,8,0.628230631351471,-0.2799968719482422
0,task_1,98,9,0.6477841734886169,-0.5504783391952515
0,task_1,98,10,0.6745862364768982,-0.5504783391952515
0,task_1,98,11,0.6917170882225037,-0.5504783391952515
0,task_1,98,12,0.7107860445976257,-0.5504783391952515
0,task_1,98,13,0.7359224557876587,-0.5504783391952515
0,task_1,98,14,0.7516771554946899,-0.5504783391952515
0,task_1,98,15,0.7682812213897705,-0.5504783391952515
0,task_1,98,16,0.7826986312866211,-0.5504783391952515
0,task_1,98,17,0.8031458258628845,-0.5504783391952515
0,task_1,98,18,0.819307267665863,-0.5504783391952515
0,task_1,98,19,0.8330408930778503,-0.5504783391952515
0,task_1,98,20,0.8445427417755127,-0.5504783391952515
0,task_1,98,21,0.8577381372451782,-0.5504783391952515
0,task_1,98,22,0.8673368692398071,-0.5504783391952515
0,task_1,98,23,0.8772308230400085,-0.5504783391952515
0,task_1,98,24,0.8834237456321716,-0.5504783391952515
0,task_1,98,25,0.888559877872467,-0.5504783391952515
0,task_1,98,26,0.8923361301422119,-0.5504783391952515
0,task_1,98,27,0.8966876864433289,-0.5504783391952515
0,task_1,98,28,0.902901291847229,-0.5504783391952515
0,task_1,98,29,0.9155095815658569,-0.5504783391952515
0,task_1,99,0,0.0,0.0
0,task_1,99,1,0.004932422190904617,0.0
0,task_1,99,2,0.005586891435086727,0.0
0,task_1,99,3,0.005586891435086727,0.0
0,task_1,99,4,0.005586891435086727,0.0
0,task_1,99,5,0.005586891435086727,0.0
0,task_1,99,6,0.005586891435086727,0.0
0,task_1,99,7,0.005586891435086727,0.0
0,task_1,99,8,0.005586891435086727,0.0
0,task_1,99,9,0.005586891435086727,0.0
0,task_1,99,10,0.005586891435086727,0.0
0,task_1,99,11,0.005586891435086727,0.0
0,task_1,99,12,0.005586891435086727,0.0
0,task_1,99,13,0.005586891435086727,0.0
0,task_1,99,14,0.005586891435086727,0.0
0,task_1,99,15,0.005586891435086727,0.0
0,task_1,99,16,0.005586891435086727,0.0
0,task_1,99,17,0.005586891435086727,0.0
0,task_1,99,18,0.005586891435086727,0.0
0,task_1,99,19,0.005586891435086727,0.0
0,task_1,99,20,0.005586891435086727,0.0
0,task_1,99,21,0.005586891435086727,0.0
0,task_1,99,22,0.005586891435086727,0.0
0,task_1,99,23,0.005586891435086727,0.0
0,task_1,99,24,0.005586891435086727,0.0
0,task_1,99,25,0.005586891435086727,0.0
0,task_1,99,26,0.005586891435086727,0.0
0,task_1,99,27,0.005586891435086727,0.0
0,task_1,99,28,0.005586891435086727,0.0
0,task_1,99,29,0.005586891435086727,0.0
0,task_1,100,0,9.999999747378752e-05,0.0008881784160621464
0,task_1,100,1,9.999999747378752e-05,0.0008881784160621464
0,task_1,100,2,9.999999747378752e-05,0.0008881784160621464
0,task_1,100,3,9.999999747378752e-05,0.0008881784160621464
0,task_1,100,4,9.999999747378752e-05,0.0008881784160621464
0,task_1,100,5,9.999999747378752e-05,0.0008881784160621464
0,task_1,100,6,9.999999747378752e-05,0.0008881784160621464
0,task_1,100,7,9.999999747378752e-05,0.0008881784160621464
0,task_1,100,8,9.999999747378752e-05,0.0008881784160621464
0,task_1,100,9,9.999999747378752e-05,0.0008881784160621464
0,task_1,100,10,9.999999747378752e-05,0.0008881784160621464
0,task_1,100,11,9.999999747378752e-05,0.0008881784160621464
0,task_1,100,12,9.999999747378752e-05,0.0008881784160621464
0,task_1,100,13,9.999999747378752e-05,0.0008881784160621464
0,task_1,100,14,9.999999747378752e-05,0.0008881784160621464
0,task_1,100,15,9.999999747378752e-05,0.0008881784160621464
0,task_1,100,16,9.999999747378752e-05,0.0008881784160621464
0,task_1,100,17,9.999999747378752e-05,0.0008881784160621464
0,task_1,100,18,9.999999747378752e-05,0.0008881784160621464
0,task_1,100,19,9.999999747378752e-05,0.0008881784160621464
0,task_1,100,20,9.999999747378752e-05,0.0008881784160621464
0,task_1,100,21,9.999999747378752e-05,0.0008881784160621464
0,task_1,100,22,9.999999747378752e-05,0.0008881784160621464
0,task_1,100,23,9.999999747378752e-05,0.0008881784160621464
0,task_1,100,24,9.999999747378752e-05,0.0008881784160621464
0,task_1,100,25,9.999999747378752e-05,0.0008881784160621464
0,task_1,100,26,9.999999747378752e-05,0.0008881784160621464
0,task_1,100,27,9.999999747378752e-05,0.0008881784160621464
0,task_1,100,28,9.999999747378752e-05,0.0008881784160621464
0,task_1,100,29,9.999999747378752e-05,0.0008881784160621464
0,task_1,101,0,0.0,-0.5239059329032898
0,task_1,101,1,0.0,-0.5239059329032898
0,task_1,101,2,0.0,-0.5239059329032898
0,task_1,101,3,0.0,-0.5239059329032898
0,task_1,101,4,0.0,-0.5239059329032898
0,task_1,101,5,0.0,-0.5239059329032898
0,task_1,101,6,0.0,-0.5239059329032898
0,task_1,101,7,0.0,-0.5239059329032898
0,task_1,101,8,0.0,-0.5239059329032898
0,task_1,101,9,0.0,-0.5239059329032898
0,task_1,101,10,0.0,-0.5239059329032898
0,task_1,101,11,0.0,-0.5239059329032898
0,task_1,101,12,0.0,-0.5239059329032898
0,task_1,101,13,0.0,-0.5239059329032898
0,task_1,101,14,0.0,-0.5239059329032898
0,task_1,101,15,0.0,-0.5239059329032898
0,task_1,101,16,0.0,-0.5239059329032898
0,task_1,101,17,0.0,-0.5239059329032898
0,task_1,101,18,0.0,-0.5239059329032898
0,task_1,101,19,0.0,-0.5239059329032898
0,task_1,101,20,0.0,-0.5239059329032898
0,task_1,101,21,0.017403066158294678,-0.35465046763420105
0,task_1,101,22,0.057849764823913574,0.04814940690994263
0,task_1,101,23,0.10069012641906738,0.4982589781284332
0,task_1,101,24,0.13889196515083313,0.8704882264137268
0,task_1,101,25,0.1758759617805481,1.2162591218948364
0,task_1,101,26,0.213919997215271,1.5439436435699463
0,task_1,101,27,0.25286728143692017,1.8489439487457275
0,task_1,101,28,0.280600905418396,2.1119656562805176
0,task_1,101,29,1.2890660762786865,3.218667984008789
0,task_1,102,0,0.1503807157278061,0.8619629740715027
0,task_1,102,1,0.16657625138759613,0.85427325963974
0,task_1,102,2,0.18508900701999664,0.8448768854141235
0,task_1,102,3,0.20077572762966156,0.8376900553703308
0,task_1,102,4,0.21287621557712555,0.8328065872192383
0,task_1,102,5,0.22941409051418304,0.8190625905990601
0,task_1,102,6,0.2413281351327896,0.8064541816711426
0,task_1,102,7,0.2537533640861511,0.7981358766555786
0,task_1,102,8,0.2710227370262146,0.7852271795272827
0,task_1,102,9,0.28817492723464966,0.7656224370002747
0,task_1,102,10,0.3075755834579468,0.7479501962661743
0,task_1,102,11,0.3269280791282654,0.720352828502655
0,task_1,102,12,0.3437311053276062,0.6979716420173645
0,task_1,102,13,0.37390702962875366,0.6641613245010376
0,task_1,102,14,0.39803987741470337,0.6258896589279175
0,task_1,102,15,0.4256119728088379,0.5262696743011475
0,task_1,102,16,0.4580259919166565,0.3936593234539032
0,task_1,102,17,0.49444591999053955,0.23640000820159912
0,task_1,102,18,0.5291174054145813,0.09759284555912018
0,task_1,102,19,0.5675420761108398,-0.06894262135028839
0,task_1,102,20,0.6075271964073181,-0.25060850381851196
0,task_1,102,21,0.6571388840675354,-0.5400252938270569
0,task_1,102,22,0.7061655521392822,-0.8271121978759766
0,task_1,102,23,0.7605647444725037,-1.145289421081543
0,task_1,102,24,0.8149450421333313,-1.4621765613555908
0,task_1,102,25,0.8608167171478271,-1.7244409322738647
0,task_1,102,26,0.9379374384880066,-1.7244409322738647
0,task_1,102,27,0.9819205403327942,-1.7244409322738647
0,task_1,102,28,1.0562382936477661,-1.7244409322738647
0,task_1,102,29,1.1355304718017578,-1.7244409322738647
0,task_1,103,0,0.0,-1.213065266609192
0,task_1,103,1,0.0,-1.213065266609192
0,task_1,103,2,0.0,-1.213065266609192
0,task_1,103,3,0.0,-1.213065266609192
0,task_1,103,4,0.0,-1.213065266609192
0,task_1,103,5,0.0,-1.213065266609192
0,task_1,103,6,0.0,-1.213065266609192
0,task_1,103,7,0.0,-1.213065266609192
0,task_1,103,8,0.0,-1.213065266609192
0,task_1,103,9,0.03627081215381622,-1.0334370136260986
0,task_1,103,10,0.08860767632722855,-0.7647904753684998
0,task_1,103,11,0.1305873692035675,-0.5777980089187622
0,task_1,103,12,0.17724628746509552,-0.39066508412361145
0,task_1,103,13,0.2246033251285553,-0.16404841840267181
0,task_1,103,14,0.2719878852367401,0.08927910774946213
0,task_1,103,15,0.30857986211776733,0.27347201108932495
0,task_1,103,16,0.34876716136932373,0.4609207510948181
0,task_1,103,17,0.38801154494285583,0.6743392944335938
0,task_1,103,18,0.41643068194389343,0.7984816431999207
0,task_1,103,19,0.44179290533065796,0.8895081281661987
0,task_1,103,20,0.46195951104164124,0.9614779353141785
0,task_1,103,21,0.475992888212204,1.017540693283081
0,task_1,103,22,0.4841385781764984,1.0468087196350098
0,task_1,103,23,0.49217793345451355,1.0689326524734497
0,task_1,103,24,0.4967414438724518,1.0856910943984985
0,task_1,103,25,0.5026097297668457,1.1094515323638916
0,task_1,103,26,0.5082099437713623,1.123788595199585
0,task_1,103,27,0.513952374458313,1.139957308769226
0,task_1,103,28,0.521047830581665,1.1484562158584595
0,task_1,103,29,1.941986322402954,0.960218608379364
0,task_1,104,0,0.007832144387066364,-3.507140874862671
0,task_1,104,1,0.08370979130268097,-2.878033399581909
0,task_1,104,2,0.16893735527992249,-2.068228006362915
0,task_1,104,3,0.24603457748889923,-0.8858160972595215
0,task_1,104,4,0.32930105924606323,0.3592005968093872
0,task_1,104,5,0.4076719880104065,0.3592005968093872
0,task_1,104,6,0.4756639003753662,0.3592005968093872
0,task_1,104,7,0.5607271194458008,0.3592005968093872
0,task_1,104,8,0.639621376991272,0.3592005968093872
0,task_1,104,9,0.7014226913452148,0.3592005968093872
0,task_1,104,10,0.7770023345947266,0.3592005968093872
0,task_1,104,11,0.8262452483177185,0.3592005968093872
0,task_1,104,12,0.8920491337776184,0.3592005968093872
0,task_1,104,13,0.945540726184845,0.3592005968093872
0,task_1,104,14,1.0036004781723022,0.3592005968093872
0,task_1,104,15,1.043893575668335,0.3592005968093872
0,task_1,104,16,1.083971381187439,0.3592005968093872
0,task_1,104,17,1.1222833395004272,0.3592005968093872
0,task_1,104,18,1.1521871089935303,0.3592005968093872
0,task_1,104,19,1.1753689050674438,0.3592005968093872
0,task_1,104,20,1.1934270858764648,0.3592005968093872
0,task_1,104,21,1.2077480554580688,0.3592005968093872
0,task_1,104,22,1.2158234119415283,0.3592005968093872
0,task_1,104,23,1.221569538116455,0.3592005968093872
0,task_1,104,24,1.2245497703552246,0.3592005968093872
0,task_1,104,25,1.2285834550857544,0.3592005968093872
0,task_1,104,26,1.2343406677246094,0.3592005968093872
0,task_1,104,27,1.2383471727371216,0.3592005968093872
0,task_1,104,28,1.2469028234481812,0.3592005968093872
0,task_1,104,29,1.2633169889450073,0.3592005968093872
0,task_1,105,0,9.999999747378752e-05,-0.028421709313988686
0,task_1,105,1,9.999999747378752e-05,-0.028421709313988686
0,task_1,105,2,9.999999747378752e-05,-0.028421709313988686
0,task_1,105,3,9.999999747378752e-05,-0.028421709313988686
0,task_1,105,4,9.999999747378752e-05,-0.028421709313988686
0,task_1,105,5,9.999999747378752e-05,-0.028421709313988686
0,task_1,105,6,9.999999747378752e-05,-0.028421709313988686
0,task_1,105,7,9.999999747378752e-05,-0.028421709313988686
0,task_1,105,8,9.999999747378752e-05,-0.028421709313988686
0,task_1,105,9,9.999999747378752e-05,-0.028421709313988686
0,task_1,105,10,9.999999747378752e-05,-0.028421709313988686
0,task_1,105,11,9.999999747378752e-05,-0.028421709313988686
0,task_1,105,12,9.999999747378752e-05,-0.028421709313988686
0,task_1,105,13,9.999999747378752e-05,-0.028421709313988686
0,task_1,105,14,9.999999747378752e-05,-0.028421709313988686
0,task_1,105,15,9.999999747378752e-05,-0.028421709313988686
0,task_1,105,16,9.999999747378752e-05,-0.028421709313988686
0,task_1,105,17,9.999999747378752e-05,-0.028421709313988686
0,task_1,105,18,9.999999747378752e-05,-0.028421709313988686
0,task_1,105,19,9.999999747378752e-05,-0.028421709313988686
0,task_1,105,20,9.999999747378752e-05,-0.028421709313988686
0,task_1,105,21,9.999999747378752e-05,-0.028421709313988686
0,task_1,105,22,9.999999747378752e-05,-0.028421709313988686
0,task_1,105,23,9.999999747378752e-05,-0.028421709313988686
0,task_1,105,24,9.999999747378752e-05,-0.028421709313988686
0,task_1,105,25,9.999999747378752e-05,-0.028421709313988686
0,task_1,105,26,9.999999747378752e-05,-0.028421709313988686
0,task_1,105,27,9.999999747378752e-05,-0.028421709313988686
0,task_1,105,28,9.999999747378752e-05,-0.028421709313988686
0,task_1,105,29,9.999999747378752e-05,-0.028421709313988686
0,task_1,106,0,9.999999747378752e-05,0.0
0,task_1,106,1,9.999999747378752e-05,0.0
0,task_1,106,2,9.999999747378752e-05,0.0
0,task_1,106,3,9.999999747378752e-05,0.0
0,task_1,106,4,9.999999747378752e-05,0.0
0,task_1,106,5,9.999999747378752e-05,0.0
0,task_1,106,6,9.999999747378752e-05,0.0
0,task_1,106,7,9.999999747378752e-05,0.0
0,task_1,106,8,9.999999747378752e-05,0.0
0,task_1,106,9,9.999999747378752e-05,0.0
0,task_1,106,10,9.999999747378752e-05,0.0
0,task_1,106,11,9.999999747378752e-05,0.0
0,task_1,106,12,9.999999747378752e-05,0.0
0,task_1,106,13,9.999999747378752e-05,0.0
0,task_1,106,14,9.999999747378752e-05,0.0
0,task_1,106,15,9.999999747378752e-05,0.0
0,task_1,106,16,9.999999747378752e-05,0.0
0,task_1,106,17,9.999999747378752e-05,0.0
0,task_1,106,18,9.999999747378752e-05,0.0
0,task_1,106,19,9.999999747378752e-05,0.0
0,task_1,106,20,9.999999747378752e-05,0.0
0,task_1,106,21,9.999999747378752e-05,0.0
0,task_1,106,22,9.999999747378752e-05,0.0
0,task_1,106,23,9.999999747378752e-05,0.0
0,task_1,106,24,9.999999747378752e-05,0.0
0,task_1,106,25,9.999999747378752e-05,0.0
0,task_1,106,26,9.999999747378752e-05,0.0
0,task_1,106,27,9.999999747378752e-05,0.0
0,task_1,106,28,9.999999747378752e-05,0.0
0,task_1,106,29,9.999999747378752e-05,0.0
0,task_1,107,0,0.0,0.3217261731624603
0,task_1,107,1,0.0,0.3217261731624603
0,task_1,107,2,0.0,0.3217261731624603
0,task_1,107,3,0.0,0.3217261731624603
0,task_1,107,4,0.0,0.3217261731624603
0,task_1,107,5,0.004669502377510071,0.3312315344810486
0,task_1,107,6,0.043297454714775085,0.41365790367126465
0,task_1,107,7,0.07822664082050323,0.4826899766921997
0,task_1,107,8,0.11863426864147186,0.5568410754203796
0,task_1,107,9,0.14999274909496307,0.6053286790847778
0,task_1,107,10,0.19032762944698334,0.6429703831672668
0,task_1,107,11,0.2330261915922165,0.672124981880188
0,task_1,107,12,0.27797257900238037,0.6799902319908142
0,task_1,107,13,0.32772594690322876,0.6785670518875122
0,task_1,107,14,0.37253284454345703,0.6794252395629883
0,task_1,107,15,0.41226792335510254,0.626675009727478
0,task_1,107,16,0.46079516410827637,0.5192362666130066
0,task_1,107,17,0.5180075764656067,0.3503210246562958
0,task_1,107,18,0.571298360824585,0.17654554545879364
0,task_1,107,19,0.625882625579834,0.0634397342801094
0,task_1,107,20,0.6850680708885193,-0.06982863694429398
0,task_1,107,21,0.7396441698074341,-0.2111624777317047
0,task_1,107,22,0.7956967949867249,-0.3363790214061737
0,task_1,107,23,0.8581052422523499,-0.4487655460834503
0,task_1,107,24,0.9250536561012268,-0.5442678332328796
0,task_1,107,25,0.9771752953529358,-0.6093229651451111
0,task_1,107,26,1.050940752029419,-0.6994541883468628
0,task_1,107,27,1.1157915592193604,-0.7114316821098328
0,task_1,107,28,1.1762211322784424,-0.8172982335090637
0,task_1,107,29,1.6582993268966675,-4.63976526260376
0,task_1,108,0,0.3459779620170593,-2.9740777015686035
0,task_1,108,1,0.40646475553512573,-2.4358866214752197
0,task_1,108,2,0.4689022898674011,-2.0306575298309326
0,task_1,108,3,0.5215610861778259,-1.6401336193084717
0,task_1,108,4,0.5721116662025452,-1.255825400352478
0,task_1,108,5,0.6193845272064209,-0.6922387480735779
0,task_1,108,6,0.6670970320701599,-0.06153026968240738
0,task_1,108,7,0.7112632393836975,0.48218852281570435
0,task_1,108,8,0.7456766963005066,0.48218852281570435
0,task_1,108,9,0.7847644090652466,0.48218852281570435
0,task_1,108,10,0.8115342259407043,0.48218852281570435
0,task_1,108,11,0.8444329500198364,0.48218852281570435
0,task_1,108,12,0.859675407409668,0.48218852281570435
0,task_1,108,13,0.8650409579277039,0.48218852281570435
0,task_1,108,14,0.8716406226158142,0.48218852281570435
0,task_1,108,15,0.8767644762992859,0.48218852281570435
0,task_1,108,16,0.8840423226356506,0.48218852281570435
0,task_1,108,17,0.8909546732902527,0.48218852281570435
0,task_1,108,18,0.8953996896743774,0.48218852281570435
0,task_1,108,19,0.9004666805267334,0.48218852281570435
0,task_1,108,20,0.9055803418159485,0.48218852281570435
0,task_1,108,21,0.9102041125297546,0.48218852281570435
0,task_1,108,22,0.9143140316009521,0.48218852281570435
0,task_1,108,23,0.9180841445922852,0.48218852281570435
0,task_1,108,24,0.9215402007102966,0.48218852281570435
0,task_1,108,25,0.9257407188415527,0.48218852281570435
0,task_1,108,26,0.9284582734107971,0.48218852281570435
0,task_1,108,27,0.9322618842124939,0.48218852281570435
0,task_1,108,28,0.9383925199508667,0.48218852281570435
0,task_1,108,29,0.9529532194137573,0.48218852281570435
0,task_1,109,0,9.999999747378752e-05,-0.028421709313988686
0,task_1,109,1,9.999999747378752e-05,-0.028421709313988686
0,task_1,109,2,9.999999747378752e-05,-0.028421709313988686
0,task_1,109,3,9.999999747378752e-05,-0.028421709313988686
0,task_1,109,4,9.999999747378752e-05,-0.028421709313988686
0,task_1,109,5,9.999999747378752e-05,-0.028421709313988686
0,task_1,109,6,9.999999747378752e-05,-0.028421709313988686
0,task_1,109,7,9.999999747378752e-05,-0.028421709313988686
0,task_1,109,8,9.999999747378752e-05,-0.028421709313988686
0,task_1,109,9,9.999999747378752e-05,-0.028421709313988686
0,task_1,109,10,9.999999747378752e-05,-0.028421709313988686
0,task_1,109,11,9.999999747378752e-05,-0.028421709313988686
0,task_1,109,12,9.999999747378752e-05,-0.028421709313988686
0,task_1,109,13,9.999999747378752e-05,-0.028421709313988686
0,task_1,109,14,9.999999747378752e-05,-0.028421709313988686
0,task_1,109,15,9.999999747378752e-05,-0.028421709313988686
0,task_1,109,16,9.999999747378752e-05,-0.028421709313988686
0,task_1,109,17,9.999999747378752e-05,-0.028421709313988686
0,task_1,109,18,9.999999747378752e-05,-0.028421709313988686
0,task_1,109,19,9.999999747378752e-05,-0.028421709313988686
0,task_1,109,20,9.999999747378752e-05,-0.028421709313988686
0,task_1,109,21,9.999999747378752e-05,-0.028421709313988686
0,task_1,109,22,9.999999747378752e-05,-0.028421709313988686
0,task_1,109,23,9.999999747378752e-05,-0.028421709313988686
0,task_1,109,24,9.999999747378752e-05,-0.028421709313988686
0,task_1,109,25,9.999999747378752e-05,-0.028421709313988686
0,task_1,109,26,9.999999747378752e-05,-0.028421709313988686
0,task_1,109,27,9.999999747378752e-05,-0.028421709313988686
0,task_1,109,28,9.999999747378752e-05,-0.028421709313988686
0,task_1,109,29,9.999999747378752e-05,-0.028421709313988686
0,task_1,110,0,9.999999747378752e-05,0.0
0,task_1,110,1,9.999999747378752e-05,0.0
0,task_1,110,2,9.999999747378752e-05,0.0
0,task_1,110,3,9.999999747378752e-05,0.0
0,task_1,110,4,9.999999747378752e-05,0.0
0,task_1,110,5,9.999999747378752e-05,0.0
0,task_1,110,6,9.999999747378752e-05,0.0
0,task_1,110,7,9.999999747378752e-05,0.0
0,task_1,110,8,9.999999747378752e-05,0.0
0,task_1,110,9,9.999999747378752e-05,0.0
0,task_1,110,10,9.999999747378752e-05,0.0
0,task_1,110,11,9.999999747378752e-05,0.0
0,task_1,110,12,9.999999747378752e-05,0.0
0,task_1,110,13,9.999999747378752e-05,0.0
0,task_1,110,14,9.999999747378752e-05,0.0
0,task_1,110,15,9.999999747378752e-05,0.0
0,task_1,110,16,9.999999747378752e-05,0.0
0,task_1,110,17,9.999999747378752e-05,0.0
0,task_1,110,18,9.999999747378752e-05,0.0
0,task_1,110,19,9.999999747378752e-05,0.0
0,task_1,110,20,9.999999747378752e-05,0.0
0,task_1,110,21,9.999999747378752e-05,0.0
0,task_1,110,22,9.999999747378752e-05,0.0
0,task_1,110,23,9.999999747378752e-05,0.0
0,task_1,110,24,9.999999747378752e-05,0.0
0,task_1,110,25,9.999999747378752e-05,0.0
0,task_1,110,26,9.999999747378752e-05,0.0
0,task_1,110,27,9.999999747378752e-05,0.0
0,task_1,110,28,9.999999747378752e-05,0.0
0,task_1,110,29,9.999999747378752e-05,0.0
0,task_1,111,0,0.0,0.0
0,task_1,111,1,0.0,0.0
0,task_1,111,2,0.0,0.0
0,task_1,111,3,0.0,0.0
0,task_1,111,4,0.0,0.0
0,task_1,111,5,0.0,0.0
0,task_1,111,6,0.0,0.0
0,task_1,111,7,0.0,0.0
0,task_1,111,8,0.0,0.0
0,task_1,111,9,0.0,0.0
0,task_1,111,10,0.0,0.0
0,task_1,111,11,0.0,0.0
0,task_1,111,12,0.0,0.0
0,task_1,111,13,0.0,0.0
0,task_1,111,14,0.0,0.0
0,task_1,111,15,0.0,0.0
0,task_1,111,16,0.0,0.0
0,task_1,111,17,0.010098682716488838,0.0
0,task_1,111,18,0.0256508756428957,0.0
0,task_1,111,19,0.03603430092334747,0.0
0,task_1,111,20,0.04677111655473709,0.0
0,task_1,111,21,0.05714774876832962,0.0
0,task_1,111,22,0.06635326892137527,0.0
0,task_1,111,23,0.0757305845618248,0.0
0,task_1,111,24,0.08239491283893585,0.0
0,task_1,111,25,0.08857672661542892,0.0
0,task_1,111,26,0.09518568962812424,0.0
0,task_1,111,27,0.10268907994031906,0.0
0,task_1,111,28,0.1112734004855156,0.0
0,task_1,111,29,0.14946205914020538,0.0
0,task_1,112,0,0.0,-0.47456425428390503
0,task_1,112,1,0.0,-0.47456425428390503
0,task_1,112,2,0.0,-0.47456425428390503
0,task_1,112,3,0.0,-0.47456425428390503
0,task_1,112,4,0.0,-0.47456425428390503
0,task_1,112,5,0.0,-0.47456425428390503
0,task_1,112,6,0.0,-0.47456425428390503
0,task_1,112,7,0.0,-0.47456425428390503
0,task_1,112,8,0.0,-0.47456425428390503
0,task_1,112,9,0.0,-0.47456425428390503
0,task_1,112,10,0.0,-0.47456425428390503
0,task_1,112,11,0.0,-0.47456425428390503
0,task_1,112,12,0.0,-0.47456425428390503
0,task_1,112,13,0.0,-0.47456425428390503
0,task_1,112,14,0.0,-0.47456425428390503
0,task_1,112,15,0.0,-0.47456425428390503
0,task_1,112,16,0.0,-0.47456425428390503
0,task_1,112,17,0.0,-0.47456425428390503
0,task_1,112,18,0.0,-0.47456425428390503
0,task_1,112,19,0.0,-0.47456425428390503
0,task_1,112,20,0.0,-0.47456425428390503
0,task_1,112,21,0.0,-0.47456425428390503
0,task_1,112,22,0.07530450820922852,-0.05077891796827316
0,task_1,112,23,0.1649308204650879,0.34070906043052673
0,task_1,112,24,0.24703943729400635,0.7097379565238953
0,task_1,112,25,0.33455944061279297,0.9808337092399597
0,task_1,112,26,0.4236193895339966,1.2347818613052368
0,task_1,112,27,0.5118714570999146,1.4962773323059082
0,task_1,112,28,0.5815802216529846,1.7949585914611816
0,task_1,112,29,1.299751877784729,3.9338932037353516
0,task_1,113,0,0.017798466607928276,-1.8189893960952759
0,task_1,113,1,0.021221892908215523,-1.8189893960952759
0,task_1,113,2,0.02513866499066353,-1.8189893960952759
0,task_1,113,3,0.027905164286494255,-1.8189893960952759
0,task_1,113,4,0.030132485553622246,-1.8189893960952759
0,task_1,113,5,0.032122645527124405,-1.8189893960952759
0,task_1,113,6,0.03443916141986847,-1.8189893960952759
0,task_1,113,7,0.03639240935444832,-1.8189893960952759
0,task_1,113,8,0.038374047726392746,-1.8189893960952759
0,task_1,113,9,0.040172941982746124,-1.8189893960952759
0,task_1,113,10,0.04243078455328941,-1.8189893960952759
0,task_1,113,11,0.044777676463127136,-1.8189893960952759
0,task_1,113,12,0.04688582941889763,-1.8189893960952759
0,task_1,113,13,0.04935639351606369,-1.8189893960952759
0,task_1,113,14,0.05262993648648262,-1.8189893960952759
0,task_1,113,15,0.05458211526274681,-1.8189893960952759
0,task_1,113,16,0.05736172944307327,-1.8189893960952759
0,task_1,113,17,0.059601325541734695,-1.8189893960952759
0,task_1,113,18,0.062204621732234955,-1.8189893960952759
0,task_1,113,19,0.0656791478395462,-1.8189893960952759
0,task_1,113,20,0.0690787211060524,-1.8189893960952759
0,task_1,113,21,0.07139292359352112,-1.8189893960952759
0,task_1,113,22,0.07436364889144897,-1.8189893960952759
0,task_1,113,23,0.07789885997772217,-1.8189893960952759
0,task_1,113,24,0.08153457939624786,-1.8189893960952759
0,task_1,113,25,0.08589957654476166,-1.8189893960952759
0,task_1,113,26,0.08911404013633728,-1.8189893960952759
0,task_1,113,27,0.09344929456710815,-1.8189893960952759
0,task_1,113,28,0.09914444386959076,-1.8189893960952759
0,task_1,113,29,0.11750609427690506,-1.8189893960952759
0,task_1,114,0,1.2401787042617798,232.8306427001953
0,task_1,114,1,1.2401787042617798,232.8306427001953
0,task_1,114,2,1.2401787042617798,232.8306427001953
0,task_1,114,3,1.2401787042617798,232.8306427001953
0,task_1,114,4,1.2401787042617798,232.8306427001953
0,task_1,114,5,1.2401787042617798,232.8306427001953
0,task_1,114,6,1.2401787042617798,232.8306427001953
0,task_1,114,7,1.2401787042617798,232.8306427001953
0,task_1,114,8,1.2401787042617798,232.8306427001953
0,task_1,114,9,1.2401787042617798,232.8306427001953
0,task_1,114,10,1.2401787042617798,232.8306427001953
0,task_1,114,11,1.2401787042617798,232.8306427001953
0,task_1,114,12,1.2401787042617798,232.8306427001953
0,task_1,114,13,1.2401787042617798,232.8306427001953
0,task_1,114,14,1.2401787042617798,232.8306427001953
0,task_1,114,15,1.2401787042617798,232.8306427001953
0,task_1,114,16,1.2401787042617798,232.8306427001953
0,task_1,114,17,1.2401787042617798,232.8306427001953
0,task_1,114,18,1.2401787042617798,232.8306427001953
0,task_1,114,19,1.2401787042617798,232.8306427001953
0,task_1,114,20,1.2401787042617798,232.8306427001953
0,task_1,114,21,1.2401787042617798,232.8306427001953
0,task_1,114,22,1.2401787042617798,232.8306427001953
0,task_1,114,23,1.2401787042617798,232.8306427001953
0,task_1,114,24,1.2401787042617798,232.8306427001953
0,task_1,114,25,1.2401787042617798,232.8306427001953
0,task_1,114,26,1.2401787042617798,232.8306427001953
0,task_1,114,27,1.2401787042617798,232.8306427001953
0,task_1,114,28,1.2401787042617798,232.8306427001953
0,task_1,114,29,1.2401787042617798,232.8306427001953
0,task_1,115,0,9.999999747378752e-05,0.0
0,task_1,115,1,9.999999747378752e-05,0.0
0,task_1,115,2,9.999999747378752e-05,0.0
0,task_1,115,3,9.999999747378752e-05,0.0
0,task_1,115,4,9.999999747378752e-05,0.0
0,task_1,115,5,9.999999747378752e-05,0.0
0,task_1,115,6,9.999999747378752e-05,0.0
0,task_1,115,7,9.999999747378752e-05,0.0
0,task_1,115,8,9.999999747378752e-05,0.0
0,task_1,115,9,9.999999747378752e-05,0.0
0,task_1,115,10,9.999999747378752e-05,0.0
0,task_1,115,11,9.999999747378752e-05,0.0
0,task_1,115,12,9.999999747378752e-05,0.0
0,task_1,115,13,9.999999747378752e-05,0.0
0,task_1,115,14,9.999999747378752e-05,0.0
0,task_1,115,15,9.999999747378752e-05,0.0
0,task_1,115,16,9.999999747378752e-05,0.0
0,task_1,115,17,9.999999747378752e-05,0.0
0,task_1,115,18,9.999999747378752e-05,0.0
0,task_1,115,19,9.999999747378752e-05,0.0
0,task_1,115,20,9.999999747378752e-05,0.0
0,task_1,115,21,9.999999747378752e-05,0.0
0,task_1,115,22,9.999999747378752e-05,0.0
0,task_1,115,23,9.999999747378752e-05,0.0
0,task_1,115,24,9.999999747378752e-05,0.0
0,task_1,115,25,9.999999747378752e-05,0.0
0,task_1,115,26,9.999999747378752e-05,0.0
0,task_1,115,27,9.999999747378752e-05,0.0
0,task_1,115,28,9.999999747378752e-05,0.0
0,task_1,115,29,9.999999747378752e-05,0.0
0,task_1,116,0,0.0,0.159255251288414
0,task_1,116,1,0.0,0.159255251288414
0,task_1,116,2,0.0,0.159255251288414
0,task_1,116,3,0.0,0.159255251288414
0,task_1,116,4,0.0,0.159255251288414
0,task_1,116,5,0.0,0.159255251288414
0,task_1,116,6,0.0,0.159255251288414
0,task_1,116,7,0.0,0.159255251288414
0,task_1,116,8,0.0,0.159255251288414
0,task_1,116,9,0.0,0.159255251288414
0,task_1,116,10,0.0,0.159255251288414
0,task_1,116,11,0.0,0.159255251288414
0,task_1,116,12,0.0,0.159255251288414
0,task_1,116,13,0.0,0.159255251288414
0,task_1,116,14,0.0,0.159255251288414
0,task_1,116,15,0.0,0.159255251288414
0,task_1,116,16,0.0,0.159255251288414
0,task_1,116,17,0.0,0.159255251288414
0,task_1,116,18,0.0,0.159255251288414
0,task_1,116,19,0.0,0.159255251288414
0,task_1,116,20,0.0,0.159255251288414
0,task_1,116,21,0.0,0.159255251288414
0,task_1,116,22,0.0,0.159255251288414
0,task_1,116,23,0.0,0.159255251288414
0,task_1,116,24,0.0,0.159255251288414
0,task_1,116,25,0.0,0.159255251288414
0,task_1,116,26,0.004612661898136139,0.15665791928768158
0,task_1,116,27,0.024577870965003967,0.4549480974674225
0,task_1,116,28,0.05315110832452774,0.5236333608627319
0,task_1,116,29,0.661559522151947,-5.275876045227051
0,task_1,117,0,0.07232652604579926,0.19551074504852295
0,task_1,117,1,0.0793209969997406,0.19422660768032074
0,task_1,117,2,0.0833241194486618,0.19591647386550903
0,task_1,117,3,0.08766567707061768,0.19529592990875244
0,task_1,117,4,0.0907541960477829,0.19170263409614563
0,task_1,117,5,0.09340672194957733,0.19257177412509918
0,task_1,117,6,0.09674811363220215,0.1919122338294983
0,task_1,117,7,0.09913863241672516,0.18573972582817078
0,task_1,117,8,0.10215809941291809,0.18675735592842102
0,task_1,117,9,0.10424120724201202,0.18273214995861053
0,task_1,117,10,0.1067800223827362,0.1772989183664322
0,task_1,117,11,0.10872778296470642,0.1762463003396988
0,task_1,117,12,0.11015520989894867,0.17611399292945862
0,task_1,117,13,0.11196340620517731,0.17482145130634308
0,task_1,117,14,0.11405058205127716,0.17255805432796478
0,task_1,117,15,0.1164039820432663,0.16665181517601013
0,task_1,117,16,0.11810770630836487,0.1666758805513382
0,task_1,117,17,0.11988794803619385,0.17007917165756226
0,task_1,117,18,0.1221771091222763,0.16653220355510712
0,task_1,117,19,0.12435495853424072,0.16887980699539185
0,task_1,117,20,0.12682320177555084,0.17134208977222443
0,task_1,117,21,0.12909023463726044,0.1695684939622879
0,task_1,117,22,0.13204102218151093,0.1795644313097
0,task_1,117,23,0.1342908889055252,0.18292899429798126
0,task_1,117,24,0.13717685639858246,0.18640443682670593
0,task_1,117,25,0.1401214450597763,0.18775615096092224
0,task_1,117,26,0.14338348805904388,0.1926431506872177
0,task_1,117,27,0.14723651111125946,0.19798260927200317
0,task_1,117,28,0.15196563303470612,0.19794201850891113
0,task_1,117,29,1.0158687829971313,-5.294355392456055
0,task_1,118,0,0.06741257011890411,0.479810506105423
0,task_1,118,1,0.08342084288597107,0.47754186391830444
0,task_1,118,2,0.09610141813755035,0.47884100675582886
0,task_1,118,3,0.11253120005130768,0.5249519348144531
0,task_1,118,4,0.12342430651187897,0.5709691047668457
0,task_1,118,5,0.1345864236354828,0.6093774437904358
0,task_1,118,6,0.15255171060562134,0.6522246599197388
0,task_1,118,7,0.160480335354805,0.6540113091468811
0,task_1,118,8,0.1716132014989853,0.6202136278152466
0,task_1,118,9,0.1788131594657898,0.5816860795021057
0,task_1,118,10,0.19053329527378082,0.5108519196510315
0,task_1,118,11,0.20322129130363464,0.4303525388240814
0,task_1,118,12,0.21422985196113586,0.371906578540802
0,task_1,118,13,0.22113849222660065,0.33804085850715637
0,task_1,118,14,0.23244284093379974,0.28903794288635254
0,task_1,118,15,0.24170218408107758,0.2500549554824829
0,task_1,118,16,0.2527186870574951,0.20055779814720154
0,task_1,118,17,0.2654384970664978,0.14082098007202148
0,task_1,118,18,0.2770997881889343,0.085422582924366
0,task_1,118,19,0.29039546847343445,0.020045707002282143
0,task_1,118,20,0.3074074387550354,-0.0550304614007473
0,task_1,118,21,0.31702402234077454,-0.09712181240320206
0,task_1,118,22,0.33058100938796997,-0.17920073866844177
0,task_1,118,23,0.34386566281318665,-0.2552033066749573
0,task_1,118,24,0.3617994487285614,-0.35493892431259155
0,task_1,118,25,0.3806191682815552,-0.4718818962574005
0,task_1,118,26,0.3951117694377899,-0.5672895312309265
0,task_1,118,27,0.41475850343704224,-0.7026031613349915
0,task_1,118,28,0.4322134554386139,-0.8170773386955261
0,task_1,118,29,0.9047648906707764,-4.786371231079102
0,task_1,119,0,9.999999747378752e-05,0.0
0,task_1,119,1,9.999999747378752e-05,0.0
0,task_1,119,2,9.999999747378752e-05,0.0
0,task_1,119,3,9.999999747378752e-05,0.0
0,task_1,119,4,9.999999747378752e-05,0.0
0,task_1,119,5,9.999999747378752e-05,0.0
0,task_1,119,6,9.999999747378752e-05,0.0
0,task_1,119,7,9.999999747378752e-05,0.0
0,task_1,119,8,9.999999747378752e-05,0.0
0,task_1,119,9,9.999999747378752e-05,0.0
0,task_1,119,10,9.999999747378752e-05,0.0
0,task_1,119,11,9.999999747378752e-05,0.0
0,task_1,119,12,9.999999747378752e-05,0.0
0,task_1,119,13,9.999999747378752e-05,0.0
0,task_1,119,14,9.999999747378752e-05,0.0
0,task_1,119,15,9.999999747378752e-05,0.0
0,task_1,119,16,9.999999747378752e-05,0.0
0,task_1,119,17,9.999999747378752e-05,0.0
0,task_1,119,18,9.999999747378752e-05,0.0
0,task_1,119,19,9.999999747378752e-05,0.0
0,task_1,119,20,9.999999747378752e-05,0.0
0,task_1,119,21,9.999999747378752e-05,0.0
0,task_1,119,22,9.999999747378752e-05,0.0
0,task_1,119,23,9.999999747378752e-05,0.0
0,task_1,119,24,9.999999747378752e-05,0.0
0,task_1,119,25,9.999999747378752e-05,0.0
0,task_1,119,26,9.999999747378752e-05,0.0
0,task_1,119,27,9.999999747378752e-05,0.0
0,task_1,119,28,9.999999747378752e-05,0.0
0,task_1,119,29,9.999999747378752e-05,0.0
0,task_1,120,0,9.999999747378752e-05,0.014210854656994343
0,task_1,120,1,9.999999747378752e-05,0.014210854656994343
0,task_1,120,2,9.999999747378752e-05,0.014210854656994343
0,task_1,120,3,9.999999747378752e-05,0.014210854656994343
0,task_1,120,4,9.999999747378752e-05,0.014210854656994343
0,task_1,120,5,9.999999747378752e-05,0.014210854656994343
0,task_1,120,6,9.999999747378752e-05,0.014210854656994343
0,task_1,120,7,9.999999747378752e-05,0.014210854656994343
0,task_1,120,8,9.999999747378752e-05,0.014210854656994343
0,task_1,120,9,9.999999747378752e-05,0.014210854656994343
0,task_1,120,10,9.999999747378752e-05,0.014210854656994343
0,task_1,120,11,9.999999747378752e-05,0.014210854656994343
0,task_1,120,12,9.999999747378752e-05,0.014210854656994343
0,task_1,120,13,9.999999747378752e-05,0.014210854656994343
0,task_1,120,14,9.999999747378752e-05,0.014210854656994343
0,task_1,120,15,9.999999747378752e-05,0.014210854656994343
0,task_1,120,16,9.999999747378752e-05,0.014210854656994343
0,task_1,120,17,9.999999747378752e-05,0.014210854656994343
0,task_1,120,18,9.999999747378752e-05,0.014210854656994343
0,task_1,120,19,9.999999747378752e-05,0.014210854656994343
0,task_1,120,20,9.999999747378752e-05,0.014210854656994343
0,task_1,120,21,9.999999747378752e-05,0.014210854656994343
0,task_1,120,22,9.999999747378752e-05,0.014210854656994343
0,task_1,120,23,9.999999747378752e-05,0.014210854656994343
0,task_1,120,24,9.999999747378752e-05,0.014210854656994343
0,task_1,120,25,9.999999747378752e-05,0.014210854656994343
0,task_1,120,26,9.999999747378752e-05,0.014210854656994343
0,task_1,120,27,9.999999747378752e-05,0.014210854656994343
0,task_1,120,28,9.999999747378752e-05,0.014210854656994343
0,task_1,120,29,9.999999747378752e-05,0.014210854656994343
0,task_1,121,0,0.14019569754600525,0.5010823607444763
0,task_1,121,1,0.15213754773139954,0.4726693034172058
0,task_1,121,2,0.15820959210395813,0.4605795443058014
0,task_1,121,3,0.1630026400089264,0.44303861260414124
0,task_1,121,4,0.16616934537887573,0.4248691499233246
0,task_1,121,5,0.17042046785354614,0.4097996652126312
0,task_1,121,6,0.17342844605445862,0.39531126618385315
0,task_1,121,7,0.17681875824928284,0.37786537408828735
0,task_1,121,8,0.18005585670471191,0.36200013756752014
0,task_1,121,9,0.1848357915878296,0.34016555547714233
0,task_1,121,10,0.18816229701042175,0.3269732594490051
0,task_1,121,11,0.1916767656803131,0.31619730591773987
0,task_1,121,12,0.1959781050682068,0.29168328642845154
0,task_1,121,13,0.19975534081459045,0.2651413083076477
0,task_1,121,14,0.2048107385635376,0.2329193353652954
0,task_1,121,15,0.21141937375068665,0.18975192308425903
0,task_1,121,16,0.2164708375930786,0.15347154438495636
0,task_1,121,17,0.2211713194847107,0.12685853242874146
0,task_1,121,18,0.22541844844818115,0.09789416939020157
0,task_1,121,19,0.22923222184181213,0.07122012227773666
0,task_1,121,20,0.2357911467552185,0.02358502708375454
0,task_1,121,21,0.2397385835647583,-0.01344270445406437
0,task_1,121,22,0.24385005235671997,-0.043434128165245056
0,task_1,121,23,0.24850013852119446,-0.082598477602005
0,task_1,121,24,0.2525915801525116,-0.1189078614115715
0,task_1,121,25,0.2566775977611542,-0.15514612197875977
0,task_1,121,26,0.26083266735076904,-0.18537868559360504
0,task_1,121,27,0.26542529463768005,-0.2290106564760208
0,task_1,121,28,0.2742636799812317,-0.3086792826652527
0,task_1,121,29,0.816978394985199,-5.146478652954102
0,task_1,122,0,0.21654696762561798,14.551915168762207
0,task_1,122,1,0.22288961708545685,14.551915168762207
0,task_1,122,2,0.22722572088241577,14.551915168762207
0,task_1,122,3,0.23287400603294373,14.551915168762207
0,task_1,122,4,0.2387045919895172,14.551915168762207
0,task_1,122,5,0.24547246098518372,14.551915168762207
0,task_1,122,6,0.2529325783252716,14.551915168762207
0,task_1,122,7,0.2581692934036255,14.551915168762207
0,task_1,122,8,0.2641637921333313,14.551915168762207
0,task_1,122,9,0.2730618715286255,14.551915168762207
0,task_1,122,10,0.28155601024627686,14.551915168762207
0,task_1,122,11,0.2884717583656311,14.551915168762207
0,task_1,122,12,0.29737451672554016,14.551915168762207
0,task_1,122,13,0.3063328266143799,14.551915168762207
0,task_1,122,14,0.31871432065963745,14.551915168762207
0,task_1,122,15,0.33086222410202026,14.551915168762207
0,task_1,122,16,0.34095674753189087,14.551915168762207
0,task_1,122,17,0.3530313968658447,14.551915168762207
0,task_1,122,18,0.36929556727409363,14.551915168762207
0,task_1,122,19,0.3829510807991028,14.551915168762207
0,task_1,122,20,0.3952743411064148,14.551915168762207
0,task_1,122,21,0.41650378704071045,14.551915168762207
0,task_1,122,22,0.4313603937625885,14.551915168762207
0,task_1,122,23,0.4471050798892975,14.551915168762207
0,task_1,122,24,0.4678250253200531,14.551915168762207
0,task_1,122,25,0.48244234919548035,14.551915168762207
0,task_1,122,26,0.5027825832366943,14.551915168762207
0,task_1,122,27,0.5223849415779114,14.551915168762207
0,task_1,122,28,0.5443645715713501,14.551915168762207
0,task_1,122,29,0.5723241567611694,14.551915168762207
0,task_1,123,0,0.0,1.5435951948165894
0,task_1,123,1,0.0,1.5435951948165894
0,task_1,123,2,0.0,1.5435951948165894
0,task_1,123,3,0.0,1.5435951948165894
0,task_1,123,4,0.0017109960317611694,1.532781720161438
0,task_1,123,5,0.03308962285518646,1.335564136505127
0,task_1,123,6,0.06409241259098053,1.1335769891738892
0,task_1,123,7,0.08712826669216156,0.9894823431968689
0,task_1,123,8,0.1154291182756424,0.8141458034515381
0,task_1,123,9,0.1474047750234604,0.6125388741493225
0,task_1,123,10,0.1726611703634262,0.4485951364040375
0,task_1,123,11,0.19951950013637543,0.2725987136363983
0,task_1,123,12,0.225911483168602,0.09796039015054703
0,task_1,123,13,0.25345468521118164,-0.08700311183929443
0,task_1,123,14,0.2793673276901245,-0.2626264989376068
0,task_1,123,15,0.3079475164413452,-0.45979925990104675
0,task_1,123,16,0.32835376262664795,-0.6000595688819885
0,task_1,123,17,0.35572898387908936,-0.7874985337257385
0,task_1,123,18,0.37734168767929077,-0.934552788734436
0,task_1,123,19,0.40274447202682495,-0.934552788734436
0,task_1,123,20,0.427794873714447,-0.934552788734436
0,task_1,123,21,0.45198726654052734,-0.934552788734436
0,task_1,123,22,0.4754166603088379,-0.934552788734436
0,task_1,123,23,0.5026096701622009,-0.934552788734436
0,task_1,123,24,0.5260990262031555,-0.934552788734436
0,task_1,123,25,0.5551292896270752,-0.934552788734436
0,task_1,123,26,0.5758706331253052,-0.934552788734436
0,task_1,123,27,0.606959342956543,-0.934552788734436
0,task_1,123,28,0.6299188733100891,-0.934552788734436
0,task_1,123,29,0.6626283526420593,-0.934552788734436
0,task_1,124,0,0.0,1.2330107688903809
0,task_1,124,1,0.0,1.2330107688903809
0,task_1,124,2,0.0,1.2330107688903809
0,task_1,124,3,0.0,1.2330107688903809
0,task_1,124,4,0.0,1.2330107688903809
0,task_1,124,5,0.0,1.2330107688903809
0,task_1,124,6,0.018225640058517456,1.1755996942520142
0,task_1,124,7,0.06461077928543091,1.0532342195510864
0,task_1,124,8,0.11551371216773987,0.9471492767333984
0,task_1,124,9,0.16847898066043854,0.7835965752601624
0,task_1,124,10,0.20957395434379578,0.626551628112793
0,task_1,124,11,0.27023255825042725,0.36756432056427
0,task_1,124,12,0.313951313495636,0.182185560464859
0,task_1,124,13,0.35209858417510986,0.0304525475949049
0,task_1,124,14,0.39007288217544556,-0.15418767929077148
0,task_1,124,15,0.4223942756652832,-0.3058965802192688
0,task_1,124,16,0.44435828924179077,-0.37989339232444763
0,task_1,124,17,0.4589065909385681,-0.4191869795322418
0,task_1,124,18,0.47371888160705566,-0.4652095139026642
0,task_1,124,19,0.4889223575592041,-0.5156177878379822
0,task_1,124,20,0.49866342544555664,-0.564672589302063
0,task_1,124,21,0.5075007677078247,-0.6222875714302063
0,task_1,124,22,0.5162197351455688,-0.6886962652206421
0,task_1,124,23,0.5236406326293945,-0.748039186000824
0,task_1,124,24,0.5317209362983704,-0.8255271315574646
0,task_1,124,25,0.5395147800445557,-0.9027796983718872
0,task_1,124,26,0.5458550453186035,-0.967103123664856
0,task_1,124,27,0.5523460507392883,-1.0368043184280396
0,task_1,124,28,0.5655879974365234,-1.1864374876022339
0,task_1,124,29,0.7349600791931152,-2.7820565700531006
0,task_1,125,0,0.1506223976612091,0.4554521143436432
0,task_1,125,1,0.1575682908296585,0.4554521143436432
0,task_1,125,2,0.16105088591575623,0.4554521143436432
0,task_1,125,3,0.16673970222473145,0.4554521143436432
0,task_1,125,4,0.17125272750854492,0.4554521143436432
0,task_1,125,5,0.17655259370803833,0.4554521143436432
0,task_1,125,6,0.18478693068027496,0.4554521143436432
0,task_1,125,7,0.19511133432388306,0.4554521143436432
0,task_1,125,8,0.20501969754695892,0.4554521143436432
0,task_1,125,9,0.21764612197875977,0.4554521143436432
0,task_1,125,10,0.2310377061367035,0.3657974600791931
0,task_1,125,11,0.24041566252708435,0.3107379376888275
0,task_1,125,12,0.25348687171936035,0.2322373390197754
0,task_1,125,13,0.2629603147506714,0.1667291224002838
0,task_1,125,14,0.26959428191185,0.11276066303253174
0,task_1,125,15,0.27769291400909424,0.0659317597746849
0,task_1,125,16,0.28441986441612244,0.025260284543037415
0,task_1,125,17,0.2932429313659668,-0.008455295115709305
0,task_1,125,18,0.30024296045303345,-0.02373499982059002
0,task_1,125,19,0.30825477838516235,-0.02782369591295719
0,task_1,125,20,0.3132339119911194,-0.040713418275117874
0,task_1,125,21,0.3199313282966614,-0.058466993272304535
0,task_1,125,22,0.3242191672325134,-0.058863867074251175
0,task_1,125,23,0.3284202814102173,-0.055625561624765396
0,task_1,125,24,0.33256474137306213,-0.05485142022371292
0,task_1,125,25,0.3366822898387909,-0.04692896828055382
0,task_1,125,26,0.3413424491882324,-0.06657999008893967
0,task_1,125,27,0.346941739320755,-0.10537160187959671
0,task_1,125,28,0.3546317517757416,-0.13447506725788116
0,task_1,125,29,1.0557671785354614,-5.152083396911621
0,task_1,126,0,0.0,0.007105427328497171
0,task_1,126,1,0.0,0.007105427328497171
0,task_1,126,2,0.0,0.007105427328497171
0,task_1,126,3,0.0,0.007105427328497171
0,task_1,126,4,0.0,0.007105427328497171
0,task_1,126,5,0.0,0.007105427328497171
0,task_1,126,6,0.0,0.007105427328497171
0,task_1,126,7,0.0,0.007105427328497171
0,task_1,126,8,0.0,0.007105427328497171
0,task_1,126,9,0.0,0.007105427328497171
0,task_1,126,10,0.0,0.007105427328497171
0,task_1,126,11,0.0,0.007105427328497171
0,task_1,126,12,0.0,0.007105427328497171
0,task_1,126,13,0.0,0.007105427328497171
0,task_1,126,14,0.0,0.007105427328497171
0,task_1,126,15,0.0,0.007105427328497171
0,task_1,126,16,0.0,0.007105427328497171
0,task_1,126,17,0.0,0.007105427328497171
0,task_1,126,18,0.0,0.007105427328497171
0,task_1,126,19,0.0,0.007105427328497171
0,task_1,126,20,0.0,0.007105427328497171
0,task_1,126,21,0.0,0.007105427328497171
0,task_1,126,22,0.0,0.007105427328497171
0,task_1,126,23,0.0,0.007105427328497171
0,task_1,126,24,0.0,0.007105427328497171
0,task_1,126,25,0.0,0.007105427328497171
0,task_1,126,26,0.0,0.007105427328497171
0,task_1,126,27,0.0,0.007105427328497171
0,task_1,126,28,0.016203343868255615,0.007105427328497171
0,task_1,126,29,0.1178944855928421,0.007105427328497171
0,task_1,127,0,0.0,0.6114136576652527
0,task_1,127,1,0.0,0.6114136576652527
0,task_1,127,2,0.0,0.6114136576652527
0,task_1,127,3,0.0,0.6114136576652527
0,task_1,127,4,0.0,0.6114136576652527
0,task_1,127,5,0.0,0.6114136576652527
0,task_1,127,6,0.0,0.6114136576652527
0,task_1,127,7,0.0,0.6114136576652527
0,task_1,127,8,0.0,0.6114136576652527
0,task_1,127,9,0.0,0.6114136576652527
0,task_1,127,10,0.0,0.6114136576652527
0,task_1,127,11,0.0,0.6114136576652527
0,task_1,127,12,0.0,0.6114136576652527
0,task_1,127,13,0.0,0.6114136576652527
0,task_1,127,14,0.0,0.6114136576652527
0,task_1,127,15,0.0,0.6114136576652527
0,task_1,127,16,0.0,0.6114136576652527
0,task_1,127,17,0.0,0.6114136576652527
0,task_1,127,18,0.0,0.6114136576652527
0,task_1,127,19,0.0,0.6114136576652527
0,task_1,127,20,0.03583347797393799,0.18907999992370605
0,task_1,127,21,0.06353266537189484,-0.13354764878749847
0,task_1,127,22,0.09630635380744934,-0.5062001943588257
0,task_1,127,23,0.12726038694381714,-0.8672960996627808
0,task_1,127,24,0.15519186854362488,-1.2197644710540771
0,task_1,127,25,0.18289916217327118,-1.571982502937317
0,task_1,127,26,0.2075023651123047,-1.893454670906067
0,task_1,127,27,0.22257879376411438,-2.075035333633423
0,task_1,127,28,0.23936738073825836,-2.075035333633423
0,task_1,127,29,0.2887605130672455,-2.075035333633423
1,task_2,0,0,0.0,-1.2835004329681396
1,task_2,0,1,0.0,-1.2835004329681396
1,task_2,0,2,0.0,-1.2835004329681396
1,task_2,0,3,0.0,-1.2835004329681396
1,task_2,0,4,0.0,-1.2835004329681396
1,task_2,0,5,0.0,-1.2835004329681396
1,task_2,0,6,0.0,-1.2835004329681396
1,task_2,0,7,0.0,-1.2835004329681396
1,task_2,0,8,0.05398351326584816,-1.0364271402359009
1,task_2,0,9,0.1267014592885971,-0.7250583171844482
1,task_2,0,10,0.201199471950531,-0.40790823101997375
1,task_2,0,11,0.24837157130241394,-0.21609102189540863
1,task_2,0,12,0.28555160760879517,-0.07394476979970932
1,task_2,0,13,0.3149196207523346,0.04147724807262421
1,task_2,0,14,0.34941408038139343,0.16572992503643036
1,task_2,0,15,0.37722739577293396,0.2651318311691284
1,task_2,0,16,0.40656596422195435,0.3712013363838196
1,task_2,0,17,0.4375336468219757,0.4790946841239929
1,task_2,0,18,0.4571200907230377,0.5461651086807251
1,task_2,0,19,0.4780854880809784,0.6168748140335083
1,task_2,0,20,0.49774518609046936,0.6853253841400146
1,task_2,0,21,0.517400860786438,0.7496386766433716
1,task_2,0,22,0.527253270149231,0.782737135887146
1,task_2,0,23,0.5431683659553528,0.8346822261810303
1,task_2,0,24,0.5543874502182007,0.8737298846244812
1,task_2,0,25,0.5636824369430542,0.9054047465324402
1,task_2,0,26,0.5760403871536255,0.9472114443778992
1,task_2,0,27,0.5873299837112427,0.9864587187767029
1,task_2,0,28,0.5989363193511963,1.024426817893982
1,task_2,0,29,1.0593438148498535,2.452144145965576
1,task_2,1,0,0.0,-0.3422883450984955
1,task_2,1,1,0.0,-0.3422883450984955
1,task_2,1,2,0.0,-0.3422883450984955
1,task_2,1,3,0.0,-0.3422883450984955
1,task_2,1,4,0.0,-0.3422883450984955
1,task_2,1,5,0.0,-0.3422883450984955
1,task_2,1,6,0.0,-0.3422883450984955
1,task_2,1,7,0.0,-0.3422883450984955
1,task_2,1,8,0.0,-0.3422883450984955
1,task_2,1,9,0.0,-0.3422883450984955
1,task_2,1,10,0.0,-0.3422883450984955
1,task_2,1,11,0.0,-0.3422883450984955
1,task_2,1,12,0.0,-0.3422883450984955
1,task_2,1,13,0.0,-0.3422883450984955
1,task_2,1,14,0.0,-0.3422883450984955
1,task_2,1,15,0.0,-0.3422883450984955
1,task_2,1,16,0.0,-0.3422883450984955
1,task_2,1,17,0.0,-0.3422883450984955
1,task_2,1,18,0.0,-0.3422883450984955
1,task_2,1,19,0.0,-0.3422883450984955
1,task_2,1,20,0.0,-0.3422883450984955
1,task_2,1,21,0.004585519433021545,-0.26889416575431824
1,task_2,1,22,0.024292096495628357,0.013274011202156544
1,task_2,1,23,0.037103071808815,0.21340227127075195
1,task_2,1,24,0.04582756757736206,0.3439827561378479
1,task_2,1,25,0.05046738684177399,0.39983418583869934
1,task_2,1,26,0.053849801421165466,0.4484909176826477
1,task_2,1,27,0.05668160319328308,0.47874915599823
1,task_2,1,28,0.05977773666381836,0.5145896077156067
1,task_2,1,29,0.6503072381019592,5.044625759124756
1,task_2,2,0,0.686554491519928,-3.523239850997925
1,task_2,2,1,0.777060329914093,-1.2427302598953247
1,task_2,2,2,0.8514192700386047,-0.8397911190986633
1,task_2,2,3,0.8964329957962036,-0.526887059211731
1,task_2,2,4,0.9028593897819519,-0.505998969078064
1,task_2,2,5,0.9076834917068481,-0.4918248951435089
1,task_2,2,6,0.9120301604270935,-0.4733226001262665
1,task_2,2,7,0.9162708520889282,-0.4562062621116638
1,task_2,2,8,0.9248655438423157,-0.38371700048446655
1,task_2,2,9,0.9348627924919128,-0.3021696209907532
1,task_2,2,10,0.9515388011932373,-0.18351683020591736
1,task_2,2,11,0.96962571144104,-0.04659825563430786
1,task_2,2,12,0.985655665397644,0.048653677105903625
1,task_2,2,13,0.9999781847000122,0.11922664195299149
1,task_2,2,14,1.0190075635910034,0.146162748336792
1,task_2,2,15,1.037471055984497,0.20193563401699066
1,task_2,2,16,1.0529122352600098,0.17296148836612701
1,task_2,2,17,1.07146418094635,0.14377345144748688
1,task_2,2,18,1.0879570245742798,0.12401914596557617
1,task_2,2,19,1.104524850845337,0.17515428364276886
1,task_2,2,20,1.1206914186477661,0.24648542702198029
1,task_2,2,21,1.1314741373062134,0.287637323141098
1,task_2,2,22,1.1447525024414062,0.35070329904556274
1,task_2,2,23,1.1544138193130493,0.4393664002418518
1,task_2,2,24,1.1631007194519043,0.5556350946426392
1,task_2,2,25,1.1683541536331177,0.6243647933006287
1,task_2,2,26,1.1740485429763794,0.6938735246658325
1,task_2,2,27,1.1767594814300537,0.7269515991210938
1,task_2,2,28,1.181517481803894,0.7695485353469849
1,task_2,2,29,1.3873112201690674,3.1495201587677
1,task_2,3,0,0.14619280397891998,-0.7471163868904114
1,task_2,3,1,0.15678425133228302,-0.711937427520752
1,task_2,3,2,0.16453850269317627,-0.690636396408081
1,task_2,3,3,0.1735202670097351,-0.6646621823310852
1,task_2,3,4,0.18914593756198883,-0.6123430728912354
1,task_2,3,5,0.20343953371047974,-0.5695987343788147
1,task_2,3,6,0.21857795119285583,-0.5196196436882019
1,task_2,3,7,0.23423580825328827,-0.46983420848846436
1,task_2,3,8,0.25000324845314026,-0.4205014705657959
1,task_2,3,9,0.2687605023384094,-0.36777588725090027
1,task_2,3,10,0.285648375749588,-0.3124099373817444
1,task_2,3,11,0.3010208010673523,-0.2646118700504303
1,task_2,3,12,0.31553566455841064,-0.22136254608631134
1,task_2,3,13,0.3275814652442932,-0.181458979845047
1,task_2,3,14,0.3415250778198242,-0.13653095066547394
1,task_2,3,15,0.3563239574432373,-0.08658792823553085
1,task_2,3,16,0.36982154846191406,-0.041551101952791214
1,task_2,3,17,0.3809499442577362,-0.010273982770740986
1,task_2,3,18,0.3939066231250763,0.03334568813443184
1,task_2,3,19,0.40664762258529663,0.0750289261341095
1,task_2,3,20,0.41646337509155273,0.10635840147733688
1,task_2,3,21,0.4271354377269745,0.14225216209888458
1,task_2,3,22,0.4358956813812256,0.17532111704349518
1,task_2,3,23,0.44396108388900757,0.20501546561717987
1,task_2,3,24,0.45027366280555725,0.2258675992488861
1,task_2,3,25,0.45501574873924255,0.24106191098690033
1,task_2,3,26,0.4594568610191345,0.2598208785057068
1,task_2,3,27,0.4649641215801239,0.2786722481250763
1,task_2,3,28,0.47262245416641235,0.30852755904197693
1,task_2,3,29,2.0910162925720215,4.977540969848633
1,task_2,4,0,9.999999747378752e-05,0.0
1,task_2,4,1,9.999999747378752e-05,0.0
1,task_2,4,2,9.999999747378752e-05,0.0
1,task_2,4,3,9.999999747378752e-05,0.0
1,task_2,4,4,9.999999747378752e-05,0.0
1,task_2,4,5,9.999999747378752e-05,0.0
1,task_2,4,6,9.999999747378752e-05,0.0
1,task_2,4,7,9.999999747378752e-05,0.0
1,task_2,4,8,9.999999747378752e-05,0.0
1,task_2,4,9,9.999999747378752e-05,0.0
1,task_2,4,10,9.999999747378752e-05,0.0
1,task_2,4,11,9.999999747378752e-05,0.0
1,task_2,4,12,9.999999747378752e-05,0.0
1,task_2,4,13,9.999999747378752e-05,0.0
1,task_2,4,14,9.999999747378752e-05,0.0
1,task_2,4,15,9.999999747378752e-05,0.0
1,task_2,4,16,9.999999747378752e-05,0.0
1,task_2,4,17,9.999999747378752e-05,0.0
1,task_2,4,18,9.999999747378752e-05,0.0
1,task_2,4,19,9.999999747378752e-05,0.0
1,task_2,4,20,9.999999747378752e-05,0.0
1,task_2,4,21,9.999999747378752e-05,0.0
1,task_2,4,22,9.999999747378752e-05,0.0
1,task_2,4,23,9.999999747378752e-05,0.0
1,task_2,4,24,9.999999747378752e-05,0.0
1,task_2,4,25,9.999999747378752e-05,0.0
1,task_2,4,26,9.999999747378752e-05,0.0
1,task_2,4,27,9.999999747378752e-05,0.0
1,task_2,4,28,9.999999747378752e-05,0.0
1,task_2,4,29,9.999999747378752e-05,0.0
1,task_2,5,0,0.0,-0.3644469976425171
1,task_2,5,1,0.0,-0.3644469976425171
1,task_2,5,2,0.0,-0.3644469976425171
1,task_2,5,3,0.0,-0.3644469976425171
1,task_2,5,4,0.0,-0.3644469976425171
1,task_2,5,5,0.0,-0.3644469976425171
1,task_2,5,6,0.0,-0.3644469976425171
1,task_2,5,7,0.0,-0.3644469976425171
1,task_2,5,8,0.0,-0.3644469976425171
1,task_2,5,9,0.0,-0.3644469976425171
1,task_2,5,10,0.0,-0.3644469976425171
1,task_2,5,11,0.0,-0.3644469976425171
1,task_2,5,12,0.0,-0.3644469976425171
1,task_2,5,13,0.0,-0.3644469976425171
1,task_2,5,14,0.0,-0.3644469976425171
1,task_2,5,15,0.0,-0.3644469976425171
1,task_2,5,16,0.0,-0.3644469976425171
1,task_2,5,17,0.0,-0.3644469976425171
1,task_2,5,18,0.0,-0.3644469976425171
1,task_2,5,19,0.0,-0.3644469976425171
1,task_2,5,20,0.0,-0.3644469976425171
1,task_2,5,21,0.0,-0.3644469976425171
1,task_2,5,22,0.0,-0.3644469976425171
1,task_2,5,23,0.0,-0.3644469976425171
1,task_2,5,24,0.06666550040245056,0.05982181429862976
1,task_2,5,25,0.13508550822734833,0.4828549921512604
1,task_2,5,26,0.19542627036571503,0.8572077751159668
1,task_2,5,27,0.25192761421203613,1.1988862752914429
1,task_2,5,28,0.31317630410194397,1.5731897354125977
1,task_2,5,29,0.8269167542457581,4.574767112731934
1,task_2,6,0,0.0,0.7240771055221558
1,task_2,6,1,0.0,0.7240771055221558
1,task_2,6,2,0.0,0.7240771055221558
1,task_2,6,3,0.0,0.7240771055221558
1,task_2,6,4,0.0,0.7240771055221558
1,task_2,6,5,0.0,0.7240771055221558
1,task_2,6,6,0.0,0.7240771055221558
1,task_2,6,7,0.0,0.7240771055221558
1,task_2,6,8,0.0,0.7240771055221558
1,task_2,6,9,0.0,0.7240771055221558
1,task_2,6,10,0.0,0.7240771055221558
1,task_2,6,11,0.0,0.7240771055221558
1,task_2,6,12,0.0,0.7240771055221558
1,task_2,6,13,0.0,0.7240771055221558
1,task_2,6,14,0.05920116603374481,0.5767870545387268
1,task_2,6,15,0.13459254801273346,0.3888958990573883
1,task_2,6,16,0.2060265690088272,0.19911006093025208
1,task_2,6,17,0.2786713242530823,-0.005902481265366077
1,task_2,6,18,0.33998817205429077,-0.17637646198272705
1,task_2,6,19,0.39981216192245483,-0.3455328941345215
1,task_2,6,20,0.4462187886238098,-0.4765133261680603
1,task_2,6,21,0.4936390519142151,-0.6107680797576904
1,task_2,6,22,0.5286222100257874,-0.7048739790916443
1,task_2,6,23,0.548702597618103,-0.7580894231796265
1,task_2,6,24,0.5625817775726318,-0.7957555055618286
1,task_2,6,25,0.5749461650848389,-0.8258031606674194
1,task_2,6,26,0.5842915177345276,-0.8492687940597534
1,task_2,6,27,0.5955785512924194,-0.8784623146057129
1,task_2,6,28,0.6109614372253418,-0.9164739847183228
1,task_2,6,29,2.505875587463379,-3.9580507278442383
1,task_2,7,0,9.999999747378752e-05,-0.05684341862797737
1,task_2,7,1,9.999999747378752e-05,-0.05684341862797737
1,task_2,7,2,9.999999747378752e-05,-0.05684341862797737
1,task_2,7,3,9.999999747378752e-05,-0.05684341862797737
1,task_2,7,4,9.999999747378752e-05,-0.05684341862797737
1,task_2,7,5,9.999999747378752e-05,-0.05684341862797737
1,task_2,7,6,9.999999747378752e-05,-0.05684341862797737
1,task_2,7,7,9.999999747378752e-05,-0.05684341862797737
1,task_2,7,8,9.999999747378752e-05,-0.05684341862797737
1,task_2,7,9,9.999999747378752e-05,-0.05684341862797737
1,task_2,7,10,9.999999747378752e-05,-0.05684341862797737
1,task_2,7,11,9.999999747378752e-05,-0.05684341862797737
1,task_2,7,12,9.999999747378752e-05,-0.05684341862797737
1,task_2,7,13,9.999999747378752e-05,-0.05684341862797737
1,task_2,7,14,9.999999747378752e-05,-0.05684341862797737
1,task_2,7,15,9.999999747378752e-05,-0.05684341862797737
1,task_2,7,16,9.999999747378752e-05,-0.05684341862797737
1,task_2,7,17,9.999999747378752e-05,-0.05684341862797737
1,task_2,7,18,9.999999747378752e-05,-0.05684341862797737
1,task_2,7,19,9.999999747378752e-05,-0.05684341862797737
1,task_2,7,20,9.999999747378752e-05,-0.05684341862797737
1,task_2,7,21,9.999999747378752e-05,-0.05684341862797737
1,task_2,7,22,9.999999747378752e-05,-0.05684341862797737
1,task_2,7,23,9.999999747378752e-05,-0.05684341862797737
1,task_2,7,24,9.999999747378752e-05,-0.05684341862797737
1,task_2,7,25,9.999999747378752e-05,-0.05684341862797737
1,task_2,7,26,9.999999747378752e-05,-0.05684341862797737
1,task_2,7,27,9.999999747378752e-05,-0.05684341862797737
1,task_2,7,28,9.999999747378752e-05,-0.05684341862797737
1,task_2,7,29,9.999999747378752e-05,-0.05684341862797737
1,task_2,8,0,1.8893122673034668,0.0
1,task_2,8,1,1.8893122673034668,0.0
1,task_2,8,2,1.8893122673034668,0.0
1,task_2,8,3,1.8893122673034668,0.0
1,task_2,8,4,1.8893122673034668,0.0
1,task_2,8,5,1.8893122673034668,0.0
1,task_2,8,6,1.8893122673034668,0.0
1,task_2,8,7,1.8893122673034668,0.0
1,task_2,8,8,1.8893122673034668,0.0
1,task_2,8,9,1.8893122673034668,0.0
1,task_2,8,10,1.8893122673034668,0.0
1,task_2,8,11,1.8893122673034668,0.0
1,task_2,8,12,1.8893122673034668,0.0
1,task_2,8,13,1.8893122673034668,0.0
1,task_2,8,14,1.8893122673034668,0.0
1,task_2,8,15,1.8893122673034668,0.0
1,task_2,8,16,1.8893122673034668,0.0
1,task_2,8,17,1.8893122673034668,0.0
1,task_2,8,18,1.8893122673034668,0.0
1,task_2,8,19,1.8893122673034668,0.0
1,task_2,8,20,1.8893122673034668,0.0
1,task_2,8,21,1.8893122673034668,0.0
1,task_2,8,22,1.8893122673034668,0.0
1,task_2,8,23,1.8893122673034668,0.0
1,task_2,8,24,1.8893122673034668,0.0
1,task_2,8,25,1.8893122673034668,0.0
1,task_2,8,26,1.8893122673034668,0.0
1,task_2,8,27,1.8893122673034668,0.0
1,task_2,8,28,1.8893122673034668,0.0
1,task_2,8,29,1.8893122673034668,0.0
1,task_2,9,0,0.25857749581336975,0.4168674647808075
1,task_2,9,1,0.26788920164108276,0.32131990790367126
1,task_2,9,2,0.27266162633895874,0.3172156512737274
1,task_2,9,3,0.2782616913318634,0.3123037815093994
1,task_2,9,4,0.2821027934551239,0.29539307951927185
1,task_2,9,5,0.2854221761226654,0.2146742194890976
1,task_2,9,6,0.2898293137550354,0.1778622418642044
1,task_2,9,7,0.2940356731414795,0.11242290586233139
1,task_2,9,8,0.2988991439342499,0.10252251476049423
1,task_2,9,9,0.3046773374080658,0.16206519305706024
1,task_2,9,10,0.31188827753067017,0.1153344064950943
1,task_2,9,11,0.3174211382865906,0.13407379388809204
1,task_2,9,12,0.32201477885246277,0.11699392646551132
1,task_2,9,13,0.3259458541870117,0.079865962266922
1,task_2,9,14,0.32984790205955505,0.04743839055299759
1,task_2,9,15,0.3337799906730652,0.05629779025912285
1,task_2,9,16,0.3389236032962799,0.0306023471057415
1,task_2,9,17,0.3465593755245209,-0.04401485249400139
1,task_2,9,18,0.3562757968902588,-0.0608946830034256
1,task_2,9,19,0.37962478399276733,-0.13409072160720825
1,task_2,9,20,0.4127024710178375,-0.41214367747306824
1,task_2,9,21,0.45316028594970703,-0.9529904723167419
1,task_2,9,22,0.4948381185531616,-1.1169589757919312
1,task_2,9,23,0.5415648818016052,-0.8125851154327393
1,task_2,9,24,0.5945087671279907,0.0027482847217470407
1,task_2,9,25,0.6561712622642517,1.2324944734573364
1,task_2,9,26,0.7137803435325623,2.208407402038574
1,task_2,9,27,0.7804273962974548,1.5267943143844604
1,task_2,9,28,0.8512715101242065,-0.40640029311180115
1,task_2,9,29,1.840764045715332,-4.043609142303467
1,task_2,10,0,0.036945685744285583,-1.2142747640609741
1,task_2,10,1,0.05367118865251541,-1.360170602798462
1,task_2,10,2,0.08071929961442947,-1.486606240272522
1,task_2,10,3,0.10573052614927292,-1.3467764854431152
1,task_2,10,4,0.13043196499347687,-1.3664436340332031
1,task_2,10,5,0.1583257019519806,-1.3340100049972534
1,task_2,10,6,0.18834219872951508,-1.1039273738861084
1,task_2,10,7,0.21893569827079773,-1.1614601612091064
1,task_2,10,8,0.26123443245887756,-0.9836252927780151
1,task_2,10,9,0.3001675605773926,-0.7558138370513916
1,task_2,10,10,0.34290748834609985,-0.6238580346107483
1,task_2,10,11,0.38242095708847046,-0.3222496509552002
1,task_2,10,12,0.42979851365089417,0.033968620002269745
1,task_2,10,13,0.4788595736026764,0.47406426072120667
1,task_2,10,14,0.5302554368972778,0.7108339667320251
1,task_2,10,15,0.574281632900238,0.8952071070671082
1,task_2,10,16,0.6414303183555603,0.977549135684967
1,task_2,10,17,0.6936787366867065,1.134584903717041
1,task_2,10,18,0.746670126914978,1.2183235883712769
1,task_2,10,19,0.8065580129623413,1.301665186882019
1,task_2,10,20,0.8681745529174805,1.2022103071212769
1,task_2,10,21,0.931938886642456,1.180664300918579
1,task_2,10,22,0.9994510412216187,1.112552285194397
1,task_2,10,23,1.055842638015747,1.0334607362747192
1,task_2,10,24,1.1193655729293823,0.8577650189399719
1,task_2,10,25,1.1829359531402588,0.5362939238548279
1,task_2,10,26,1.2463299036026,0.3559958338737488
1,task_2,10,27,1.3060575723648071,0.23961254954338074
1,task_2,10,28,1.3795197010040283,0.09423275291919708
1,task_2,10,29,1.9701344966888428,-0.29976874589920044
1,task_2,11,0,0.0,0.2658035159111023
1,task_2,11,1,0.0,0.2658035159111023
1,task_2,11,2,0.0,0.2658035159111023
1,task_2,11,3,0.0,0.2658035159111023
1,task_2,11,4,0.0,0.2658035159111023
1,task_2,11,5,0.0,0.2658035159111023
1,task_2,11,6,0.0,0.2658035159111023
1,task_2,11,7,0.0,0.2658035159111023
1,task_2,11,8,0.0,0.2658035159111023
1,task_2,11,9,0.0,0.2658035159111023
1,task_2,11,10,0.0,0.2658035159111023
1,task_2,11,11,0.0,0.2658035159111023
1,task_2,11,12,0.009816169738769531,0.23626987636089325
1,task_2,11,13,0.01506391167640686,0.22045353055000305
1,task_2,11,14,0.024528533220291138,0.1919410228729248
1,task_2,11,15,0.03142867982387543,0.17109841108322144
1,task_2,11,16,0.03620120882987976,0.1572335958480835
1,task_2,11,17,0.042680203914642334,0.1572335958480835
1,task_2,11,18,0.049619436264038086,0.13558541238307953
1,task_2,11,19,0.054657235741615295,0.11982014030218124
1,task_2,11,20,0.06148986518383026,0.09845183044672012
1,task_2,11,21,0.06379283964633942,0.0912584587931633
1,task_2,11,22,0.06692473590373993,0.08163704723119736
1,task_2,11,23,0.06983725726604462,0.08163704723119736
1,task_2,11,24,0.07215239107608795,0.07439829409122467
1,task_2,11,25,0.07416696846485138,0.07439829409122467
1,task_2,11,26,0.07616738975048065,0.06815799325704575
1,task_2,11,27,0.07866139709949493,0.06815799325704575
1,task_2,11,28,0.08145393431186676,0.05938752740621567
1,task_2,11,29,2.2984066009521484,-5.276762008666992
1,task_2,12,0,0.0,0.11368683725595474
1,task_2,12,1,0.0,0.11368683725595474
1,task_2,12,2,0.0,0.11368683725595474
1,task_2,12,3,0.0,0.11368683725595474
1,task_2,12,4,0.0,0.11368683725595474
1,task_2,12,5,0.0,0.11368683725595474
1,task_2,12,6,0.0,0.11368683725595474
1,task_2,12,7,0.0,0.11368683725595474
1,task_2,12,8,0.0,0.11368683725595474
1,task_2,12,9,0.0,0.11368683725595474
1,task_2,12,10,0.0,0.11368683725595474
1,task_2,12,11,0.0,0.11368683725595474
1,task_2,12,12,0.0,0.11368683725595474
1,task_2,12,13,0.0,0.11368683725595474
1,task_2,12,14,0.0,0.11368683725595474
1,task_2,12,15,0.0,0.11368683725595474
1,task_2,12,16,0.0,0.11368683725595474
1,task_2,12,17,0.0,0.11368683725595474
1,task_2,12,18,0.0,0.11368683725595474
1,task_2,12,19,0.0,0.11368683725595474
1,task_2,12,20,0.0,0.11368683725595474
1,task_2,12,21,0.0,0.11368683725595474
1,task_2,12,22,0.0,0.11368683725595474
1,task_2,12,23,0.0,0.11368683725595474
1,task_2,12,24,0.0,0.11368683725595474
1,task_2,12,25,0.0,0.11368683725595474
1,task_2,12,26,0.028818070888519287,0.11368683725595474
1,task_2,12,27,0.05905523896217346,0.11368683725595474
1,task_2,12,28,0.08948290348052979,0.11368683725595474
1,task_2,12,29,0.12854845821857452,0.11368683725595474
1,task_2,13,0,0.0,-0.11368683725595474
1,task_2,13,1,0.0,-0.11368683725595474
1,task_2,13,2,0.0,-0.11368683725595474
1,task_2,13,3,0.0,-0.11368683725595474
1,task_2,13,4,0.0,-0.11368683725595474
1,task_2,13,5,0.0,-0.11368683725595474
1,task_2,13,6,0.0,-0.11368683725595474
1,task_2,13,7,0.0,-0.11368683725595474
1,task_2,13,8,0.0,-0.11368683725595474
1,task_2,13,9,0.0,-0.11368683725595474
1,task_2,13,10,0.0,-0.11368683725595474
1,task_2,13,11,0.0,-0.11368683725595474
1,task_2,13,12,0.0,-0.11368683725595474
1,task_2,13,13,0.0,-0.11368683725595474
1,task_2,13,14,0.0032789409160614014,-0.11368683725595474
1,task_2,13,15,0.021762043237686157,-0.11368683725595474
1,task_2,13,16,0.042316704988479614,-0.11368683725595474
1,task_2,13,17,0.05934157967567444,-0.11368683725595474
1,task_2,13,18,0.07546448707580566,-0.11368683725595474
1,task_2,13,19,0.08900678157806396,-0.11368683725595474
1,task_2,13,20,0.10180556774139404,-0.11368683725595474
1,task_2,13,21,0.11240100860595703,-0.11368683725595474
1,task_2,13,22,0.12248024344444275,-0.11368683725595474
1,task_2,13,23,0.13242390751838684,-0.11368683725595474
1,task_2,13,24,0.14073702692985535,-0.11368683725595474
1,task_2,13,25,0.14822575449943542,-0.11368683725595474
1,task_2,13,26,0.15416115522384644,-0.11368683725595474
1,task_2,13,27,0.1619395613670349,-0.11368683725595474
1,task_2,13,28,0.16931608319282532,-0.11368683725595474
1,task_2,13,29,0.19763870537281036,-0.11368683725595474
1,task_2,14,0,0.0,0.23881199955940247
1,task_2,14,1,0.0,0.23881199955940247
1,task_2,14,2,0.0,0.23881199955940247
1,task_2,14,3,0.0,0.23881199955940247
1,task_2,14,4,0.0,0.23881199955940247
1,task_2,14,5,0.0,0.23881199955940247
1,task_2,14,6,0.0,0.23881199955940247
1,task_2,14,7,0.0,0.23881199955940247
1,task_2,14,8,0.0,0.23881199955940247
1,task_2,14,9,0.0,0.23881199955940247
1,task_2,14,10,0.0,0.23881199955940247
1,task_2,14,11,0.0,0.23881199955940247
1,task_2,14,12,0.0,0.23881199955940247
1,task_2,14,13,0.0,0.23881199955940247
1,task_2,14,14,0.0,0.23881199955940247
1,task_2,14,15,0.0,0.23881199955940247
1,task_2,14,16,0.0,0.23881199955940247
1,task_2,14,17,0.0,0.23881199955940247
1,task_2,14,18,0.0,0.23881199955940247
1,task_2,14,19,0.0,0.23881199955940247
1,task_2,14,20,0.0,0.23881199955940247
1,task_2,14,21,0.0,0.23881199955940247
1,task_2,14,22,0.0,0.23881199955940247
1,task_2,14,23,0.005500972270965576,0.2038978785276413
1,task_2,14,24,0.025312066078186035,0.07840722054243088
1,task_2,14,25,0.04221837595105171,-0.019229279831051826
1,task_2,14,26,0.054171573370695114,-0.09117186814546585
1,task_2,14,27,0.06922166794538498,-0.18365952372550964
1,task_2,14,28,0.07689350098371506,-0.2326817363500595
1,task_2,14,29,0.7211355566978455,-5.248238563537598
1,task_2,15,0,0.0,1.9657024145126343
1,task_2,15,1,0.02224332094192505,1.825893759727478
1,task_2,15,2,0.06141844391822815,1.5878827571868896
1,task_2,15,3,0.09656122326850891,1.3979642391204834
1,task_2,15,4,0.12884169816970825,1.229356050491333
1,task_2,15,5,0.16744616627693176,1.0499945878982544
1,task_2,15,6,0.2014922797679901,0.9047433137893677
1,task_2,15,7,0.23296386003494263,0.7640489339828491
1,task_2,15,8,0.2641178369522095,0.6289847493171692
1,task_2,15,9,0.28909868001937866,0.5109009146690369
1,task_2,15,10,0.3247217535972595,0.3542027771472931
1,task_2,15,11,0.34718969464302063,0.25731801986694336
1,task_2,15,12,0.3751581609249115,0.14294186234474182
1,task_2,15,13,0.39769497513771057,0.03392019122838974
1,task_2,15,14,0.4169138967990875,-0.08170891553163528
1,task_2,15,15,0.4348284900188446,-0.18693318963050842
1,task_2,15,16,0.45629122853279114,-0.32451677322387695
1,task_2,15,17,0.47513917088508606,-0.4315507113933563
1,task_2,15,18,0.4939962327480316,-0.549814760684967
1,task_2,15,19,0.5088590383529663,-0.6415364742279053
1,task_2,15,20,0.5231101512908936,-0.7210819125175476
1,task_2,15,21,0.5368077754974365,-0.7931801676750183
1,task_2,15,22,0.5489945411682129,-0.8601057529449463
1,task_2,15,23,0.5632165670394897,-0.936518669128418
1,task_2,15,24,0.5751457214355469,-0.9995706677436829
1,task_2,15,25,0.5870084762573242,-1.0630073547363281
1,task_2,15,26,0.5998349189758301,-1.1292742490768433
1,task_2,15,27,0.6090661287307739,-1.1732100248336792
1,task_2,15,28,0.6246085166931152,-1.2529934644699097
1,task_2,15,29,0.6774023175239563,-1.5088529586791992
1,task_2,16,0,0.0,-0.7871267199516296
1,task_2,16,1,0.0,-0.7871267199516296
1,task_2,16,2,0.0,-0.7871267199516296
1,task_2,16,3,0.0,-0.7871267199516296
1,task_2,16,4,0.0,-0.7871267199516296
1,task_2,16,5,0.0,-0.7871267199516296
1,task_2,16,6,0.0,-0.7871267199516296
1,task_2,16,7,0.0,-0.7871267199516296
1,task_2,16,8,0.0,-0.7871267199516296
1,task_2,16,9,0.0,-0.7871267199516296
1,task_2,16,10,0.0,-0.7871267199516296
1,task_2,16,11,0.0,-0.7871267199516296
1,task_2,16,12,0.0,-0.7871267199516296
1,task_2,16,13,0.05426311865448952,-0.6209207773208618
1,task_2,16,14,0.10733647644519806,-0.4657270908355713
1,task_2,16,15,0.1716882437467575,-0.27362117171287537
1,task_2,16,16,0.22639837861061096,-0.10588302463293076
1,task_2,16,17,0.2777861952781677,0.06268013268709183
1,task_2,16,18,0.322260320186615,0.20508301258087158
1,task_2,16,19,0.3658933639526367,0.35383981466293335
1,task_2,16,20,0.418329119682312,0.5235746502876282
1,task_2,16,21,0.4582940340042114,0.6475322246551514
1,task_2,16,22,0.48548802733421326,0.7361693978309631
1,task_2,16,23,0.5065542459487915,0.8109159469604492
1,task_2,16,24,0.5251669883728027,0.8771915435791016
1,task_2,16,25,0.5349860191345215,0.9117326736450195
1,task_2,16,26,0.5400510430335999,0.9280633330345154
1,task_2,16,27,0.5453876852989197,0.9460391998291016
1,task_2,16,28,0.5523530840873718,0.9678007364273071
1,task_2,16,29,1.7437403202056885,3.728174924850464
1,task_2,17,0,9.999999747378752e-05,-0.11368683725595474
1,task_2,17,1,9.999999747378752e-05,-0.11368683725595474
1,task_2,17,2,9.999999747378752e-05,-0.11368683725595474
1,task_2,17,3,9.999999747378752e-05,-0.11368683725595474
1,task_2,17,4,9.999999747378752e-05,-0.11368683725595474
1,task_2,17,5,9.999999747378752e-05,-0.11368683725595474
1,task_2,17,6,9.999999747378752e-05,-0.11368683725595474
1,task_2,17,7,9.999999747378752e-05,-0.11368683725595474
1,task_2,17,8,9.999999747378752e-05,-0.11368683725595474
1,task_2,17,9,9.999999747378752e-05,-0.11368683725595474
1,task_2,17,10,9.999999747378752e-05,-0.11368683725595474
1,task_2,17,11,9.999999747378752e-05,-0.11368683725595474
1,task_2,17,12,9.999999747378752e-05,-0.11368683725595474
1,task_2,17,13,9.999999747378752e-05,-0.11368683725595474
1,task_2,17,14,9.999999747378752e-05,-0.11368683725595474
1,task_2,17,15,9.999999747378752e-05,-0.11368683725595474
1,task_2,17,16,9.999999747378752e-05,-0.11368683725595474
1,task_2,17,17,9.999999747378752e-05,-0.11368683725595474
1,task_2,17,18,9.999999747378752e-05,-0.11368683725595474
1,task_2,17,19,9.999999747378752e-05,-0.11368683725595474
1,task_2,17,20,9.999999747378752e-05,-0.11368683725595474
1,task_2,17,21,9.999999747378752e-05,-0.11368683725595474
1,task_2,17,22,9.999999747378752e-05,-0.11368683725595474
1,task_2,17,23,9.999999747378752e-05,-0.11368683725595474
1,task_2,17,24,9.999999747378752e-05,-0.11368683725595474
1,task_2,17,25,9.999999747378752e-05,-0.11368683725595474
1,task_2,17,26,9.999999747378752e-05,-0.11368683725595474
1,task_2,17,27,9.999999747378752e-05,-0.11368683725595474
1,task_2,17,28,9.999999747378752e-05,-0.11368683725595474
1,task_2,17,29,9.999999747378752e-05,-0.11368683725595474
1,task_2,18,0,0.0,0.8122395277023315
1,task_2,18,1,0.0,0.8122395277023315
1,task_2,18,2,0.0,0.8122395277023315
1,task_2,18,3,0.0,0.8122395277023315
1,task_2,18,4,0.0,0.8122395277023315
1,task_2,18,5,0.0,0.8122395277023315
1,task_2,18,6,0.0,0.8122395277023315
1,task_2,18,7,0.0,0.8122395277023315
1,task_2,18,8,0.0,0.8122395277023315
1,task_2,18,9,0.0,0.8122395277023315
1,task_2,18,10,0.0,0.8122395277023315
1,task_2,18,11,0.0,0.8122395277023315
1,task_2,18,12,0.0,0.8122395277023315
1,task_2,18,13,0.0,0.8122395277023315
1,task_2,18,14,0.03741811215877533,0.7317849397659302
1,task_2,18,15,0.13265469670295715,0.5340785384178162
1,task_2,18,16,0.22461462020874023,0.33868706226348877
1,task_2,18,17,0.32566532492637634,0.0794890820980072
1,task_2,18,18,0.417044460773468,-0.16565342247486115
1,task_2,18,19,0.5074760317802429,-0.3820476531982422
1,task_2,18,20,0.5936295986175537,-0.5665330290794373
1,task_2,18,21,0.6669814586639404,-0.7070359587669373
1,task_2,18,22,0.7417040467262268,-0.8570140600204468
1,task_2,18,23,0.8264718651771545,-1.0304261445999146
1,task_2,18,24,0.8725218176841736,-1.1245330572128296
1,task_2,18,25,0.9299923777580261,-1.2598563432693481
1,task_2,18,26,0.9673660397529602,-1.3581459522247314
1,task_2,18,27,1.0008273124694824,-1.4478434324264526
1,task_2,18,28,1.0262173414230347,-1.529787302017212
1,task_2,18,29,1.3861658573150635,-2.626513957977295
1,task_2,19,0,0.0664893239736557,1.0915002822875977
1,task_2,19,1,0.10070328414440155,0.3460237979888916
1,task_2,19,2,0.14343136548995972,-0.22913174331188202
1,task_2,19,3,0.17989298701286316,-0.34998762607574463
1,task_2,19,4,0.20736688375473022,-0.32552483677864075
1,task_2,19,5,0.2450835108757019,-0.5174307227134705
1,task_2,19,6,0.27622416615486145,-0.6504867076873779
1,task_2,19,7,0.31087735295295715,-0.8332870006561279
1,task_2,19,8,0.3418402075767517,-1.0392704010009766
1,task_2,19,9,0.37007465958595276,-1.2904733419418335
1,task_2,19,10,0.39253097772598267,-1.5134884119033813
1,task_2,19,11,0.41589346528053284,-1.4187382459640503
1,task_2,19,12,0.4437001049518585,-1.18321692943573
1,task_2,19,13,0.4744712710380554,-1.008394718170166
1,task_2,19,14,0.5034233927726746,-0.7515529990196228
1,task_2,19,15,0.5261806845664978,-0.6169106960296631
1,task_2,19,16,0.55361407995224,-0.41511496901512146
1,task_2,19,17,0.5728384852409363,-0.27235209941864014
1,task_2,19,18,0.6005706191062927,-0.07233071327209473
1,task_2,19,19,0.625333845615387,0.05836126208305359
1,task_2,19,20,0.6581413149833679,0.2823709547519684
1,task_2,19,21,0.6878798007965088,0.4570004940032959
1,task_2,19,22,0.7204031348228455,0.5687054395675659
1,task_2,19,23,0.754798412322998,0.7538783550262451
1,task_2,19,24,0.7888234853744507,0.9171459674835205
1,task_2,19,25,0.8269978165626526,1.1870406866073608
1,task_2,19,26,0.8701338171958923,1.5199618339538574
1,task_2,19,27,0.913090169429779,1.8220847845077515
1,task_2,19,28,0.9564650654792786,2.0792789459228516
1,task_2,19,29,1.3491424322128296,1.404343843460083
1,task_2,20,0,0.0,0.7972108721733093
1,task_2,20,1,0.0,0.7972108721733093
1,task_2,20,2,0.0,0.7972108721733093
1,task_2,20,3,0.0,0.7972108721733093
1,task_2,20,4,0.0,0.7972108721733093
1,task_2,20,5,0.0,0.7972108721733093
1,task_2,20,6,0.0,0.7972108721733093
1,task_2,20,7,0.0,0.7972108721733093
1,task_2,20,8,0.0,0.7972108721733093
1,task_2,20,9,0.0,0.7972108721733093
1,task_2,20,10,0.0,0.7972108721733093
1,task_2,20,11,0.003851231187582016,0.7879836559295654
1,task_2,20,12,0.018672652542591095,0.7533101439476013
1,task_2,20,13,0.03892611712217331,0.7031767964363098
1,task_2,20,14,0.0628654733300209,0.6429786682128906
1,task_2,20,15,0.11542748659849167,0.49936896562576294
1,task_2,20,16,0.1726723313331604,0.332199364900589
1,task_2,20,17,0.2401069700717926,0.13941480219364166
1,task_2,20,18,0.29911115765571594,-0.029710983857512474
1,task_2,20,19,0.36551475524902344,-0.20641560852527618
1,task_2,20,20,0.44170594215393066,-0.40363186597824097
1,task_2,20,21,0.5036707520484924,-0.5546405911445618
1,task_2,20,22,0.5795947909355164,-0.7412989735603333
1,task_2,20,23,0.6455774903297424,-0.9046151638031006
1,task_2,20,24,0.7188605070114136,-1.0761981010437012
1,task_2,20,25,0.7895216941833496,-1.243431568145752
1,task_2,20,26,0.8646683096885681,-1.4309346675872803
1,task_2,20,27,0.9202792644500732,-1.579530954360962
1,task_2,20,28,0.9792907238006592,-1.7434338331222534
1,task_2,20,29,1.342777967453003,-2.71390962600708
1,task_2,21,0,0.0,1.048567771911621
1,task_2,21,1,0.0,1.048567771911621
1,task_2,21,2,0.0,1.048567771911621
1,task_2,21,3,0.0,1.048567771911621
1,task_2,21,4,0.0,1.048567771911621
1,task_2,21,5,0.0,1.048567771911621
1,task_2,21,6,0.0,1.048567771911621
1,task_2,21,7,0.0,1.048567771911621
1,task_2,21,8,0.0,1.048567771911621
1,task_2,21,9,0.0025465041399002075,1.0436046123504639
1,task_2,21,10,0.0372331440448761,0.9706258773803711
1,task_2,21,11,0.07210030406713486,0.7865551114082336
1,task_2,21,12,0.10425956547260284,0.5987539291381836
1,task_2,21,13,0.13905104994773865,0.37511757016181946
1,task_2,21,14,0.17614015936851501,0.16734378039836884
1,task_2,21,15,0.21002164483070374,-0.012845558114349842
1,task_2,21,16,0.24077296257019043,-0.1777336448431015
1,task_2,21,17,0.27593815326690674,-0.3617168962955475
1,task_2,21,18,0.3070043921470642,-0.5226883888244629
1,task_2,21,19,0.3344694972038269,-0.6637059450149536
1,task_2,21,20,0.3629084825515747,-0.7969512343406677
1,task_2,21,21,0.3821820616722107,-0.8841712474822998
1,task_2,21,22,0.40168631076812744,-0.9718461036682129
1,task_2,21,23,0.41453346610069275,-1.0285247564315796
1,task_2,21,24,0.4245188236236572,-1.0721111297607422
1,task_2,21,25,0.43257972598075867,-1.107394814491272
1,task_2,21,26,0.4392591714859009,-1.137010097503662
1,task_2,21,27,0.44702935218811035,-1.1709070205688477
1,task_2,21,28,0.45441779494285583,-1.2034634351730347
1,task_2,21,29,0.6849883198738098,-2.2680397033691406
1,task_2,22,0,0.0,-1.748321294784546
1,task_2,22,1,0.0,-1.748321294784546
1,task_2,22,2,0.0,-1.748321294784546
1,task_2,22,3,0.0,-1.748321294784546
1,task_2,22,4,0.012334950268268585,-1.6386535167694092
1,task_2,22,5,0.04869880899786949,-1.272850513458252
1,task_2,22,6,0.08249019831418991,-0.9447680115699768
1,task_2,22,7,0.11024460196495056,-0.5686281323432922
1,task_2,22,8,0.1341378390789032,-0.3158882260322571
1,task_2,22,9,0.1504553109407425,-0.1583843231201172
1,task_2,22,10,0.16417115926742554,-0.038596443831920624
1,task_2,22,11,0.17657563090324402,0.06238573044538498
1,task_2,22,12,0.18995121121406555,0.16233904659748077
1,task_2,22,13,0.19941319525241852,0.23085074126720428
1,task_2,22,14,0.2122543305158615,0.31065306067466736
1,task_2,22,15,0.221579447388649,0.3572263717651367
1,task_2,22,16,0.23345233500003815,0.42657560110092163
1,task_2,22,17,0.24032311141490936,0.4564424455165863
1,task_2,22,18,0.24995170533657074,0.4967571198940277
1,task_2,22,19,0.2582572400569916,0.5291595458984375
1,task_2,22,20,0.2676476836204529,0.5768413543701172
1,task_2,22,21,0.2751021981239319,0.6285801529884338
1,task_2,22,22,0.2813015878200531,0.6749328374862671
1,task_2,22,23,0.285852313041687,0.7124747037887573
1,task_2,22,24,0.2903980612754822,0.7460793256759644
1,task_2,22,25,0.29581934213638306,0.7870611548423767
1,task_2,22,26,0.30025309324264526,0.8222561478614807
1,task_2,22,27,0.3040207624435425,0.852012038230896
1,task_2,22,28,0.3104979991912842,0.9042761325836182
1,task_2,22,29,0.6159144639968872,2.1941452026367188
1,task_2,23,0,0.0,-0.11368683725595474
1,task_2,23,1,0.0,-0.11368683725595474
1,task_2,23,2,0.0,-0.11368683725595474
1,task_2,23,3,0.0,-0.11368683725595474
1,task_2,23,4,0.0,-0.11368683725595474
1,task_2,23,5,0.0,-0.11368683725595474
1,task_2,23,6,0.0,-0.11368683725595474
1,task_2,23,7,0.0,-0.11368683725595474
1,task_2,23,8,0.0,-0.11368683725595474
1,task_2,23,9,0.0,-0.11368683725595474
1,task_2,23,10,0.0,-0.11368683725595474
1,task_2,23,11,0.0,-0.11368683725595474
1,task_2,23,12,0.0,-0.11368683725595474
1,task_2,23,13,0.0,-0.11368683725595474
1,task_2,23,14,0.0,-0.11368683725595474
1,task_2,23,15,0.0,-0.11368683725595474
1,task_2,23,16,0.0,-0.11368683725595474
1,task_2,23,17,0.0,-0.11368683725595474
1,task_2,23,18,0.0,-0.11368683725595474
1,task_2,23,19,0.0,-0.11368683725595474
1,task_2,23,20,0.0,-0.11368683725595474
1,task_2,23,21,0.0,-0.11368683725595474
1,task_2,23,22,0.0,-0.11368683725595474
1,task_2,23,23,0.0014912784099578857,-0.11368683725595474
1,task_2,23,24,0.007374763488769531,-0.11368683725595474
1,task_2,23,25,0.012675195932388306,-0.11368683725595474
1,task_2,23,26,0.01865929365158081,-0.11368683725595474
1,task_2,23,27,0.026517152786254883,-0.11368683725595474
1,task_2,23,28,0.03400716185569763,-0.11368683725595474
1,task_2,23,29,0.06459181010723114,-0.11368683725595474
1,task_2,24,0,0.0,0.6167733073234558
1,task_2,24,1,0.0,0.6167733073234558
1,task_2,24,2,0.0,0.6167733073234558
1,task_2,24,3,0.0,0.6167733073234558
1,task_2,24,4,0.0,0.6167733073234558
1,task_2,24,5,0.0,0.6167733073234558
1,task_2,24,6,0.0,0.6167733073234558
1,task_2,24,7,0.0,0.6167733073234558
1,task_2,24,8,0.0,0.6167733073234558
1,task_2,24,9,0.0,0.6167733073234558
1,task_2,24,10,0.0,0.6167733073234558
1,task_2,24,11,0.0,0.6167733073234558
1,task_2,24,12,0.0,0.6167733073234558
1,task_2,24,13,0.0,0.6167733073234558
1,task_2,24,14,0.0,0.6167733073234558
1,task_2,24,15,0.0,0.6167733073234558
1,task_2,24,16,0.0,0.6167733073234558
1,task_2,24,17,0.0,0.6167733073234558
1,task_2,24,18,0.0035563111305236816,0.5925136804580688
1,task_2,24,19,0.030527137219905853,0.4244315028190613
1,task_2,24,20,0.06045498698949814,0.18169595301151276
1,task_2,24,21,0.10362870246171951,-0.1712261289358139
1,task_2,24,22,0.138555645942688,-0.4522314965724945
1,task_2,24,23,0.18111717700958252,-0.7948862910270691
1,task_2,24,24,0.2189103662967682,-1.117314338684082
1,task_2,24,25,0.2589645981788635,-1.4866212606430054
1,task_2,24,26,0.29660218954086304,-1.7963852882385254
1,task_2,24,27,0.3313194215297699,-2.0138614177703857
1,task_2,24,28,0.37601423263549805,-2.2340164184570312
1,task_2,24,29,0.4293419420719147,-2.2340164184570312
1,task_2,25,0,0.0,0.0
1,task_2,25,1,0.0,0.0
1,task_2,25,2,0.0,0.0
1,task_2,25,3,0.0,0.0
1,task_2,25,4,0.0,0.0
1,task_2,25,5,0.0,0.0
1,task_2,25,6,0.0,0.0
1,task_2,25,7,0.0,0.0
1,task_2,25,8,0.0,0.0
1,task_2,25,9,0.0,0.0
1,task_2,25,10,0.0,0.0
1,task_2,25,11,0.0,0.0
1,task_2,25,12,0.0,0.0
1,task_2,25,13,0.0,0.0
1,task_2,25,14,0.0,0.0
1,task_2,25,15,0.0,0.0
1,task_2,25,16,0.0,0.0
1,task_2,25,17,0.0,0.0
1,task_2,25,18,0.0017005577683448792,0.0
1,task_2,25,19,0.03424576669931412,0.0
1,task_2,25,20,0.0932251363992691,0.0
1,task_2,25,21,0.15954473614692688,0.0
1,task_2,25,22,0.22645482420921326,0.0
1,task_2,25,23,0.30750006437301636,0.0
1,task_2,25,24,0.3531273603439331,0.0
1,task_2,25,25,0.42708683013916016,0.0
1,task_2,25,26,0.4863687753677368,0.0
1,task_2,25,27,0.543709933757782,0.0
1,task_2,25,28,0.584176242351532,0.0
1,task_2,25,29,0.6647459864616394,0.0
1,task_2,26,0,0.0,-0.29264745116233826
1,task_2,26,1,0.0,-0.29264745116233826
1,task_2,26,2,0.0,-0.29264745116233826
1,task_2,26,3,0.0,-0.29264745116233826
1,task_2,26,4,0.0,-0.29264745116233826
1,task_2,26,5,0.0,-0.29264745116233826
1,task_2,26,6,0.0,-0.29264745116233826
1,task_2,26,7,0.0,-0.29264745116233826
1,task_2,26,8,0.0,-0.29264745116233826
1,task_2,26,9,0.0,-0.29264745116233826
1,task_2,26,10,0.0,-0.29264745116233826
1,task_2,26,11,0.0,-0.29264745116233826
1,task_2,26,12,0.0,-0.29264745116233826
1,task_2,26,13,0.0,-0.29264745116233826
1,task_2,26,14,0.0,-0.29264745116233826
1,task_2,26,15,0.0,-0.29264745116233826
1,task_2,26,16,0.0,-0.29264745116233826
1,task_2,26,17,0.0,-0.29264745116233826
1,task_2,26,18,0.0,-0.29264745116233826
1,task_2,26,19,0.0,-0.29264745116233826
1,task_2,26,20,0.0,-0.29264745116233826
1,task_2,26,21,0.0,-0.29264745116233826
1,task_2,26,22,0.007375568151473999,-0.2866887152194977
1,task_2,26,23,0.08717742562294006,-0.18973590433597565
1,task_2,26,24,0.15015392005443573,-0.09120015054941177
1,task_2,26,25,0.2229291945695877,0.025023141875863075
1,task_2,26,26,0.3048299551010132,0.30099812150001526
1,task_2,26,27,0.3769758343696594,0.618008553981781
1,task_2,26,28,0.46041250228881836,1.0130919218063354
1,task_2,26,29,2.1964263916015625,5.048746585845947
1,task_2,27,0,0.0,-0.46949300169944763
1,task_2,27,1,0.0005607903003692627,-0.46949300169944763
1,task_2,27,2,0.0006416365504264832,-0.46949300169944763
1,task_2,27,3,0.0010293573141098022,-0.46949300169944763
1,task_2,27,4,0.0012616366147994995,-0.46760305762290955
1,task_2,27,5,0.0013350024819374084,-0.46760305762290955
1,task_2,27,6,0.002832189202308655,-0.4537239074707031
1,task_2,27,7,0.002838738262653351,-0.4537239074707031
1,task_2,27,8,0.004215165972709656,-0.43910613656044006
1,task_2,27,9,0.004251256585121155,-0.43910613656044006
1,task_2,27,10,0.004634685814380646,-0.43910613656044006
1,task_2,27,11,0.005085870623588562,-0.4349988102912903
1,task_2,27,12,0.008072059601545334,-0.40561825037002563
1,task_2,27,13,0.008407402783632278,-0.4036160409450531
1,task_2,27,14,0.00859135016798973,-0.40195998549461365
1,task_2,27,15,0.009329576045274734,-0.3948727250099182
1,task_2,27,16,0.014134060591459274,-0.3494749963283539
1,task_2,27,17,0.015042908489704132,-0.34091413021087646
1,task_2,27,18,0.016289182007312775,-0.3288961946964264
1,task_2,27,19,0.016339845955371857,-0.3288961946964264
1,task_2,27,20,0.016563154757022858,-0.3288961946964264
1,task_2,27,21,0.02197442203760147,-0.2792689800262451
1,task_2,27,22,0.02233387902379036,-0.27605047821998596
1,task_2,27,23,0.026890460401773453,-0.2378094494342804
1,task_2,27,24,0.02705290913581848,-0.23663057386875153
1,task_2,27,25,0.029687579721212387,-0.2106868326663971
1,task_2,27,26,0.7639151215553284,2.499133348464966
1,task_2,27,27,0.7639151215553284,2.499133348464966
1,task_2,27,28,0.7639151215553284,2.499133348464966
1,task_2,27,29,0.7639151215553284,2.499133348464966
1,task_2,28,0,9.999999747378752e-05,-0.0008881784160621464
1,task_2,28,1,9.999999747378752e-05,-0.0008881784160621464
1,task_2,28,2,9.999999747378752e-05,-0.0008881784160621464
1,task_2,28,3,9.999999747378752e-05,-0.0008881784160621464
1,task_2,28,4,9.999999747378752e-05,-0.0008881784160621464
1,task_2,28,5,9.999999747378752e-05,-0.0008881784160621464
1,task_2,28,6,9.999999747378752e-05,-0.0008881784160621464
1,task_2,28,7,9.999999747378752e-05,-0.0008881784160621464
1,task_2,28,8,9.999999747378752e-05,-0.0008881784160621464
1,task_2,28,9,9.999999747378752e-05,-0.0008881784160621464
1,task_2,28,10,9.999999747378752e-05,-0.0008881784160621464
1,task_2,28,11,9.999999747378752e-05,-0.0008881784160621464
1,task_2,28,12,9.999999747378752e-05,-0.0008881784160621464
1,task_2,28,13,9.999999747378752e-05,-0.0008881784160621464
1,task_2,28,14,9.999999747378752e-05,-0.0008881784160621464
1,task_2,28,15,9.999999747378752e-05,-0.0008881784160621464
1,task_2,28,16,9.999999747378752e-05,-0.0008881784160621464
1,task_2,28,17,9.999999747378752e-05,-0.0008881784160621464
1,task_2,28,18,9.999999747378752e-05,-0.0008881784160621464
1,task_2,28,19,9.999999747378752e-05,-0.0008881784160621464
1,task_2,28,20,9.999999747378752e-05,-0.0008881784160621464
1,task_2,28,21,9.999999747378752e-05,-0.0008881784160621464
1,task_2,28,22,9.999999747378752e-05,-0.0008881784160621464
1,task_2,28,23,9.999999747378752e-05,-0.0008881784160621464
1,task_2,28,24,9.999999747378752e-05,-0.0008881784160621464
1,task_2,28,25,9.999999747378752e-05,-0.0008881784160621464
1,task_2,28,26,9.999999747378752e-05,-0.0008881784160621464
1,task_2,28,27,9.999999747378752e-05,-0.0008881784160621464
1,task_2,28,28,9.999999747378752e-05,-0.0008881784160621464
1,task_2,28,29,9.999999747378752e-05,-0.0008881784160621464
1,task_2,29,0,0.5111215710639954,-1.4873535633087158
1,task_2,29,1,0.6326550245285034,-1.222870111465454
1,task_2,29,2,0.6618276834487915,-1.1564717292785645
1,task_2,29,3,0.6884177327156067,-1.0943822860717773
1,task_2,29,4,0.7237436771392822,-1.0131601095199585
1,task_2,29,5,0.7494350671768188,-0.9512919783592224
1,task_2,29,6,0.7788300514221191,-0.8787678480148315
1,task_2,29,7,0.8161776661872864,-0.7796351909637451
1,task_2,29,8,0.8596155643463135,-0.6676951050758362
1,task_2,29,9,0.8956425786018372,-0.5755897164344788
1,task_2,29,10,0.9414172768592834,-0.4514273405075073
1,task_2,29,11,0.9759061336517334,-0.357764333486557
1,task_2,29,12,1.0143382549285889,-0.25574618577957153
1,task_2,29,13,1.0492846965789795,-0.16144534945487976
1,task_2,29,14,1.0828070640563965,-0.06883418560028076
1,task_2,29,15,1.115365982055664,0.01846463419497013
1,task_2,29,16,1.155626893043518,0.13027389347553253
1,task_2,29,17,1.1820729970932007,0.20663802325725555
1,task_2,29,18,1.2198705673217773,0.32037052512168884
1,task_2,29,19,1.2465901374816895,0.4022364020347595
1,task_2,29,20,1.2741749286651611,0.488496869802475
1,task_2,29,21,1.3016142845153809,0.579318106174469
1,task_2,29,22,1.314226746559143,0.6208840608596802
1,task_2,29,23,1.3312187194824219,0.6775960922241211
1,task_2,29,24,1.3496664762496948,0.7376099228858948
1,task_2,29,25,1.3609496355056763,0.7760774493217468
1,task_2,29,26,1.3712457418441772,0.8113076090812683
1,task_2,29,27,1.3812782764434814,0.845029890537262
1,task_2,29,28,1.3897721767425537,0.8725661039352417
1,task_2,29,29,2.506962776184082,3.6355605125427246
1,task_2,30,0,0.0,-0.27763432264328003
1,task_2,30,1,0.0,-0.27763432264328003
1,task_2,30,2,0.0,-0.27763432264328003
1,task_2,30,3,0.0,-0.27763432264328003
1,task_2,30,4,0.0,-0.27763432264328003
1,task_2,30,5,0.0,-0.27763432264328003
1,task_2,30,6,0.0,-0.27763432264328003
1,task_2,30,7,0.0,-0.27763432264328003
1,task_2,30,8,0.0,-0.27763432264328003
1,task_2,30,9,0.0,-0.27763432264328003
1,task_2,30,10,0.0,-0.27763432264328003
1,task_2,30,11,0.0,-0.27763432264328003
1,task_2,30,12,0.0,-0.27763432264328003
1,task_2,30,13,0.0,-0.27763432264328003
1,task_2,30,14,0.0,-0.27763432264328003
1,task_2,30,15,0.0,-0.27763432264328003
1,task_2,30,16,0.0,-0.27763432264328003
1,task_2,30,17,0.0027070119976997375,-0.2678454518318176
1,task_2,30,18,0.020123757421970367,-0.21030265092849731
1,task_2,30,19,0.03238620609045029,-0.16953489184379578
1,task_2,30,20,0.04400230199098587,-0.12651462852954865
1,task_2,30,21,0.05648841708898544,-0.07851186394691467
1,task_2,30,22,0.06488504260778427,-0.04398447647690773
1,task_2,30,23,0.07249820977449417,-0.012927397154271603
1,task_2,30,24,0.08059031516313553,0.020444117486476898
1,task_2,30,25,0.08750943094491959,0.046387217938899994
1,task_2,30,26,0.09285450726747513,0.06896807253360748
1,task_2,30,27,0.10017704218626022,0.0994357168674469
1,task_2,30,28,0.11200868338346481,0.15200114250183105
1,task_2,30,29,1.5088361501693726,5.242167949676514
1,task_2,31,0,0.0,0.9849303364753723
1,task_2,31,1,0.0,0.9849303364753723
1,task_2,31,2,0.0,0.9849303364753723
1,task_2,31,3,0.0,0.9849303364753723
1,task_2,31,4,0.0074379295110702515,0.976126492023468
1,task_2,31,5,0.03748182952404022,0.9450904726982117
1,task_2,31,6,0.07338734716176987,0.9068171977996826
1,task_2,31,7,0.10997477173805237,0.8693794012069702
1,task_2,31,8,0.1630791425704956,0.8123242855072021
1,task_2,31,9,0.21736474335193634,0.7535692453384399
1,task_2,31,10,0.27820438146591187,0.6871802806854248
1,task_2,31,11,0.34288814663887024,0.6155202388763428
1,task_2,31,12,0.409027636051178,0.5420030951499939
1,task_2,31,13,0.48174893856048584,0.4576590359210968
1,task_2,31,14,0.5617644190788269,0.3575064539909363
1,task_2,31,15,0.6392836570739746,0.24036329984664917
1,task_2,31,16,0.7279362678527832,0.10592479258775711
1,task_2,31,17,0.8210629224777222,-0.025812001898884773
1,task_2,31,18,0.9065213203430176,-0.14459393918514252
1,task_2,31,19,1.0018656253814697,-0.28427115082740784
1,task_2,31,20,1.0906037092208862,-0.40802279114723206
1,task_2,31,21,1.1793310642242432,-0.5324856042861938
1,task_2,31,22,1.2639509439468384,-0.652830183506012
1,task_2,31,23,1.354115605354309,-0.8125126361846924
1,task_2,31,24,1.4388103485107422,-0.9811440706253052
1,task_2,31,25,1.5237387418746948,-1.1449694633483887
1,task_2,31,26,1.5989700555801392,-1.2798728942871094
1,task_2,31,27,1.6721876859664917,-1.4074088335037231
1,task_2,31,28,1.7399191856384277,-1.5256332159042358
1,task_2,31,29,2.6091434955596924,-3.0096261501312256
1,task_2,32,0,0.644952118396759,-1.8201117515563965
1,task_2,32,1,0.7419003844261169,-1.4428073167800903
1,task_2,32,2,0.8462051153182983,-1.0614982843399048
1,task_2,32,3,0.9337460398674011,-0.7783192992210388
1,task_2,32,4,1.0018184185028076,-0.557285487651825
1,task_2,32,5,1.0770187377929688,-0.3294026851654053
1,task_2,32,6,1.1156117916107178,-0.2205715924501419
1,task_2,32,7,1.1311286687850952,-0.18025177717208862
1,task_2,32,8,1.1404768228530884,-0.1543678343296051
1,task_2,32,9,1.1512633562088013,-0.12038558721542358
1,task_2,32,10,1.1575078964233398,-0.10551418364048004
1,task_2,32,11,1.163633942604065,-0.08764190971851349
1,task_2,32,12,1.170027732849121,-0.07395663857460022
1,task_2,32,13,1.1764039993286133,-0.05730200558900833
1,task_2,32,14,1.1830379962921143,-0.0404779277741909
1,task_2,32,15,1.1920868158340454,-0.01795603521168232
1,task_2,32,16,1.2016252279281616,0.006446298211812973
1,task_2,32,17,1.2135778665542603,0.0384061336517334
1,task_2,32,18,1.221400499343872,0.06528447568416595
1,task_2,32,19,1.2333147525787354,0.09995892643928528
1,task_2,32,20,1.2441340684890747,0.1298331320285797
1,task_2,32,21,1.2545994520187378,0.1573704332113266
1,task_2,32,22,1.2672075033187866,0.20104749500751495
1,task_2,32,23,1.273005723953247,0.2207137644290924
1,task_2,32,24,1.282090425491333,0.2516557574272156
1,task_2,32,25,1.290073037147522,0.28454428911209106
1,task_2,32,26,1.2970247268676758,0.3112070858478546
1,task_2,32,27,1.307502031326294,0.34918439388275146
1,task_2,32,28,1.3175718784332275,0.3885999321937561
1,task_2,32,29,2.4529597759246826,4.543595314025879
1,task_2,33,0,0.0,2.103637218475342
1,task_2,33,1,0.0,2.103637218475342
1,task_2,33,2,0.0,2.103637218475342
1,task_2,33,3,0.034596145153045654,1.7645777463912964
1,task_2,33,4,0.07691483199596405,1.2828088998794556
1,task_2,33,5,0.12054680287837982,0.8417952656745911
1,task_2,33,6,0.15927748382091522,0.48156675696372986
1,task_2,33,7,0.20152725279331207,0.1783299595117569
1,task_2,33,8,0.24345086514949799,-0.08972127735614777
1,task_2,33,9,0.27129775285720825,-0.26790758967399597
1,task_2,33,10,0.29956793785095215,-0.453190416097641
1,task_2,33,11,0.3208642601966858,-0.5708702802658081
1,task_2,33,12,0.34848880767822266,-0.7029894590377808
1,task_2,33,13,0.37133079767227173,-0.7395541071891785
1,task_2,33,14,0.3901600241661072,-0.7456838488578796
1,task_2,33,15,0.4036836624145508,-0.7390841841697693
1,task_2,33,16,0.41626477241516113,-0.751564085483551
1,task_2,33,17,0.42485934495925903,-0.734874963760376
1,task_2,33,18,0.43237578868865967,-0.713722288608551
1,task_2,33,19,0.43882566690444946,-0.6945486664772034
1,task_2,33,20,0.4473026394844055,-0.6580583453178406
1,task_2,33,21,0.454984188079834,-0.6320750117301941
1,task_2,33,22,0.4606483578681946,-0.6222091913223267
1,task_2,33,23,0.4688352942466736,-0.5916475057601929
1,task_2,33,24,0.47671598196029663,-0.5854835510253906
1,task_2,33,25,0.48434871435165405,-0.5649706721305847
1,task_2,33,26,0.4952770471572876,-0.5259819626808167
1,task_2,33,27,0.5092244744300842,-0.5003408193588257
1,task_2,33,28,0.5199412703514099,-0.4515315592288971
1,task_2,33,29,1.6356675624847412,1.4760247468948364
1,task_2,34,0,0.0,-0.7477136850357056
1,task_2,34,1,0.0,-0.7477136850357056
1,task_2,34,2,0.0,-0.7477136850357056
1,task_2,34,3,0.0,-0.7477136850357056
1,task_2,34,4,0.0,-0.7477136850357056
1,task_2,34,5,0.0,-0.7477136850357056
1,task_2,34,6,0.0,-0.7477136850357056
1,task_2,34,7,0.0,-0.7477136850357056
1,task_2,34,8,0.0,-0.7477136850357056
1,task_2,34,9,0.0,-0.7477136850357056
1,task_2,34,10,0.0,-0.7477136850357056
1,task_2,34,11,0.012232080101966858,-0.6774587035179138
1,task_2,34,12,0.04578632861375809,-0.47389575839042664
1,task_2,34,13,0.0835171565413475,-0.24217425286769867
1,task_2,34,14,0.10470960289239883,-0.11797182261943817
1,task_2,34,15,0.11872059851884842,-0.032478757202625275
1,task_2,34,16,0.1358177661895752,0.0747075155377388
1,task_2,34,17,0.1499614417552948,0.16367198526859283
1,task_2,34,18,0.16019603610038757,0.22687990963459015
1,task_2,34,19,0.1700306534767151,0.28795745968818665
1,task_2,34,20,0.1792580485343933,0.34602853655815125
1,task_2,34,21,0.18535056710243225,0.38358405232429504
1,task_2,34,22,0.1925143599510193,0.42741918563842773
1,task_2,34,23,0.20031964778900146,0.4773648977279663
1,task_2,34,24,0.20518222451210022,0.5078166127204895
1,task_2,34,25,0.21111485362052917,0.5444809794425964
1,task_2,34,26,0.21836397051811218,0.5931946039199829
1,task_2,34,27,0.22491082549095154,0.6362096667289734
1,task_2,34,28,0.23310014605522156,0.6875900030136108
1,task_2,34,29,1.0182455778121948,4.411922454833984
1,task_2,35,0,0.0,-0.7930647134780884
1,task_2,35,1,0.0,-0.7930647134780884
1,task_2,35,2,0.0,-0.7930647134780884
1,task_2,35,3,0.0,-0.7930647134780884
1,task_2,35,4,0.0,-0.7930647134780884
1,task_2,35,5,0.0,-0.7930647134780884
1,task_2,35,6,0.0,-0.7930647134780884
1,task_2,35,7,0.0,-0.7930647134780884
1,task_2,35,8,0.0,-0.7930647134780884
1,task_2,35,9,0.0,-0.7930647134780884
1,task_2,35,10,0.0,-0.7930647134780884
1,task_2,35,11,0.0,-0.7930647134780884
1,task_2,35,12,0.028279483318328857,-0.6717742085456848
1,task_2,35,13,0.09072291851043701,-0.3697618246078491
1,task_2,35,14,0.12117169797420502,-0.22009436786174774
1,task_2,35,15,0.150263711810112,-0.09300100803375244
1,task_2,35,16,0.18012793362140656,0.034846603870391846
1,task_2,35,17,0.20829929411411285,0.1561884880065918
1,task_2,35,18,0.2339482456445694,0.2693766951560974
1,task_2,35,19,0.2470865398645401,0.32829681038856506
1,task_2,35,20,0.26876795291900635,0.4359329640865326
1,task_2,35,21,0.28396737575531006,0.517586886882782
1,task_2,35,22,0.3025246858596802,0.5973844528198242
1,task_2,35,23,0.31288909912109375,0.6418431401252747
1,task_2,35,24,0.3232772946357727,0.684396505355835
1,task_2,35,25,0.33471524715423584,0.7290564775466919
1,task_2,35,26,0.3438226580619812,0.7661704421043396
1,task_2,35,27,0.3546764850616455,0.8063676357269287
1,task_2,35,28,0.3661683201789856,0.8530446290969849
1,task_2,35,29,1.5394037961959839,4.050915241241455
1,task_2,36,0,0.0,-0.028421709313988686
1,task_2,36,1,0.0,-0.028421709313988686
1,task_2,36,2,0.012321025133132935,-0.028421709313988686
1,task_2,36,3,0.07467080652713776,-0.028421709313988686
1,task_2,36,4,0.13093023002147675,-0.028421709313988686
1,task_2,36,5,0.19180361926555634,-0.028421709313988686
1,task_2,36,6,0.2558814287185669,-0.028421709313988686
1,task_2,36,7,0.3056821823120117,-0.028421709313988686
1,task_2,36,8,0.3712790012359619,-0.028421709313988686
1,task_2,36,9,0.4268414378166199,-0.028421709313988686
1,task_2,36,10,0.4775722026824951,-0.028421709313988686
1,task_2,36,11,0.5201604962348938,-0.028421709313988686
1,task_2,36,12,0.5673953890800476,-0.028421709313988686
1,task_2,36,13,0.6171553134918213,-0.028421709313988686
1,task_2,36,14,0.6691840887069702,-0.028421709313988686
1,task_2,36,15,0.7004214525222778,-0.028421709313988686
1,task_2,36,16,0.7506484985351562,-0.028421709313988686
1,task_2,36,17,0.7806465029716492,-0.028421709313988686
1,task_2,36,18,0.8137294054031372,-0.028421709313988686
1,task_2,36,19,0.8516503572463989,-0.028421709313988686
1,task_2,36,20,0.8830744028091431,-0.028421709313988686
1,task_2,36,21,0.9178462028503418,-0.028421709313988686
1,task_2,36,22,0.945199728012085,-0.028421709313988686
1,task_2,36,23,0.9774595499038696,-0.028421709313988686
1,task_2,36,24,1.0026837587356567,-0.028421709313988686
1,task_2,36,25,1.031184196472168,-0.028421709313988686
1,task_2,36,26,1.0572988986968994,-0.028421709313988686
1,task_2,36,27,1.086536169052124,-0.028421709313988686
1,task_2,36,28,1.1172083616256714,-0.028421709313988686
1,task_2,36,29,1.1570732593536377,-0.028421709313988686
1,task_2,37,0,0.039859235286712646,0.8675373196601868
1,task_2,37,1,0.051370106637477875,0.8447977900505066
1,task_2,37,2,0.06426253169775009,0.8175784349441528
1,task_2,37,3,0.07557229697704315,0.7928064465522766
1,task_2,37,4,0.08479435741901398,0.7715181708335876
1,task_2,37,5,0.09991040825843811,0.7398838996887207
1,task_2,37,6,0.11786533147096634,0.7040016651153564
1,task_2,37,7,0.13449609279632568,0.6700193881988525
1,task_2,37,8,0.16226887702941895,0.6078489422798157
1,task_2,37,9,0.18762637674808502,0.5568596720695496
1,task_2,37,10,0.20837277173995972,0.5176926255226135
1,task_2,37,11,0.23403051495552063,0.47034725546836853
1,task_2,37,12,0.25755053758621216,0.4357513189315796
1,task_2,37,13,0.28745409846305847,0.39720091223716736
1,task_2,37,14,0.32434386014938354,0.32982155680656433
1,task_2,37,15,0.3484300971031189,0.2836536765098572
1,task_2,37,16,0.38983380794525146,0.2101408988237381
1,task_2,37,17,0.41828733682632446,0.160995215177536
1,task_2,37,18,0.4496685862541199,0.10206152498722076
1,task_2,37,19,0.4828295111656189,0.04076322168111801
1,task_2,37,20,0.5198700428009033,-0.029219701886177063
1,task_2,37,21,0.55450040102005,-0.12061009556055069
1,task_2,37,22,0.5909332036972046,-0.31227371096611023
1,task_2,37,23,0.6245492100715637,-0.5111308097839355
1,task_2,37,24,0.6533564925193787,-0.6839414238929749
1,task_2,37,25,0.68804532289505,-0.8914265632629395
1,task_2,37,26,0.7194199562072754,-1.0791763067245483
1,task_2,37,27,0.7489075064659119,-1.253605842590332
1,task_2,37,28,0.7829906940460205,-1.4564822912216187
1,task_2,37,29,1.2909601926803589,-3.983412504196167
1,task_2,38,0,0.012967310845851898,0.6083208918571472
1,task_2,38,1,0.016988931223750114,0.5799499750137329
1,task_2,38,2,0.020230261608958244,0.5569518804550171
1,task_2,38,3,0.022294726222753525,0.5439831018447876
1,task_2,38,4,0.024573642760515213,0.5296616554260254
1,task_2,38,5,0.02758295089006424,0.5109338760375977
1,task_2,38,6,0.03133939579129219,0.48776185512542725
1,task_2,38,7,0.03570643812417984,0.46086961030960083
1,task_2,38,8,0.04079006239771843,0.4261309802532196
1,task_2,38,9,0.045944634824991226,0.39343294501304626
1,task_2,38,10,0.05107272416353226,0.3642078936100006
1,task_2,38,11,0.057424116879701614,0.32329362630844116
1,task_2,38,12,0.06401712447404861,0.28420233726501465
1,task_2,38,13,0.07232744991779327,0.23230113089084625
1,task_2,38,14,0.08081793040037155,0.18109087646007538
1,task_2,38,15,0.09004859626293182,0.12767565250396729
1,task_2,38,16,0.09860661625862122,0.07465960085391998
1,task_2,38,17,0.10663911700248718,0.02873755805194378
1,task_2,38,18,0.11341613531112671,-0.012196436524391174
1,task_2,38,19,0.12017413973808289,-0.05174805223941803
1,task_2,38,20,0.1266268640756607,-0.08823202550411224
1,task_2,38,21,0.132329061627388,-0.12273615598678589
1,task_2,38,22,0.1354902982711792,-0.1392378807067871
1,task_2,38,23,0.13857720792293549,-0.1597995012998581
1,task_2,38,24,0.1420200765132904,-0.17940141260623932
1,task_2,38,25,0.14503909647464752,-0.19985073804855347
1,task_2,38,26,0.14765477180480957,-0.21353696286678314
1,task_2,38,27,0.15144500136375427,-0.23426836729049683
1,task_2,38,28,0.1549437791109085,-0.25098365545272827
1,task_2,38,29,2.211397409439087,-5.0621747970581055
1,task_2,39,0,9.999999747378752e-05,0.0
1,task_2,39,1,9.999999747378752e-05,0.0
1,task_2,39,2,9.999999747378752e-05,0.0
1,task_2,39,3,9.999999747378752e-05,0.0
1,task_2,39,4,9.999999747378752e-05,0.0
1,task_2,39,5,9.999999747378752e-05,0.0
1,task_2,39,6,9.999999747378752e-05,0.0
1,task_2,39,7,9.999999747378752e-05,0.0
1,task_2,39,8,9.999999747378752e-05,0.0
1,task_2,39,9,9.999999747378752e-05,0.0
1,task_2,39,10,9.999999747378752e-05,0.0
1,task_2,39,11,9.999999747378752e-05,0.0
1,task_2,39,12,9.999999747378752e-05,0.0
1,task_2,39,13,9.999999747378752e-05,0.0
1,task_2,39,14,9.999999747378752e-05,0.0
1,task_2,39,15,9.999999747378752e-05,0.0
1,task_2,39,16,9.999999747378752e-05,0.0
1,task_2,39,17,9.999999747378752e-05,0.0
1,task_2,39,18,9.999999747378752e-05,0.0
1,task_2,39,19,9.999999747378752e-05,0.0
1,task_2,39,20,9.999999747378752e-05,0.0
1,task_2,39,21,9.999999747378752e-05,0.0
1,task_2,39,22,9.999999747378752e-05,0.0
1,task_2,39,23,9.999999747378752e-05,0.0
1,task_2,39,24,9.999999747378752e-05,0.0
1,task_2,39,25,9.999999747378752e-05,0.0
1,task_2,39,26,9.999999747378752e-05,0.0
1,task_2,39,27,9.999999747378752e-05,0.0
1,task_2,39,28,9.999999747378752e-05,0.0
1,task_2,39,29,9.999999747378752e-05,0.0
1,task_2,40,0,0.0,0.8714807629585266
1,task_2,40,1,0.0,0.8714807629585266
1,task_2,40,2,0.0,0.8714807629585266
1,task_2,40,3,0.0,0.8714807629585266
1,task_2,40,4,0.0,0.8714807629585266
1,task_2,40,5,0.0,0.8714807629585266
1,task_2,40,6,0.012553617358207703,0.8581593632698059
1,task_2,40,7,0.024654358625411987,0.8437521457672119
1,task_2,40,8,0.04622146487236023,0.8166545033454895
1,task_2,40,9,0.07072147727012634,0.7819077968597412
1,task_2,40,10,0.09387791156768799,0.748603880405426
1,task_2,40,11,0.11756525933742523,0.7180826663970947
1,task_2,40,12,0.14738506078720093,0.6827239394187927
1,task_2,40,13,0.1715993583202362,0.6443960666656494
1,task_2,40,14,0.22599273920059204,0.5559631586074829
1,task_2,40,15,0.31206411123275757,0.3919316828250885
1,task_2,40,16,0.393078088760376,0.21790818870067596
1,task_2,40,17,0.5000383257865906,-0.013255934230983257
1,task_2,40,18,0.5901248455047607,-0.16650356352329254
1,task_2,40,19,0.696978747844696,-0.32721930742263794
1,task_2,40,20,0.8012993335723877,-0.463494211435318
1,task_2,40,21,0.9016956090927124,-0.580954372882843
1,task_2,40,22,1.0034210681915283,-0.7091134786605835
1,task_2,40,23,1.1156805753707886,-0.8541758060455322
1,task_2,40,24,1.215859055519104,-0.9847005605697632
1,task_2,40,25,1.3167474269866943,-1.1335912942886353
1,task_2,40,26,1.419922947883606,-1.2942111492156982
1,task_2,40,27,1.4986313581466675,-1.421557068824768
1,task_2,40,28,1.5767964124679565,-1.5379838943481445
1,task_2,40,29,2.577772855758667,-3.0022051334381104
1,task_2,41,0,0.0,-0.6500158309936523
1,task_2,41,1,0.0,-0.6500158309936523
1,task_2,41,2,0.0,-0.6500158309936523
1,task_2,41,3,0.0,-0.6500158309936523
1,task_2,41,4,0.0,-0.6500158309936523
1,task_2,41,5,0.0,-0.6500158309936523
1,task_2,41,6,0.0,-0.6500158309936523
1,task_2,41,7,0.0,-0.6500158309936523
1,task_2,41,8,0.0,-0.6500158309936523
1,task_2,41,9,0.0,-0.6500158309936523
1,task_2,41,10,0.0,-0.6500158309936523
1,task_2,41,11,0.0,-0.6500158309936523
1,task_2,41,12,0.0,-0.6500158309936523
1,task_2,41,13,0.0,-0.6500158309936523
1,task_2,41,14,0.0,-0.6500158309936523
1,task_2,41,15,0.0,-0.6500158309936523
1,task_2,41,16,0.058342717587947845,-0.481128454208374
1,task_2,41,17,0.12005672603845596,-0.30316105484962463
1,task_2,41,18,0.21597646176815033,-0.026847809553146362
1,task_2,41,19,0.279397577047348,0.15395702421665192
1,task_2,41,20,0.35822704434394836,0.3795772194862366
1,task_2,41,21,0.4127601385116577,0.5327683687210083
1,task_2,41,22,0.45988893508911133,0.6633509397506714
1,task_2,41,23,0.4988596439361572,0.7744779586791992
1,task_2,41,24,0.5266772508621216,0.8510133028030396
1,task_2,41,25,0.5518762469291687,0.9186727404594421
1,task_2,41,26,0.5630009770393372,0.9495124220848083
1,task_2,41,27,0.5742529034614563,0.981047511100769
1,task_2,41,28,0.5847635865211487,1.0107277631759644
1,task_2,41,29,1.7855838537216187,3.9962856769561768
1,task_2,42,0,0.0,-0.43538039922714233
1,task_2,42,1,0.0,-0.43538039922714233
1,task_2,42,2,0.0,-0.43538039922714233
1,task_2,42,3,0.0,-0.43538039922714233
1,task_2,42,4,0.0,-0.43538039922714233
1,task_2,42,5,0.0,-0.43538039922714233
1,task_2,42,6,0.0,-0.43538039922714233
1,task_2,42,7,0.0,-0.43538039922714233
1,task_2,42,8,0.0,-0.43538039922714233
1,task_2,42,9,0.0,-0.43538039922714233
1,task_2,42,10,0.0,-0.43538039922714233
1,task_2,42,11,0.0,-0.43538039922714233
1,task_2,42,12,0.0,-0.43538039922714233
1,task_2,42,13,0.0,-0.43538039922714233
1,task_2,42,14,0.0,-0.43538039922714233
1,task_2,42,15,0.0,-0.43538039922714233
1,task_2,42,16,0.0,-0.43538039922714233
1,task_2,42,17,0.0,-0.43538039922714233
1,task_2,42,18,0.0,-0.43538039922714233
1,task_2,42,19,0.0,-0.43538039922714233
1,task_2,42,20,0.059146709740161896,-0.12408829480409622
1,task_2,42,21,0.10962233692407608,0.10510337352752686
1,task_2,42,22,0.14442697167396545,0.2669736444950104
1,task_2,42,23,0.18143534660339355,0.42455142736434937
1,task_2,42,24,0.21205362677574158,0.5416293144226074
1,task_2,42,25,0.23271653056144714,0.6162664294242859
1,task_2,42,26,0.24447879195213318,0.6589046716690063
1,task_2,42,27,0.25730621814727783,0.700995147228241
1,task_2,42,28,0.2697471082210541,0.7446746826171875
1,task_2,42,29,1.6214566230773926,4.772596836090088
1,task_2,43,0,0.0,0.5189094543457031
1,task_2,43,1,0.0,0.5189094543457031
1,task_2,43,2,0.0,0.5189094543457031
1,task_2,43,3,0.0,0.5189094543457031
1,task_2,43,4,0.0,0.5189094543457031
1,task_2,43,5,0.0,0.5189094543457031
1,task_2,43,6,0.0,0.5189094543457031
1,task_2,43,7,0.0,0.5189094543457031
1,task_2,43,8,0.0,0.5189094543457031
1,task_2,43,9,0.0,0.5189094543457031
1,task_2,43,10,0.0,0.5189094543457031
1,task_2,43,11,0.0,0.5189094543457031
1,task_2,43,12,0.0,0.5189094543457031
1,task_2,43,13,0.0,0.5189094543457031
1,task_2,43,14,0.0,0.5189094543457031
1,task_2,43,15,0.0,0.5189094543457031
1,task_2,43,16,0.0,0.5189094543457031
1,task_2,43,17,0.045437704771757126,0.340937077999115
1,task_2,43,18,0.10121957957744598,0.14237181842327118
1,task_2,43,19,0.1516694873571396,-0.03818637132644653
1,task_2,43,20,0.20330330729484558,-0.20179986953735352
1,task_2,43,21,0.23992040753364563,-0.3184323310852051
1,task_2,43,22,0.2806846499443054,-0.448892742395401
1,task_2,43,23,0.301481157541275,-0.5082647800445557
1,task_2,43,24,0.3183402419090271,-0.5584470629692078
1,task_2,43,25,0.3284119963645935,-0.5915769934654236
1,task_2,43,26,0.3369494676589966,-0.6223193407058716
1,task_2,43,27,0.3480437994003296,-0.6600627303123474
1,task_2,43,28,0.35985711216926575,-0.6972135901451111
1,task_2,43,29,1.761384129524231,-4.659574508666992
1,task_2,44,0,0.0,0.22009485960006714
1,task_2,44,1,0.0,0.22009485960006714
1,task_2,44,2,0.0,0.22009485960006714
1,task_2,44,3,0.0,0.22009485960006714
1,task_2,44,4,0.0,0.22009485960006714
1,task_2,44,5,0.0,0.22009485960006714
1,task_2,44,6,0.0,0.22009485960006714
1,task_2,44,7,0.0,0.22009485960006714
1,task_2,44,8,0.0,0.22009485960006714
1,task_2,44,9,0.0,0.22009485960006714
1,task_2,44,10,0.0,0.22009485960006714
1,task_2,44,11,0.0,0.22009485960006714
1,task_2,44,12,0.0,0.22009485960006714
1,task_2,44,13,0.0,0.22009485960006714
1,task_2,44,14,0.0,0.22009485960006714
1,task_2,44,15,0.0,0.22009485960006714
1,task_2,44,16,0.0,0.22009485960006714
1,task_2,44,17,0.0,0.22009485960006714
1,task_2,44,18,0.0,0.22009485960006714
1,task_2,44,19,0.0,0.22009485960006714
1,task_2,44,20,0.0,0.22009485960006714
1,task_2,44,21,0.0,0.22009485960006714
1,task_2,44,22,0.0,0.22009485960006714
1,task_2,44,23,0.0,0.22009485960006714
1,task_2,44,24,0.012647136114537716,0.18458209931850433
1,task_2,44,25,0.03983645141124725,0.10818526893854141
1,task_2,44,26,0.06792066246271133,0.02852323278784752
1,task_2,44,27,0.10946761816740036,-0.08692207932472229
1,task_2,44,28,0.16835853457450867,-0.25167393684387207
1,task_2,44,29,2.255889654159546,-5.264970779418945
1,task_2,45,0,0.0,-0.21777509152889252
1,task_2,45,1,0.0,-0.21777509152889252
1,task_2,45,2,0.0,-0.21777509152889252
1,task_2,45,3,0.0,-0.21777509152889252
1,task_2,45,4,0.0,-0.21777509152889252
1,task_2,45,5,0.0,-0.21777509152889252
1,task_2,45,6,0.0,-0.21777509152889252
1,task_2,45,7,0.0,-0.21777509152889252
1,task_2,45,8,0.0,-0.21777509152889252
1,task_2,45,9,0.0,-0.21777509152889252
1,task_2,45,10,0.0,-0.21777509152889252
1,task_2,45,11,0.0,-0.21777509152889252
1,task_2,45,12,0.0,-0.21777509152889252
1,task_2,45,13,0.0,-0.21777509152889252
1,task_2,45,14,0.0,-0.21777509152889252
1,task_2,45,15,0.0,-0.21777509152889252
1,task_2,45,16,0.0,-0.21777509152889252
1,task_2,45,17,0.0,-0.21777509152889252
1,task_2,45,18,0.0,-0.21777509152889252
1,task_2,45,19,0.0,-0.21777509152889252
1,task_2,45,20,0.0,-0.21777509152889252
1,task_2,45,21,0.0,-0.21777509152889252
1,task_2,45,22,0.003547780215740204,-0.1985955685377121
1,task_2,45,23,0.01829475909471512,-0.12977834045886993
1,task_2,45,24,0.028032124042510986,-0.08639049530029297
1,task_2,45,25,0.03467809408903122,-0.05651360750198364
1,task_2,45,26,0.0387253612279892,-0.028800593689084053
1,task_2,45,27,0.0445520281791687,-0.0066977608948946
1,task_2,45,28,0.049956247210502625,0.016869282349944115
1,task_2,45,29,1.670051097869873,5.280958652496338
1,task_2,46,0,0.12144889682531357,-0.9742581248283386
1,task_2,46,1,0.14495621621608734,-0.9052905440330505
1,task_2,46,2,0.16736003756523132,-0.7923900485038757
1,task_2,46,3,0.19531238079071045,-0.6938261389732361
1,task_2,46,4,0.22129973769187927,-0.5932773351669312
1,task_2,46,5,0.24415159225463867,-0.5653983354568481
1,task_2,46,6,0.26216429471969604,-0.5069313645362854
1,task_2,46,7,0.28617292642593384,-0.4174315929412842
1,task_2,46,8,0.3141865134239197,-0.3317600190639496
1,task_2,46,9,0.3353821635246277,-0.2572300434112549
1,task_2,46,10,0.3559231162071228,-0.19956541061401367
1,task_2,46,11,0.3742613196372986,-0.12936072051525116
1,task_2,46,12,0.3824465572834015,-0.09186288714408875
1,task_2,46,13,0.393415629863739,-0.0437200702726841
1,task_2,46,14,0.39956557750701904,-0.016934573650360107
1,task_2,46,15,0.4064761996269226,0.0005761265056207776
1,task_2,46,16,0.4137200713157654,0.03006993792951107
1,task_2,46,17,0.4192432761192322,0.04216514155268669
1,task_2,46,18,0.42661184072494507,0.0583881214261055
1,task_2,46,19,0.4303617477416992,0.05634571611881256
1,task_2,46,20,0.4347490668296814,0.07056832313537598
1,task_2,46,21,0.4408992528915405,0.09536726027727127
1,task_2,46,22,0.44436877965927124,0.10858722776174545
1,task_2,46,23,0.45078593492507935,0.13073767721652985
1,task_2,46,24,0.4549770951271057,0.14132842421531677
1,task_2,46,25,0.45974522829055786,0.17108167707920074
1,task_2,46,26,0.464232861995697,0.18766649067401886
1,task_2,46,27,0.4703245162963867,0.2168809473514557
1,task_2,46,28,0.4787483215332031,0.2571137845516205
1,task_2,46,29,1.383152723312378,4.952357769012451
1,task_2,47,0,0.0,0.36159801483154297
1,task_2,47,1,0.0,0.36159801483154297
1,task_2,47,2,0.0,0.36159801483154297
1,task_2,47,3,0.0,0.36159801483154297
1,task_2,47,4,0.016699418425559998,0.30318430066108704
1,task_2,47,5,0.05027352273464203,0.19826699793338776
1,task_2,47,6,0.1058209240436554,-0.04094994068145752
1,task_2,47,7,0.15839636325836182,-0.43020400404930115
1,task_2,47,8,0.1932460367679596,-0.6614466905593872
1,task_2,47,9,0.2267465591430664,-0.8417114615440369
1,task_2,47,10,0.27107104659080505,-1.122929334640503
1,task_2,47,11,0.3139781355857849,-1.3523977994918823
1,task_2,47,12,0.3530915677547455,-1.385812520980835
1,task_2,47,13,0.3964724838733673,-1.2666232585906982
1,task_2,47,14,0.4246222674846649,-1.1552573442459106
1,task_2,47,15,0.46763870120048523,-0.9564330577850342
1,task_2,47,16,0.49679961800575256,-0.80695641040802
1,task_2,47,17,0.5344831943511963,-0.627302885055542
1,task_2,47,18,0.5713938474655151,-0.4466511011123657
1,task_2,47,19,0.6053073406219482,-0.27132242918014526
1,task_2,47,20,0.6523581743240356,-0.03627822548151016
1,task_2,47,21,0.6890928745269775,0.14315292239189148
1,task_2,47,22,0.7335103750228882,0.34265947341918945
1,task_2,47,23,0.7632452249526978,0.4796702563762665
1,task_2,47,24,0.8098714351654053,0.6863300800323486
1,task_2,47,25,0.852738618850708,0.8700048923492432
1,task_2,47,26,0.904983639717102,1.0591070652008057
1,task_2,47,27,0.9601019620895386,1.2309645414352417
1,task_2,47,28,1.004402995109558,1.367276668548584
1,task_2,47,29,2.137605905532837,3.2752673625946045
1,task_2,48,0,0.0,0.0
1,task_2,48,1,0.0,0.0
1,task_2,48,2,0.0,0.0
1,task_2,48,3,0.0,0.0
1,task_2,48,4,0.0,0.0
1,task_2,48,5,0.0,0.0
1,task_2,48,6,0.0,0.0
1,task_2,48,7,0.0,0.0
1,task_2,48,8,0.0,0.0
1,task_2,48,9,0.0,0.0
1,task_2,48,10,0.0,0.0
1,task_2,48,11,0.0006654560565948486,0.0
1,task_2,48,12,0.004842817783355713,0.0
1,task_2,48,13,0.008801162242889404,0.0
1,task_2,48,14,0.011628508567810059,0.0
1,task_2,48,15,0.015326052904129028,0.0
1,task_2,48,16,0.018801778554916382,0.0
1,task_2,48,17,0.022365063428878784,0.0
1,task_2,48,18,0.02566993236541748,0.0
1,task_2,48,19,0.028517961502075195,0.0
1,task_2,48,20,0.03143179416656494,0.0
1,task_2,48,21,0.03457823395729065,0.0
1,task_2,48,22,0.038013756275177,0.0
1,task_2,48,23,0.04140573740005493,0.0
1,task_2,48,24,0.04557076096534729,0.0
1,task_2,48,25,0.04797658324241638,0.0
1,task_2,48,26,0.050970762968063354,0.0
1,task_2,48,27,0.05611622333526611,0.0
1,task_2,48,28,0.06388914585113525,0.0
1,task_2,48,29,0.09310479462146759,0.0
1,task_2,49,0,9.999999747378752e-05,0.0
1,task_2,49,1,9.999999747378752e-05,0.0
1,task_2,49,2,9.999999747378752e-05,0.0
1,task_2,49,3,9.999999747378752e-05,0.0
1,task_2,49,4,9.999999747378752e-05,0.0
1,task_2,49,5,9.999999747378752e-05,0.0
1,task_2,49,6,9.999999747378752e-05,0.0
1,task_2,49,7,9.999999747378752e-05,0.0
1,task_2,49,8,9.999999747378752e-05,0.0
1,task_2,49,9,9.999999747378752e-05,0.0
1,task_2,49,10,9.999999747378752e-05,0.0
1,task_2,49,11,9.999999747378752e-05,0.0
1,task_2,49,12,9.999999747378752e-05,0.0
1,task_2,49,13,9.999999747378752e-05,0.0
1,task_2,49,14,9.999999747378752e-05,0.0
1,task_2,49,15,9.999999747378752e-05,0.0
1,task_2,49,16,9.999999747378752e-05,0.0
1,task_2,49,17,9.999999747378752e-05,0.0
1,task_2,49,18,9.999999747378752e-05,0.0
1,task_2,49,19,9.999999747378752e-05,0.0
1,task_2,49,20,9.999999747378752e-05,0.0
1,task_2,49,21,9.999999747378752e-05,0.0
1,task_2,49,22,9.999999747378752e-05,0.0
1,task_2,49,23,9.999999747378752e-05,0.0
1,task_2,49,24,9.999999747378752e-05,0.0
1,task_2,49,25,9.999999747378752e-05,0.0
1,task_2,49,26,9.999999747378752e-05,0.0
1,task_2,49,27,9.999999747378752e-05,0.0
1,task_2,49,28,9.999999747378752e-05,0.0
1,task_2,49,29,9.999999747378752e-05,0.0
1,task_2,50,0,0.0,0.0
1,task_2,50,1,0.0,0.0
1,task_2,50,2,0.0,0.0
1,task_2,50,3,0.0,0.0
1,task_2,50,4,0.0,0.0
1,task_2,50,5,0.0,0.0
1,task_2,50,6,0.0,0.0
1,task_2,50,7,0.0,0.0
1,task_2,50,8,0.0,0.0
1,task_2,50,9,0.0,0.0
1,task_2,50,10,0.009348362684249878,0.0
1,task_2,50,11,0.05477714538574219,0.0
1,task_2,50,12,0.08915737271308899,0.0
1,task_2,50,13,0.13173478841781616,0.0
1,task_2,50,14,0.16585174202919006,0.0
1,task_2,50,15,0.19349032640457153,0.0
1,task_2,50,16,0.22492855787277222,0.0
1,task_2,50,17,0.24693670868873596,0.0
1,task_2,50,18,0.26261165738105774,0.0
1,task_2,50,19,0.27753177285194397,0.0
1,task_2,50,20,0.2859439551830292,0.0
1,task_2,50,21,0.2921176254749298,0.0
1,task_2,50,22,0.29667213559150696,0.0
1,task_2,50,23,0.3020492494106293,0.0
1,task_2,50,24,0.30737069249153137,0.0
1,task_2,50,25,0.3124523460865021,0.0
1,task_2,50,26,0.3182288706302643,0.0
1,task_2,50,27,0.3258998692035675,0.0
1,task_2,50,28,0.33305975794792175,0.0
1,task_2,50,29,0.3593814969062805,0.0
1,task_2,51,0,0.4239257574081421,-0.6866529583930969
1,task_2,51,1,0.48184752464294434,-0.6135891079902649
1,task_2,51,2,0.5414822697639465,-0.5262867212295532
1,task_2,51,3,0.5889976024627686,-0.44778773188591003
1,task_2,51,4,0.6236807107925415,-0.37828561663627625
1,task_2,51,5,0.6610561609268188,-0.29970410466194153
1,task_2,51,6,0.6915706992149353,-0.2111375480890274
1,task_2,51,7,0.6987840533256531,-0.19711647927761078
1,task_2,51,8,0.70244300365448,-0.18675395846366882
1,task_2,51,9,0.7065590620040894,-0.17742884159088135
1,task_2,51,10,0.7097605466842651,-0.1670738011598587
1,task_2,51,11,0.7122939229011536,-0.16331078112125397
1,task_2,51,12,0.7163814306259155,-0.1514800488948822
1,task_2,51,13,0.7202173471450806,-0.14275367558002472
1,task_2,51,14,0.7248325943946838,-0.13273587822914124
1,task_2,51,15,0.7285763025283813,-0.12076426297426224
1,task_2,51,16,0.7349188327789307,-0.10569021850824356
1,task_2,51,17,0.7393812537193298,-0.09527622908353806
1,task_2,51,18,0.7435933947563171,-0.08549034595489502
1,task_2,51,19,0.7479513883590698,-0.07475647330284119
1,task_2,51,20,0.7519726157188416,-0.064232736825943
1,task_2,51,21,0.7565629482269287,-0.05590009689331055
1,task_2,51,22,0.7611389756202698,-0.04364653676748276
1,task_2,51,23,0.7642446756362915,-0.035385701805353165
1,task_2,51,24,0.7673593759536743,-0.0281213466078043
1,task_2,51,25,0.7697612643241882,-0.021093158051371574
1,task_2,51,26,0.773227334022522,-0.0130644915625453
1,task_2,51,27,0.777722954750061,-0.003485509194433689
1,task_2,51,28,0.7871813774108887,0.021676940843462944
1,task_2,51,29,2.6349148750305176,5.207326889038086
1,task_2,52,0,0.0,-0.5917864441871643
1,task_2,52,1,0.0,-0.5917864441871643
1,task_2,52,2,0.0,-0.5917864441871643
1,task_2,52,3,0.0,-0.5917864441871643
1,task_2,52,4,0.0,-0.5917864441871643
1,task_2,52,5,0.0,-0.5917864441871643
1,task_2,52,6,0.0,-0.5917864441871643
1,task_2,52,7,0.0,-0.5917864441871643
1,task_2,52,8,0.0,-0.5917864441871643
1,task_2,52,9,0.0,-0.5917864441871643
1,task_2,52,10,0.0,-0.5917864441871643
1,task_2,52,11,0.0,-0.5917864441871643
1,task_2,52,12,0.03599609434604645,-0.38738465309143066
1,task_2,52,13,0.06742210686206818,-0.21507441997528076
1,task_2,52,14,0.0842999815940857,-0.12404171377420425
1,task_2,52,15,0.0927836149930954,-0.06852758675813675
1,task_2,52,16,0.10293295979499817,-0.0011756406165659428
1,task_2,52,17,0.11162523925304413,0.05019261687994003
1,task_2,52,18,0.12217281013727188,0.11937125772237778
1,task_2,52,19,0.12717434763908386,0.14845171570777893
1,task_2,52,20,0.13139227032661438,0.171061709523201
1,task_2,52,21,0.1373627781867981,0.21175462007522583
1,task_2,52,22,0.14327186346054077,0.24699559807777405
1,task_2,52,23,0.14731276035308838,0.27350378036499023
1,task_2,52,24,0.15157735347747803,0.30129295587539673
1,task_2,52,25,0.15555979311466217,0.3268592953681946
1,task_2,52,26,0.16071636974811554,0.35599038004875183
1,task_2,52,27,0.16514039039611816,0.3875710666179657
1,task_2,52,28,0.17240384221076965,0.4400109648704529
1,task_2,52,29,1.3313783407211304,4.864583969116211
1,task_2,53,0,2.0696144104003906,-232.8306427001953
1,task_2,53,1,2.0696144104003906,-232.8306427001953
1,task_2,53,2,2.0696144104003906,-232.8306427001953
1,task_2,53,3,2.0696144104003906,-232.8306427001953
1,task_2,53,4,2.0696144104003906,-232.8306427001953
1,task_2,53,5,2.0696144104003906,-232.8306427001953
1,task_2,53,6,2.0696144104003906,-232.8306427001953
1,task_2,53,7,2.0696144104003906,-232.8306427001953
1,task_2,53,8,2.0696144104003906,-232.8306427001953
1,task_2,53,9,2.0696144104003906,-232.8306427001953
1,task_2,53,10,2.0696144104003906,-232.8306427001953
1,task_2,53,11,2.0696144104003906,-232.8306427001953
1,task_2,53,12,2.0696144104003906,-232.8306427001953
1,task_2,53,13,2.0696144104003906,-232.8306427001953
1,task_2,53,14,2.0696144104003906,-232.8306427001953
1,task_2,53,15,2.0696144104003906,-232.8306427001953
1,task_2,53,16,2.0696144104003906,-232.8306427001953
1,task_2,53,17,2.0696144104003906,-232.8306427001953
1,task_2,53,18,2.0696144104003906,-232.8306427001953
1,task_2,53,19,2.0696144104003906,-232.8306427001953
1,task_2,53,20,2.0696144104003906,-232.8306427001953
1,task_2,53,21,2.0696144104003906,-232.8306427001953
1,task_2,53,22,2.0696144104003906,-232.8306427001953
1,task_2,53,23,2.0696144104003906,-232.8306427001953
1,task_2,53,24,2.0696144104003906,-232.8306427001953
1,task_2,53,25,2.0696144104003906,-232.8306427001953
1,task_2,53,26,2.0696144104003906,-232.8306427001953
1,task_2,53,27,2.0696144104003906,-232.8306427001953
1,task_2,53,28,2.0696144104003906,-232.8306427001953
1,task_2,53,29,2.0696144104003906,-232.8306427001953
1,task_2,54,0,9.999999747378752e-05,0.0
1,task_2,54,1,9.999999747378752e-05,0.0
1,task_2,54,2,9.999999747378752e-05,0.0
1,task_2,54,3,9.999999747378752e-05,0.0
1,task_2,54,4,9.999999747378752e-05,0.0
1,task_2,54,5,9.999999747378752e-05,0.0
1,task_2,54,6,9.999999747378752e-05,0.0
1,task_2,54,7,9.999999747378752e-05,0.0
1,task_2,54,8,9.999999747378752e-05,0.0
1,task_2,54,9,9.999999747378752e-05,0.0
1,task_2,54,10,9.999999747378752e-05,0.0
1,task_2,54,11,9.999999747378752e-05,0.0
1,task_2,54,12,9.999999747378752e-05,0.0
1,task_2,54,13,9.999999747378752e-05,0.0
1,task_2,54,14,9.999999747378752e-05,0.0
1,task_2,54,15,9.999999747378752e-05,0.0
1,task_2,54,16,9.999999747378752e-05,0.0
1,task_2,54,17,9.999999747378752e-05,0.0
1,task_2,54,18,9.999999747378752e-05,0.0
1,task_2,54,19,9.999999747378752e-05,0.0
1,task_2,54,20,9.999999747378752e-05,0.0
1,task_2,54,21,9.999999747378752e-05,0.0
1,task_2,54,22,9.999999747378752e-05,0.0
1,task_2,54,23,9.999999747378752e-05,0.0
1,task_2,54,24,9.999999747378752e-05,0.0
1,task_2,54,25,9.999999747378752e-05,0.0
1,task_2,54,26,9.999999747378752e-05,0.0
1,task_2,54,27,9.999999747378752e-05,0.0
1,task_2,54,28,9.999999747378752e-05,0.0
1,task_2,54,29,9.999999747378752e-05,0.0
1,task_2,55,0,0.46033433079719543,-3.631676197052002
1,task_2,55,1,0.5302475094795227,-2.7986655235290527
1,task_2,55,2,0.6022486090660095,-1.8214707374572754
1,task_2,55,3,0.6631604433059692,-0.9781714677810669
1,task_2,55,4,0.7231152057647705,-0.285908579826355
1,task_2,55,5,0.7846150398254395,0.3806352913379669
1,task_2,55,6,0.8305034041404724,0.3806352913379669
1,task_2,55,7,0.854106605052948,0.3806352913379669
1,task_2,55,8,0.8652646541595459,0.3806352913379669
1,task_2,55,9,0.8706538081169128,0.3806352913379669
1,task_2,55,10,0.8766647577285767,0.3806352913379669
1,task_2,55,11,0.883394718170166,0.3806352913379669
1,task_2,55,12,0.8909440040588379,0.3806352913379669
1,task_2,55,13,0.9027082920074463,0.3806352913379669
1,task_2,55,14,0.9104968905448914,0.3806352913379669
1,task_2,55,15,0.9210999608039856,0.3806352913379669
1,task_2,55,16,0.9311527013778687,0.3806352913379669
1,task_2,55,17,0.9404696226119995,0.3806352913379669
1,task_2,55,18,0.9505900740623474,0.3806352913379669
1,task_2,55,19,0.9603252410888672,0.3806352913379669
1,task_2,55,20,0.9677790403366089,0.3806352913379669
1,task_2,55,21,0.9755439162254333,0.3806352913379669
1,task_2,55,22,0.9842905402183533,0.3806352913379669
1,task_2,55,23,0.9909012317657471,0.3806352913379669
1,task_2,55,24,0.9962847828865051,0.3806352913379669
1,task_2,55,25,1.0001885890960693,0.3806352913379669
1,task_2,55,26,1.0051039457321167,0.3806352913379669
1,task_2,55,27,1.011264443397522,0.3806352913379669
1,task_2,55,28,1.0182923078536987,0.3806352913379669
1,task_2,55,29,1.0385613441467285,0.3806352913379669
1,task_2,56,0,0.0,0.19545216858386993
1,task_2,56,1,0.0,0.19545216858386993
1,task_2,56,2,0.0,0.19545216858386993
1,task_2,56,3,0.0,0.19545216858386993
1,task_2,56,4,0.0,0.19545216858386993
1,task_2,56,5,0.0,0.19545216858386993
1,task_2,56,6,0.0,0.19545216858386993
1,task_2,56,7,0.0,0.19545216858386993
1,task_2,56,8,0.0,0.19545216858386993
1,task_2,56,9,0.0,0.19545216858386993
1,task_2,56,10,0.0,0.19545216858386993
1,task_2,56,11,0.0,0.19545216858386993
1,task_2,56,12,0.0,0.19545216858386993
1,task_2,56,13,0.0,0.19545216858386993
1,task_2,56,14,0.0,0.19545216858386993
1,task_2,56,15,0.0,0.19545216858386993
1,task_2,56,16,0.0,0.19545216858386993
1,task_2,56,17,0.0,0.19545216858386993
1,task_2,56,18,0.0,0.19545216858386993
1,task_2,56,19,0.0,0.19545216858386993
1,task_2,56,20,0.0010549277067184448,0.19545216858386993
1,task_2,56,21,0.007675424218177795,0.1611228883266449
1,task_2,56,22,0.013108998537063599,0.1878892183303833
1,task_2,56,23,0.01737615466117859,0.15380604565143585
1,task_2,56,24,0.021612882614135742,0.1339241862297058
1,task_2,56,25,0.025192052125930786,0.1284831315279007
1,task_2,56,26,0.02893681824207306,0.12276268750429153
1,task_2,56,27,0.032245755195617676,0.13909919559955597
1,task_2,56,28,0.036801233887672424,0.16160845756530762
1,task_2,56,29,1.666650652885437,-5.293190956115723
1,task_2,57,0,9.999999747378752e-05,0.11368683725595474
1,task_2,57,1,9.999999747378752e-05,0.11368683725595474
1,task_2,57,2,9.999999747378752e-05,0.11368683725595474
1,task_2,57,3,9.999999747378752e-05,0.11368683725595474
1,task_2,57,4,9.999999747378752e-05,0.11368683725595474
1,task_2,57,5,9.999999747378752e-05,0.11368683725595474
1,task_2,57,6,9.999999747378752e-05,0.11368683725595474
1,task_2,57,7,9.999999747378752e-05,0.11368683725595474
1,task_2,57,8,9.999999747378752e-05,0.11368683725595474
1,task_2,57,9,9.999999747378752e-05,0.11368683725595474
1,task_2,57,10,9.999999747378752e-05,0.11368683725595474
1,task_2,57,11,9.999999747378752e-05,0.11368683725595474
1,task_2,57,12,9.999999747378752e-05,0.11368683725595474
1,task_2,57,13,9.999999747378752e-05,0.11368683725595474
1,task_2,57,14,9.999999747378752e-05,0.11368683725595474
1,task_2,57,15,9.999999747378752e-05,0.11368683725595474
1,task_2,57,16,9.999999747378752e-05,0.11368683725595474
1,task_2,57,17,9.999999747378752e-05,0.11368683725595474
1,task_2,57,18,9.999999747378752e-05,0.11368683725595474
1,task_2,57,19,9.999999747378752e-05,0.11368683725595474
1,task_2,57,20,9.999999747378752e-05,0.11368683725595474
1,task_2,57,21,9.999999747378752e-05,0.11368683725595474
1,task_2,57,22,9.999999747378752e-05,0.11368683725595474
1,task_2,57,23,9.999999747378752e-05,0.11368683725595474
1,task_2,57,24,9.999999747378752e-05,0.11368683725595474
1,task_2,57,25,9.999999747378752e-05,0.11368683725595474
1,task_2,57,26,9.999999747378752e-05,0.11368683725595474
1,task_2,57,27,9.999999747378752e-05,0.11368683725595474
1,task_2,57,28,9.999999747378752e-05,0.11368683725595474
1,task_2,57,29,9.999999747378752e-05,0.11368683725595474
1,task_2,58,0,0.053539905697107315,-0.6087490320205688
1,task_2,58,1,0.06540971994400024,-0.5732417702674866
1,task_2,58,2,0.07248051464557648,-0.5531359910964966
1,task_2,58,3,0.07907017320394516,-0.5297914147377014
1,task_2,58,4,0.08600705862045288,-0.5060406923294067
1,task_2,58,5,0.09339778125286102,-0.47981423139572144
1,task_2,58,6,0.09906893223524094,-0.462199330329895
1,task_2,58,7,0.10671016573905945,-0.43839943408966064
1,task_2,58,8,0.11716534197330475,-0.40769606828689575
1,task_2,58,9,0.12726376950740814,-0.37443381547927856
1,task_2,58,10,0.13900882005691528,-0.34069734811782837
1,task_2,58,11,0.151809424161911,-0.3001355230808258
1,task_2,58,12,0.16703097522258759,-0.24904680252075195
1,task_2,58,13,0.17999161779880524,-0.2059095799922943
1,task_2,58,14,0.19575397670269012,-0.15474069118499756
1,task_2,58,15,0.20720677077770233,-0.11860302090644836
1,task_2,58,16,0.21917828917503357,-0.07857809960842133
1,task_2,58,17,0.22993013262748718,-0.04573222994804382
1,task_2,58,18,0.24319277703762054,0.0012281170347705483
1,task_2,58,19,0.2495696246623993,0.02351568266749382
1,task_2,58,20,0.25807613134384155,0.050451137125492096
1,task_2,58,21,0.2649434208869934,0.07346779853105545
1,task_2,58,22,0.2715902328491211,0.09667395055294037
1,task_2,58,23,0.27864229679107666,0.12140113115310669
1,task_2,58,24,0.28532546758651733,0.14445093274116516
1,task_2,58,25,0.29090917110443115,0.1628754585981369
1,task_2,58,26,0.29752475023269653,0.18875165283679962
1,task_2,58,27,0.30446457862854004,0.2142450362443924
1,task_2,58,28,0.3165319561958313,0.2576437294483185
1,task_2,58,29,2.206313133239746,5.0922393798828125
1,task_2,59,0,0.0,0.18545298278331757
1,task_2,59,1,0.0,0.18545298278331757
1,task_2,59,2,0.0,0.18545298278331757
1,task_2,59,3,0.0,0.18545298278331757
1,task_2,59,4,0.0,0.18545298278331757
1,task_2,59,5,0.0,0.18545298278331757
1,task_2,59,6,0.0,0.18545298278331757
1,task_2,59,7,0.0,0.18545298278331757
1,task_2,59,8,0.0,0.18545298278331757
1,task_2,59,9,0.0,0.18545298278331757
1,task_2,59,10,0.0,0.18545298278331757
1,task_2,59,11,0.0,0.18545298278331757
1,task_2,59,12,0.0,0.18545298278331757
1,task_2,59,13,0.0,0.18545298278331757
1,task_2,59,14,0.0,0.18545298278331757
1,task_2,59,15,0.0,0.18545298278331757
1,task_2,59,16,0.0,0.18545298278331757
1,task_2,59,17,0.0,0.18545298278331757
1,task_2,59,18,0.0,0.18545298278331757
1,task_2,59,19,0.0,0.18545298278331757
1,task_2,59,20,0.0,0.18545298278331757
1,task_2,59,21,0.0,0.18545298278331757
1,task_2,59,22,0.0,0.18545298278331757
1,task_2,59,23,0.0,0.18545298278331757
1,task_2,59,24,0.0,0.18545298278331757
1,task_2,59,25,0.0,0.18545298278331757
1,task_2,59,26,0.0,0.18545298278331757
1,task_2,59,27,0.0,0.18545298278331757
1,task_2,59,28,0.02937822788953781,0.1013450026512146
1,task_2,59,29,1.966408610343933,-5.294028282165527
1,task_2,60,0,9.999999747378752e-05,-0.22737367451190948
1,task_2,60,1,9.999999747378752e-05,-0.22737367451190948
1,task_2,60,2,9.999999747378752e-05,-0.22737367451190948
1,task_2,60,3,9.999999747378752e-05,-0.22737367451190948
1,task_2,60,4,9.999999747378752e-05,-0.22737367451190948
1,task_2,60,5,9.999999747378752e-05,-0.22737367451190948
1,task_2,60,6,9.999999747378752e-05,-0.22737367451190948
1,task_2,60,7,9.999999747378752e-05,-0.22737367451190948
1,task_2,60,8,9.999999747378752e-05,-0.22737367451190948
1,task_2,60,9,9.999999747378752e-05,-0.22737367451190948
1,task_2,60,10,9.999999747378752e-05,-0.22737367451190948
1,task_2,60,11,9.999999747378752e-05,-0.22737367451190948
1,task_2,60,12,9.999999747378752e-05,-0.22737367451190948
1,task_2,60,13,9.999999747378752e-05,-0.22737367451190948
1,task_2,60,14,9.999999747378752e-05,-0.22737367451190948
1,task_2,60,15,9.999999747378752e-05,-0.22737367451190948
1,task_2,60,16,9.999999747378752e-05,-0.22737367451190948
1,task_2,60,17,9.999999747378752e-05,-0.22737367451190948
1,task_2,60,18,9.999999747378752e-05,-0.22737367451190948
1,task_2,60,19,9.999999747378752e-05,-0.22737367451190948
1,task_2,60,20,9.999999747378752e-05,-0.22737367451190948
1,task_2,60,21,9.999999747378752e-05,-0.22737367451190948
1,task_2,60,22,9.999999747378752e-05,-0.22737367451190948
1,task_2,60,23,9.999999747378752e-05,-0.22737367451190948
1,task_2,60,24,9.999999747378752e-05,-0.22737367451190948
1,task_2,60,25,9.999999747378752e-05,-0.22737367451190948
1,task_2,60,26,9.999999747378752e-05,-0.22737367451190948
1,task_2,60,27,9.999999747378752e-05,-0.22737367451190948
1,task_2,60,28,9.999999747378752e-05,-0.22737367451190948
1,task_2,60,29,9.999999747378752e-05,-0.22737367451190948
1,task_2,61,0,0.042483776807785034,-0.7873647809028625
1,task_2,61,1,0.052233681082725525,-0.7671064734458923
1,task_2,61,2,0.05842955410480499,-0.7535208463668823
1,task_2,61,3,0.06354789435863495,-0.7426717281341553
1,task_2,61,4,0.06963236629962921,-0.7285558581352234
1,task_2,61,5,0.07429948449134827,-0.7179427742958069
1,task_2,61,6,0.07908663153648376,-0.7077792882919312
1,task_2,61,7,0.08627866208553314,-0.6943730115890503
1,task_2,61,8,0.09346944093704224,-0.6832489967346191
1,task_2,61,9,0.10141251981258392,-0.666886568069458
1,task_2,61,10,0.10918489843606949,-0.6544104814529419
1,task_2,61,11,0.11565548181533813,-0.6391425728797913
1,task_2,61,12,0.12796512246131897,-0.623602569103241
1,task_2,61,13,0.14147478342056274,-0.6046441793441772
1,task_2,61,14,0.15258237719535828,-0.5617572069168091
1,task_2,61,15,0.16729262471199036,-0.47326165437698364
1,task_2,61,16,0.1835693120956421,-0.36855947971343994
1,task_2,61,17,0.19776558876037598,-0.26633405685424805
1,task_2,61,18,0.21559970080852509,-0.1299905627965927
1,task_2,61,19,0.2330085039138794,-0.018564576283097267
1,task_2,61,20,0.251322865486145,0.14500559866428375
1,task_2,61,21,0.26958131790161133,0.3459266722202301
1,task_2,61,22,0.2939639091491699,0.5653474926948547
1,task_2,61,23,0.3077128827571869,0.7302946448326111
1,task_2,61,24,0.3227388858795166,0.8934550881385803
1,task_2,61,25,0.3417147397994995,1.0760571956634521
1,task_2,61,26,0.3579995036125183,1.2774724960327148
1,task_2,61,27,0.37161773443222046,1.4328917264938354
1,task_2,61,28,0.39046430587768555,1.6622737646102905
1,task_2,61,29,1.1742098331451416,3.460993766784668
1,task_2,62,0,0.0,0.0
1,task_2,62,1,0.028459995985031128,0.0
1,task_2,62,2,0.10384951531887054,0.0
1,task_2,62,3,0.17603661119937897,0.0
1,task_2,62,4,0.24079294502735138,0.0
1,task_2,62,5,0.3068564534187317,0.0
1,task_2,62,6,0.36921966075897217,0.0
1,task_2,62,7,0.42740607261657715,0.0
1,task_2,62,8,0.4841015338897705,0.0
1,task_2,62,9,0.5320592522621155,0.0
1,task_2,62,10,0.5681073665618896,0.0
1,task_2,62,11,0.6092262864112854,0.0
1,task_2,62,12,0.6450530290603638,0.0
1,task_2,62,13,0.6844313740730286,0.0
1,task_2,62,14,0.7090245485305786,0.0
1,task_2,62,15,0.7311969995498657,0.0
1,task_2,62,16,0.7514347434043884,0.0
1,task_2,62,17,0.761874794960022,0.0
1,task_2,62,18,0.7732712030410767,0.0
1,task_2,62,19,0.782843291759491,0.0
1,task_2,62,20,0.7906596064567566,0.0
1,task_2,62,21,0.7971441745758057,0.0
1,task_2,62,22,0.8035602569580078,0.0
1,task_2,62,23,0.8084640502929688,0.0
1,task_2,62,24,0.8122564554214478,0.0
1,task_2,62,25,0.8180131316184998,0.0
1,task_2,62,26,0.8245894908905029,0.0
1,task_2,62,27,0.8351411819458008,0.0
1,task_2,62,28,0.8427122831344604,0.0
1,task_2,62,29,0.8693263530731201,0.0
1,task_2,63,0,0.0,-0.5004018545150757
1,task_2,63,1,0.0,-0.5004018545150757
1,task_2,63,2,0.0,-0.5004018545150757
1,task_2,63,3,0.0,-0.5004018545150757
1,task_2,63,4,0.0,-0.5004018545150757
1,task_2,63,5,0.0,-0.5004018545150757
1,task_2,63,6,0.0,-0.5004018545150757
1,task_2,63,7,0.0,-0.5004018545150757
1,task_2,63,8,0.0,-0.5004018545150757
1,task_2,63,9,0.0,-0.5004018545150757
1,task_2,63,10,0.0,-0.5004018545150757
1,task_2,63,11,0.0,-0.5004018545150757
1,task_2,63,12,0.0,-0.5004018545150757
1,task_2,63,13,0.0,-0.5004018545150757
1,task_2,63,14,0.0,-0.5004018545150757
1,task_2,63,15,0.0,-0.5004018545150757
1,task_2,63,16,0.0,-0.5004018545150757
1,task_2,63,17,0.0,-0.5004018545150757
1,task_2,63,18,0.01899304986000061,-0.4160560667514801
1,task_2,63,19,0.07060752809047699,-0.15279889106750488
1,task_2,63,20,0.1237277090549469,0.11425016075372696
1,task_2,63,21,0.16077563166618347,0.3086894452571869
1,task_2,63,22,0.18699529767036438,0.4536469280719757
1,task_2,63,23,0.20782247185707092,0.5535030961036682
1,task_2,63,24,0.22667445242404938,0.6306052207946777
1,task_2,63,25,0.2372743785381317,0.6832040548324585
1,task_2,63,26,0.2450002282857895,0.715292751789093
1,task_2,63,27,0.2514830231666565,0.7466233372688293
1,task_2,63,28,0.2586686611175537,0.7717119455337524
1,task_2,63,29,1.5371713638305664,4.5985589027404785
1,task_2,64,0,0.0,0.41015470027923584
1,task_2,64,1,0.0,0.41015470027923584
1,task_2,64,2,0.0,0.41015470027923584
1,task_2,64,3,0.0,0.41015470027923584
1,task_2,64,4,0.0,0.41015470027923584
1,task_2,64,5,0.0,0.41015470027923584
1,task_2,64,6,0.0,0.41015470027923584
1,task_2,64,7,0.0,0.41015470027923584
1,task_2,64,8,0.0,0.41015470027923584
1,task_2,64,9,0.0,0.41015470027923584
1,task_2,64,10,0.0,0.41015470027923584
1,task_2,64,11,0.0,0.41015470027923584
1,task_2,64,12,0.0,0.41015470027923584
1,task_2,64,13,0.0,0.41015470027923584
1,task_2,64,14,0.0,0.41015470027923584
1,task_2,64,15,0.0,0.41015470027923584
1,task_2,64,16,0.0,0.41015470027923584
1,task_2,64,17,0.0,0.41015470027923584
1,task_2,64,18,0.0,0.41015470027923584
1,task_2,64,19,0.0,0.41015470027923584
1,task_2,64,20,0.0,0.41015470027923584
1,task_2,64,21,0.05128858983516693,0.22550229728221893
1,task_2,64,22,0.1203630343079567,-0.013115196488797665
1,task_2,64,23,0.1913730800151825,-0.2773968279361725
1,task_2,64,24,0.24664875864982605,-0.46838870644569397
1,task_2,64,25,0.3088115453720093,-0.6746793985366821
1,task_2,64,26,0.3494652807712555,-0.7995494604110718
1,task_2,64,27,0.3890588879585266,-0.9114459156990051
1,task_2,64,28,0.4158117175102234,-0.9785501956939697
1,task_2,64,29,1.9828511476516724,-4.7156243324279785
1,task_2,65,0,0.0,-0.21380040049552917
1,task_2,65,1,0.0,-0.21380040049552917
1,task_2,65,2,0.0,-0.21380040049552917
1,task_2,65,3,0.0,-0.21380040049552917
1,task_2,65,4,0.0,-0.21380040049552917
1,task_2,65,5,0.0,-0.21380040049552917
1,task_2,65,6,0.0,-0.21380040049552917
1,task_2,65,7,0.0,-0.21380040049552917
1,task_2,65,8,0.0,-0.21380040049552917
1,task_2,65,9,0.0,-0.21380040049552917
1,task_2,65,10,0.0,-0.21380040049552917
1,task_2,65,11,0.0,-0.21380040049552917
1,task_2,65,12,0.0,-0.21380040049552917
1,task_2,65,13,0.0,-0.21380040049552917
1,task_2,65,14,0.0,-0.21380040049552917
1,task_2,65,15,0.0,-0.21380040049552917
1,task_2,65,16,0.0,-0.21380040049552917
1,task_2,65,17,0.0,-0.21380040049552917
1,task_2,65,18,0.0,-0.21380040049552917
1,task_2,65,19,0.0,-0.21380040049552917
1,task_2,65,20,0.0,-0.21380040049552917
1,task_2,65,21,0.0,-0.21380040049552917
1,task_2,65,22,0.0,-0.21380040049552917
1,task_2,65,23,0.0,-0.21380040049552917
1,task_2,65,24,0.0,-0.21380040049552917
1,task_2,65,25,0.007277369499206543,-0.165714293718338
1,task_2,65,26,0.025447428226470947,-0.034800052642822266
1,task_2,65,27,0.04326607286930084,0.09216691553592682
1,task_2,65,28,0.05511289834976196,0.18202537298202515
1,task_2,65,29,1.475764274597168,5.271331787109375
1,task_2,66,0,0.0,-1.3276283740997314
1,task_2,66,1,0.0,-1.3276283740997314
1,task_2,66,2,0.0,-1.3276283740997314
1,task_2,66,3,0.0,-1.3276283740997314
1,task_2,66,4,0.0,-1.3276283740997314
1,task_2,66,5,0.0,-1.3276283740997314
1,task_2,66,6,0.0,-1.3276283740997314
1,task_2,66,7,0.0,-1.3276283740997314
1,task_2,66,8,0.08293547481298447,-1.0453802347183228
1,task_2,66,9,0.17110179364681244,-0.7433038353919983
1,task_2,66,10,0.2652808129787445,-0.41111233830451965
1,task_2,66,11,0.3313574194908142,-0.17410913109779358
1,task_2,66,12,0.3703702390193939,-0.02720079943537712
1,task_2,66,13,0.4201394021511078,0.145067498087883
1,task_2,66,14,0.4489487409591675,0.21922965347766876
1,task_2,66,15,0.4872286915779114,0.3285329043865204
1,task_2,66,16,0.5286844372749329,0.4402686059474945
1,task_2,66,17,0.5614325404167175,0.5295016765594482
1,task_2,66,18,0.5839776992797852,0.5861283540725708
1,task_2,66,19,0.6155505776405334,0.6617661118507385
1,task_2,66,20,0.6432583332061768,0.7340211868286133
1,task_2,66,21,0.6634529232978821,0.7829906344413757
1,task_2,66,22,0.6818020343780518,0.8281135559082031
1,task_2,66,23,0.6994256377220154,0.8697130084037781
1,task_2,66,24,0.7126048803329468,0.8992325663566589
1,task_2,66,25,0.7275059819221497,0.9368672370910645
1,task_2,66,26,0.7390995621681213,0.9654316306114197
1,task_2,66,27,0.7461186051368713,0.9838915467262268
1,task_2,66,28,0.7555510401725769,1.0078239440917969
1,task_2,66,29,1.3075852394104004,2.1035494804382324
1,task_2,67,0,0.26048368215560913,-0.4789445996284485
1,task_2,67,1,0.31503015756607056,-0.20527152717113495
1,task_2,67,2,0.3785460591316223,0.09113515913486481
1,task_2,67,3,0.4179946184158325,0.14899420738220215
1,task_2,67,4,0.4389384388923645,0.12554991245269775
1,task_2,67,5,0.4567205309867859,0.14364050328731537
1,task_2,67,6,0.4697255492210388,0.13499625027179718
1,task_2,67,7,0.4918205142021179,0.11519071459770203
1,task_2,67,8,0.5137864947319031,0.07452510297298431
1,task_2,67,9,0.5309309959411621,0.07037705183029175
1,task_2,67,10,0.5498179793357849,0.028409713879227638
1,task_2,67,11,0.5694472193717957,-0.020125217735767365
1,task_2,67,12,0.5859499573707581,-0.09229463338851929
1,task_2,67,13,0.6029871702194214,-0.13301172852516174
1,task_2,67,14,0.6176292300224304,-0.19507519900798798
1,task_2,67,15,0.6394505500793457,-0.30260348320007324
1,task_2,67,16,0.6525953412055969,-0.37706395983695984
1,task_2,67,17,0.6654828786849976,-0.4524919092655182
1,task_2,67,18,0.6823000907897949,-0.5233379602432251
1,task_2,67,19,0.6940332055091858,-0.5471218228340149
1,task_2,67,20,0.7040113210678101,-0.5168806910514832
1,task_2,67,21,0.7133867740631104,-0.5132996439933777
1,task_2,67,22,0.7227641344070435,-0.47882750630378723
1,task_2,67,23,0.7301645278930664,-0.42839667201042175
1,task_2,67,24,0.7349820137023926,-0.3740901052951813
1,task_2,67,25,0.7419496774673462,-0.25353705883026123
1,task_2,67,26,0.748161792755127,-0.1569438874721527
1,task_2,67,27,0.7549422383308411,-0.051211677491664886
1,task_2,67,28,0.7611241936683655,0.03288569673895836
1,task_2,67,29,0.9551413059234619,5.134819984436035
1,task_2,68,0,9.999999747378752e-05,0.0
1,task_2,68,1,9.999999747378752e-05,0.0
1,task_2,68,2,9.999999747378752e-05,0.0
1,task_2,68,3,9.999999747378752e-05,0.0
1,task_2,68,4,9.999999747378752e-05,0.0
1,task_2,68,5,9.999999747378752e-05,0.0
1,task_2,68,6,9.999999747378752e-05,0.0
1,task_2,68,7,9.999999747378752e-05,0.0
1,task_2,68,8,9.999999747378752e-05,0.0
1,task_2,68,9,9.999999747378752e-05,0.0
1,task_2,68,10,9.999999747378752e-05,0.0
1,task_2,68,11,9.999999747378752e-05,0.0
1,task_2,68,12,9.999999747378752e-05,0.0
1,task_2,68,13,9.999999747378752e-05,0.0
1,task_2,68,14,9.999999747378752e-05,0.0
1,task_2,68,15,9.999999747378752e-05,0.0
1,task_2,68,16,9.999999747378752e-05,0.0
1,task_2,68,17,9.999999747378752e-05,0.0
1,task_2,68,18,9.999999747378752e-05,0.0
1,task_2,68,19,9.999999747378752e-05,0.0
1,task_2,68,20,9.999999747378752e-05,0.0
1,task_2,68,21,9.999999747378752e-05,0.0
1,task_2,68,22,9.999999747378752e-05,0.0
1,task_2,68,23,9.999999747378752e-05,0.0
1,task_2,68,24,9.999999747378752e-05,0.0
1,task_2,68,25,9.999999747378752e-05,0.0
1,task_2,68,26,9.999999747378752e-05,0.0
1,task_2,68,27,9.999999747378752e-05,0.0
1,task_2,68,28,9.999999747378752e-05,0.0
1,task_2,68,29,9.999999747378752e-05,0.0
1,task_2,69,0,0.5053478479385376,-0.8158251047134399
1,task_2,69,1,0.5197125673294067,-0.7733081579208374
1,task_2,69,2,0.5294910669326782,-0.7503465414047241
1,task_2,69,3,0.5369802713394165,-0.72695392370224
1,task_2,69,4,0.5454076528549194,-0.6969953179359436
1,task_2,69,5,0.5551047325134277,-0.6639942526817322
1,task_2,69,6,0.5643501281738281,-0.6385241150856018
1,task_2,69,7,0.577655017375946,-0.6042489409446716
1,task_2,69,8,0.5901480913162231,-0.5578911304473877
1,task_2,69,9,0.607315182685852,-0.5117764472961426
1,task_2,69,10,0.6308958530426025,-0.4466571509838104
1,task_2,69,11,0.655646026134491,-0.376800000667572
1,task_2,69,12,0.6754086017608643,-0.3210362195968628
1,task_2,69,13,0.7013062238693237,-0.23949985206127167
1,task_2,69,14,0.7239314317703247,-0.17683912813663483
1,task_2,69,15,0.7505723237991333,-0.09325184673070908
1,task_2,69,16,0.7678267955780029,-0.03768223524093628
1,task_2,69,17,0.7918410301208496,0.041784174740314484
1,task_2,69,18,0.8142493963241577,0.12311553955078125
1,task_2,69,19,0.8316332101821899,0.1796957403421402
1,task_2,69,20,0.8491559028625488,0.23342370986938477
1,task_2,69,21,0.8640584945678711,0.27657559514045715
1,task_2,69,22,0.8765561580657959,0.31894373893737793
1,task_2,69,23,0.8868144750595093,0.34536129236221313
1,task_2,69,24,0.8970210552215576,0.3807469606399536
1,task_2,69,25,0.9072164297103882,0.4082787334918976
1,task_2,69,26,0.9168628454208374,0.4327574670314789
1,task_2,69,27,0.9247575998306274,0.456689715385437
1,task_2,69,28,0.9388995170593262,0.4932639002799988
1,task_2,69,29,2.7229840755462646,4.740989685058594
1,task_2,70,0,0.1454952210187912,0.3691534101963043
1,task_2,70,1,0.15298175811767578,0.32289794087409973
1,task_2,70,2,0.1577770709991455,0.2958318293094635
1,task_2,70,3,0.16253520548343658,0.27315977215766907
1,task_2,70,4,0.16657395660877228,0.24731110036373138
1,task_2,70,5,0.17278499901294708,0.2048865258693695
1,task_2,70,6,0.17797411978244781,0.1691107600927353
1,task_2,70,7,0.18350645899772644,0.14111249148845673
1,task_2,70,8,0.19293445348739624,0.10439576208591461
1,task_2,70,9,0.20377908647060394,0.05830970034003258
1,task_2,70,10,0.21668390929698944,-0.0028258231468498707
1,task_2,70,11,0.2368379682302475,-0.12094729393720627
1,task_2,70,12,0.25721898674964905,-0.24705228209495544
1,task_2,70,13,0.27661949396133423,-0.30501940846443176
1,task_2,70,14,0.2900529205799103,-0.3416745364665985
1,task_2,70,15,0.2995636463165283,-0.37985479831695557
1,task_2,70,16,0.31161177158355713,-0.3842178285121918
1,task_2,70,17,0.3205620348453522,-0.39864641427993774
1,task_2,70,18,0.3301522135734558,-0.41059479117393494
1,task_2,70,19,0.3358971178531647,-0.4075179100036621
1,task_2,70,20,0.34089672565460205,-0.4140337109565735
1,task_2,70,21,0.3466147482395172,-0.4301204979419708
1,task_2,70,22,0.35113435983657837,-0.4562588334083557
1,task_2,70,23,0.3555682897567749,-0.4592341184616089
1,task_2,70,24,0.3600423336029053,-0.4725060760974884
1,task_2,70,25,0.36460646986961365,-0.485123872756958
1,task_2,70,26,0.36898112297058105,-0.4955124855041504
1,task_2,70,27,0.37481868267059326,-0.4984307885169983
1,task_2,70,28,0.3804704546928406,-0.5133447051048279
1,task_2,70,29,1.623484492301941,5.036750316619873
1,task_2,71,0,0.0,0.42332330346107483
1,task_2,71,1,0.0,0.42332330346107483
1,task_2,71,2,0.0,0.42332330346107483
1,task_2,71,3,0.0,0.42332330346107483
1,task_2,71,4,0.0,0.42332330346107483
1,task_2,71,5,0.0,0.42332330346107483
1,task_2,71,6,0.0,0.42332330346107483
1,task_2,71,7,0.0,0.42332330346107483
1,task_2,71,8,0.0,0.42332330346107483
1,task_2,71,9,0.0,0.42332330346107483
1,task_2,71,10,0.0,0.42332330346107483
1,task_2,71,11,0.0,0.42332330346107483
1,task_2,71,12,0.0,0.42332330346107483
1,task_2,71,13,0.0,0.42332330346107483
1,task_2,71,14,0.0,0.42332330346107483
1,task_2,71,15,0.0,0.42332330346107483
1,task_2,71,16,0.0,0.42332330346107483
1,task_2,71,17,0.0,0.42332330346107483
1,task_2,71,18,0.0,0.42332330346107483
1,task_2,71,19,0.0,0.42332330346107483
1,task_2,71,20,0.0,0.42332330346107483
1,task_2,71,21,0.005015674978494644,0.4017123281955719
1,task_2,71,22,0.08625456690788269,0.01949949748814106
1,task_2,71,23,0.1675616055727005,-0.29907679557800293
1,task_2,71,24,0.2485314905643463,-0.5688335299491882
1,task_2,71,25,0.32610899209976196,-0.7535033226013184
1,task_2,71,26,0.39903706312179565,-0.8975490927696228
1,task_2,71,27,0.46388182044029236,-1.0295274257659912
1,task_2,71,28,0.5410638451576233,-1.204140067100525
1,task_2,71,29,1.8778337240219116,-4.5583696365356445
1,task_2,72,0,0.056199148297309875,0.8013015389442444
1,task_2,72,1,0.0626072958111763,0.8028938174247742
1,task_2,72,2,0.06808604300022125,0.8041395545005798
1,task_2,72,3,0.07206763327121735,0.8050211668014526
1,task_2,72,4,0.07935263961553574,0.806460440158844
1,task_2,72,5,0.08605989813804626,0.8077735304832458
1,task_2,72,6,0.09731258451938629,0.8096084594726562
1,task_2,72,7,0.10933934897184372,0.8108216524124146
1,task_2,72,8,0.13028794527053833,0.8135526180267334
1,task_2,72,9,0.15599840879440308,0.8155163526535034
1,task_2,72,10,0.18553027510643005,0.8149500489234924
1,task_2,72,11,0.2183198183774948,0.7803356647491455
1,task_2,72,12,0.25364798307418823,0.7376370429992676
1,task_2,72,13,0.2999444603919983,0.6789106726646423
1,task_2,72,14,0.3447873592376709,0.6221822500228882
1,task_2,72,15,0.39995044469833374,0.4865072965621948
1,task_2,72,16,0.45530831813812256,0.34636038541793823
1,task_2,72,17,0.5188576579093933,0.17641198635101318
1,task_2,72,18,0.5796391367912292,0.019787516444921494
1,task_2,72,19,0.6518607139587402,-0.16598033905029297
1,task_2,72,20,0.7250694632530212,-0.3545573353767395
1,task_2,72,21,0.7946355938911438,-0.5338172316551208
1,task_2,72,22,0.8757031559944153,-0.7358747720718384
1,task_2,72,23,0.9566880464553833,-0.9427618980407715
1,task_2,72,24,1.0219918489456177,-1.1168378591537476
1,task_2,72,25,1.1080881357192993,-1.3390613794326782
1,task_2,72,26,1.1899776458740234,-1.5538517236709595
1,task_2,72,27,1.2691564559936523,-1.7813365459442139
1,task_2,72,28,1.338427186012268,-1.9698023796081543
1,task_2,72,29,1.4487887620925903,-2.246289014816284
1,task_2,73,0,0.2085808366537094,-0.3150769770145416
1,task_2,73,1,0.2142023891210556,-0.3034832775592804
1,task_2,73,2,0.21961624920368195,-0.29985854029655457
1,task_2,73,3,0.2239944189786911,-0.2902829349040985
1,task_2,73,4,0.2277551293373108,-0.2819065749645233
1,task_2,73,5,0.23109939694404602,-0.27228209376335144
1,task_2,73,6,0.2349618524312973,-0.2617553472518921
1,task_2,73,7,0.23903459310531616,-0.25989317893981934
1,task_2,73,8,0.24232903122901917,-0.25488677620887756
1,task_2,73,9,0.24590793251991272,-0.25436559319496155
1,task_2,73,10,0.25060540437698364,-0.24731993675231934
1,task_2,73,11,0.25470149517059326,-0.23828239738941193
1,task_2,73,12,0.2590700089931488,-0.22849802672863007
1,task_2,73,13,0.2664799690246582,-0.21551774442195892
1,task_2,73,14,0.2721290588378906,-0.20702478289604187
1,task_2,73,15,0.27776116132736206,-0.19219762086868286
1,task_2,73,16,0.28347188234329224,-0.18614767491817474
1,task_2,73,17,0.28857332468032837,-0.17629386484622955
1,task_2,73,18,0.2953963577747345,-0.16657868027687073
1,task_2,73,19,0.3009239137172699,-0.15866324305534363
1,task_2,73,20,0.3077588975429535,-0.1489984095096588
1,task_2,73,21,0.3141525685787201,-0.13816364109516144
1,task_2,73,22,0.3210259675979614,-0.1307050585746765
1,task_2,73,23,0.3366206884384155,-0.11712978035211563
1,task_2,73,24,0.35757920145988464,-0.07414131611585617
1,task_2,73,25,0.37585121393203735,-0.042397987097501755
1,task_2,73,26,0.4014829993247986,0.001022498239763081
1,task_2,73,27,0.4256232678890228,0.06790950149297714
1,task_2,73,28,0.4568101167678833,0.12991821765899658
1,task_2,73,29,1.7772248983383179,5.263000011444092
1,task_2,74,0,0.06943131983280182,1.0070569515228271
1,task_2,74,1,0.07840277254581451,0.9552000164985657
1,task_2,74,2,0.08355122804641724,0.9239183068275452
1,task_2,74,3,0.08786386251449585,0.8999051451683044
1,task_2,74,4,0.0925883948802948,0.8741074800491333
1,task_2,74,5,0.09909313172101974,0.838387131690979
1,task_2,74,6,0.10538947582244873,0.7997931838035583
1,task_2,74,7,0.11413665115833282,0.7493032217025757
1,task_2,74,8,0.12315459549427032,0.7028229832649231
1,task_2,74,9,0.13538315892219543,0.6421055197715759
1,task_2,74,10,0.15322928130626678,0.5510015487670898
1,task_2,74,11,0.1651487499475479,0.4947603940963745
1,task_2,74,12,0.17558130621910095,0.44301748275756836
1,task_2,74,13,0.18851818144321442,0.38358592987060547
1,task_2,74,14,0.20291446149349213,0.318204790353775
1,task_2,74,15,0.21804329752922058,0.25016751885414124
1,task_2,74,16,0.2342655509710312,0.1853109747171402
1,task_2,74,17,0.24886423349380493,0.12733587622642517
1,task_2,74,18,0.2630647122859955,0.07600283622741699
1,task_2,74,19,0.2856735289096832,-0.009692863561213017
1,task_2,74,20,0.3012230694293976,-0.07087702304124832
1,task_2,74,21,0.3244912028312683,-0.16289985179901123
1,task_2,74,22,0.3535885810852051,-0.2920386493206024
1,task_2,74,23,0.39735519886016846,-0.5903199911117554
1,task_2,74,24,0.4331866502761841,-0.8294224143028259
1,task_2,74,25,0.47412294149398804,-1.1299775838851929
1,task_2,74,26,0.5100418329238892,-1.3956965208053589
1,task_2,74,27,0.5406917929649353,-1.6405549049377441
1,task_2,74,28,0.5874224901199341,-1.9817063808441162
1,task_2,74,29,0.7395669221878052,-3.1187994480133057
1,task_2,75,0,9.999999747378752e-05,0.028421709313988686
1,task_2,75,1,9.999999747378752e-05,0.028421709313988686
1,task_2,75,2,9.999999747378752e-05,0.028421709313988686
1,task_2,75,3,9.999999747378752e-05,0.028421709313988686
1,task_2,75,4,9.999999747378752e-05,0.028421709313988686
1,task_2,75,5,9.999999747378752e-05,0.028421709313988686
1,task_2,75,6,9.999999747378752e-05,0.028421709313988686
1,task_2,75,7,9.999999747378752e-05,0.028421709313988686
1,task_2,75,8,9.999999747378752e-05,0.028421709313988686
1,task_2,75,9,9.999999747378752e-05,0.028421709313988686
1,task_2,75,10,9.999999747378752e-05,0.028421709313988686
1,task_2,75,11,9.999999747378752e-05,0.028421709313988686
1,task_2,75,12,9.999999747378752e-05,0.028421709313988686
1,task_2,75,13,9.999999747378752e-05,0.028421709313988686
1,task_2,75,14,9.999999747378752e-05,0.028421709313988686
1,task_2,75,15,9.999999747378752e-05,0.028421709313988686
1,task_2,75,16,9.999999747378752e-05,0.028421709313988686
1,task_2,75,17,9.999999747378752e-05,0.028421709313988686
1,task_2,75,18,9.999999747378752e-05,0.028421709313988686
1,task_2,75,19,9.999999747378752e-05,0.028421709313988686
1,task_2,75,20,9.999999747378752e-05,0.028421709313988686
1,task_2,75,21,9.999999747378752e-05,0.028421709313988686
1,task_2,75,22,9.999999747378752e-05,0.028421709313988686
1,task_2,75,23,9.999999747378752e-05,0.028421709313988686
1,task_2,75,24,9.999999747378752e-05,0.028421709313988686
1,task_2,75,25,9.999999747378752e-05,0.028421709313988686
1,task_2,75,26,9.999999747378752e-05,0.028421709313988686
1,task_2,75,27,9.999999747378752e-05,0.028421709313988686
1,task_2,75,28,9.999999747378752e-05,0.028421709313988686
1,task_2,75,29,9.999999747378752e-05,0.028421709313988686
1,task_2,76,0,0.0,-0.5073078870773315
1,task_2,76,1,0.0,-0.5073078870773315
1,task_2,76,2,0.0,-0.5073078870773315
1,task_2,76,3,0.0,-0.5073078870773315
1,task_2,76,4,0.0,-0.5073078870773315
1,task_2,76,5,0.0,-0.5073078870773315
1,task_2,76,6,0.0,-0.5073078870773315
1,task_2,76,7,0.0,-0.5073078870773315
1,task_2,76,8,0.0,-0.5073078870773315
1,task_2,76,9,0.0,-0.5073078870773315
1,task_2,76,10,0.0,-0.5073078870773315
1,task_2,76,11,0.0,-0.5073078870773315
1,task_2,76,12,0.0,-0.5073078870773315
1,task_2,76,13,0.0,-0.5073078870773315
1,task_2,76,14,0.0,-0.5073078870773315
1,task_2,76,15,0.0,-0.5073078870773315
1,task_2,76,16,0.0,-0.5073078870773315
1,task_2,76,17,0.0,-0.5073078870773315
1,task_2,76,18,0.0,-0.5073078870773315
1,task_2,76,19,0.0,-0.5073078870773315
1,task_2,76,20,0.017336905002593994,-0.39965304732322693
1,task_2,76,21,0.06928329169750214,-0.07790139317512512
1,task_2,76,22,0.12129927426576614,0.24338281154632568
1,task_2,76,23,0.16147726774215698,0.4937894642353058
1,task_2,76,24,0.19685328006744385,0.7303876876831055
1,task_2,76,25,0.24054306745529175,1.008651614189148
1,task_2,76,26,0.2718256711959839,1.2222877740859985
1,task_2,76,27,0.2958184480667114,1.3732954263687134
1,task_2,76,28,0.32179927825927734,1.542820930480957
1,task_2,76,29,0.7688939571380615,4.009096145629883
1,task_2,77,0,0.0,0.014210854656994343
1,task_2,77,1,0.0,0.014210854656994343
1,task_2,77,2,0.0,0.014210854656994343
1,task_2,77,3,0.0,0.014210854656994343
1,task_2,77,4,0.0,0.014210854656994343
1,task_2,77,5,0.0,0.014210854656994343
1,task_2,77,6,0.0,0.014210854656994343
1,task_2,77,7,0.0,0.014210854656994343
1,task_2,77,8,0.0,0.014210854656994343
1,task_2,77,9,0.0,0.014210854656994343
1,task_2,77,10,0.0,0.014210854656994343
1,task_2,77,11,0.0,0.014210854656994343
1,task_2,77,12,0.0,0.014210854656994343
1,task_2,77,13,0.0,0.014210854656994343
1,task_2,77,14,0.0,0.014210854656994343
1,task_2,77,15,0.0,0.014210854656994343
1,task_2,77,16,0.0,0.014210854656994343
1,task_2,77,17,0.0,0.014210854656994343
1,task_2,77,18,0.0,0.014210854656994343
1,task_2,77,19,0.0,0.014210854656994343
1,task_2,77,20,0.0,0.014210854656994343
1,task_2,77,21,0.0,0.014210854656994343
1,task_2,77,22,0.0,0.014210854656994343
1,task_2,77,23,0.0,0.014210854656994343
1,task_2,77,24,0.0,0.014210854656994343
1,task_2,77,25,0.0,0.014210854656994343
1,task_2,77,26,0.04324394464492798,0.014210854656994343
1,task_2,77,27,0.09821083396673203,0.014210854656994343
1,task_2,77,28,0.16041965782642365,0.014210854656994343
1,task_2,77,29,0.23278109729290009,0.014210854656994343
1,task_2,78,0,0.0,-0.16043618321418762
1,task_2,78,1,0.0,-0.16043618321418762
1,task_2,78,2,0.0,-0.16043618321418762
1,task_2,78,3,0.0,-0.16043618321418762
1,task_2,78,4,0.0,-0.16043618321418762
1,task_2,78,5,0.0,-0.16043618321418762
1,task_2,78,6,0.0,-0.16043618321418762
1,task_2,78,7,0.0,-0.16043618321418762
1,task_2,78,8,0.0,-0.16043618321418762
1,task_2,78,9,0.0,-0.16043618321418762
1,task_2,78,10,0.0,-0.16043618321418762
1,task_2,78,11,0.0,-0.16043618321418762
1,task_2,78,12,0.0,-0.16043618321418762
1,task_2,78,13,0.0,-0.16043618321418762
1,task_2,78,14,0.0,-0.16043618321418762
1,task_2,78,15,0.0,-0.16043618321418762
1,task_2,78,16,0.007848814129829407,-0.15974128246307373
1,task_2,78,17,0.026164889335632324,-0.14950641989707947
1,task_2,78,18,0.0433073490858078,-0.1511254757642746
1,task_2,78,19,0.06251037865877151,-0.17895032465457916
1,task_2,78,20,0.0836746096611023,-0.17128203809261322
1,task_2,78,21,0.10431786626577377,-0.16827690601348877
1,task_2,78,22,0.126791313290596,-0.2112908810377121
1,task_2,78,23,0.15154339373111725,-0.240993931889534
1,task_2,78,24,0.16872963309288025,-0.2806495130062103
1,task_2,78,25,0.18672195076942444,-0.2800356149673462
1,task_2,78,26,0.20956547558307648,-0.26014477014541626
1,task_2,78,27,0.23208682239055634,-0.23720809817314148
1,task_2,78,28,0.2536475956439972,-0.23428216576576233
1,task_2,78,29,1.1520839929580688,5.29046630859375
1,task_2,79,0,0.0,0.6222361326217651
1,task_2,79,1,0.0,0.6222361326217651
1,task_2,79,2,0.0,0.6222361326217651
1,task_2,79,3,0.0,0.6222361326217651
1,task_2,79,4,0.0,0.6222361326217651
1,task_2,79,5,0.0,0.6222361326217651
1,task_2,79,6,0.0,0.6222361326217651
1,task_2,79,7,0.0,0.6222361326217651
1,task_2,79,8,0.0,0.6222361326217651
1,task_2,79,9,0.0,0.6222361326217651
1,task_2,79,10,0.0,0.6222361326217651
1,task_2,79,11,0.0,0.6222361326217651
1,task_2,79,12,0.0,0.6222361326217651
1,task_2,79,13,0.007409185171127319,0.5103751420974731
1,task_2,79,14,0.01844247430562973,0.6602270603179932
1,task_2,79,15,0.02856394648551941,0.7407461404800415
1,task_2,79,16,0.04660678654909134,0.7933538556098938
1,task_2,79,17,0.06675446778535843,0.4635114371776581
1,task_2,79,18,0.08751571178436279,0.496885746717453
1,task_2,79,19,0.10907364636659622,0.47280117869377136
1,task_2,79,20,0.1299133598804474,0.21368053555488586
1,task_2,79,21,0.15130020678043365,-0.1891987919807434
1,task_2,79,22,0.1722642183303833,-0.7037869691848755
1,task_2,79,23,0.19050371646881104,-0.8805428147315979
1,task_2,79,24,0.20807822048664093,-1.2512520551681519
1,task_2,79,25,0.2166706621646881,-1.4233888387680054
1,task_2,79,26,0.22886675596237183,-1.7156884670257568
1,task_2,79,27,0.23914101719856262,-1.7659894227981567
1,task_2,79,28,0.24786102771759033,-1.9183975458145142
1,task_2,79,29,1.1393932104110718,-2.592405080795288
1,task_2,80,0,0.0,-1.017945647239685
1,task_2,80,1,0.0,-1.017945647239685
1,task_2,80,2,0.0,-1.017945647239685
1,task_2,80,3,0.0,-1.017945647239685
1,task_2,80,4,0.0,-1.017945647239685
1,task_2,80,5,0.0,-1.017945647239685
1,task_2,80,6,0.014267578721046448,-0.9561214447021484
1,task_2,80,7,0.03758985549211502,-0.8597198128700256
1,task_2,80,8,0.0601133331656456,-0.760914146900177
1,task_2,80,9,0.08760637044906616,-0.6417720913887024
1,task_2,80,10,0.11825742572546005,-0.5121750235557556
1,task_2,80,11,0.1419147402048111,-0.41333451867103577
1,task_2,80,12,0.16723087430000305,-0.32175394892692566
1,task_2,80,13,0.18836212158203125,-0.24041599035263062
1,task_2,80,14,0.21309414505958557,-0.12387282401323318
1,task_2,80,15,0.2331312745809555,-0.028451895341277122
1,task_2,80,16,0.2574687600135803,0.11505746096372604
1,task_2,80,17,0.27578186988830566,0.21174238622188568
1,task_2,80,18,0.29225707054138184,0.2974812388420105
1,task_2,80,19,0.3091301918029785,0.3818163275718689
1,task_2,80,20,0.32605093717575073,0.4741578698158264
1,task_2,80,21,0.3359145522117615,0.5262280106544495
1,task_2,80,22,0.34398066997528076,0.5591357350349426
1,task_2,80,23,0.3566191494464874,0.6254478693008423
1,task_2,80,24,0.3696630597114563,0.6954618096351624
1,task_2,80,25,0.3768691420555115,0.7283031344413757
1,task_2,80,26,0.3853170573711395,0.7811894416809082
1,task_2,80,27,0.39349329471588135,0.8175637722015381
1,task_2,80,28,0.4057970643043518,0.8857466578483582
1,task_2,80,29,1.0556567907333374,3.866873025894165
1,task_2,81,0,0.0,-0.30970463156700134
1,task_2,81,1,0.0,-0.30970463156700134
1,task_2,81,2,0.0,-0.30970463156700134
1,task_2,81,3,0.0,-0.30970463156700134
1,task_2,81,4,0.0,-0.30970463156700134
1,task_2,81,5,0.0,-0.30970463156700134
1,task_2,81,6,0.0,-0.30970463156700134
1,task_2,81,7,0.0,-0.30970463156700134
1,task_2,81,8,0.0,-0.30970463156700134
1,task_2,81,9,0.0,-0.30970463156700134
1,task_2,81,10,0.0,-0.30970463156700134
1,task_2,81,11,0.0,-0.30970463156700134
1,task_2,81,12,0.0,-0.30970463156700134
1,task_2,81,13,0.0,-0.30970463156700134
1,task_2,81,14,0.0,-0.30970463156700134
1,task_2,81,15,0.0,-0.30970463156700134
1,task_2,81,16,0.0,-0.30970463156700134
1,task_2,81,17,0.0,-0.30970463156700134
1,task_2,81,18,0.0,-0.30970463156700134
1,task_2,81,19,0.0,-0.30970463156700134
1,task_2,81,20,0.0,-0.30970463156700134
1,task_2,81,21,0.0072758011519908905,-0.2970699965953827
1,task_2,81,22,0.06044516712427139,-0.18517932295799255
1,task_2,81,23,0.10877270251512527,-0.03393922373652458
1,task_2,81,24,0.1613805890083313,0.1428290456533432
1,task_2,81,25,0.2094365358352661,0.296342134475708
1,task_2,81,26,0.2510899603366852,0.4144465923309326
1,task_2,81,27,0.2844741940498352,0.4997444450855255
1,task_2,81,28,0.31033170223236084,0.5664843320846558
1,task_2,81,29,2.290283441543579,5.1001386642456055
1,task_2,82,0,0.0,0.64121413230896
1,task_2,82,1,0.0,0.64121413230896
1,task_2,82,2,0.0,0.64121413230896
1,task_2,82,3,0.0,0.64121413230896
1,task_2,82,4,0.0,0.64121413230896
1,task_2,82,5,0.0,0.64121413230896
1,task_2,82,6,0.0,0.64121413230896
1,task_2,82,7,0.0,0.64121413230896
1,task_2,82,8,0.0,0.64121413230896
1,task_2,82,9,0.0,0.64121413230896
1,task_2,82,10,0.0,0.64121413230896
1,task_2,82,11,0.0,0.64121413230896
1,task_2,82,12,0.0,0.64121413230896
1,task_2,82,13,0.0,0.64121413230896
1,task_2,82,14,0.0,0.64121413230896
1,task_2,82,15,0.0,0.64121413230896
1,task_2,82,16,0.0,0.64121413230896
1,task_2,82,17,0.0,0.64121413230896
1,task_2,82,18,0.0,0.64121413230896
1,task_2,82,19,0.05900953337550163,0.3895592987537384
1,task_2,82,20,0.12941035628318787,0.09066762775182724
1,task_2,82,21,0.20413650572299957,-0.21951662003993988
1,task_2,82,22,0.266461580991745,-0.5982223153114319
1,task_2,82,23,0.3497123420238495,-1.0695420503616333
1,task_2,82,24,0.4392370879650116,-1.474104642868042
1,task_2,82,25,0.511838972568512,-1.8603817224502563
1,task_2,82,26,0.5960460901260376,-1.8603817224502563
1,task_2,82,27,0.6668339371681213,-1.8603817224502563
1,task_2,82,28,0.7461739182472229,-1.8603817224502563
1,task_2,82,29,0.8184657096862793,-1.8603817224502563
1,task_2,83,0,0.0,-0.11368683725595474
1,task_2,83,1,0.0,-0.11368683725595474
1,task_2,83,2,0.0,-0.11368683725595474
1,task_2,83,3,0.0,-0.11368683725595474
1,task_2,83,4,0.0,-0.11368683725595474
1,task_2,83,5,0.0,-0.11368683725595474
1,task_2,83,6,0.0,-0.11368683725595474
1,task_2,83,7,0.0,-0.11368683725595474
1,task_2,83,8,0.0,-0.11368683725595474
1,task_2,83,9,0.0,-0.11368683725595474
1,task_2,83,10,0.0,-0.11368683725595474
1,task_2,83,11,0.0,-0.11368683725595474
1,task_2,83,12,0.0,-0.11368683725595474
1,task_2,83,13,0.0,-0.11368683725595474
1,task_2,83,14,0.0,-0.11368683725595474
1,task_2,83,15,0.0,-0.11368683725595474
1,task_2,83,16,0.0,-0.11368683725595474
1,task_2,83,17,0.0,-0.11368683725595474
1,task_2,83,18,0.006096690893173218,-0.11368683725595474
1,task_2,83,19,0.017746932804584503,-0.11368683725595474
1,task_2,83,20,0.029861845076084137,-0.11368683725595474
1,task_2,83,21,0.04026582092046738,-0.11368683725595474
1,task_2,83,22,0.04782114923000336,-0.11368683725595474
1,task_2,83,23,0.05567100644111633,-0.11368683725595474
1,task_2,83,24,0.06330893933773041,-0.11368683725595474
1,task_2,83,25,0.06794828176498413,-0.11368683725595474
1,task_2,83,26,0.07421457022428513,-0.11368683725595474
1,task_2,83,27,0.0808735340833664,-0.11368683725595474
1,task_2,83,28,0.08975192904472351,-0.11368683725595474
1,task_2,83,29,0.11430443823337555,-0.11368683725595474
1,task_2,84,0,1.994726300239563,-58.20766067504883
1,task_2,84,1,1.994726300239563,-58.20766067504883
1,task_2,84,2,1.994726300239563,-58.20766067504883
1,task_2,84,3,1.994726300239563,-58.20766067504883
1,task_2,84,4,1.994726300239563,-58.20766067504883
1,task_2,84,5,1.994726300239563,-58.20766067504883
1,task_2,84,6,1.994726300239563,-58.20766067504883
1,task_2,84,7,1.994726300239563,-58.20766067504883
1,task_2,84,8,1.994726300239563,-58.20766067504883
1,task_2,84,9,1.994726300239563,-58.20766067504883
1,task_2,84,10,1.994726300239563,-58.20766067504883
1,task_2,84,11,1.994726300239563,-58.20766067504883
1,task_2,84,12,1.994726300239563,-58.20766067504883
1,task_2,84,13,1.994726300239563,-58.20766067504883
1,task_2,84,14,1.994726300239563,-58.20766067504883
1,task_2,84,15,1.994726300239563,-58.20766067504883
1,task_2,84,16,1.994726300239563,-58.20766067504883
1,task_2,84,17,1.994726300239563,-58.20766067504883
1,task_2,84,18,1.994726300239563,-58.20766067504883
1,task_2,84,19,1.994726300239563,-58.20766067504883
1,task_2,84,20,1.994726300239563,-58.20766067504883
1,task_2,84,21,1.994726300239563,-58.20766067504883
1,task_2,84,22,1.994726300239563,-58.20766067504883
1,task_2,84,23,1.994726300239563,-58.20766067504883
1,task_2,84,24,1.994726300239563,-58.20766067504883
1,task_2,84,25,1.994726300239563,-58.20766067504883
1,task_2,84,26,1.994726300239563,-58.20766067504883
1,task_2,84,27,1.994726300239563,-58.20766067504883
1,task_2,84,28,1.994726300239563,-58.20766067504883
1,task_2,84,29,1.994726300239563,-58.20766067504883
1,task_2,85,0,0.0,0.0
1,task_2,85,1,0.0033024102449417114,0.0
1,task_2,85,2,0.007349744439125061,0.0
1,task_2,85,3,0.013401016592979431,0.0
1,task_2,85,4,0.016032233834266663,0.0
1,task_2,85,5,0.01731841266155243,0.0
1,task_2,85,6,0.017695829272270203,0.0
1,task_2,85,7,0.01906360685825348,0.0
1,task_2,85,8,0.019814059138298035,0.0
1,task_2,85,9,0.02697242796421051,0.0
1,task_2,85,10,0.02792505919933319,0.0
1,task_2,85,11,0.06000903248786926,0.0
1,task_2,85,12,0.06000903248786926,0.0
1,task_2,85,13,0.06000903248786926,0.0
1,task_2,85,14,0.06000903248786926,0.0
1,task_2,85,15,0.06000903248786926,0.0
1,task_2,85,16,0.06000903248786926,0.0
1,task_2,85,17,0.06000903248786926,0.0
1,task_2,85,18,0.06000903248786926,0.0
1,task_2,85,19,0.06000903248786926,0.0
1,task_2,85,20,0.06000903248786926,0.0
1,task_2,85,21,0.06000903248786926,0.0
1,task_2,85,22,0.06000903248786926,0.0
1,task_2,85,23,0.06000903248786926,0.0
1,task_2,85,24,0.06000903248786926,0.0
1,task_2,85,25,0.06000903248786926,0.0
1,task_2,85,26,0.06000903248786926,0.0
1,task_2,85,27,0.06000903248786926,0.0
1,task_2,85,28,0.06000903248786926,0.0
1,task_2,85,29,0.06000903248786926,0.0
1,task_2,86,0,0.0,-0.6013016104698181
1,task_2,86,1,0.0,-0.6013016104698181
1,task_2,86,2,0.0,-0.6013016104698181
1,task_2,86,3,0.0,-0.6013016104698181
1,task_2,86,4,0.0,-0.6013016104698181
1,task_2,86,5,0.0,-0.6013016104698181
1,task_2,86,6,0.0,-0.6013016104698181
1,task_2,86,7,0.0,-0.6013016104698181
1,task_2,86,8,0.0,-0.6013016104698181
1,task_2,86,9,0.0,-0.6013016104698181
1,task_2,86,10,0.0,-0.6013016104698181
1,task_2,86,11,0.0,-0.6013016104698181
1,task_2,86,12,0.0,-0.6013016104698181
1,task_2,86,13,0.0,-0.6013016104698181
1,task_2,86,14,0.0,-0.6013016104698181
1,task_2,86,15,0.0,-0.6013016104698181
1,task_2,86,16,0.0,-0.6013016104698181
1,task_2,86,17,0.0,-0.6013016104698181
1,task_2,86,18,0.0,-0.6013016104698181
1,task_2,86,19,0.041953809559345245,-0.3113108277320862
1,task_2,86,20,0.07981278002262115,-0.05325278267264366
1,task_2,86,21,0.11865613609552383,0.2192636877298355
1,task_2,86,22,0.16015508770942688,0.5104434490203857
1,task_2,86,23,0.19915270805358887,0.7717265486717224
1,task_2,86,24,0.23755112290382385,1.014370083808899
1,task_2,86,25,0.2703340947628021,1.2213412523269653
1,task_2,86,26,0.2994280755519867,1.4088239669799805
1,task_2,86,27,0.3223291337490082,1.5650392770767212
1,task_2,86,28,0.3483368456363678,1.7400460243225098
1,task_2,86,29,0.608217716217041,3.338238477706909
1,task_2,87,0,0.15907607972621918,-2.0356247425079346
1,task_2,87,1,0.18838149309158325,-1.8936042785644531
1,task_2,87,2,0.22189506888389587,-1.7281297445297241
1,task_2,87,3,0.2683487832546234,-1.502556324005127
1,task_2,87,4,0.3141995370388031,-1.283282995223999
1,task_2,87,5,0.3629686236381531,-1.0316276550292969
1,task_2,87,6,0.4083627462387085,-0.800625741481781
1,task_2,87,7,0.45208069682121277,-0.5756840705871582
1,task_2,87,8,0.49440884590148926,-0.37189775705337524
1,task_2,87,9,0.5196313261985779,-0.262290358543396
1,task_2,87,10,0.549441933631897,-0.13928937911987305
1,task_2,87,11,0.5695418119430542,-0.05654558539390564
1,task_2,87,12,0.5924291610717773,0.036975689232349396
1,task_2,87,13,0.6167994141578674,0.1318434327840805
1,task_2,87,14,0.6381492018699646,0.21276910603046417
1,task_2,87,15,0.660636305809021,0.2989811897277832
1,task_2,87,16,0.6803368330001831,0.3742329776287079
1,task_2,87,17,0.6976175308227539,0.4392426609992981
1,task_2,87,18,0.7148127555847168,0.5022311806678772
1,task_2,87,19,0.7290427684783936,0.5503742098808289
1,task_2,87,20,0.7448527812957764,0.6084042191505432
1,task_2,87,21,0.757766842842102,0.6530724167823792
1,task_2,87,22,0.7677958011627197,0.6880618333816528
1,task_2,87,23,0.7771233320236206,0.7189298868179321
1,task_2,87,24,0.7839728593826294,0.7417957782745361
1,task_2,87,25,0.7927106618881226,0.7712866067886353
1,task_2,87,26,0.8011736869812012,0.8004772663116455
1,task_2,87,27,0.8097102642059326,0.830276608467102
1,task_2,87,28,0.8180770874023438,0.8576898574829102
1,task_2,87,29,1.4370837211608887,2.464510202407837
1,task_2,88,0,2.079228401184082,-232.8306427001953
1,task_2,88,1,2.079228401184082,-232.8306427001953
1,task_2,88,2,2.079228401184082,-232.8306427001953
1,task_2,88,3,2.079228401184082,-232.8306427001953
1,task_2,88,4,2.079228401184082,-232.8306427001953
1,task_2,88,5,2.079228401184082,-232.8306427001953
1,task_2,88,6,2.079228401184082,-232.8306427001953
1,task_2,88,7,2.079228401184082,-232.8306427001953
1,task_2,88,8,2.079228401184082,-232.8306427001953
1,task_2,88,9,2.079228401184082,-232.8306427001953
1,task_2,88,10,2.079228401184082,-232.8306427001953
1,task_2,88,11,2.079228401184082,-232.8306427001953
1,task_2,88,12,2.079228401184082,-232.8306427001953
1,task_2,88,13,2.079228401184082,-232.8306427001953
1,task_2,88,14,2.079228401184082,-232.8306427001953
1,task_2,88,15,2.079228401184082,-232.8306427001953
1,task_2,88,16,2.079228401184082,-232.8306427001953
1,task_2,88,17,2.079228401184082,-232.8306427001953
1,task_2,88,18,2.079228401184082,-232.8306427001953
1,task_2,88,19,2.079228401184082,-232.8306427001953
1,task_2,88,20,2.079228401184082,-232.8306427001953
1,task_2,88,21,2.079228401184082,-232.8306427001953
1,task_2,88,22,2.079228401184082,-232.8306427001953
1,task_2,88,23,2.079228401184082,-232.8306427001953
1,task_2,88,24,2.079228401184082,-232.8306427001953
1,task_2,88,25,2.079228401184082,-232.8306427001953
1,task_2,88,26,2.079228401184082,-232.8306427001953
1,task_2,88,27,2.079228401184082,-232.8306427001953
1,task_2,88,28,2.079228401184082,-232.8306427001953
1,task_2,88,29,2.079228401184082,-232.8306427001953
1,task_2,89,0,0.023478766903281212,-29.103830337524414
1,task_2,89,1,0.030464859679341316,-29.103830337524414
1,task_2,89,2,0.03432951867580414,-29.103830337524414
1,task_2,89,3,0.03910505399107933,-29.103830337524414
1,task_2,89,4,0.04245750233530998,-29.103830337524414
1,task_2,89,5,0.04610300064086914,-29.103830337524414
1,task_2,89,6,0.050058357417583466,-29.103830337524414
1,task_2,89,7,0.05485234037041664,-29.103830337524414
1,task_2,89,8,0.05856122076511383,-29.103830337524414
1,task_2,89,9,0.0639873594045639,-29.103830337524414
1,task_2,89,10,0.07016502320766449,-29.103830337524414
1,task_2,89,11,0.07694591581821442,-29.103830337524414
1,task_2,89,12,0.08425773680210114,-29.103830337524414
1,task_2,89,13,0.0926349088549614,-29.103830337524414
1,task_2,89,14,0.09986018389463425,-29.103830337524414
1,task_2,89,15,0.10674626380205154,-29.103830337524414
1,task_2,89,16,0.1132267415523529,-29.103830337524414
1,task_2,89,17,0.1221366748213768,-29.103830337524414
1,task_2,89,18,0.1309838593006134,-29.103830337524414
1,task_2,89,19,0.14092987775802612,-29.103830337524414
1,task_2,89,20,0.15869879722595215,-29.103830337524414
1,task_2,89,21,0.1779751479625702,-29.103830337524414
1,task_2,89,22,0.19298851490020752,-29.103830337524414
1,task_2,89,23,0.2081429660320282,-29.103830337524414
1,task_2,89,24,0.2209235429763794,-29.103830337524414
1,task_2,89,25,0.23206055164337158,-29.103830337524414
1,task_2,89,26,0.24357056617736816,-29.103830337524414
1,task_2,89,27,0.25744423270225525,-29.103830337524414
1,task_2,89,28,0.2670930027961731,-29.103830337524414
1,task_2,89,29,0.29189056158065796,-29.103830337524414
1,task_2,90,0,0.0,0.19502705335617065
1,task_2,90,1,0.0,0.19502705335617065
1,task_2,90,2,0.0,0.19502705335617065
1,task_2,90,3,0.0,0.19502705335617065
1,task_2,90,4,0.0,0.19502705335617065
1,task_2,90,5,0.0,0.19502705335617065
1,task_2,90,6,0.0,0.19502705335617065
1,task_2,90,7,0.0,0.19502705335617065
1,task_2,90,8,0.0,0.19502705335617065
1,task_2,90,9,0.0,0.19502705335617065
1,task_2,90,10,0.0,0.19502705335617065
1,task_2,90,11,0.0,0.19502705335617065
1,task_2,90,12,0.0,0.19502705335617065
1,task_2,90,13,0.0,0.19502705335617065
1,task_2,90,14,0.0,0.19502705335617065
1,task_2,90,15,0.0,0.19502705335617065
1,task_2,90,16,0.0,0.19502705335617065
1,task_2,90,17,0.0,0.19502705335617065
1,task_2,90,18,0.0,0.19502705335617065
1,task_2,90,19,0.0,0.19502705335617065
1,task_2,90,20,0.0,0.19502705335617065
1,task_2,90,21,0.0,0.19502705335617065
1,task_2,90,22,0.0,0.19502705335617065
1,task_2,90,23,0.0,0.19502705335617065
1,task_2,90,24,0.0,0.19502705335617065
1,task_2,90,25,0.0,0.19502705335617065
1,task_2,90,26,0.0,0.19502705335617065
1,task_2,90,27,0.0005315430462360382,0.19502705335617065
1,task_2,90,28,0.02717524766921997,-0.1784125715494156
1,task_2,90,29,0.32219600677490234,-5.282344818115234
1,task_2,91,0,0.0,1.1431550979614258
1,task_2,91,1,0.0,1.1431550979614258
1,task_2,91,2,0.0,1.1431550979614258
1,task_2,91,3,0.0,1.1431550979614258
1,task_2,91,4,0.0,1.1431550979614258
1,task_2,91,5,0.0,1.1431550979614258
1,task_2,91,6,0.0,1.1431550979614258
1,task_2,91,7,0.0,1.1431550979614258
1,task_2,91,8,0.06098082661628723,1.0076183080673218
1,task_2,91,9,0.12790054082870483,0.845360517501831
1,task_2,91,10,0.20818829536437988,0.6393276453018188
1,task_2,91,11,0.2786717712879181,0.44474613666534424
1,task_2,91,12,0.34971824288368225,0.2657760977745056
1,task_2,91,13,0.4167936444282532,0.11927590519189835
1,task_2,91,14,0.4887613356113434,-0.016581736505031586
1,task_2,91,15,0.5544278621673584,-0.13298510015010834
1,task_2,91,16,0.6237321496009827,-0.25402534008026123
1,task_2,91,17,0.6856139302253723,-0.3700889050960541
1,task_2,91,18,0.7429881691932678,-0.494765967130661
1,task_2,91,19,0.7900968194007874,-0.5976016521453857
1,task_2,91,20,0.8387710452079773,-0.6875318288803101
1,task_2,91,21,0.8724192976951599,-0.7441586852073669
1,task_2,91,22,0.9039037823677063,-0.8123279213905334
1,task_2,91,23,0.9210288524627686,-0.8528569936752319
1,task_2,91,24,0.931190550327301,-0.8740677237510681
1,task_2,91,25,0.9380301833152771,-0.8886234760284424
1,task_2,91,26,0.9476598501205444,-0.908404529094696
1,task_2,91,27,0.9566968083381653,-0.9269976615905762
1,task_2,91,28,0.967371940612793,-0.9478504061698914
1,task_2,91,29,1.7722183465957642,-2.958472490310669
1,task_2,92,0,0.44239309430122375,-0.9997615814208984
1,task_2,92,1,0.45150166749954224,-0.944369375705719
1,task_2,92,2,0.45741358399391174,-0.9044173955917358
1,task_2,92,3,0.4643036425113678,-0.8624886274337769
1,task_2,92,4,0.4710692763328552,-0.8188982605934143
1,task_2,92,5,0.4767017960548401,-0.7818223237991333
1,task_2,92,6,0.48447877168655396,-0.7323729991912842
1,task_2,92,7,0.49223729968070984,-0.6819237470626831
1,task_2,92,8,0.49837756156921387,-0.6449665427207947
1,task_2,92,9,0.5091564655303955,-0.5678995847702026
1,task_2,92,10,0.5179582834243774,-0.5139036178588867
1,task_2,92,11,0.5303533673286438,-0.4317249655723572
1,task_2,92,12,0.5426706075668335,-0.35283830761909485
1,task_2,92,13,0.5535337924957275,-0.2876361310482025
1,task_2,92,14,0.5662530660629272,-0.20074334740638733
1,task_2,92,15,0.5816023349761963,-0.10557413101196289
1,task_2,92,16,0.5954184532165527,-0.01785593293607235
1,task_2,92,17,0.6138597726821899,0.10272568464279175
1,task_2,92,18,0.6306010484695435,0.21140648424625397
1,task_2,92,19,0.6439863443374634,0.312267541885376
1,task_2,92,20,0.6512421369552612,0.3563117980957031
1,task_2,92,21,0.6593927145004272,0.40807440876960754
1,task_2,92,22,0.6657015085220337,0.44996675848960876
1,task_2,92,23,0.6731204986572266,0.49836304783821106
1,task_2,92,24,0.6786177158355713,0.5354994535446167
1,task_2,92,25,0.6843000650405884,0.575547993183136
1,task_2,92,26,0.6910338401794434,0.621910572052002
1,task_2,92,27,0.6987789869308472,0.6829056739807129
1,task_2,92,28,0.7078232765197754,0.7482366561889648
1,task_2,92,29,1.3632065057754517,4.34597635269165
1,task_2,93,0,0.0,0.11368683725595474
1,task_2,93,1,0.0,0.11368683725595474
1,task_2,93,2,0.0,0.11368683725595474
1,task_2,93,3,0.0,0.11368683725595474
1,task_2,93,4,0.0,0.11368683725595474
1,task_2,93,5,0.0,0.11368683725595474
1,task_2,93,6,0.0,0.11368683725595474
1,task_2,93,7,0.0,0.11368683725595474
1,task_2,93,8,0.0,0.11368683725595474
1,task_2,93,9,0.0,0.11368683725595474
1,task_2,93,10,0.0,0.11368683725595474
1,task_2,93,11,0.0,0.11368683725595474
1,task_2,93,12,0.0,0.11368683725595474
1,task_2,93,13,0.0,0.11368683725595474
1,task_2,93,14,0.0,0.11368683725595474
1,task_2,93,15,0.0,0.11368683725595474
1,task_2,93,16,0.0,0.11368683725595474
1,task_2,93,17,0.0,0.11368683725595474
1,task_2,93,18,0.0,0.11368683725595474
1,task_2,93,19,0.0,0.11368683725595474
1,task_2,93,20,0.0,0.11368683725595474
1,task_2,93,21,0.0,0.11368683725595474
1,task_2,93,22,0.0,0.11368683725595474
1,task_2,93,23,0.0,0.11368683725595474
1,task_2,93,24,0.0,0.11368683725595474
1,task_2,93,25,0.0,0.11368683725595474
1,task_2,93,26,0.0,0.11368683725595474
1,task_2,93,27,0.0,0.11368683725595474
1,task_2,93,28,0.010157674551010132,0.11368683725595474
1,task_2,93,29,0.05592416226863861,0.11368683725595474
1,task_2,94,0,0.0,-1.0255589485168457
1,task_2,94,1,0.0,-1.0255589485168457
1,task_2,94,2,0.0,-1.0255589485168457
1,task_2,94,3,0.0,-1.0255589485168457
1,task_2,94,4,0.0,-1.0255589485168457
1,task_2,94,5,0.0,-1.0255589485168457
1,task_2,94,6,0.0,-1.0255589485168457
1,task_2,94,7,0.0,-1.0255589485168457
1,task_2,94,8,0.04756803438067436,-0.9155229330062866
1,task_2,94,9,0.1454564929008484,-0.6630422472953796
1,task_2,94,10,0.24393147230148315,-0.411592572927475
1,task_2,94,11,0.295311838388443,-0.2894608676433563
1,task_2,94,12,0.33016735315322876,-0.20345492660999298
1,task_2,94,13,0.3748095631599426,-0.09459914267063141
1,task_2,94,14,0.4155360162258148,0.004934818018227816
1,task_2,94,15,0.4565874934196472,0.09639948606491089
1,task_2,94,16,0.4902050793170929,0.16744603216648102
1,task_2,94,17,0.5240800380706787,0.2508431077003479
1,task_2,94,18,0.5534688234329224,0.3140445351600647
1,task_2,94,19,0.5822573900222778,0.3834066689014435
1,task_2,94,20,0.6120017170906067,0.46184656023979187
1,task_2,94,21,0.6317119598388672,0.5162074565887451
1,task_2,94,22,0.6539754271507263,0.5787727236747742
1,task_2,94,23,0.6691728830337524,0.6096971035003662
1,task_2,94,24,0.6872075200080872,0.6440434455871582
1,task_2,94,25,0.697895884513855,0.6752058863639832
1,task_2,94,26,0.7106449604034424,0.7109542489051819
1,task_2,94,27,0.7195520401000977,0.7395374774932861
1,task_2,94,28,0.7302177548408508,0.7593925595283508
1,task_2,94,29,2.342285394668579,3.869412660598755
1,task_2,95,0,0.0,-0.028421709313988686
1,task_2,95,1,0.0008400529623031616,-0.028421709313988686
1,task_2,95,2,0.0026558563113212585,-0.028421709313988686
1,task_2,95,3,0.0029121339321136475,-0.028421709313988686
1,task_2,95,4,0.002996884286403656,-0.028421709313988686
1,task_2,95,5,0.00334060937166214,-0.028421709313988686
1,task_2,95,6,0.004800900816917419,-0.028421709313988686
1,task_2,95,7,0.006403617560863495,-0.028421709313988686
1,task_2,95,8,0.00642867386341095,-0.028421709313988686
1,task_2,95,9,0.0070042237639427185,-0.028421709313988686
1,task_2,95,10,0.0074197351932525635,-0.028421709313988686
1,task_2,95,11,0.008808434009552002,-0.028421709313988686
1,task_2,95,12,0.0097641721367836,-0.028421709313988686
1,task_2,95,13,0.010641306638717651,-0.028421709313988686
1,task_2,95,14,0.013858459889888763,-0.028421709313988686
1,task_2,95,15,0.014232359826564789,-0.028421709313988686
1,task_2,95,16,0.016001150012016296,-0.028421709313988686
1,task_2,95,17,0.01600881665945053,-0.028421709313988686
1,task_2,95,18,0.01622168719768524,-0.028421709313988686
1,task_2,95,19,0.01711393892765045,-0.028421709313988686
1,task_2,95,20,0.01871044933795929,-0.028421709313988686
1,task_2,95,21,0.024079710245132446,-0.028421709313988686
1,task_2,95,22,0.027140654623508453,-0.028421709313988686
1,task_2,95,23,0.028734423220157623,-0.028421709313988686
1,task_2,95,24,0.03020568937063217,-0.028421709313988686
1,task_2,95,25,0.04632280021905899,-0.028421709313988686
1,task_2,95,26,0.04632280021905899,-0.028421709313988686
1,task_2,95,27,0.04632280021905899,-0.028421709313988686
1,task_2,95,28,0.04632280021905899,-0.028421709313988686
1,task_2,95,29,0.04632280021905899,-0.028421709313988686
1,task_2,96,0,0.0,0.1876593828201294
1,task_2,96,1,0.0,0.1876593828201294
1,task_2,96,2,0.0,0.1876593828201294
1,task_2,96,3,0.0,0.1876593828201294
1,task_2,96,4,0.0,0.1876593828201294
1,task_2,96,5,0.0,0.1876593828201294
1,task_2,96,6,0.0,0.1876593828201294
1,task_2,96,7,0.0,0.1876593828201294
1,task_2,96,8,0.0,0.1876593828201294
1,task_2,96,9,0.0,0.1876593828201294
1,task_2,96,10,0.0,0.1876593828201294
1,task_2,96,11,0.0,0.1876593828201294
1,task_2,96,12,0.0,0.1876593828201294
1,task_2,96,13,0.0,0.1876593828201294
1,task_2,96,14,0.0,0.1876593828201294
1,task_2,96,15,0.0,0.1876593828201294
1,task_2,96,16,0.0,0.1876593828201294
1,task_2,96,17,0.0,0.1876593828201294
1,task_2,96,18,0.0,0.1876593828201294
1,task_2,96,19,0.0,0.1876593828201294
1,task_2,96,20,0.0,0.1876593828201294
1,task_2,96,21,0.0,0.1876593828201294
1,task_2,96,22,0.0,0.1876593828201294
1,task_2,96,23,0.0,0.1876593828201294
1,task_2,96,24,0.0,0.1876593828201294
1,task_2,96,25,0.00042548030614852905,0.1876593828201294
1,task_2,96,26,0.022989779710769653,0.19304507970809937
1,task_2,96,27,0.05981460586190224,0.1610448807477951
1,task_2,96,28,0.14802950620651245,0.059931639581918716
1,task_2,96,29,2.2364227771759033,-5.2931647300720215
1,task_2,97,0,0.06741657853126526,-1.3512009382247925
1,task_2,97,1,0.11856887489557266,-1.11686372756958
1,task_2,97,2,0.17775774002075195,-0.8170652389526367
1,task_2,97,3,0.22652457654476166,-0.6304440498352051
1,task_2,97,4,0.26949813961982727,-0.49917587637901306
1,task_2,97,5,0.3183622360229492,-0.41453227400779724
1,task_2,97,6,0.3558592200279236,-0.3823241889476776
1,task_2,97,7,0.3979194164276123,-0.37525373697280884
1,task_2,97,8,0.44156789779663086,-0.39640480279922485
1,task_2,97,9,0.46930789947509766,-0.4296606183052063
1,task_2,97,10,0.49928438663482666,-0.41502219438552856
1,task_2,97,11,0.5264588594436646,-0.35418087244033813
1,task_2,97,12,0.5566279888153076,-0.25306427478790283
1,task_2,97,13,0.5849504470825195,-0.15326283872127533
1,task_2,97,14,0.6050501465797424,-0.11913535743951797
1,task_2,97,15,0.6223957538604736,-0.07321227341890335
1,task_2,97,16,0.6400800347328186,-0.034419115632772446
1,task_2,97,17,0.6523484587669373,0.0005181929445825517
1,task_2,97,18,0.6689861416816711,0.041564974933862686
1,task_2,97,19,0.6814213991165161,0.07695968449115753
1,task_2,97,20,0.7016431093215942,0.1198122426867485
1,task_2,97,21,0.7153580188751221,0.16747118532657623
1,task_2,97,22,0.7304390668869019,0.21202580630779266
1,task_2,97,23,0.7478868961334229,0.28304746747016907
1,task_2,97,24,0.7613599896430969,0.31882962584495544
1,task_2,97,25,0.7832381725311279,0.3723353445529938
1,task_2,97,26,0.8040974140167236,0.432998389005661
1,task_2,97,27,0.8349238038063049,0.5106610059738159
1,task_2,97,28,0.856533944606781,0.5648236870765686
1,task_2,97,29,1.5836447477340698,4.714171886444092
1,task_2,98,0,0.21395467221736908,-3.211437940597534
1,task_2,98,1,0.3014456033706665,-2.387294054031372
1,task_2,98,2,0.37149274349212646,-1.6800744533538818
1,task_2,98,3,0.4459802508354187,-1.0508675575256348
1,task_2,98,4,0.47719383239746094,-0.7961794137954712
1,task_2,98,5,0.4974220395088196,-0.6469149589538574
1,task_2,98,6,0.5191780924797058,-0.4864121079444885
1,task_2,98,7,0.5431604385375977,-0.3359028697013855
1,task_2,98,8,0.5606650114059448,-0.26295921206474304
1,task_2,98,9,0.5830979347229004,-0.17643915116786957
1,task_2,98,10,0.6089398264884949,-0.07433991134166718
1,task_2,98,11,0.6296001672744751,0.016924569383263588
1,task_2,98,12,0.6476097106933594,0.11126868426799774
1,task_2,98,13,0.6769653558731079,0.25370609760284424
1,task_2,98,14,0.6956363320350647,0.3432697057723999
1,task_2,98,15,0.7123821377754211,0.4164386987686157
1,task_2,98,16,0.7323595881462097,0.5033929944038391
1,task_2,98,17,0.7486602663993835,0.5729201436042786
1,task_2,98,18,0.7625225782394409,0.6328173279762268
1,task_2,98,19,0.7777258157730103,0.699439287185669
1,task_2,98,20,0.7902615070343018,0.7558625936508179
1,task_2,98,21,0.8068864345550537,0.7558625936508179
1,task_2,98,22,0.8191099762916565,0.7558625936508179
1,task_2,98,23,0.8278799057006836,0.7558625936508179
1,task_2,98,24,0.8369882702827454,0.7558625936508179
1,task_2,98,25,0.8439577221870422,0.7558625936508179
1,task_2,98,26,0.8507370352745056,0.7558625936508179
1,task_2,98,27,0.856306254863739,0.7558625936508179
1,task_2,98,28,0.8607048988342285,0.7558625936508179
1,task_2,98,29,0.8738546371459961,0.7558625936508179
1,task_2,99,0,0.0,0.11368683725595474
1,task_2,99,1,0.0,0.11368683725595474
1,task_2,99,2,0.0,0.11368683725595474
1,task_2,99,3,0.0,0.11368683725595474
1,task_2,99,4,0.0,0.11368683725595474
1,task_2,99,5,0.0,0.11368683725595474
1,task_2,99,6,0.0,0.11368683725595474
1,task_2,99,7,0.0,0.11368683725595474
1,task_2,99,8,0.0,0.11368683725595474
1,task_2,99,9,0.0,0.11368683725595474
1,task_2,99,10,0.0,0.11368683725595474
1,task_2,99,11,0.0,0.11368683725595474
1,task_2,99,12,0.0,0.11368683725595474
1,task_2,99,13,0.0,0.11368683725595474
1,task_2,99,14,0.0,0.11368683725595474
1,task_2,99,15,0.0,0.11368683725595474
1,task_2,99,16,0.0,0.11368683725595474
1,task_2,99,17,0.0,0.11368683725595474
1,task_2,99,18,0.0,0.11368683725595474
1,task_2,99,19,0.0,0.11368683725595474
1,task_2,99,20,0.0009665304096415639,0.11368683725595474
1,task_2,99,21,0.012733737006783485,0.11368683725595474
1,task_2,99,22,0.023275531828403473,0.11368683725595474
1,task_2,99,23,0.030227579176425934,0.11368683725595474
1,task_2,99,24,0.03716626018285751,0.11368683725595474
1,task_2,99,25,0.045131780207157135,0.11368683725595474
1,task_2,99,26,0.05084392800927162,0.11368683725595474
1,task_2,99,27,0.05735313147306442,0.11368683725595474
1,task_2,99,28,0.06998518109321594,0.11368683725595474
1,task_2,99,29,0.10796263813972473,0.11368683725595474
1,task_2,100,0,9.999999747378752e-05,-0.11368683725595474
1,task_2,100,1,9.999999747378752e-05,-0.11368683725595474
1,task_2,100,2,9.999999747378752e-05,-0.11368683725595474
1,task_2,100,3,9.999999747378752e-05,-0.11368683725595474
1,task_2,100,4,9.999999747378752e-05,-0.11368683725595474
1,task_2,100,5,9.999999747378752e-05,-0.11368683725595474
1,task_2,100,6,9.999999747378752e-05,-0.11368683725595474
1,task_2,100,7,9.999999747378752e-05,-0.11368683725595474
1,task_2,100,8,9.999999747378752e-05,-0.11368683725595474
1,task_2,100,9,9.999999747378752e-05,-0.11368683725595474
1,task_2,100,10,9.999999747378752e-05,-0.11368683725595474
1,task_2,100,11,9.999999747378752e-05,-0.11368683725595474
1,task_2,100,12,9.999999747378752e-05,-0.11368683725595474
1,task_2,100,13,9.999999747378752e-05,-0.11368683725595474
1,task_2,100,14,9.999999747378752e-05,-0.11368683725595474
1,task_2,100,15,9.999999747378752e-05,-0.11368683725595474
1,task_2,100,16,9.999999747378752e-05,-0.11368683725595474
1,task_2,100,17,9.999999747378752e-05,-0.11368683725595474
1,task_2,100,18,9.999999747378752e-05,-0.11368683725595474
1,task_2,100,19,9.999999747378752e-05,-0.11368683725595474
1,task_2,100,20,9.999999747378752e-05,-0.11368683725595474
1,task_2,100,21,9.999999747378752e-05,-0.11368683725595474
1,task_2,100,22,9.999999747378752e-05,-0.11368683725595474
1,task_2,100,23,9.999999747378752e-05,-0.11368683725595474
1,task_2,100,24,9.999999747378752e-05,-0.11368683725595474
1,task_2,100,25,9.999999747378752e-05,-0.11368683725595474
1,task_2,100,26,9.999999747378752e-05,-0.11368683725595474
1,task_2,100,27,9.999999747378752e-05,-0.11368683725595474
1,task_2,100,28,9.999999747378752e-05,-0.11368683725595474
1,task_2,100,29,9.999999747378752e-05,-0.11368683725595474
1,task_2,101,0,0.0,0.5353331565856934
1,task_2,101,1,0.0,0.5353331565856934
1,task_2,101,2,0.0,0.5353331565856934
1,task_2,101,3,0.0,0.5353331565856934
1,task_2,101,4,0.0,0.5353331565856934
1,task_2,101,5,0.0,0.5353331565856934
1,task_2,101,6,0.0,0.5353331565856934
1,task_2,101,7,0.0,0.5353331565856934
1,task_2,101,8,0.0,0.5353331565856934
1,task_2,101,9,0.0,0.5353331565856934
1,task_2,101,10,0.0,0.5353331565856934
1,task_2,101,11,0.0,0.5353331565856934
1,task_2,101,12,0.0,0.5353331565856934
1,task_2,101,13,0.0,0.5353331565856934
1,task_2,101,14,0.0,0.5353331565856934
1,task_2,101,15,0.0,0.5353331565856934
1,task_2,101,16,0.0,0.5353331565856934
1,task_2,101,17,0.0,0.5353331565856934
1,task_2,101,18,0.06196308135986328,0.3802694082260132
1,task_2,101,19,0.13411733508110046,0.19469818472862244
1,task_2,101,20,0.19582879543304443,0.0287673007696867
1,task_2,101,21,0.2578665018081665,-0.1474570780992508
1,task_2,101,22,0.3141860365867615,-0.3188948631286621
1,task_2,101,23,0.3735606074333191,-0.5156557559967041
1,task_2,101,24,0.43232691287994385,-0.7146388292312622
1,task_2,101,25,0.47976154088974,-0.8805408477783203
1,task_2,101,26,0.5234482884407043,-1.0337443351745605
1,task_2,101,27,0.5528568625450134,-1.1369796991348267
1,task_2,101,28,0.582371711730957,-1.239025592803955
1,task_2,101,29,1.9359902143478394,-4.252793312072754
1,task_2,102,0,0.0,1.1328213214874268
1,task_2,102,1,0.0,1.1328213214874268
1,task_2,102,2,0.0,1.1328213214874268
1,task_2,102,3,0.0,1.1328213214874268
1,task_2,102,4,0.0033682361245155334,1.128364086151123
1,task_2,102,5,0.023084327578544617,1.1042954921722412
1,task_2,102,6,0.04880799353122711,1.0720453262329102
1,task_2,102,7,0.07419346272945404,1.0410513877868652
1,task_2,102,8,0.10889187455177307,0.997708261013031
1,task_2,102,9,0.1580558866262436,0.9278662204742432
1,task_2,102,10,0.2113422006368637,0.8398829698562622
1,task_2,102,11,0.2650449275970459,0.7249754071235657
1,task_2,102,12,0.3051132559776306,0.6366056799888611
1,task_2,102,13,0.37195003032684326,0.48843657970428467
1,task_2,102,14,0.4359022378921509,0.3399672508239746
1,task_2,102,15,0.5021676421165466,0.11989407241344452
1,task_2,102,16,0.5809421539306641,-0.12368611246347427
1,task_2,102,17,0.6604232788085938,-0.4309677481651306
1,task_2,102,18,0.7317925691604614,-0.7838463187217712
1,task_2,102,19,0.8070395588874817,-1.1467159986495972
1,task_2,102,20,0.886289119720459,-1.1467159986495972
1,task_2,102,21,0.9505271315574646,-1.1467159986495972
1,task_2,102,22,1.0289393663406372,-1.1467159986495972
1,task_2,102,23,1.1101959943771362,-1.1467159986495972
1,task_2,102,24,1.1696867942810059,-1.1467159986495972
1,task_2,102,25,1.2342854738235474,-1.1467159986495972
1,task_2,102,26,1.303867220878601,-1.1467159986495972
1,task_2,102,27,1.3563283681869507,-1.1467159986495972
1,task_2,102,28,1.4153097867965698,-1.1467159986495972
1,task_2,102,29,1.478908896446228,-1.1467159986495972
1,task_2,103,0,0.0,1.03432297706604
1,task_2,103,1,0.0,1.03432297706604
1,task_2,103,2,0.0,1.03432297706604
1,task_2,103,3,0.0,1.03432297706604
1,task_2,103,4,0.0,1.03432297706604
1,task_2,103,5,0.0,1.03432297706604
1,task_2,103,6,0.0,1.03432297706604
1,task_2,103,7,0.0,1.03432297706604
1,task_2,103,8,0.0,1.03432297706604
1,task_2,103,9,0.0,1.03432297706604
1,task_2,103,10,0.05427426099777222,0.8543409109115601
1,task_2,103,11,0.12334491312503815,0.6194319725036621
1,task_2,103,12,0.17101000249385834,0.4625634253025055
1,task_2,103,13,0.23582866787910461,0.2556450664997101
1,task_2,103,14,0.2877517640590668,0.09306603670120239
1,task_2,103,15,0.34213873744010925,-0.08098386228084564
1,task_2,103,16,0.3975503146648407,-0.23512135446071625
1,task_2,103,17,0.44586265087127686,-0.37199437618255615
1,task_2,103,18,0.48984280228614807,-0.5001538991928101
1,task_2,103,19,0.5282331705093384,-0.6185644268989563
1,task_2,103,20,0.5601962804794312,-0.7233662009239197
1,task_2,103,21,0.581223726272583,-0.786026120185852
1,task_2,103,22,0.5919157266616821,-0.8148638010025024
1,task_2,103,23,0.6005772352218628,-0.8433097004890442
1,task_2,103,24,0.6112567186355591,-0.8703330159187317
1,task_2,103,25,0.6186282634735107,-0.8936394453048706
1,task_2,103,26,0.626168966293335,-0.9172568917274475
1,task_2,103,27,0.6340841054916382,-0.9482874870300293
1,task_2,103,28,0.6412423849105835,-0.9738110303878784
1,task_2,103,29,2.3685967922210693,-3.0505616664886475
1,task_2,104,0,0.028787240386009216,3.424577474594116
1,task_2,104,1,0.10824982821941376,2.9468443393707275
1,task_2,104,2,0.18964442610740662,2.123505115509033
1,task_2,104,3,0.27785056829452515,0.8491098880767822
1,task_2,104,4,0.3525024652481079,-0.3593858480453491
1,task_2,104,5,0.44084835052490234,-0.3593858480453491
1,task_2,104,6,0.5148196220397949,-0.3593858480453491
1,task_2,104,7,0.5879995822906494,-0.3593858480453491
1,task_2,104,8,0.6642809510231018,-0.3593858480453491
1,task_2,104,9,0.7376652956008911,-0.3593858480453491
1,task_2,104,10,0.7998194098472595,-0.3593858480453491
1,task_2,104,11,0.8560221195220947,-0.3593858480453491
1,task_2,104,12,0.9112163782119751,-0.3593858480453491
1,task_2,104,13,0.9580875635147095,-0.3593858480453491
1,task_2,104,14,1.0123908519744873,-0.3593858480453491
1,task_2,104,15,1.0459104776382446,-0.3593858480453491
1,task_2,104,16,1.0835485458374023,-0.3593858480453491
1,task_2,104,17,1.1146799325942993,-0.3593858480453491
1,task_2,104,18,1.1353530883789062,-0.3593858480453491
1,task_2,104,19,1.1508822441101074,-0.3593858480453491
1,task_2,104,20,1.1587218046188354,-0.3593858480453491
1,task_2,104,21,1.1643706560134888,-0.3593858480453491
1,task_2,104,22,1.1710695028305054,-0.3593858480453491
1,task_2,104,23,1.1760298013687134,-0.3593858480453491
1,task_2,104,24,1.181175708770752,-0.3593858480453491
1,task_2,104,25,1.185107707977295,-0.3593858480453491
1,task_2,104,26,1.1901887655258179,-0.3593858480453491
1,task_2,104,27,1.1949269771575928,-0.3593858480453491
1,task_2,104,28,1.202706217765808,-0.3593858480453491
1,task_2,104,29,1.2220542430877686,-0.3593858480453491
1,task_2,105,0,9.999999747378752e-05,0.05684341862797737
1,task_2,105,1,9.999999747378752e-05,0.05684341862797737
1,task_2,105,2,9.999999747378752e-05,0.05684341862797737
1,task_2,105,3,9.999999747378752e-05,0.05684341862797737
1,task_2,105,4,9.999999747378752e-05,0.05684341862797737
1,task_2,105,5,9.999999747378752e-05,0.05684341862797737
1,task_2,105,6,9.999999747378752e-05,0.05684341862797737
1,task_2,105,7,9.999999747378752e-05,0.05684341862797737
1,task_2,105,8,9.999999747378752e-05,0.05684341862797737
1,task_2,105,9,9.999999747378752e-05,0.05684341862797737
1,task_2,105,10,9.999999747378752e-05,0.05684341862797737
1,task_2,105,11,9.999999747378752e-05,0.05684341862797737
1,task_2,105,12,9.999999747378752e-05,0.05684341862797737
1,task_2,105,13,9.999999747378752e-05,0.05684341862797737
1,task_2,105,14,9.999999747378752e-05,0.05684341862797737
1,task_2,105,15,9.999999747378752e-05,0.05684341862797737
1,task_2,105,16,9.999999747378752e-05,0.05684341862797737
1,task_2,105,17,9.999999747378752e-05,0.05684341862797737
1,task_2,105,18,9.999999747378752e-05,0.05684341862797737
1,task_2,105,19,9.999999747378752e-05,0.05684341862797737
1,task_2,105,20,9.999999747378752e-05,0.05684341862797737
1,task_2,105,21,9.999999747378752e-05,0.05684341862797737
1,task_2,105,22,9.999999747378752e-05,0.05684341862797737
1,task_2,105,23,9.999999747378752e-05,0.05684341862797737
1,task_2,105,24,9.999999747378752e-05,0.05684341862797737
1,task_2,105,25,9.999999747378752e-05,0.05684341862797737
1,task_2,105,26,9.999999747378752e-05,0.05684341862797737
1,task_2,105,27,9.999999747378752e-05,0.05684341862797737
1,task_2,105,28,9.999999747378752e-05,0.05684341862797737
1,task_2,105,29,9.999999747378752e-05,0.05684341862797737
1,task_2,106,0,9.999999747378752e-05,0.0
1,task_2,106,1,9.999999747378752e-05,0.0
1,task_2,106,2,9.999999747378752e-05,0.0
1,task_2,106,3,9.999999747378752e-05,0.0
1,task_2,106,4,9.999999747378752e-05,0.0
1,task_2,106,5,9.999999747378752e-05,0.0
1,task_2,106,6,9.999999747378752e-05,0.0
1,task_2,106,7,9.999999747378752e-05,0.0
1,task_2,106,8,9.999999747378752e-05,0.0
1,task_2,106,9,9.999999747378752e-05,0.0
1,task_2,106,10,9.999999747378752e-05,0.0
1,task_2,106,11,9.999999747378752e-05,0.0
1,task_2,106,12,9.999999747378752e-05,0.0
1,task_2,106,13,9.999999747378752e-05,0.0
1,task_2,106,14,9.999999747378752e-05,0.0
1,task_2,106,15,9.999999747378752e-05,0.0
1,task_2,106,16,9.999999747378752e-05,0.0
1,task_2,106,17,9.999999747378752e-05,0.0
1,task_2,106,18,9.999999747378752e-05,0.0
1,task_2,106,19,9.999999747378752e-05,0.0
1,task_2,106,20,9.999999747378752e-05,0.0
1,task_2,106,21,9.999999747378752e-05,0.0
1,task_2,106,22,9.999999747378752e-05,0.0
1,task_2,106,23,9.999999747378752e-05,0.0
1,task_2,106,24,9.999999747378752e-05,0.0
1,task_2,106,25,9.999999747378752e-05,0.0
1,task_2,106,26,9.999999747378752e-05,0.0
1,task_2,106,27,9.999999747378752e-05,0.0
1,task_2,106,28,9.999999747378752e-05,0.0
1,task_2,106,29,9.999999747378752e-05,0.0
1,task_2,107,0,0.0,0.9509636759757996
1,task_2,107,1,0.0,0.9509636759757996
1,task_2,107,2,0.0,0.9509636759757996
1,task_2,107,3,0.0,0.9509636759757996
1,task_2,107,4,0.024411454796791077,0.906360387802124
1,task_2,107,5,0.053362295031547546,0.8521987795829773
1,task_2,107,6,0.08304066956043243,0.7842842936515808
1,task_2,107,7,0.11812739074230194,0.7173438668251038
1,task_2,107,8,0.1574341505765915,0.6382904052734375
1,task_2,107,9,0.1850140243768692,0.5891382098197937
1,task_2,107,10,0.218048557639122,0.5245231986045837
1,task_2,107,11,0.25446778535842896,0.45726674795150757
1,task_2,107,12,0.2919203042984009,0.3879912495613098
1,task_2,107,13,0.3274799585342407,0.3233553171157837
1,task_2,107,14,0.36230969429016113,0.2609660029411316
1,task_2,107,15,0.4051559567451477,0.17259752750396729
1,task_2,107,16,0.44716084003448486,0.09678923338651657
1,task_2,107,17,0.4883524775505066,0.012929695658385754
1,task_2,107,18,0.5294697880744934,-0.06567417830228806
1,task_2,107,19,0.5720327496528625,-0.15073330700397491
1,task_2,107,20,0.6272477507591248,-0.2599047124385834
1,task_2,107,21,0.6805142164230347,-0.3660944700241089
1,task_2,107,22,0.7294163107872009,-0.45939603447914124
1,task_2,107,23,0.7796993851661682,-0.5592528581619263
1,task_2,107,24,0.84341961145401,-0.6840408444404602
1,task_2,107,25,0.8962919116020203,-0.7944713830947876
1,task_2,107,26,0.9594095349311829,-0.9276565313339233
1,task_2,107,27,1.0185576677322388,-1.0515005588531494
1,task_2,107,28,1.0949013233184814,-1.24101722240448
1,task_2,107,29,1.9168378114700317,-3.9681453704833984
1,task_2,108,0,0.3830556273460388,-2.6561641693115234
1,task_2,108,1,0.44545692205429077,-2.392704486846924
1,task_2,108,2,0.5036492347717285,-1.8716797828674316
1,task_2,108,3,0.5591821074485779,-1.4180649518966675
1,task_2,108,4,0.6080707907676697,-1.0357606410980225
1,task_2,108,5,0.6526464223861694,-0.7180044651031494
1,task_2,108,6,0.7037520408630371,-0.3830346167087555
1,task_2,108,7,0.73686683177948,-0.16983643174171448
1,task_2,108,8,0.7699645757675171,0.01651979424059391
1,task_2,108,9,0.791851282119751,0.13492345809936523
1,task_2,108,10,0.8012682795524597,0.1765834242105484
1,task_2,108,11,0.8084774017333984,0.21182842552661896
1,task_2,108,12,0.8153315782546997,0.24908247590065002
1,task_2,108,13,0.8201901912689209,0.2772398591041565
1,task_2,108,14,0.8247294425964355,0.30099645256996155
1,task_2,108,15,0.8311960697174072,0.33353275060653687
1,task_2,108,16,0.8357099890708923,0.35885003209114075
1,task_2,108,17,0.842464804649353,0.3960634171962738
1,task_2,108,18,0.8483619689941406,0.43066373467445374
1,task_2,108,19,0.8548240065574646,0.4616057872772217
1,task_2,108,20,0.8606080412864685,0.49180352687835693
1,task_2,108,21,0.8664442300796509,0.5235915780067444
1,task_2,108,22,0.8705748915672302,0.5433573722839355
1,task_2,108,23,0.8734064102172852,0.5433573722839355
1,task_2,108,24,0.8764137029647827,0.5566158890724182
1,task_2,108,25,0.8793283104896545,0.5738329291343689
1,task_2,108,26,0.8828796744346619,0.5928938388824463
1,task_2,108,27,0.8865079879760742,0.6116293668746948
1,task_2,108,28,0.8918508887290955,0.6362553238868713
1,task_2,108,29,1.2033610343933105,2.2240211963653564
1,task_2,109,0,9.999999747378752e-05,-0.014210854656994343
1,task_2,109,1,9.999999747378752e-05,-0.014210854656994343
1,task_2,109,2,9.999999747378752e-05,-0.014210854656994343
1,task_2,109,3,9.999999747378752e-05,-0.014210854656994343
1,task_2,109,4,9.999999747378752e-05,-0.014210854656994343
1,task_2,109,5,9.999999747378752e-05,-0.014210854656994343
1,task_2,109,6,9.999999747378752e-05,-0.014210854656994343
1,task_2,109,7,9.999999747378752e-05,-0.014210854656994343
1,task_2,109,8,9.999999747378752e-05,-0.014210854656994343
1,task_2,109,9,9.999999747378752e-05,-0.014210854656994343
1,task_2,109,10,9.999999747378752e-05,-0.014210854656994343
1,task_2,109,11,9.999999747378752e-05,-0.014210854656994343
1,task_2,109,12,9.999999747378752e-05,-0.014210854656994343
1,task_2,109,13,9.999999747378752e-05,-0.014210854656994343
1,task_2,109,14,9.999999747378752e-05,-0.014210854656994343
1,task_2,109,15,9.999999747378752e-05,-0.014210854656994343
1,task_2,109,16,9.999999747378752e-05,-0.014210854656994343
1,task_2,109,17,9.999999747378752e-05,-0.014210854656994343
1,task_2,109,18,9.999999747378752e-05,-0.014210854656994343
1,task_2,109,19,9.999999747378752e-05,-0.014210854656994343
1,task_2,109,20,9.999999747378752e-05,-0.014210854656994343
1,task_2,109,21,9.999999747378752e-05,-0.014210854656994343
1,task_2,109,22,9.999999747378752e-05,-0.014210854656994343
1,task_2,109,23,9.999999747378752e-05,-0.014210854656994343
1,task_2,109,24,9.999999747378752e-05,-0.014210854656994343
1,task_2,109,25,9.999999747378752e-05,-0.014210854656994343
1,task_2,109,26,9.999999747378752e-05,-0.014210854656994343
1,task_2,109,27,9.999999747378752e-05,-0.014210854656994343
1,task_2,109,28,9.999999747378752e-05,-0.014210854656994343
1,task_2,109,29,9.999999747378752e-05,-0.014210854656994343
1,task_2,110,0,9.999999747378752e-05,-0.11368683725595474
1,task_2,110,1,9.999999747378752e-05,-0.11368683725595474
1,task_2,110,2,9.999999747378752e-05,-0.11368683725595474
1,task_2,110,3,9.999999747378752e-05,-0.11368683725595474
1,task_2,110,4,9.999999747378752e-05,-0.11368683725595474
1,task_2,110,5,9.999999747378752e-05,-0.11368683725595474
1,task_2,110,6,9.999999747378752e-05,-0.11368683725595474
1,task_2,110,7,9.999999747378752e-05,-0.11368683725595474
1,task_2,110,8,9.999999747378752e-05,-0.11368683725595474
1,task_2,110,9,9.999999747378752e-05,-0.11368683725595474
1,task_2,110,10,9.999999747378752e-05,-0.11368683725595474
1,task_2,110,11,9.999999747378752e-05,-0.11368683725595474
1,task_2,110,12,9.999999747378752e-05,-0.11368683725595474
1,task_2,110,13,9.999999747378752e-05,-0.11368683725595474
1,task_2,110,14,9.999999747378752e-05,-0.11368683725595474
1,task_2,110,15,9.999999747378752e-05,-0.11368683725595474
1,task_2,110,16,9.999999747378752e-05,-0.11368683725595474
1,task_2,110,17,9.999999747378752e-05,-0.11368683725595474
1,task_2,110,18,9.999999747378752e-05,-0.11368683725595474
1,task_2,110,19,9.999999747378752e-05,-0.11368683725595474
1,task_2,110,20,9.999999747378752e-05,-0.11368683725595474
1,task_2,110,21,9.999999747378752e-05,-0.11368683725595474
1,task_2,110,22,9.999999747378752e-05,-0.11368683725595474
1,task_2,110,23,9.999999747378752e-05,-0.11368683725595474
1,task_2,110,24,9.999999747378752e-05,-0.11368683725595474
1,task_2,110,25,9.999999747378752e-05,-0.11368683725595474
1,task_2,110,26,9.999999747378752e-05,-0.11368683725595474
1,task_2,110,27,9.999999747378752e-05,-0.11368683725595474
1,task_2,110,28,9.999999747378752e-05,-0.11368683725595474
1,task_2,110,29,9.999999747378752e-05,-0.11368683725595474
1,task_2,111,0,9.999999747378752e-05,0.0
1,task_2,111,1,9.999999747378752e-05,0.0
1,task_2,111,2,9.999999747378752e-05,0.0
1,task_2,111,3,9.999999747378752e-05,0.0
1,task_2,111,4,9.999999747378752e-05,0.0
1,task_2,111,5,9.999999747378752e-05,0.0
1,task_2,111,6,9.999999747378752e-05,0.0
1,task_2,111,7,9.999999747378752e-05,0.0
1,task_2,111,8,9.999999747378752e-05,0.0
1,task_2,111,9,9.999999747378752e-05,0.0
1,task_2,111,10,9.999999747378752e-05,0.0
1,task_2,111,11,9.999999747378752e-05,0.0
1,task_2,111,12,9.999999747378752e-05,0.0
1,task_2,111,13,9.999999747378752e-05,0.0
1,task_2,111,14,9.999999747378752e-05,0.0
1,task_2,111,15,9.999999747378752e-05,0.0
1,task_2,111,16,9.999999747378752e-05,0.0
1,task_2,111,17,9.999999747378752e-05,0.0
1,task_2,111,18,9.999999747378752e-05,0.0
1,task_2,111,19,9.999999747378752e-05,0.0
1,task_2,111,20,9.999999747378752e-05,0.0
1,task_2,111,21,9.999999747378752e-05,0.0
1,task_2,111,22,9.999999747378752e-05,0.0
1,task_2,111,23,9.999999747378752e-05,0.0
1,task_2,111,24,9.999999747378752e-05,0.0
1,task_2,111,25,9.999999747378752e-05,0.0
1,task_2,111,26,9.999999747378752e-05,0.0
1,task_2,111,27,9.999999747378752e-05,0.0
1,task_2,111,28,9.999999747378752e-05,0.0
1,task_2,111,29,9.999999747378752e-05,0.0
1,task_2,112,0,0.0,0.46541059017181396
1,task_2,112,1,0.0,0.46541059017181396
1,task_2,112,2,0.0,0.46541059017181396
1,task_2,112,3,0.0,0.46541059017181396
1,task_2,112,4,0.0,0.46541059017181396
1,task_2,112,5,0.0,0.46541059017181396
1,task_2,112,6,0.0,0.46541059017181396
1,task_2,112,7,0.0,0.46541059017181396
1,task_2,112,8,0.0,0.46541059017181396
1,task_2,112,9,0.0,0.46541059017181396
1,task_2,112,10,0.0,0.46541059017181396
1,task_2,112,11,0.0,0.46541059017181396
1,task_2,112,12,0.0,0.46541059017181396
1,task_2,112,13,0.0,0.46541059017181396
1,task_2,112,14,0.0,0.46541059017181396
1,task_2,112,15,0.0,0.46541059017181396
1,task_2,112,16,0.0,0.46541059017181396
1,task_2,112,17,0.0,0.46541059017181396
1,task_2,112,18,0.0,0.46541059017181396
1,task_2,112,19,0.0,0.46541059017181396
1,task_2,112,20,0.04190932214260101,0.2091674506664276
1,task_2,112,21,0.07435163855552673,0.010761911049485207
1,task_2,112,22,0.11306442320346832,-0.19843396544456482
1,task_2,112,23,0.15028917789459229,-0.3865002691745758
1,task_2,112,24,0.18820984661579132,-0.573029637336731
1,task_2,112,25,0.21831315755844116,-0.7221717238426208
1,task_2,112,26,0.25904548168182373,-0.9182896614074707
1,task_2,112,27,0.28868380188941956,-1.0539885759353638
1,task_2,112,28,0.3166232109069824,-1.1758966445922852
1,task_2,112,29,1.1860783100128174,-4.499828815460205
1,task_2,113,0,0.0,0.05684341862797737
1,task_2,113,1,0.0,0.05684341862797737
1,task_2,113,2,0.0,0.05684341862797737
1,task_2,113,3,0.0,0.05684341862797737
1,task_2,113,4,0.0,0.05684341862797737
1,task_2,113,5,0.0015146508812904358,0.05684341862797737
1,task_2,113,6,0.0038823746144771576,0.05684341862797737
1,task_2,113,7,0.006750725209712982,0.05684341862797737
1,task_2,113,8,0.009791139513254166,0.05684341862797737
1,task_2,113,9,0.015066048130393028,0.05684341862797737
1,task_2,113,10,0.020852118730545044,0.05684341862797737
1,task_2,113,11,0.030568420886993408,0.05684341862797737
1,task_2,113,12,0.03665095195174217,0.05684341862797737
1,task_2,113,13,0.044661350548267365,0.05684341862797737
1,task_2,113,14,0.05192847549915314,0.05684341862797737
1,task_2,113,15,0.06107034906744957,0.05684341862797737
1,task_2,113,16,0.06867503374814987,0.05684341862797737
1,task_2,113,17,0.08063643425703049,0.05684341862797737
1,task_2,113,18,0.08879165351390839,0.05684341862797737
1,task_2,113,19,0.09721618890762329,0.05684341862797737
1,task_2,113,20,0.10559999197721481,0.05684341862797737
1,task_2,113,21,0.11250048130750656,0.05684341862797737
1,task_2,113,22,0.11936760693788528,0.05684341862797737
1,task_2,113,23,0.12803491950035095,0.05684341862797737
1,task_2,113,24,0.13432347774505615,0.05684341862797737
1,task_2,113,25,0.13866060972213745,0.05684341862797737
1,task_2,113,26,0.14455458521842957,0.05684341862797737
1,task_2,113,27,0.14989101886749268,0.05684341862797737
1,task_2,113,28,0.15605349838733673,0.05684341862797737
1,task_2,113,29,0.17676019668579102,0.05684341862797737
1,task_2,114,0,0.0,-0.2571789026260376
1,task_2,114,1,0.0,-0.2571789026260376
1,task_2,114,2,0.0,-0.2571789026260376
1,task_2,114,3,0.0,-0.2571789026260376
1,task_2,114,4,0.0,-0.2571789026260376
1,task_2,114,5,0.0,-0.2571789026260376
1,task_2,114,6,0.0,-0.2571789026260376
1,task_2,114,7,0.0,-0.2571789026260376
1,task_2,114,8,0.0,-0.2571789026260376
1,task_2,114,9,0.0,-0.2571789026260376
1,task_2,114,10,0.0,-0.2571789026260376
1,task_2,114,11,0.0,-0.2571789026260376
1,task_2,114,12,0.0,-0.2571789026260376
1,task_2,114,13,0.0,-0.2571789026260376
1,task_2,114,14,0.0,-0.2571789026260376
1,task_2,114,15,0.0,-0.2571789026260376
1,task_2,114,16,0.0,-0.2571789026260376
1,task_2,114,17,0.0,-0.2571789026260376
1,task_2,114,18,0.0,-0.2571789026260376
1,task_2,114,19,0.0,-0.2571789026260376
1,task_2,114,20,0.000385284423828125,-0.2550477087497711
1,task_2,114,21,0.017559170722961426,-0.16728311777114868
1,task_2,114,22,0.02792362868785858,-0.10953598469495773
1,task_2,114,23,0.03821273148059845,-0.0543527714908123
1,task_2,114,24,0.04752710461616516,0.005190524272620678
1,task_2,114,25,0.05707201361656189,0.05332138389348984
1,task_2,114,26,0.06464976072311401,0.09734038263559341
1,task_2,114,27,0.07272535562515259,0.14074981212615967
1,task_2,114,28,0.08035498857498169,0.18902570009231567
1,task_2,114,29,1.6297444105148315,5.24416971206665
1,task_2,115,0,9.999999747378752e-05,0.0
1,task_2,115,1,9.999999747378752e-05,0.0
1,task_2,115,2,9.999999747378752e-05,0.0
1,task_2,115,3,9.999999747378752e-05,0.0
1,task_2,115,4,9.999999747378752e-05,0.0
1,task_2,115,5,9.999999747378752e-05,0.0
1,task_2,115,6,9.999999747378752e-05,0.0
1,task_2,115,7,9.999999747378752e-05,0.0
1,task_2,115,8,9.999999747378752e-05,0.0
1,task_2,115,9,9.999999747378752e-05,0.0
1,task_2,115,10,9.999999747378752e-05,0.0
1,task_2,115,11,9.999999747378752e-05,0.0
1,task_2,115,12,9.999999747378752e-05,0.0
1,task_2,115,13,9.999999747378752e-05,0.0
1,task_2,115,14,9.999999747378752e-05,0.0
1,task_2,115,15,9.999999747378752e-05,0.0
1,task_2,115,16,9.999999747378752e-05,0.0
1,task_2,115,17,9.999999747378752e-05,0.0
1,task_2,115,18,9.999999747378752e-05,0.0
1,task_2,115,19,9.999999747378752e-05,0.0
1,task_2,115,20,9.999999747378752e-05,0.0
1,task_2,115,21,9.999999747378752e-05,0.0
1,task_2,115,22,9.999999747378752e-05,0.0
1,task_2,115,23,9.999999747378752e-05,0.0
1,task_2,115,24,9.999999747378752e-05,0.0
1,task_2,115,25,9.999999747378752e-05,0.0
1,task_2,115,26,9.999999747378752e-05,0.0
1,task_2,115,27,9.999999747378752e-05,0.0
1,task_2,115,28,9.999999747378752e-05,0.0
1,task_2,115,29,9.999999747378752e-05,0.0
1,task_2,116,0,0.0,-0.38595932722091675
1,task_2,116,1,0.0,-0.38595932722091675
1,task_2,116,2,0.0,-0.38595932722091675
1,task_2,116,3,0.0,-0.38595932722091675
1,task_2,116,4,0.0,-0.38595932722091675
1,task_2,116,5,0.0,-0.38595932722091675
1,task_2,116,6,0.0,-0.38595932722091675
1,task_2,116,7,0.0,-0.38595932722091675
1,task_2,116,8,0.0,-0.38595932722091675
1,task_2,116,9,0.0,-0.38595932722091675
1,task_2,116,10,0.0,-0.38595932722091675
1,task_2,116,11,0.0,-0.38595932722091675
1,task_2,116,12,0.0,-0.38595932722091675
1,task_2,116,13,0.0,-0.38595932722091675
1,task_2,116,14,0.0,-0.38595932722091675
1,task_2,116,15,0.0,-0.38595932722091675
1,task_2,116,16,0.0,-0.38595932722091675
1,task_2,116,17,0.0,-0.38595932722091675
1,task_2,116,18,0.0,-0.38595932722091675
1,task_2,116,19,0.0,-0.38595932722091675
1,task_2,116,20,0.0,-0.38595932722091675
1,task_2,116,21,0.045998476445674896,-0.15042486786842346
1,task_2,116,22,0.0902770608663559,0.07060810178518295
1,task_2,116,23,0.12133060395717621,0.22006970643997192
1,task_2,116,24,0.16200178861618042,0.4139852821826935
1,task_2,116,25,0.19309550523757935,0.5605674982070923
1,task_2,116,26,0.21004930138587952,0.635306715965271
1,task_2,116,27,0.2266889214515686,0.7108683586120605
1,task_2,116,28,0.23843207955360413,0.7638260126113892
1,task_2,116,29,1.2418673038482666,4.880337715148926
1,task_2,117,0,0.0,-0.5233602523803711
1,task_2,117,1,0.0,-0.5233602523803711
1,task_2,117,2,0.0,-0.5233602523803711
1,task_2,117,3,0.0,-0.5233602523803711
1,task_2,117,4,0.0,-0.5233602523803711
1,task_2,117,5,0.0,-0.5233602523803711
1,task_2,117,6,0.0,-0.5233602523803711
1,task_2,117,7,0.0,-0.5233602523803711
1,task_2,117,8,0.0,-0.5233602523803711
1,task_2,117,9,0.0,-0.5233602523803711
1,task_2,117,10,0.0,-0.5233602523803711
1,task_2,117,11,0.0,-0.5233602523803711
1,task_2,117,12,0.02843448519706726,-0.4475913643836975
1,task_2,117,13,0.0622851699590683,-0.3490529954433441
1,task_2,117,14,0.095643550157547,-0.2554786503314972
1,task_2,117,15,0.12371446192264557,-0.17338179051876068
1,task_2,117,16,0.15340058505535126,-0.07030695676803589
1,task_2,117,17,0.17149244248867035,-0.0034176756162196398
1,task_2,117,18,0.1867227405309677,0.05964053422212601
1,task_2,117,19,0.196607306599617,0.09375357627868652
1,task_2,117,20,0.21295584738254547,0.15480384230613708
1,task_2,117,21,0.2228846698999405,0.19457712769508362
1,task_2,117,22,0.2319074422121048,0.22667650878429413
1,task_2,117,23,0.23786567151546478,0.25153177976608276
1,task_2,117,24,0.2456573098897934,0.28323933482170105
1,task_2,117,25,0.25156116485595703,0.30661195516586304
1,task_2,117,26,0.2558485269546509,0.324262410402298
1,task_2,117,27,0.2610699534416199,0.3460938334465027
1,task_2,117,28,0.2702443599700928,0.3829565644264221
1,task_2,117,29,1.5370274782180786,4.955404281616211
1,task_2,118,0,0.14171266555786133,-0.552697479724884
1,task_2,118,1,0.14717960357666016,-0.5094420313835144
1,task_2,118,2,0.15063291788101196,-0.49073269963264465
1,task_2,118,3,0.15329663455486298,-0.4676242470741272
1,task_2,118,4,0.15690569579601288,-0.4440248906612396
1,task_2,118,5,0.15972654521465302,-0.4262756407260895
1,task_2,118,6,0.16328661143779755,-0.4082394540309906
1,task_2,118,7,0.16608700156211853,-0.3895125091075897
1,task_2,118,8,0.1692008525133133,-0.3682732582092285
1,task_2,118,9,0.17622090876102448,-0.3262043595314026
1,task_2,118,10,0.18233393132686615,-0.2947460412979126
1,task_2,118,11,0.1879335641860962,-0.2644112706184387
1,task_2,118,12,0.19310954213142395,-0.24548351764678955
1,task_2,118,13,0.1985171139240265,-0.21538472175598145
1,task_2,118,14,0.20325402915477753,-0.1881742626428604
1,task_2,118,15,0.20772118866443634,-0.155686616897583
1,task_2,118,16,0.21318596601486206,-0.12326553463935852
1,task_2,118,17,0.217163547873497,-0.08372824639081955
1,task_2,118,18,0.22059781849384308,-0.05263251066207886
1,task_2,118,19,0.22441427409648895,-0.02854890376329422
1,task_2,118,20,0.22831641137599945,0.003232378978282213
1,task_2,118,21,0.23121358454227448,0.02328074909746647
1,task_2,118,22,0.23413591086864471,0.046714119613170624
1,task_2,118,23,0.23660139739513397,0.06514190882444382
1,task_2,118,24,0.24047021567821503,0.0920226126909256
1,task_2,118,25,0.2437027245759964,0.12041782587766647
1,task_2,118,26,0.2482450157403946,0.13932527601718903
1,task_2,118,27,0.2534167468547821,0.16900724172592163
1,task_2,118,28,0.26139190793037415,0.22230584919452667
1,task_2,118,29,1.4045727252960205,5.153639793395996
1,task_2,119,0,9.999999747378752e-05,0.05684341862797737
1,task_2,119,1,9.999999747378752e-05,0.05684341862797737
1,task_2,119,2,9.999999747378752e-05,0.05684341862797737
1,task_2,119,3,9.999999747378752e-05,0.05684341862797737
1,task_2,119,4,9.999999747378752e-05,0.05684341862797737
1,task_2,119,5,9.999999747378752e-05,0.05684341862797737
1,task_2,119,6,9.999999747378752e-05,0.05684341862797737
1,task_2,119,7,9.999999747378752e-05,0.05684341862797737
1,task_2,119,8,9.999999747378752e-05,0.05684341862797737
1,task_2,119,9,9.999999747378752e-05,0.05684341862797737
1,task_2,119,10,9.999999747378752e-05,0.05684341862797737
1,task_2,119,11,9.999999747378752e-05,0.05684341862797737
1,task_2,119,12,9.999999747378752e-05,0.05684341862797737
1,task_2,119,13,9.999999747378752e-05,0.05684341862797737
1,task_2,119,14,9.999999747378752e-05,0.05684341862797737
1,task_2,119,15,9.999999747378752e-05,0.05684341862797737
1,task_2,119,16,9.999999747378752e-05,0.05684341862797737
1,task_2,119,17,9.999999747378752e-05,0.05684341862797737
1,task_2,119,18,9.999999747378752e-05,0.05684341862797737
1,task_2,119,19,9.999999747378752e-05,0.05684341862797737
1,task_2,119,20,9.999999747378752e-05,0.05684341862797737
1,task_2,119,21,9.999999747378752e-05,0.05684341862797737
1,task_2,119,22,9.999999747378752e-05,0.05684341862797737
1,task_2,119,23,9.999999747378752e-05,0.05684341862797737
1,task_2,119,24,9.999999747378752e-05,0.05684341862797737
1,task_2,119,25,9.999999747378752e-05,0.05684341862797737
1,task_2,119,26,9.999999747378752e-05,0.05684341862797737
1,task_2,119,27,9.999999747378752e-05,0.05684341862797737
1,task_2,119,28,9.999999747378752e-05,0.05684341862797737
1,task_2,119,29,9.999999747378752e-05,0.05684341862797737
1,task_2,120,0,9.999999747378752e-05,0.0
1,task_2,120,1,9.999999747378752e-05,0.0
1,task_2,120,2,9.999999747378752e-05,0.0
1,task_2,120,3,9.999999747378752e-05,0.0
1,task_2,120,4,9.999999747378752e-05,0.0
1,task_2,120,5,9.999999747378752e-05,0.0
1,task_2,120,6,9.999999747378752e-05,0.0
1,task_2,120,7,9.999999747378752e-05,0.0
1,task_2,120,8,9.999999747378752e-05,0.0
1,task_2,120,9,9.999999747378752e-05,0.0
1,task_2,120,10,9.999999747378752e-05,0.0
1,task_2,120,11,9.999999747378752e-05,0.0
1,task_2,120,12,9.999999747378752e-05,0.0
1,task_2,120,13,9.999999747378752e-05,0.0
1,task_2,120,14,9.999999747378752e-05,0.0
1,task_2,120,15,9.999999747378752e-05,0.0
1,task_2,120,16,9.999999747378752e-05,0.0
1,task_2,120,17,9.999999747378752e-05,0.0
1,task_2,120,18,9.999999747378752e-05,0.0
1,task_2,120,19,9.999999747378752e-05,0.0
1,task_2,120,20,9.999999747378752e-05,0.0
1,task_2,120,21,9.999999747378752e-05,0.0
1,task_2,120,22,9.999999747378752e-05,0.0
1,task_2,120,23,9.999999747378752e-05,0.0
1,task_2,120,24,9.999999747378752e-05,0.0
1,task_2,120,25,9.999999747378752e-05,0.0
1,task_2,120,26,9.999999747378752e-05,0.0
1,task_2,120,27,9.999999747378752e-05,0.0
1,task_2,120,28,9.999999747378752e-05,0.0
1,task_2,120,29,9.999999747378752e-05,0.0
1,task_2,121,0,0.0,-1.1690679788589478
1,task_2,121,1,0.0,-1.1690679788589478
1,task_2,121,2,0.0,-1.1690679788589478
1,task_2,121,3,0.006243973970413208,-1.1426854133605957
1,task_2,121,4,0.01424938440322876,-1.1070884466171265
1,task_2,121,5,0.023139342665672302,-1.0615125894546509
1,task_2,121,6,0.03789481520652771,-0.9929531216621399
1,task_2,121,7,0.05071209371089935,-0.9294905662536621
1,task_2,121,8,0.0729479044675827,-0.8194881081581116
1,task_2,121,9,0.0996197909116745,-0.6700473427772522
1,task_2,121,10,0.1306382715702057,-0.4879947900772095
1,task_2,121,11,0.1533627212047577,-0.3498663902282715
1,task_2,121,12,0.1806280016899109,-0.19873768091201782
1,task_2,121,13,0.19953316450119019,-0.08372793346643448
1,task_2,121,14,0.216151624917984,0.021719517186284065
1,task_2,121,15,0.23252233862876892,0.1270444691181183
1,task_2,121,16,0.2481580376625061,0.2225651741027832
1,task_2,121,17,0.25887957215309143,0.29629650712013245
1,task_2,121,18,0.2717616856098175,0.37192681431770325
1,task_2,121,19,0.28428325057029724,0.4542834758758545
1,task_2,121,20,0.2946108877658844,0.5175917744636536
1,task_2,121,21,0.3018924295902252,0.5617088675498962
1,task_2,121,22,0.3092174232006073,0.6061711311340332
1,task_2,121,23,0.3198353350162506,0.6697256565093994
1,task_2,121,24,0.32513681054115295,0.7048521041870117
1,task_2,121,25,0.3310949206352234,0.7421658635139465
1,task_2,121,26,0.33809131383895874,0.7818418145179749
1,task_2,121,27,0.3446153402328491,0.8208853602409363
1,task_2,121,28,0.3515760600566864,0.8616100549697876
1,task_2,121,29,1.063297986984253,3.590404987335205
1,task_2,122,0,0.23297321796417236,58.20766067504883
1,task_2,122,1,0.2433992475271225,58.20766067504883
1,task_2,122,2,0.2496621310710907,58.20766067504883
1,task_2,122,3,0.2551133632659912,58.20766067504883
1,task_2,122,4,0.26248228549957275,58.20766067504883
1,task_2,122,5,0.26946502923965454,58.20766067504883
1,task_2,122,6,0.27528268098831177,58.20766067504883
1,task_2,122,7,0.2808801829814911,58.20766067504883
1,task_2,122,8,0.2886102795600891,58.20766067504883
1,task_2,122,9,0.29491209983825684,58.20766067504883
1,task_2,122,10,0.29917633533477783,58.20766067504883
1,task_2,122,11,0.30550819635391235,58.20766067504883
1,task_2,122,12,0.3121034502983093,58.20766067504883
1,task_2,122,13,0.3187866508960724,58.20766067504883
1,task_2,122,14,0.3248371481895447,58.20766067504883
1,task_2,122,15,0.33200541138648987,58.20766067504883
1,task_2,122,16,0.3414837718009949,58.20766067504883
1,task_2,122,17,0.3486841917037964,58.20766067504883
1,task_2,122,18,0.35738611221313477,58.20766067504883
1,task_2,122,19,0.366857647895813,58.20766067504883
1,task_2,122,20,0.376553475856781,58.20766067504883
1,task_2,122,21,0.3902207612991333,58.20766067504883
1,task_2,122,22,0.40086591243743896,58.20766067504883
1,task_2,122,23,0.4161205291748047,58.20766067504883
1,task_2,122,24,0.4307621121406555,58.20766067504883
1,task_2,122,25,0.44389548897743225,58.20766067504883
1,task_2,122,26,0.46173036098480225,58.20766067504883
1,task_2,122,27,0.4824150502681732,58.20766067504883
1,task_2,122,28,0.5010495781898499,58.20766067504883
1,task_2,122,29,0.5370514392852783,58.20766067504883
1,task_2,123,0,0.0,1.2848166227340698
1,task_2,123,1,0.0,1.2848166227340698
1,task_2,123,2,0.0,1.2848166227340698
1,task_2,123,3,0.0,1.2848166227340698
1,task_2,123,4,0.0,1.2848166227340698
1,task_2,123,5,0.0,1.2848166227340698
1,task_2,123,6,0.0,1.2848166227340698
1,task_2,123,7,0.03415457904338837,1.1363179683685303
1,task_2,123,8,0.06533949077129364,0.9971468448638916
1,task_2,123,9,0.10281829535961151,0.8268383741378784
1,task_2,123,10,0.13698236644268036,0.6683691143989563
1,task_2,123,11,0.1739448457956314,0.4942254424095154
1,task_2,123,12,0.2074645608663559,0.3354727029800415
1,task_2,123,13,0.24701716005802155,0.16486378014087677
1,task_2,123,14,0.2776513695716858,0.029251916334033012
1,task_2,123,15,0.3214187026023865,-0.17919880151748657
1,task_2,123,16,0.35853976011276245,-0.35289284586906433
1,task_2,123,17,0.39627647399902344,-0.5740469694137573
1,task_2,123,18,0.4308999180793762,-0.8238004446029663
1,task_2,123,19,0.4648974537849426,-1.0651147365570068
1,task_2,123,20,0.5031552910804749,-1.0651147365570068
1,task_2,123,21,0.5369999408721924,-1.0651147365570068
1,task_2,123,22,0.5683390498161316,-1.0651147365570068
1,task_2,123,23,0.6039601564407349,-1.0651147365570068
1,task_2,123,24,0.6286272406578064,-1.0651147365570068
1,task_2,123,25,0.6593629717826843,-1.0651147365570068
1,task_2,123,26,0.6879154443740845,-1.0651147365570068
1,task_2,123,27,0.7102335095405579,-1.0651147365570068
1,task_2,123,28,0.7355206608772278,-1.0651147365570068
1,task_2,123,29,0.77250736951828,-1.0651147365570068
1,task_2,124,0,0.0,-1.467973232269287
1,task_2,124,1,0.0,-1.467973232269287
1,task_2,124,2,0.0,-1.467973232269287
1,task_2,124,3,0.0,-1.467973232269287
1,task_2,124,4,0.02608387917280197,-1.376480221748352
1,task_2,124,5,0.0683930367231369,-1.2259862422943115
1,task_2,124,6,0.11952722072601318,-0.9834118485450745
1,task_2,124,7,0.17025180160999298,-0.6819558143615723
1,task_2,124,8,0.2040054053068161,-0.4706577956676483
1,task_2,124,9,0.22484666109085083,-0.3403717577457428
1,task_2,124,10,0.24330280721187592,-0.22490255534648895
1,task_2,124,11,0.26121610403060913,-0.10489435493946075
1,task_2,124,12,0.2746708393096924,-0.01625528559088707
1,task_2,124,13,0.28517258167266846,0.0540129654109478
1,task_2,124,14,0.29532819986343384,0.13262344896793365
1,task_2,124,15,0.3078380823135376,0.22640787065029144
1,task_2,124,16,0.31516194343566895,0.27837803959846497
1,task_2,124,17,0.3254145383834839,0.3584776222705841
1,task_2,124,18,0.3335646390914917,0.4206535518169403
1,task_2,124,19,0.3393590450286865,0.46304187178611755
1,task_2,124,20,0.3461987376213074,0.5114647150039673
1,task_2,124,21,0.35389482975006104,0.5667865872383118
1,task_2,124,22,0.35824084281921387,0.5971944332122803
1,task_2,124,23,0.36432331800460815,0.6431241631507874
1,task_2,124,24,0.3701343536376953,0.682201623916626
1,task_2,124,25,0.37517374753952026,0.7183530330657959
1,task_2,124,26,0.3807098865509033,0.7577677369117737
1,task_2,124,27,0.3884339928627014,0.8152465224266052
1,task_2,124,28,0.3993965983390808,0.8905912637710571
1,task_2,124,29,0.7497801184654236,3.1804802417755127
1,task_2,125,0,0.0,-0.7459210157394409
1,task_2,125,1,0.0,-0.7459210157394409
1,task_2,125,2,0.0,-0.7459210157394409
1,task_2,125,3,0.0,-0.7459210157394409
1,task_2,125,4,0.0,-0.7459210157394409
1,task_2,125,5,0.0,-0.7459210157394409
1,task_2,125,6,0.0,-0.7459210157394409
1,task_2,125,7,0.0,-0.7459210157394409
1,task_2,125,8,0.0,-0.7459210157394409
1,task_2,125,9,0.012789186090230942,-0.714419424533844
1,task_2,125,10,0.058380912989377975,-0.6252063512802124
1,task_2,125,11,0.10693563520908356,-0.5288237929344177
1,task_2,125,12,0.16046291589736938,-0.4034784734249115
1,task_2,125,13,0.21677011251449585,-0.2734904885292053
1,task_2,125,14,0.26930227875709534,-0.13519297540187836
1,task_2,125,15,0.31701692938804626,0.000422540120780468
1,task_2,125,16,0.3581078052520752,0.10895518958568573
1,task_2,125,17,0.3906027376651764,0.18606527149677277
1,task_2,125,18,0.4096176326274872,0.23326106369495392
1,task_2,125,19,0.4306943416595459,0.28364792466163635
1,task_2,125,20,0.4484527111053467,0.32955706119537354
1,task_2,125,21,0.46190956234931946,0.36808374524116516
1,task_2,125,22,0.48056760430336,0.4133184552192688
1,task_2,125,23,0.49239012598991394,0.44337376952171326
1,task_2,125,24,0.5023324489593506,0.4694262444972992
1,task_2,125,25,0.5096932053565979,0.4865500330924988
1,task_2,125,26,0.5153694152832031,0.5020125508308411
1,task_2,125,27,0.5206299424171448,0.5120866894721985
1,task_2,125,28,0.5279717445373535,0.5280585885047913
1,task_2,125,29,2.0568487644195557,4.529079914093018
1,task_2,126,0,9.999999747378752e-05,-0.22737367451190948
1,task_2,126,1,9.999999747378752e-05,-0.22737367451190948
1,task_2,126,2,9.999999747378752e-05,-0.22737367451190948
1,task_2,126,3,9.999999747378752e-05,-0.22737367451190948
1,task_2,126,4,9.999999747378752e-05,-0.22737367451190948
1,task_2,126,5,9.999999747378752e-05,-0.22737367451190948
1,task_2,126,6,9.999999747378752e-05,-0.22737367451190948
1,task_2,126,7,9.999999747378752e-05,-0.22737367451190948
1,task_2,126,8,9.999999747378752e-05,-0.22737367451190948
1,task_2,126,9,9.999999747378752e-05,-0.22737367451190948
1,task_2,126,10,9.999999747378752e-05,-0.22737367451190948
1,task_2,126,11,9.999999747378752e-05,-0.22737367451190948
1,task_2,126,12,9.999999747378752e-05,-0.22737367451190948
1,task_2,126,13,9.999999747378752e-05,-0.22737367451190948
1,task_2,126,14,9.999999747378752e-05,-0.22737367451190948
1,task_2,126,15,9.999999747378752e-05,-0.22737367451190948
1,task_2,126,16,9.999999747378752e-05,-0.22737367451190948
1,task_2,126,17,9.999999747378752e-05,-0.22737367451190948
1,task_2,126,18,9.999999747378752e-05,-0.22737367451190948
1,task_2,126,19,9.999999747378752e-05,-0.22737367451190948
1,task_2,126,20,9.999999747378752e-05,-0.22737367451190948
1,task_2,126,21,9.999999747378752e-05,-0.22737367451190948
1,task_2,126,22,9.999999747378752e-05,-0.22737367451190948
1,task_2,126,23,9.999999747378752e-05,-0.22737367451190948
1,task_2,126,24,9.999999747378752e-05,-0.22737367451190948
1,task_2,126,25,9.999999747378752e-05,-0.22737367451190948
1,task_2,126,26,9.999999747378752e-05,-0.22737367451190948
1,task_2,126,27,9.999999747378752e-05,-0.22737367451190948
1,task_2,126,28,9.999999747378752e-05,-0.22737367451190948
1,task_2,126,29,9.999999747378752e-05,-0.22737367451190948
1,task_2,127,0,0.0,0.5609923601150513
1,task_2,127,1,0.0,0.5609923601150513
1,task_2,127,2,0.0,0.5609923601150513
1,task_2,127,3,0.0,0.5609923601150513
1,task_2,127,4,0.0,0.5609923601150513
1,task_2,127,5,0.0,0.5609923601150513
1,task_2,127,6,0.0,0.5609923601150513
1,task_2,127,7,0.0,0.5609923601150513
1,task_2,127,8,0.0,0.5609923601150513
1,task_2,127,9,0.0,0.5609923601150513
1,task_2,127,10,0.0,0.5609923601150513
1,task_2,127,11,0.0,0.5609923601150513
1,task_2,127,12,0.0,0.5609923601150513
1,task_2,127,13,0.0,0.5609923601150513
1,task_2,127,14,0.0,0.5609923601150513
1,task_2,127,15,0.0,0.5609923601150513
1,task_2,127,16,0.0,0.5609923601150513
1,task_2,127,17,0.0,0.5609923601150513
1,task_2,127,18,0.0,0.5609923601150513
1,task_2,127,19,0.014914944767951965,0.4459688663482666
1,task_2,127,20,0.06103020906448364,0.11480394750833511
1,task_2,127,21,0.10139654576778412,-0.1687515676021576
1,task_2,127,22,0.13847616314888,-0.40217354893684387
1,task_2,127,23,0.17817357182502747,-0.6472402215003967
1,task_2,127,24,0.21354497969150543,-0.8673246502876282
1,task_2,127,25,0.23930393159389496,-1.0315958261489868
1,task_2,127,26,0.2739033102989197,-1.2554383277893066
1,task_2,127,27,0.2923389971256256,-1.4534934759140015
1,task_2,127,28,0.31099987030029297,-1.6603360176086426
1,task_2,127,29,0.4807835519313812,-3.7332727909088135
2,task_3,0,0,0.0,-0.8448081612586975
2,task_3,0,1,0.0,-0.8448081612586975
2,task_3,0,2,0.0,-0.8448081612586975
2,task_3,0,3,0.0,-0.8448081612586975
2,task_3,0,4,0.0,-0.8448081612586975
2,task_3,0,5,0.0,-0.8448081612586975
2,task_3,0,6,0.0,-0.8448081612586975
2,task_3,0,7,0.0,-0.8448081612586975
2,task_3,0,8,0.0,-0.8448081612586975
2,task_3,0,9,0.0,-0.8448081612586975
2,task_3,0,10,0.0,-0.8448081612586975
2,task_3,0,11,0.0,-0.8448081612586975
2,task_3,0,12,0.0,-0.8448081612586975
2,task_3,0,13,0.0,-0.8448081612586975
2,task_3,0,14,0.05380801483988762,-0.6687589883804321
2,task_3,0,15,0.15055881440639496,-0.39774367213249207
2,task_3,0,16,0.23868583142757416,-0.139034241437912
2,task_3,0,17,0.3385348916053772,0.1611836701631546
2,task_3,0,18,0.4216972291469574,0.406350702047348
2,task_3,0,19,0.48886463046073914,0.5967982411384583
2,task_3,0,20,0.5338085293769836,0.7261033654212952
2,task_3,0,21,0.5641453266143799,0.8087664842605591
2,task_3,0,22,0.5986038446426392,0.893441379070282
2,task_3,0,23,0.6238193511962891,0.9636127948760986
2,task_3,0,24,0.6426986455917358,1.0133287906646729
2,task_3,0,25,0.6621037721633911,1.0674550533294678
2,task_3,0,26,0.6755188703536987,1.1017571687698364
2,task_3,0,27,0.6896946430206299,1.1397109031677246
2,task_3,0,28,0.7036211490631104,1.1772661209106445
2,task_3,0,29,1.3381394147872925,2.9770748615264893
2,task_3,1,0,0.0,-0.4169272184371948
2,task_3,1,1,0.0,-0.4169272184371948
2,task_3,1,2,0.0,-0.4169272184371948
2,task_3,1,3,0.0,-0.4169272184371948
2,task_3,1,4,0.0,-0.4169272184371948
2,task_3,1,5,0.0,-0.4169272184371948
2,task_3,1,6,0.0,-0.4169272184371948
2,task_3,1,7,0.0,-0.4169272184371948
2,task_3,1,8,0.0,-0.4169272184371948
2,task_3,1,9,0.0,-0.4169272184371948
2,task_3,1,10,0.0,-0.4169272184371948
2,task_3,1,11,0.0,-0.4169272184371948
2,task_3,1,12,0.0,-0.4169272184371948
2,task_3,1,13,0.0,-0.4169272184371948
2,task_3,1,14,0.0,-0.4169272184371948
2,task_3,1,15,0.0,-0.4169272184371948
2,task_3,1,16,0.0,-0.4169272184371948
2,task_3,1,17,0.0,-0.4169272184371948
2,task_3,1,18,0.0,-0.4169272184371948
2,task_3,1,19,0.0,-0.4169272184371948
2,task_3,1,20,0.0,-0.4169272184371948
2,task_3,1,21,0.0,-0.4169272184371948
2,task_3,1,22,0.025792643427848816,-0.03337385132908821
2,task_3,1,23,0.046575963497161865,0.2618059515953064
2,task_3,1,24,0.07116024196147919,0.617063045501709
2,task_3,1,25,0.08244962990283966,0.7893064618110657
2,task_3,1,26,0.08976958692073822,0.9223592281341553
2,task_3,1,27,0.0937371701002121,0.9746795892715454
2,task_3,1,28,0.09788276255130768,1.032312273979187
2,task_3,1,29,0.7899465560913086,4.608246326446533
2,task_3,2,0,0.7770005464553833,1.9624309539794922
2,task_3,2,1,0.8041220903396606,1.5630791187286377
2,task_3,2,2,0.8104190826416016,1.4667134284973145
2,task_3,2,3,0.8164804577827454,1.389276146888733
2,task_3,2,4,0.8231678009033203,1.3055338859558105
2,task_3,2,5,0.8296648263931274,1.2276395559310913
2,task_3,2,6,0.8384196758270264,1.1005021333694458
2,task_3,2,7,0.8492397665977478,0.9337222576141357
2,task_3,2,8,0.8594033122062683,0.767581582069397
2,task_3,2,9,0.8689971566200256,0.6535086631774902
2,task_3,2,10,0.8851943612098694,0.45331552624702454
2,task_3,2,11,0.8979875445365906,0.2884417474269867
2,task_3,2,12,0.9085878133773804,0.15115518867969513
2,task_3,2,13,0.9255074858665466,-0.030192092061042786
2,task_3,2,14,0.9436690211296082,-0.21308352053165436
2,task_3,2,15,0.9570331573486328,-0.34585335850715637
2,task_3,2,16,0.9752283096313477,-0.4868914484977722
2,task_3,2,17,0.9996237754821777,-0.6838439702987671
2,task_3,2,18,1.0191071033477783,-0.8159711360931396
2,task_3,2,19,1.0385891199111938,-0.9285594820976257
2,task_3,2,20,1.0578625202178955,-0.985299825668335
2,task_3,2,21,1.0789128541946411,-1.034893274307251
2,task_3,2,22,1.0907890796661377,-1.0244016647338867
2,task_3,2,23,1.105145812034607,-1.0124093294143677
2,task_3,2,24,1.1157035827636719,-0.9893239736557007
2,task_3,2,25,1.1237335205078125,-0.970843493938446
2,task_3,2,26,1.132726788520813,-0.9851313829421997
2,task_3,2,27,1.136932134628296,-1.010386347770691
2,task_3,2,28,1.1417686939239502,-1.0320008993148804
2,task_3,2,29,1.796205997467041,-0.7137966156005859
2,task_3,3,0,0.025851339101791382,-0.687941312789917
2,task_3,3,1,0.03546346724033356,-0.6662387847900391
2,task_3,3,2,0.04111538827419281,-0.6474533677101135
2,task_3,3,3,0.04847642779350281,-0.6210336685180664
2,task_3,3,4,0.06059999763965607,-0.5865009427070618
2,task_3,3,5,0.07020559906959534,-0.5666890740394592
2,task_3,3,6,0.08230476081371307,-0.5333461165428162
2,task_3,3,7,0.09490633755922318,-0.5095857381820679
2,task_3,3,8,0.10751818120479584,-0.47669073939323425
2,task_3,3,9,0.12093685567378998,-0.4343161880970001
2,task_3,3,10,0.1485215723514557,-0.3825213313102722
2,task_3,3,11,0.16769301891326904,-0.3405214250087738
2,task_3,3,12,0.18396516144275665,-0.30569684505462646
2,task_3,3,13,0.20233626663684845,-0.25693970918655396
2,task_3,3,14,0.22508087754249573,-0.19933874905109406
2,task_3,3,15,0.2500009536743164,-0.1358276605606079
2,task_3,3,16,0.2792976200580597,-0.06652523577213287
2,task_3,3,17,0.3146902918815613,0.00859460886567831
2,task_3,3,18,0.3434767425060272,0.06696202605962753
2,task_3,3,19,0.36475813388824463,0.11169032752513885
2,task_3,3,20,0.37888845801353455,0.13396310806274414
2,task_3,3,21,0.3968661427497864,0.16960501670837402
2,task_3,3,22,0.4124687612056732,0.2188703417778015
2,task_3,3,23,0.4248889088630676,0.24627988040447235
2,task_3,3,24,0.43840837478637695,0.267648845911026
2,task_3,3,25,0.4445077180862427,0.2817923426628113
2,task_3,3,26,0.45125365257263184,0.3037365972995758
2,task_3,3,27,0.45989081263542175,0.315699964761734
2,task_3,3,28,0.4733036160469055,0.3386837840080261
2,task_3,3,29,3.2845051288604736,4.953638076782227
2,task_3,4,0,9.999999747378752e-05,0.0
2,task_3,4,1,9.999999747378752e-05,0.0
2,task_3,4,2,9.999999747378752e-05,0.0
2,task_3,4,3,9.999999747378752e-05,0.0
2,task_3,4,4,9.999999747378752e-05,0.0
2,task_3,4,5,9.999999747378752e-05,0.0
2,task_3,4,6,9.999999747378752e-05,0.0
2,task_3,4,7,9.999999747378752e-05,0.0
2,task_3,4,8,9.999999747378752e-05,0.0
2,task_3,4,9,9.999999747378752e-05,0.0
2,task_3,4,10,9.999999747378752e-05,0.0
2,task_3,4,11,9.999999747378752e-05,0.0
2,task_3,4,12,9.999999747378752e-05,0.0
2,task_3,4,13,9.999999747378752e-05,0.0
2,task_3,4,14,9.999999747378752e-05,0.0
2,task_3,4,15,9.999999747378752e-05,0.0
2,task_3,4,16,9.999999747378752e-05,0.0
2,task_3,4,17,9.999999747378752e-05,0.0
2,task_3,4,18,9.999999747378752e-05,0.0
2,task_3,4,19,9.999999747378752e-05,0.0
2,task_3,4,20,9.999999747378752e-05,0.0
2,task_3,4,21,9.999999747378752e-05,0.0
2,task_3,4,22,9.999999747378752e-05,0.0
2,task_3,4,23,9.999999747378752e-05,0.0
2,task_3,4,24,9.999999747378752e-05,0.0
2,task_3,4,25,9.999999747378752e-05,0.0
2,task_3,4,26,9.999999747378752e-05,0.0
2,task_3,4,27,9.999999747378752e-05,0.0
2,task_3,4,28,9.999999747378752e-05,0.0
2,task_3,4,29,9.999999747378752e-05,0.0
2,task_3,5,0,0.0,-0.36741411685943604
2,task_3,5,1,0.0,-0.36741411685943604
2,task_3,5,2,0.0,-0.36741411685943604
2,task_3,5,3,0.0,-0.36741411685943604
2,task_3,5,4,0.0,-0.36741411685943604
2,task_3,5,5,0.0,-0.36741411685943604
2,task_3,5,6,0.0,-0.36741411685943604
2,task_3,5,7,0.0,-0.36741411685943604
2,task_3,5,8,0.0,-0.36741411685943604
2,task_3,5,9,0.0,-0.36741411685943604
2,task_3,5,10,0.0,-0.36741411685943604
2,task_3,5,11,0.0,-0.36741411685943604
2,task_3,5,12,0.0,-0.36741411685943604
2,task_3,5,13,0.0,-0.36741411685943604
2,task_3,5,14,0.0,-0.36741411685943604
2,task_3,5,15,0.0,-0.36741411685943604
2,task_3,5,16,0.0,-0.36741411685943604
2,task_3,5,17,0.0,-0.36741411685943604
2,task_3,5,18,0.0,-0.36741411685943604
2,task_3,5,19,0.0,-0.36741411685943604
2,task_3,5,20,0.0,-0.36741411685943604
2,task_3,5,21,0.0,-0.36741411685943604
2,task_3,5,22,0.0,-0.36741411685943604
2,task_3,5,23,0.030313491821289062,-0.2115352898836136
2,task_3,5,24,0.09741011261940002,0.14590834081172943
2,task_3,5,25,0.17598159611225128,0.540708601474762
2,task_3,5,26,0.2407781481742859,0.8262130618095398
2,task_3,5,27,0.3039056658744812,1.1085346937179565
2,task_3,5,28,0.36580783128738403,1.380182147026062
2,task_3,5,29,1.1434847116470337,4.6605119705200195
2,task_3,6,0,0.0,0.9609547257423401
2,task_3,6,1,0.0,0.9609547257423401
2,task_3,6,2,0.0,0.9609547257423401
2,task_3,6,3,0.0,0.9609547257423401
2,task_3,6,4,0.0,0.9609547257423401
2,task_3,6,5,0.0,0.9609547257423401
2,task_3,6,6,0.0,0.9609547257423401
2,task_3,6,7,0.0,0.9609547257423401
2,task_3,6,8,0.0,0.9609547257423401
2,task_3,6,9,0.0,0.9609547257423401
2,task_3,6,10,0.02454960346221924,0.9161826968193054
2,task_3,6,11,0.16478778421878815,0.6599975824356079
2,task_3,6,12,0.314223051071167,0.39154869318008423
2,task_3,6,13,0.40888065099716187,0.23076088726520538
2,task_3,6,14,0.4864056706428528,0.09647559374570847
2,task_3,6,15,0.5596796274185181,-0.03335012122988701
2,task_3,6,16,0.6252683997154236,-0.15820609033107758
2,task_3,6,17,0.679914653301239,-0.2556895613670349
2,task_3,6,18,0.7393420934677124,-0.36675867438316345
2,task_3,6,19,0.7952726483345032,-0.472584068775177
2,task_3,6,20,0.8521255850791931,-0.5662956833839417
2,task_3,6,21,0.8984839916229248,-0.6437371373176575
2,task_3,6,22,0.9378645420074463,-0.7044894099235535
2,task_3,6,23,0.978711724281311,-0.779937744140625
2,task_3,6,24,1.009101152420044,-0.8286957144737244
2,task_3,6,25,1.0390130281448364,-0.871789813041687
2,task_3,6,26,1.0540958642959595,-0.8931632041931152
2,task_3,6,27,1.0695298910140991,-0.9177454710006714
2,task_3,6,28,1.0870434045791626,-0.9478976726531982
2,task_3,6,29,3.3051395416259766,-3.4641709327697754
2,task_3,7,0,9.999999747378752e-05,0.0
2,task_3,7,1,9.999999747378752e-05,0.0
2,task_3,7,2,9.999999747378752e-05,0.0
2,task_3,7,3,9.999999747378752e-05,0.0
2,task_3,7,4,9.999999747378752e-05,0.0
2,task_3,7,5,9.999999747378752e-05,0.0
2,task_3,7,6,9.999999747378752e-05,0.0
2,task_3,7,7,9.999999747378752e-05,0.0
2,task_3,7,8,9.999999747378752e-05,0.0
2,task_3,7,9,9.999999747378752e-05,0.0
2,task_3,7,10,9.999999747378752e-05,0.0
2,task_3,7,11,9.999999747378752e-05,0.0
2,task_3,7,12,9.999999747378752e-05,0.0
2,task_3,7,13,9.999999747378752e-05,0.0
2,task_3,7,14,9.999999747378752e-05,0.0
2,task_3,7,15,9.999999747378752e-05,0.0
2,task_3,7,16,9.999999747378752e-05,0.0
2,task_3,7,17,9.999999747378752e-05,0.0
2,task_3,7,18,9.999999747378752e-05,0.0
2,task_3,7,19,9.999999747378752e-05,0.0
2,task_3,7,20,9.999999747378752e-05,0.0
2,task_3,7,21,9.999999747378752e-05,0.0
2,task_3,7,22,9.999999747378752e-05,0.0
2,task_3,7,23,9.999999747378752e-05,0.0
2,task_3,7,24,9.999999747378752e-05,0.0
2,task_3,7,25,9.999999747378752e-05,0.0
2,task_3,7,26,9.999999747378752e-05,0.0
2,task_3,7,27,9.999999747378752e-05,0.0
2,task_3,7,28,9.999999747378752e-05,0.0
2,task_3,7,29,9.999999747378752e-05,0.0
2,task_3,8,0,1.5345228910446167,0.0
2,task_3,8,1,1.5345228910446167,0.0
2,task_3,8,2,1.5345228910446167,0.0
2,task_3,8,3,1.5345228910446167,0.0
2,task_3,8,4,1.5345228910446167,0.0
2,task_3,8,5,1.5345228910446167,0.0
2,task_3,8,6,1.5345228910446167,0.0
2,task_3,8,7,1.5345228910446167,0.0
2,task_3,8,8,1.5345228910446167,0.0
2,task_3,8,9,1.5345228910446167,0.0
2,task_3,8,10,1.5345228910446167,0.0
2,task_3,8,11,1.5345228910446167,0.0
2,task_3,8,12,1.5345228910446167,0.0
2,task_3,8,13,1.5345228910446167,0.0
2,task_3,8,14,1.5345228910446167,0.0
2,task_3,8,15,1.5345228910446167,0.0
2,task_3,8,16,1.5345228910446167,0.0
2,task_3,8,17,1.5345228910446167,0.0
2,task_3,8,18,1.5345228910446167,0.0
2,task_3,8,19,1.5345228910446167,0.0
2,task_3,8,20,1.5345228910446167,0.0
2,task_3,8,21,1.5345228910446167,0.0
2,task_3,8,22,1.5345228910446167,0.0
2,task_3,8,23,1.5345228910446167,0.0
2,task_3,8,24,1.5345228910446167,0.0
2,task_3,8,25,1.5345228910446167,0.0
2,task_3,8,26,1.5345228910446167,0.0
2,task_3,8,27,1.5345228910446167,0.0
2,task_3,8,28,1.5345228910446167,0.0
2,task_3,8,29,1.5345228910446167,0.0
2,task_3,9,0,0.27180635929107666,-0.8030238151550293
2,task_3,9,1,0.27834048867225647,-0.7579977512359619
2,task_3,9,2,0.28390777111053467,-0.7159304618835449
2,task_3,9,3,0.2898593842983246,-0.6990622282028198
2,task_3,9,4,0.29341158270835876,-0.6858608722686768
2,task_3,9,5,0.2983131408691406,-0.6413560509681702
2,task_3,9,6,0.30152249336242676,-0.6223787069320679
2,task_3,9,7,0.3084692060947418,-0.5646637082099915
2,task_3,9,8,0.31222662329673767,-0.5363159775733948
2,task_3,9,9,0.3178641200065613,-0.5171942114830017
2,task_3,9,10,0.3215959668159485,-0.4955364167690277
2,task_3,9,11,0.3250274360179901,-0.47036924958229065
2,task_3,9,12,0.32993537187576294,-0.44076284766197205
2,task_3,9,13,0.33460280299186707,-0.42000892758369446
2,task_3,9,14,0.3377099633216858,-0.39338141679763794
2,task_3,9,15,0.34246283769607544,-0.3892591595649719
2,task_3,9,16,0.34598609805107117,-0.3718544840812683
2,task_3,9,17,0.3531973659992218,-0.3488844633102417
2,task_3,9,18,0.3600864112377167,-0.3050146698951721
2,task_3,9,19,0.37261858582496643,-0.23894912004470825
2,task_3,9,20,0.39871111512184143,-0.10830502957105637
2,task_3,9,21,0.4290100336074829,0.011276260018348694
2,task_3,9,22,0.4766518473625183,0.26611754298210144
2,task_3,9,23,0.517182469367981,0.4603383243083954
2,task_3,9,24,0.5630081295967102,0.6658109426498413
2,task_3,9,25,0.6209496855735779,0.8820123672485352
2,task_3,9,26,0.6844004392623901,1.1969507932662964
2,task_3,9,27,0.7401899695396423,1.4500197172164917
2,task_3,9,28,0.8154058456420898,1.7042540311813354
2,task_3,9,29,2.366347074508667,3.889322519302368
2,task_3,10,0,0.08890195190906525,0.9892449378967285
2,task_3,10,1,0.11001594364643097,0.975933849811554
2,task_3,10,2,0.13749024271965027,0.925920844078064
2,task_3,10,3,0.15685847401618958,0.9044244289398193
2,task_3,10,4,0.18091005086898804,0.859438419342041
2,task_3,10,5,0.2094900906085968,0.8028627634048462
2,task_3,10,6,0.2357267141342163,0.7650704979896545
2,task_3,10,7,0.25467920303344727,0.7218368053436279
2,task_3,10,8,0.28028562664985657,0.6781243085861206
2,task_3,10,9,0.3053407073020935,0.5933395028114319
2,task_3,10,10,0.33242446184158325,0.5490177869796753
2,task_3,10,11,0.36837291717529297,0.47696611285209656
2,task_3,10,12,0.3956453204154968,0.3939698040485382
2,task_3,10,13,0.43450549244880676,0.3240639269351959
2,task_3,10,14,0.46570998430252075,0.2827604413032532
2,task_3,10,15,0.5094540119171143,0.19238314032554626
2,task_3,10,16,0.5611743927001953,0.09448537975549698
2,task_3,10,17,0.5983548164367676,0.05968869850039482
2,task_3,10,18,0.6524869203567505,-0.038563814014196396
2,task_3,10,19,0.7042418718338013,-0.10755389928817749
2,task_3,10,20,0.7643857002258301,-0.21055221557617188
2,task_3,10,21,0.8319958448410034,-0.28197580575942993
2,task_3,10,22,0.8934240341186523,-0.35472139716148376
2,task_3,10,23,0.960351824760437,-0.4374900758266449
2,task_3,10,24,1.029659390449524,-0.5215580463409424
2,task_3,10,25,1.100053310394287,-0.5914499163627625
2,task_3,10,26,1.1857799291610718,-1.0001217126846313
2,task_3,10,27,1.2519078254699707,-1.5286991596221924
2,task_3,10,28,1.3294919729232788,-1.8801816701889038
2,task_3,10,29,1.7110909223556519,-3.6366634368896484
2,task_3,11,0,0.0,0.4413242042064667
2,task_3,11,1,0.0,0.4413242042064667
2,task_3,11,2,0.0,0.4413242042064667
2,task_3,11,3,0.0,0.4413242042064667
2,task_3,11,4,0.0,0.4413242042064667
2,task_3,11,5,0.0,0.4413242042064667
2,task_3,11,6,0.0,0.4413242042064667
2,task_3,11,7,0.0,0.4413242042064667
2,task_3,11,8,0.0,0.4413242042064667
2,task_3,11,9,0.0,0.4413242042064667
2,task_3,11,10,0.0,0.4413242042064667
2,task_3,11,11,0.017179742455482483,0.3704213798046112
2,task_3,11,12,0.028761833906173706,0.32262200117111206
2,task_3,11,13,0.043434739112854004,0.2589491307735443
2,task_3,11,14,0.05731792747974396,0.2067306488752365
2,task_3,11,15,0.06900011003017426,0.15510228276252747
2,task_3,11,16,0.07949589192867279,0.11178725212812424
2,task_3,11,17,0.0936259776353836,0.057608865201473236
2,task_3,11,18,0.10267309844493866,0.024033647030591965
2,task_3,11,19,0.11218182742595673,-0.009662508964538574
2,task_3,11,20,0.1223725825548172,-0.05084748938679695
2,task_3,11,21,0.1297122985124588,-0.07571537792682648
2,task_3,11,22,0.1385648399591446,-0.11198699474334717
2,task_3,11,23,0.14401690661907196,-0.1301802694797516
2,task_3,11,24,0.14966650307178497,-0.14946655929088593
2,task_3,11,25,0.15275080502033234,-0.160396546125412
2,task_3,11,26,0.15552113950252533,-0.16948750615119934
2,task_3,11,27,0.15799935162067413,-0.18103845417499542
2,task_3,11,28,0.16195760667324066,-0.19664783775806427
2,task_3,11,29,2.380655288696289,-5.1263909339904785
2,task_3,12,0,0.0,0.11368683725595474
2,task_3,12,1,0.0,0.11368683725595474
2,task_3,12,2,0.0,0.11368683725595474
2,task_3,12,3,0.0,0.11368683725595474
2,task_3,12,4,0.0,0.11368683725595474
2,task_3,12,5,0.0,0.11368683725595474
2,task_3,12,6,0.0,0.11368683725595474
2,task_3,12,7,0.0,0.11368683725595474
2,task_3,12,8,0.0,0.11368683725595474
2,task_3,12,9,0.0,0.11368683725595474
2,task_3,12,10,0.0,0.11368683725595474
2,task_3,12,11,0.0,0.11368683725595474
2,task_3,12,12,0.0,0.11368683725595474
2,task_3,12,13,0.0,0.11368683725595474
2,task_3,12,14,0.0,0.11368683725595474
2,task_3,12,15,0.0,0.11368683725595474
2,task_3,12,16,0.0,0.11368683725595474
2,task_3,12,17,0.0,0.11368683725595474
2,task_3,12,18,0.0,0.11368683725595474
2,task_3,12,19,0.0,0.11368683725595474
2,task_3,12,20,0.0,0.11368683725595474
2,task_3,12,21,0.0010192692279815674,0.11368683725595474
2,task_3,12,22,0.03669998049736023,0.11368683725595474
2,task_3,12,23,0.05645853281021118,0.11368683725595474
2,task_3,12,24,0.06881344318389893,0.11368683725595474
2,task_3,12,25,0.07734856009483337,0.11368683725595474
2,task_3,12,26,0.08488520979881287,0.11368683725595474
2,task_3,12,27,0.09460791945457458,0.11368683725595474
2,task_3,12,28,0.10469081997871399,0.11368683725595474
2,task_3,12,29,0.13422246277332306,0.11368683725595474
2,task_3,13,0,0.0,0.0
2,task_3,13,1,0.0,0.0
2,task_3,13,2,0.0,0.0
2,task_3,13,3,0.0,0.0
2,task_3,13,4,0.0,0.0
2,task_3,13,5,0.0,0.0
2,task_3,13,6,0.0,0.0
2,task_3,13,7,0.0,0.0
2,task_3,13,8,0.0,0.0
2,task_3,13,9,0.0,0.0
2,task_3,13,10,0.0,0.0
2,task_3,13,11,0.0,0.0
2,task_3,13,12,0.0,0.0
2,task_3,13,13,0.0,0.0
2,task_3,13,14,0.0,0.0
2,task_3,13,15,0.0,0.0
2,task_3,13,16,0.007252424955368042,0.0
2,task_3,13,17,0.052922993898391724,0.0
2,task_3,13,18,0.07278162240982056,0.0
2,task_3,13,19,0.09516867995262146,0.0
2,task_3,13,20,0.11376780271530151,0.0
2,task_3,13,21,0.13124343752861023,0.0
2,task_3,13,22,0.14526140689849854,0.0
2,task_3,13,23,0.15838214755058289,0.0
2,task_3,13,24,0.1725471317768097,0.0
2,task_3,13,25,0.17957285046577454,0.0
2,task_3,13,26,0.18739160895347595,0.0
2,task_3,13,27,0.19625678658485413,0.0
2,task_3,13,28,0.2041083574295044,0.0
2,task_3,13,29,0.23247741162776947,0.0
2,task_3,14,0,0.0,0.5740289092063904
2,task_3,14,1,0.0,0.5740289092063904
2,task_3,14,2,0.0,0.5740289092063904
2,task_3,14,3,0.0,0.5740289092063904
2,task_3,14,4,0.0,0.5740289092063904
2,task_3,14,5,0.0,0.5740289092063904
2,task_3,14,6,0.0,0.5740289092063904
2,task_3,14,7,0.0,0.5740289092063904
2,task_3,14,8,0.0,0.5740289092063904
2,task_3,14,9,0.0,0.5740289092063904
2,task_3,14,10,0.0,0.5740289092063904
2,task_3,14,11,0.0,0.5740289092063904
2,task_3,14,12,0.0,0.5740289092063904
2,task_3,14,13,0.0,0.5740289092063904
2,task_3,14,14,0.023736558854579926,0.42479974031448364
2,task_3,14,15,0.043782636523246765,0.3287540376186371
2,task_3,14,16,0.07321266829967499,0.18325018882751465
2,task_3,14,17,0.09758324176073074,0.07817191630601883
2,task_3,14,18,0.12251938134431839,-0.009620781987905502
2,task_3,14,19,0.14091727137565613,-0.12624676525592804
2,task_3,14,20,0.16574491560459137,-0.23108240962028503
2,task_3,14,21,0.18728330731391907,-0.3305440843105316
2,task_3,14,22,0.20226654410362244,-0.3876606822013855
2,task_3,14,23,0.21686220169067383,-0.44620510935783386
2,task_3,14,24,0.22973942756652832,-0.4905683398246765
2,task_3,14,25,0.23814435303211212,-0.525972306728363
2,task_3,14,26,0.24581485986709595,-0.553368866443634
2,task_3,14,27,0.2541419267654419,-0.6048764586448669
2,task_3,14,28,0.26506754755973816,-0.6657005548477173
2,task_3,14,29,1.0707457065582275,-4.679533004760742
2,task_3,15,0,0.0,1.7313785552978516
2,task_3,15,1,0.0,1.7313785552978516
2,task_3,15,2,0.01930055022239685,1.6364864110946655
2,task_3,15,3,0.05543474853038788,1.4802700281143188
2,task_3,15,4,0.09816911816596985,1.274369716644287
2,task_3,15,5,0.13467270135879517,1.1116260290145874
2,task_3,15,6,0.16876599192619324,0.9937222599983215
2,task_3,15,7,0.21038588881492615,0.8400579690933228
2,task_3,15,8,0.24747061729431152,0.7042330503463745
2,task_3,15,9,0.2815674841403961,0.570320188999176
2,task_3,15,10,0.3208644986152649,0.40603551268577576
2,task_3,15,11,0.35435089468955994,0.27020058035850525
2,task_3,15,12,0.3917234241962433,0.10926329344511032
2,task_3,15,13,0.4221594035625458,-0.02354450523853302
2,task_3,15,14,0.45797207951545715,-0.17454446852207184
2,task_3,15,15,0.48706522583961487,-0.3020716905593872
2,task_3,15,16,0.5094482898712158,-0.39953407645225525
2,task_3,15,17,0.5412755012512207,-0.5335103273391724
2,task_3,15,18,0.5630099773406982,-0.6242283582687378
2,task_3,15,19,0.5836626291275024,-0.7115639448165894
2,task_3,15,20,0.5964237451553345,-0.7640009522438049
2,task_3,15,21,0.607699990272522,-0.8150041699409485
2,task_3,15,22,0.6180850267410278,-0.8613448143005371
2,task_3,15,23,0.6250814199447632,-0.8945768475532532
2,task_3,15,24,0.6315943002700806,-0.9247927665710449
2,task_3,15,25,0.6362060308456421,-0.9456323981285095
2,task_3,15,26,0.6418061256408691,-0.9739153981208801
2,task_3,15,27,0.6491585969924927,-1.0051333904266357
2,task_3,15,28,0.6592153310775757,-1.0478202104568481
2,task_3,15,29,0.8903314471244812,-1.8581215143203735
2,task_3,16,0,0.0,-0.640281617641449
2,task_3,16,1,0.0,-0.640281617641449
2,task_3,16,2,0.0,-0.640281617641449
2,task_3,16,3,0.0,-0.640281617641449
2,task_3,16,4,0.0,-0.640281617641449
2,task_3,16,5,0.0,-0.640281617641449
2,task_3,16,6,0.0,-0.640281617641449
2,task_3,16,7,0.0,-0.640281617641449
2,task_3,16,8,0.0,-0.640281617641449
2,task_3,16,9,0.0,-0.640281617641449
2,task_3,16,10,0.0,-0.640281617641449
2,task_3,16,11,0.0,-0.640281617641449
2,task_3,16,12,0.0,-0.640281617641449
2,task_3,16,13,0.0,-0.640281617641449
2,task_3,16,14,0.0,-0.640281617641449
2,task_3,16,15,0.016679346561431885,-0.5994240045547485
2,task_3,16,16,0.10182024538516998,-0.3993971645832062
2,task_3,16,17,0.17194518446922302,-0.2589491009712219
2,task_3,16,18,0.2450658082962036,-0.09624449908733368
2,task_3,16,19,0.3181934952735901,0.09624215960502625
2,task_3,16,20,0.3807556629180908,0.27110883593559265
2,task_3,16,21,0.4480496048927307,0.4487347900867462
2,task_3,16,22,0.4998268187046051,0.5896234512329102
2,task_3,16,23,0.5530829429626465,0.7342830896377563
2,task_3,16,24,0.5934115648269653,0.853735625743866
2,task_3,16,25,0.6164392232894897,0.9225890040397644
2,task_3,16,26,0.6308099627494812,0.9672999978065491
2,task_3,16,27,0.6410133838653564,0.9914472103118896
2,task_3,16,28,0.647650957107544,1.0140910148620605
2,task_3,16,29,2.545124053955078,4.0690836906433105
2,task_3,17,0,0.0,0.11368683725595474
2,task_3,17,1,0.0,0.11368683725595474
2,task_3,17,2,0.0,0.11368683725595474
2,task_3,17,3,0.0,0.11368683725595474
2,task_3,17,4,0.0,0.11368683725595474
2,task_3,17,5,0.0,0.11368683725595474
2,task_3,17,6,0.0,0.11368683725595474
2,task_3,17,7,0.0,0.11368683725595474
2,task_3,17,8,0.0,0.11368683725595474
2,task_3,17,9,0.0,0.11368683725595474
2,task_3,17,10,0.0,0.11368683725595474
2,task_3,17,11,0.0,0.11368683725595474
2,task_3,17,12,0.0,0.11368683725595474
2,task_3,17,13,0.0,0.11368683725595474
2,task_3,17,14,0.0,0.11368683725595474
2,task_3,17,15,0.0,0.11368683725595474
2,task_3,17,16,0.0,0.11368683725595474
2,task_3,17,17,0.0,0.11368683725595474
2,task_3,17,18,0.0,0.11368683725595474
2,task_3,17,19,0.0,0.11368683725595474
2,task_3,17,20,0.0,0.11368683725595474
2,task_3,17,21,0.0,0.11368683725595474
2,task_3,17,22,0.0,0.11368683725595474
2,task_3,17,23,0.0,0.11368683725595474
2,task_3,17,24,0.0,0.11368683725595474
2,task_3,17,25,0.0,0.11368683725595474
2,task_3,17,26,0.0,0.11368683725595474
2,task_3,17,27,0.0,0.11368683725595474
2,task_3,17,28,0.0027904212474823,0.11368683725595474
2,task_3,17,29,0.04513789713382721,0.11368683725595474
2,task_3,18,0,0.0,0.9888302087783813
2,task_3,18,1,0.0,0.9888302087783813
2,task_3,18,2,0.0,0.9888302087783813
2,task_3,18,3,0.0,0.9888302087783813
2,task_3,18,4,0.0,0.9888302087783813
2,task_3,18,5,0.0,0.9888302087783813
2,task_3,18,6,0.0,0.9888302087783813
2,task_3,18,7,0.0,0.9888302087783813
2,task_3,18,8,0.0,0.9888302087783813
2,task_3,18,9,0.0,0.9888302087783813
2,task_3,18,10,0.0,0.9888302087783813
2,task_3,18,11,0.021375752985477448,0.94822096824646
2,task_3,18,12,0.17866969108581543,0.6635259389877319
2,task_3,18,13,0.30107784271240234,0.4209935963153839
2,task_3,18,14,0.4381653666496277,0.1962490826845169
2,task_3,18,15,0.5575716495513916,0.0021980011370033026
2,task_3,18,16,0.7129530310630798,-0.2639133036136627
2,task_3,18,17,0.8011346459388733,-0.4258776009082794
2,task_3,18,18,0.8813737630844116,-0.5712275505065918
2,task_3,18,19,0.9220960736274719,-0.6428208351135254
2,task_3,18,20,0.9710585474967957,-0.7345597147941589
2,task_3,18,21,1.0106782913208008,-0.8080295324325562
2,task_3,18,22,1.039186954498291,-0.8593931198120117
2,task_3,18,23,1.0714221000671387,-0.9185521602630615
2,task_3,18,24,1.0938804149627686,-0.9600213170051575
2,task_3,18,25,1.1132264137268066,-0.9953757524490356
2,task_3,18,26,1.128566861152649,-1.0221503973007202
2,task_3,18,27,1.1446627378463745,-1.0512501001358032
2,task_3,18,28,1.1620748043060303,-1.0818485021591187
2,task_3,18,29,1.8290772438049316,-2.7732958793640137
2,task_3,19,0,0.19358927011489868,-0.7554726600646973
2,task_3,19,1,0.23139119148254395,-0.6811122894287109
2,task_3,19,2,0.26696380972862244,-0.618918240070343
2,task_3,19,3,0.286945641040802,-0.5783889293670654
2,task_3,19,4,0.30628150701522827,-0.5374549031257629
2,task_3,19,5,0.3199673295021057,-0.5086463093757629
2,task_3,19,6,0.32511332631111145,-0.49511846899986267
2,task_3,19,7,0.3292297422885895,-0.48541125655174255
2,task_3,19,8,0.33213239908218384,-0.47671136260032654
2,task_3,19,9,0.33489924669265747,-0.46746912598609924
2,task_3,19,10,0.3376569151878357,-0.45923393964767456
2,task_3,19,11,0.33970925211906433,-0.4597199559211731
2,task_3,19,12,0.3417583703994751,-0.4545327126979828
2,task_3,19,13,0.34370389580726624,-0.4561103284358978
2,task_3,19,14,0.3466354012489319,-0.4516076445579529
2,task_3,19,15,0.34876057505607605,-0.4454759359359741
2,task_3,19,16,0.35343852639198303,-0.4199352264404297
2,task_3,19,17,0.3580077886581421,-0.40478450059890747
2,task_3,19,18,0.3678836226463318,-0.38652747869491577
2,task_3,19,19,0.38932347297668457,-0.3333050310611725
2,task_3,19,20,0.42308029532432556,-0.25018706917762756
2,task_3,19,21,0.4609633982181549,-0.1109549030661583
2,task_3,19,22,0.5078880786895752,0.05616946518421173
2,task_3,19,23,0.5594873428344727,0.30105218291282654
2,task_3,19,24,0.618891716003418,0.6258853673934937
2,task_3,19,25,0.7018639445304871,0.8946196436882019
2,task_3,19,26,0.7740414142608643,1.1666666269302368
2,task_3,19,27,0.8575312495231628,1.4537278413772583
2,task_3,19,28,0.9484500885009766,1.7226024866104126
2,task_3,19,29,1.9637813568115234,4.016354084014893
2,task_3,20,0,0.0,1.0787047147750854
2,task_3,20,1,0.0,1.0787047147750854
2,task_3,20,2,0.0,1.0787047147750854
2,task_3,20,3,0.0,1.0787047147750854
2,task_3,20,4,0.0,1.0787047147750854
2,task_3,20,5,0.0,1.0787047147750854
2,task_3,20,6,0.0,1.0787047147750854
2,task_3,20,7,0.0,1.0787047147750854
2,task_3,20,8,0.0,1.0787047147750854
2,task_3,20,9,0.0,1.0787047147750854
2,task_3,20,10,0.05622415989637375,0.9460713863372803
2,task_3,20,11,0.1340339183807373,0.7667961716651917
2,task_3,20,12,0.2197963297367096,0.5690876245498657
2,task_3,20,13,0.30367109179496765,0.3702211081981659
2,task_3,20,14,0.39370328187942505,0.14616994559764862
2,task_3,20,15,0.4743415415287018,-0.0625833123922348
2,task_3,20,16,0.5597866177558899,-0.2037436068058014
2,task_3,20,17,0.6415473818778992,-0.3672848641872406
2,task_3,20,18,0.7201724648475647,-0.5358009934425354
2,task_3,20,19,0.7879709601402283,-0.6851130723953247
2,task_3,20,20,0.844352662563324,-0.8256237506866455
2,task_3,20,21,0.899202287197113,-0.9596402645111084
2,task_3,20,22,0.9358786344528198,-1.055537462234497
2,task_3,20,23,0.9555718898773193,-1.1099013090133667
2,task_3,20,24,0.9645611047744751,-1.1335697174072266
2,task_3,20,25,0.9741215705871582,-1.1610963344573975
2,task_3,20,26,0.9796830415725708,-1.1758183240890503
2,task_3,20,27,0.9877500534057617,-1.1984922885894775
2,task_3,20,28,0.9962841272354126,-1.2228366136550903
2,task_3,20,29,1.274863362312317,-1.8883503675460815
2,task_3,21,0,0.0,0.9489825367927551
2,task_3,21,1,0.0,0.9489825367927551
2,task_3,21,2,0.0,0.9489825367927551
2,task_3,21,3,0.0,0.9489825367927551
2,task_3,21,4,0.0,0.9489825367927551
2,task_3,21,5,0.0,0.9489825367927551
2,task_3,21,6,0.0,0.9489825367927551
2,task_3,21,7,0.0,0.9489825367927551
2,task_3,21,8,0.0,0.9489825367927551
2,task_3,21,9,0.0,0.9489825367927551
2,task_3,21,10,0.04115612432360649,0.8213464617729187
2,task_3,21,11,0.07922736555337906,0.6970294117927551
2,task_3,21,12,0.12235519289970398,0.5547217726707458
2,task_3,21,13,0.1663704514503479,0.4150739014148712
2,task_3,21,14,0.2091519832611084,0.28269726037979126
2,task_3,21,15,0.25118741393089294,0.158222958445549
2,task_3,21,16,0.29321810603141785,0.030596444383263588
2,task_3,21,17,0.3298604488372803,-0.16242718696594238
2,task_3,21,18,0.36307018995285034,-0.35638338327407837
2,task_3,21,19,0.3935287296772003,-0.5355671644210815
2,task_3,21,20,0.42332321405410767,-0.7020938992500305
2,task_3,21,21,0.4418559968471527,-0.8001981377601624
2,task_3,21,22,0.4557352662086487,-0.8722567558288574
2,task_3,21,23,0.4657984972000122,-0.9235289692878723
2,task_3,21,24,0.47225916385650635,-0.9235289692878723
2,task_3,21,25,0.47700077295303345,-0.9469372034072876
2,task_3,21,26,0.482047975063324,-0.9734517931938171
2,task_3,21,27,0.4881844222545624,-1.0052549839019775
2,task_3,21,28,0.4961886405944824,-1.0444175004959106
2,task_3,21,29,0.9266359210014343,-3.203467607498169
2,task_3,22,0,0.0,-2.2346837520599365
2,task_3,22,1,0.0,-2.2346837520599365
2,task_3,22,2,0.0,-2.2346837520599365
2,task_3,22,3,0.0,-2.2346837520599365
2,task_3,22,4,0.032646819949150085,-1.4427852630615234
2,task_3,22,5,0.06013251468539238,-0.8060200810432434
2,task_3,22,6,0.08853786438703537,-0.282967746257782
2,task_3,22,7,0.11619249731302261,0.12414603680372238
2,task_3,22,8,0.1351338028907776,0.35401198267936707
2,task_3,22,9,0.14754953980445862,0.48811614513397217
2,task_3,22,10,0.16315196454524994,0.6322867274284363
2,task_3,22,11,0.17258834838867188,0.6736167669296265
2,task_3,22,12,0.1843969225883484,0.6932151913642883
2,task_3,22,13,0.19406089186668396,0.6987579464912415
2,task_3,22,14,0.20216518640518188,0.6857481002807617
2,task_3,22,15,0.21191632747650146,0.6756092309951782
2,task_3,22,16,0.22018304467201233,0.6209858059883118
2,task_3,22,17,0.22990164160728455,0.5908842086791992
2,task_3,22,18,0.23623554408550262,0.5506631135940552
2,task_3,22,19,0.24378712475299835,0.5264809131622314
2,task_3,22,20,0.25065702199935913,0.4966782331466675
2,task_3,22,21,0.25531700253486633,0.4766157567501068
2,task_3,22,22,0.2608960270881653,0.46343573927879333
2,task_3,22,23,0.26438355445861816,0.45063939690589905
2,task_3,22,24,0.2677409052848816,0.437301367521286
2,task_3,22,25,0.2710561752319336,0.4172567129135132
2,task_3,22,26,0.275462806224823,0.41441845893859863
2,task_3,22,27,0.28126710653305054,0.39218753576278687
2,task_3,22,28,0.2882135212421417,0.3428841829299927
2,task_3,22,29,0.670210599899292,0.26456981897354126
2,task_3,23,0,0.0,-0.11368683725595474
2,task_3,23,1,0.0,-0.11368683725595474
2,task_3,23,2,0.0,-0.11368683725595474
2,task_3,23,3,0.0,-0.11368683725595474
2,task_3,23,4,0.0,-0.11368683725595474
2,task_3,23,5,0.0,-0.11368683725595474
2,task_3,23,6,0.0,-0.11368683725595474
2,task_3,23,7,0.0,-0.11368683725595474
2,task_3,23,8,0.0,-0.11368683725595474
2,task_3,23,9,0.0,-0.11368683725595474
2,task_3,23,10,0.0,-0.11368683725595474
2,task_3,23,11,0.0,-0.11368683725595474
2,task_3,23,12,0.0,-0.11368683725595474
2,task_3,23,13,0.0,-0.11368683725595474
2,task_3,23,14,0.0,-0.11368683725595474
2,task_3,23,15,0.0,-0.11368683725595474
2,task_3,23,16,0.0,-0.11368683725595474
2,task_3,23,17,0.0,-0.11368683725595474
2,task_3,23,18,0.0,-0.11368683725595474
2,task_3,23,19,0.0025576651096343994,-0.11368683725595474
2,task_3,23,20,0.0193040668964386,-0.11368683725595474
2,task_3,23,21,0.03531697392463684,-0.11368683725595474
2,task_3,23,22,0.0436248779296875,-0.11368683725595474
2,task_3,23,23,0.05454930663108826,-0.11368683725595474
2,task_3,23,24,0.06467938423156738,-0.11368683725595474
2,task_3,23,25,0.0755297839641571,-0.11368683725595474
2,task_3,23,26,0.08222642540931702,-0.11368683725595474
2,task_3,23,27,0.09050038456916809,-0.11368683725595474
2,task_3,23,28,0.09896942973136902,-0.11368683725595474
2,task_3,23,29,0.13995219767093658,-0.11368683725595474
2,task_3,24,0,0.0,1.1053696870803833
2,task_3,24,1,0.0,1.1053696870803833
2,task_3,24,2,0.0,1.1053696870803833
2,task_3,24,3,0.0,1.1053696870803833
2,task_3,24,4,0.0,1.1053696870803833
2,task_3,24,5,0.0,1.1053696870803833
2,task_3,24,6,0.0,1.1053696870803833
2,task_3,24,7,0.0,1.1053696870803833
2,task_3,24,8,0.0,1.1053696870803833
2,task_3,24,9,0.0,1.1053696870803833
2,task_3,24,10,0.0,1.1053696870803833
2,task_3,24,11,0.006662927567958832,1.0572556257247925
2,task_3,24,12,0.046690188348293304,0.7392076253890991
2,task_3,24,13,0.09402921050786972,0.3091065585613251
2,task_3,24,14,0.12861976027488708,-0.025054190307855606
2,task_3,24,15,0.16977211833000183,-0.4366101622581482
2,task_3,24,16,0.2211727797985077,-0.9859265089035034
2,task_3,24,17,0.250108540058136,-0.9859265089035034
2,task_3,24,18,0.27260297536849976,-0.9859265089035034
2,task_3,24,19,0.28461095690727234,-0.9859265089035034
2,task_3,24,20,0.3017154335975647,-0.9859265089035034
2,task_3,24,21,0.3126731514930725,-0.9859265089035034
2,task_3,24,22,0.32034924626350403,-0.9859265089035034
2,task_3,24,23,0.3293627202510834,-0.9859265089035034
2,task_3,24,24,0.33581045269966125,-0.9859265089035034
2,task_3,24,25,0.3431527018547058,-0.9859265089035034
2,task_3,24,26,0.349587619304657,-0.9859265089035034
2,task_3,24,27,0.3571140468120575,-0.9859265089035034
2,task_3,24,28,0.3656446933746338,-0.9859265089035034
2,task_3,24,29,0.38900676369667053,-0.9859265089035034
2,task_3,25,0,0.0,0.11368683725595474
2,task_3,25,1,0.0,0.11368683725595474
2,task_3,25,2,0.0,0.11368683725595474
2,task_3,25,3,0.0,0.11368683725595474
2,task_3,25,4,0.0,0.11368683725595474
2,task_3,25,5,0.0,0.11368683725595474
2,task_3,25,6,0.0,0.11368683725595474
2,task_3,25,7,0.0,0.11368683725595474
2,task_3,25,8,0.0,0.11368683725595474
2,task_3,25,9,0.0,0.11368683725595474
2,task_3,25,10,0.0,0.11368683725595474
2,task_3,25,11,0.0,0.11368683725595474
2,task_3,25,12,0.0,0.11368683725595474
2,task_3,25,13,0.02137567847967148,0.11368683725595474
2,task_3,25,14,0.11481931060552597,0.11368683725595474
2,task_3,25,15,0.185848206281662,0.11368683725595474
2,task_3,25,16,0.28800421953201294,0.11368683725595474
2,task_3,25,17,0.34989041090011597,0.11368683725595474
2,task_3,25,18,0.4235677719116211,0.11368683725595474
2,task_3,25,19,0.4867771863937378,0.11368683725595474
2,task_3,25,20,0.5213508009910583,0.11368683725595474
2,task_3,25,21,0.5498003363609314,0.11368683725595474
2,task_3,25,22,0.5682602524757385,0.11368683725595474
2,task_3,25,23,0.5870010256767273,0.11368683725595474
2,task_3,25,24,0.5999990105628967,0.11368683725595474
2,task_3,25,25,0.6132037043571472,0.11368683725595474
2,task_3,25,26,0.6229161024093628,0.11368683725595474
2,task_3,25,27,0.6350110173225403,0.11368683725595474
2,task_3,25,28,0.6469256281852722,0.11368683725595474
2,task_3,25,29,0.6717135906219482,0.11368683725595474
2,task_3,26,0,0.0,0.44812339544296265
2,task_3,26,1,0.0,0.44812339544296265
2,task_3,26,2,0.0,0.44812339544296265
2,task_3,26,3,0.0,0.44812339544296265
2,task_3,26,4,0.0,0.44812339544296265
2,task_3,26,5,0.0,0.44812339544296265
2,task_3,26,6,0.0,0.44812339544296265
2,task_3,26,7,0.0,0.44812339544296265
2,task_3,26,8,0.0,0.44812339544296265
2,task_3,26,9,0.0,0.44812339544296265
2,task_3,26,10,0.0,0.44812339544296265
2,task_3,26,11,0.0,0.44812339544296265
2,task_3,26,12,0.0,0.44812339544296265
2,task_3,26,13,0.0,0.44812339544296265
2,task_3,26,14,0.0,0.44812339544296265
2,task_3,26,15,0.0,0.44812339544296265
2,task_3,26,16,0.0,0.44812339544296265
2,task_3,26,17,0.0,0.44812339544296265
2,task_3,26,18,0.0,0.44812339544296265
2,task_3,26,19,0.0,0.44812339544296265
2,task_3,26,20,0.0,0.44812339544296265
2,task_3,26,21,0.0,0.44812339544296265
2,task_3,26,22,0.0,0.44812339544296265
2,task_3,26,23,0.0,0.44812339544296265
2,task_3,26,24,0.02128499746322632,-0.31244316697120667
2,task_3,26,25,0.07855616509914398,-1.531638503074646
2,task_3,26,26,0.13581852614879608,-2.283851146697998
2,task_3,26,27,0.2014150768518448,-2.1844329833984375
2,task_3,26,28,0.274041086435318,-1.2515372037887573
2,task_3,26,29,1.8318597078323364,-3.1910574436187744
2,task_3,27,0,0.0,-1.2139207124710083
2,task_3,27,1,9.177625179290771e-05,-1.2139207124710083
2,task_3,27,2,0.0006594434380531311,-1.2123498916625977
2,task_3,27,3,0.0011991411447525024,-1.2114309072494507
2,task_3,27,4,0.0017264708876609802,-1.2098711729049683
2,task_3,27,5,0.001854628324508667,-1.209346055984497
2,task_3,27,6,0.002346910536289215,-1.2090458869934082
2,task_3,27,7,0.005803119391202927,-1.2015080451965332
2,task_3,27,8,0.006418187171220779,-1.1991074085235596
2,task_3,27,9,0.006542861461639404,-1.1987229585647583
2,task_3,27,10,0.01120062917470932,-1.1872704029083252
2,task_3,27,11,0.012477599084377289,-1.183125615119934
2,task_3,27,12,0.9073362946510315,0.8027564883232117
2,task_3,27,13,0.9073362946510315,0.8027564883232117
2,task_3,27,14,0.9073362946510315,0.8027564883232117
2,task_3,27,15,0.9073362946510315,0.8027564883232117
2,task_3,27,16,0.9073362946510315,0.8027564883232117
2,task_3,27,17,0.9073362946510315,0.8027564883232117
2,task_3,27,18,0.9073362946510315,0.8027564883232117
2,task_3,27,19,0.9073362946510315,0.8027564883232117
2,task_3,27,20,0.9073362946510315,0.8027564883232117
2,task_3,27,21,0.9073362946510315,0.8027564883232117
2,task_3,27,22,0.9073362946510315,0.8027564883232117
2,task_3,27,23,0.9073362946510315,0.8027564883232117
2,task_3,27,24,0.9073362946510315,0.8027564883232117
2,task_3,27,25,0.9073362946510315,0.8027564883232117
2,task_3,27,26,0.9073362946510315,0.8027564883232117
2,task_3,27,27,0.9073362946510315,0.8027564883232117
2,task_3,27,28,0.9073362946510315,0.8027564883232117
2,task_3,27,29,0.9073362946510315,0.8027564883232117
2,task_3,28,0,9.999999747378752e-05,-0.007105427328497171
2,task_3,28,1,9.999999747378752e-05,-0.007105427328497171
2,task_3,28,2,9.999999747378752e-05,-0.007105427328497171
2,task_3,28,3,9.999999747378752e-05,-0.007105427328497171
2,task_3,28,4,9.999999747378752e-05,-0.007105427328497171
2,task_3,28,5,9.999999747378752e-05,-0.007105427328497171
2,task_3,28,6,9.999999747378752e-05,-0.007105427328497171
2,task_3,28,7,9.999999747378752e-05,-0.007105427328497171
2,task_3,28,8,9.999999747378752e-05,-0.007105427328497171
2,task_3,28,9,9.999999747378752e-05,-0.007105427328497171
2,task_3,28,10,9.999999747378752e-05,-0.007105427328497171
2,task_3,28,11,9.999999747378752e-05,-0.007105427328497171
2,task_3,28,12,9.999999747378752e-05,-0.007105427328497171
2,task_3,28,13,9.999999747378752e-05,-0.007105427328497171
2,task_3,28,14,9.999999747378752e-05,-0.007105427328497171
2,task_3,28,15,9.999999747378752e-05,-0.007105427328497171
2,task_3,28,16,9.999999747378752e-05,-0.007105427328497171
2,task_3,28,17,9.999999747378752e-05,-0.007105427328497171
2,task_3,28,18,9.999999747378752e-05,-0.007105427328497171
2,task_3,28,19,9.999999747378752e-05,-0.007105427328497171
2,task_3,28,20,9.999999747378752e-05,-0.007105427328497171
2,task_3,28,21,9.999999747378752e-05,-0.007105427328497171
2,task_3,28,22,9.999999747378752e-05,-0.007105427328497171
2,task_3,28,23,9.999999747378752e-05,-0.007105427328497171
2,task_3,28,24,9.999999747378752e-05,-0.007105427328497171
2,task_3,28,25,9.999999747378752e-05,-0.007105427328497171
2,task_3,28,26,9.999999747378752e-05,-0.007105427328497171
2,task_3,28,27,9.999999747378752e-05,-0.007105427328497171
2,task_3,28,28,9.999999747378752e-05,-0.007105427328497171
2,task_3,28,29,9.999999747378752e-05,-0.007105427328497171
2,task_3,29,0,0.4622557759284973,-0.8247620463371277
2,task_3,29,1,0.4775124490261078,-0.7987334728240967
2,task_3,29,2,0.4904719889163971,-0.7743162512779236
2,task_3,29,3,0.5057120323181152,-0.7506828308105469
2,task_3,29,4,0.5230938792228699,-0.7241345643997192
2,task_3,29,5,0.5444295406341553,-0.6912719011306763
2,task_3,29,6,0.5661884546279907,-0.6588373780250549
2,task_3,29,7,0.5966933965682983,-0.6122028231620789
2,task_3,29,8,0.6214556694030762,-0.5745262503623962
2,task_3,29,9,0.6480799913406372,-0.5300464630126953
2,task_3,29,10,0.6921618580818176,-0.46216365694999695
2,task_3,29,11,0.7259541749954224,-0.41212669014930725
2,task_3,29,12,0.7551105618476868,-0.3700605630874634
2,task_3,29,13,0.7822458744049072,-0.33043184876441956
2,task_3,29,14,0.8372309803962708,-0.2407359778881073
2,task_3,29,15,0.8816124796867371,-0.16898015141487122
2,task_3,29,16,0.9237488508224487,-0.10022833198308945
2,task_3,29,17,0.9715247750282288,-0.020002635195851326
2,task_3,29,18,1.0213537216186523,0.06973844766616821
2,task_3,29,19,1.0529274940490723,0.14572478830814362
2,task_3,29,20,1.0976818799972534,0.24327689409255981
2,task_3,29,21,1.1291390657424927,0.29728639125823975
2,task_3,29,22,1.159287691116333,0.36140504479408264
2,task_3,29,23,1.1927720308303833,0.43557626008987427
2,task_3,29,24,1.2131974697113037,0.4909191429615021
2,task_3,29,25,1.2351100444793701,0.5465834140777588
2,task_3,29,26,1.2485907077789307,0.5833852291107178
2,task_3,29,27,1.2604490518569946,0.6174759864807129
2,task_3,29,28,1.2703571319580078,0.6492685079574585
2,task_3,29,29,3.2954864501953125,4.603600025177002
2,task_3,30,0,0.0,-0.38080334663391113
2,task_3,30,1,0.0,-0.38080334663391113
2,task_3,30,2,0.0,-0.38080334663391113
2,task_3,30,3,0.0,-0.38080334663391113
2,task_3,30,4,0.0,-0.38080334663391113
2,task_3,30,5,0.0,-0.38080334663391113
2,task_3,30,6,0.0,-0.38080334663391113
2,task_3,30,7,0.0,-0.38080334663391113
2,task_3,30,8,0.0,-0.38080334663391113
2,task_3,30,9,0.0,-0.38080334663391113
2,task_3,30,10,0.0,-0.38080334663391113
2,task_3,30,11,0.0,-0.38080334663391113
2,task_3,30,12,0.0,-0.38080334663391113
2,task_3,30,13,0.0,-0.38080334663391113
2,task_3,30,14,0.0,-0.38080334663391113
2,task_3,30,15,0.0,-0.38080334663391113
2,task_3,30,16,0.0,-0.38080334663391113
2,task_3,30,17,0.0,-0.38080334663391113
2,task_3,30,18,0.0,-0.38080334663391113
2,task_3,30,19,0.00397288054227829,-0.3697439432144165
2,task_3,30,20,0.0784861221909523,-0.15198415517807007
2,task_3,30,21,0.13577580451965332,0.025860311463475227
2,task_3,30,22,0.1909923553466797,0.2042829841375351
2,task_3,30,23,0.22607797384262085,0.32057496905326843
2,task_3,30,24,0.23681718111038208,0.35855406522750854
2,task_3,30,25,0.2525189518928528,0.4104657769203186
2,task_3,30,26,0.2612745463848114,0.44577425718307495
2,task_3,30,27,0.27264878153800964,0.4798539876937866
2,task_3,30,28,0.2833641469478607,0.5169745087623596
2,task_3,30,29,2.4892919063568115,4.994649887084961
2,task_3,31,0,0.0,0.8482388257980347
2,task_3,31,1,0.0,0.8482388257980347
2,task_3,31,2,0.0,0.8482388257980347
2,task_3,31,3,0.0,0.8482388257980347
2,task_3,31,4,0.0,0.8482388257980347
2,task_3,31,5,0.0,0.8482388257980347
2,task_3,31,6,0.05292101204395294,0.882990300655365
2,task_3,31,7,0.10927220433950424,0.91838139295578
2,task_3,31,8,0.17243210971355438,0.9591992497444153
2,task_3,31,9,0.2430175244808197,0.9889621734619141
2,task_3,31,10,0.32360225915908813,0.9701825380325317
2,task_3,31,11,0.40172699093818665,0.9160860180854797
2,task_3,31,12,0.4870277941226959,0.8249335885047913
2,task_3,31,13,0.5807124376296997,0.6965568661689758
2,task_3,31,14,0.6630676984786987,0.5768114924430847
2,task_3,31,15,0.7632550597190857,0.3837082087993622
2,task_3,31,16,0.8589161038398743,0.16922852396965027
2,task_3,31,17,0.9560390114784241,-0.05566379800438881
2,task_3,31,18,1.0414836406707764,-0.2514864504337311
2,task_3,31,19,1.1354666948318481,-0.4361259341239929
2,task_3,31,20,1.2195314168930054,-0.6108273863792419
2,task_3,31,21,1.3074045181274414,-0.7948382496833801
2,task_3,31,22,1.3913218975067139,-0.9766978621482849
2,task_3,31,23,1.458236813545227,-1.1207396984100342
2,task_3,31,24,1.5228081941604614,-1.2459920644760132
2,task_3,31,25,1.5768635272979736,-1.347293496131897
2,task_3,31,26,1.6376512050628662,-1.4419831037521362
2,task_3,31,27,1.6856122016906738,-1.5152307748794556
2,task_3,31,28,1.7292745113372803,-1.582572102546692
2,task_3,31,29,2.2552192211151123,-1.9970194101333618
2,task_3,32,0,0.7250719666481018,-0.8458442687988281
2,task_3,32,1,0.7358131408691406,-0.814766526222229
2,task_3,32,2,0.7475029826164246,-0.7837649583816528
2,task_3,32,3,0.7560344338417053,-0.754477322101593
2,task_3,32,4,0.7715935707092285,-0.7105631828308105
2,task_3,32,5,0.7867470383644104,-0.6732643246650696
2,task_3,32,6,0.8058434128761292,-0.6214554905891418
2,task_3,32,7,0.8322201371192932,-0.5553123354911804
2,task_3,32,8,0.8538061380386353,-0.5017978549003601
2,task_3,32,9,0.8714080452919006,-0.45780158042907715
2,task_3,32,10,0.8973315358161926,-0.39843636751174927
2,task_3,32,11,0.9218020439147949,-0.3423178195953369
2,task_3,32,12,0.9413751363754272,-0.2942568063735962
2,task_3,32,13,0.9716091156005859,-0.2218060940504074
2,task_3,32,14,0.996006190776825,-0.15991799533367157
2,task_3,32,15,1.0166645050048828,-0.1032327190041542
2,task_3,32,16,1.041006326675415,-0.041019849479198456
2,task_3,32,17,1.0697455406188965,0.03277822956442833
2,task_3,32,18,1.090823769569397,0.09513385593891144
2,task_3,32,19,1.1100553274154663,0.1408817321062088
2,task_3,32,20,1.1294007301330566,0.1947202831506729
2,task_3,32,21,1.1501156091690063,0.2490011751651764
2,task_3,32,22,1.1667165756225586,0.28907015919685364
2,task_3,32,23,1.1841919422149658,0.3383508026599884
2,task_3,32,24,1.1978504657745361,0.3747539520263672
2,task_3,32,25,1.210967779159546,0.4123474061489105
2,task_3,32,26,1.2204238176345825,0.4353685975074768
2,task_3,32,27,1.2309762239456177,0.459921270608902
2,task_3,32,28,1.2478187084197998,0.5060941576957703
2,task_3,32,29,3.6274120807647705,4.7516093254089355
2,task_3,33,0,0.02046370506286621,-1.0195075273513794
2,task_3,33,1,0.07218596339225769,-0.7763336300849915
2,task_3,33,2,0.11886076629161835,-0.5789273977279663
2,task_3,33,3,0.14673669636249542,-0.48199155926704407
2,task_3,33,4,0.1616588979959488,-0.41254809498786926
2,task_3,33,5,0.17002035677433014,-0.3724813163280487
2,task_3,33,6,0.17721323668956757,-0.34093770384788513
2,task_3,33,7,0.1816980093717575,-0.31990915536880493
2,task_3,33,8,0.18677200376987457,-0.29753565788269043
2,task_3,33,9,0.19157607853412628,-0.28452757000923157
2,task_3,33,10,0.19543375074863434,-0.2746342122554779
2,task_3,33,11,0.19993533194065094,-0.2592131793498993
2,task_3,33,12,0.20519523322582245,-0.2385375201702118
2,task_3,33,13,0.21059997379779816,-0.206313356757164
2,task_3,33,14,0.21518869698047638,-0.19747012853622437
2,task_3,33,15,0.21938125789165497,-0.18241329491138458
2,task_3,33,16,0.22478081285953522,-0.16662947833538055
2,task_3,33,17,0.2292833775281906,-0.14216968417167664
2,task_3,33,18,0.23304100334644318,-0.1312001347541809
2,task_3,33,19,0.23706664144992828,-0.11832903325557709
2,task_3,33,20,0.24113543331623077,-0.10917975008487701
2,task_3,33,21,0.24689070880413055,-0.08669191598892212
2,task_3,33,22,0.2514657974243164,-0.06974818557500839
2,task_3,33,23,0.2597384452819824,-0.02307147905230522
2,task_3,33,24,0.2951904535293579,0.10219577699899673
2,task_3,33,25,0.3391880393028259,0.23950013518333435
2,task_3,33,26,0.3904297351837158,0.3748663365840912
2,task_3,33,27,0.45176851749420166,0.5995851159095764
2,task_3,33,28,0.5164788961410522,0.8331980109214783
2,task_3,33,29,2.549471855163574,4.940952777862549
2,task_3,34,0,0.0,-0.5181977152824402
2,task_3,34,1,0.0,-0.5181977152824402
2,task_3,34,2,0.0,-0.5181977152824402
2,task_3,34,3,0.0,-0.5181977152824402
2,task_3,34,4,0.0,-0.5181977152824402
2,task_3,34,5,0.0,-0.5181977152824402
2,task_3,34,6,0.0,-0.5181977152824402
2,task_3,34,7,0.0,-0.5181977152824402
2,task_3,34,8,0.0,-0.5181977152824402
2,task_3,34,9,0.0,-0.5181977152824402
2,task_3,34,10,0.0,-0.5181977152824402
2,task_3,34,11,0.0,-0.5181977152824402
2,task_3,34,12,0.0,-0.5181977152824402
2,task_3,34,13,0.0,-0.5181977152824402
2,task_3,34,14,0.012473702430725098,-0.4695558249950409
2,task_3,34,15,0.03819345682859421,-0.3670819401741028
2,task_3,34,16,0.07909490913152695,-0.18507206439971924
2,task_3,34,17,0.106177918612957,-0.06694553792476654
2,task_3,34,18,0.13870128989219666,0.0735272765159607
2,task_3,34,19,0.1584874987602234,0.1597992181777954
2,task_3,34,20,0.17395609617233276,0.2267785519361496
2,task_3,34,21,0.18551978468894958,0.2716965973377228
2,task_3,34,22,0.19593942165374756,0.3075723350048065
2,task_3,34,23,0.20565754175186157,0.3481873571872711
2,task_3,34,24,0.2118920087814331,0.369746595621109
2,task_3,34,25,0.2175571620464325,0.38773590326309204
2,task_3,34,26,0.22466647624969482,0.4148794412612915
2,task_3,34,27,0.23303142189979553,0.44598492980003357
2,task_3,34,28,0.24325227737426758,0.4810638725757599
2,task_3,34,29,1.0904947519302368,4.856450080871582
2,task_3,35,0,0.0,-0.5275315642356873
2,task_3,35,1,0.0,-0.5275315642356873
2,task_3,35,2,0.0,-0.5275315642356873
2,task_3,35,3,0.0,-0.5275315642356873
2,task_3,35,4,0.0,-0.5275315642356873
2,task_3,35,5,0.0,-0.5275315642356873
2,task_3,35,6,0.0,-0.5275315642356873
2,task_3,35,7,0.0,-0.5275315642356873
2,task_3,35,8,0.0,-0.5275315642356873
2,task_3,35,9,0.0,-0.5275315642356873
2,task_3,35,10,0.0,-0.5275315642356873
2,task_3,35,11,0.0,-0.5275315642356873
2,task_3,35,12,0.0,-0.5275315642356873
2,task_3,35,13,0.0,-0.5275315642356873
2,task_3,35,14,0.0,-0.5275315642356873
2,task_3,35,15,0.0,-0.5275315642356873
2,task_3,35,16,0.03006201982498169,-0.4497447907924652
2,task_3,35,17,0.11366705596446991,-0.23848362267017365
2,task_3,35,18,0.1904752105474472,-0.04180624336004257
2,task_3,35,19,0.25483137369155884,0.12473201006650925
2,task_3,35,20,0.3027060031890869,0.2593740224838257
2,task_3,35,21,0.3234003186225891,0.3189985156059265
2,task_3,35,22,0.3476327657699585,0.38609346747398376
2,task_3,35,23,0.37596237659454346,0.4686710834503174
2,task_3,35,24,0.3891345262527466,0.5062282085418701
2,task_3,35,25,0.40775948762893677,0.5590391159057617
2,task_3,35,26,0.4168437719345093,0.5833329558372498
2,task_3,35,27,0.4270640015602112,0.6139609813690186
2,task_3,35,28,0.44227999448776245,0.6582108736038208
2,task_3,35,29,1.7830625772476196,4.691897392272949
2,task_3,36,0,0.0,0.014210854656994343
2,task_3,36,1,0.0017100870609283447,0.014210854656994343
2,task_3,36,2,0.07327596843242645,0.014210854656994343
2,task_3,36,3,0.128209188580513,0.014210854656994343
2,task_3,36,4,0.18401844799518585,0.014210854656994343
2,task_3,36,5,0.25482940673828125,0.014210854656994343
2,task_3,36,6,0.30544042587280273,0.014210854656994343
2,task_3,36,7,0.3545282483100891,0.014210854656994343
2,task_3,36,8,0.39972198009490967,0.014210854656994343
2,task_3,36,9,0.4425036311149597,0.014210854656994343
2,task_3,36,10,0.48371249437332153,0.014210854656994343
2,task_3,36,11,0.5209013819694519,0.014210854656994343
2,task_3,36,12,0.5528389811515808,0.014210854656994343
2,task_3,36,13,0.5903322100639343,0.014210854656994343
2,task_3,36,14,0.6154158711433411,0.014210854656994343
2,task_3,36,15,0.646567702293396,0.014210854656994343
2,task_3,36,16,0.6813275814056396,0.014210854656994343
2,task_3,36,17,0.6997287273406982,0.014210854656994343
2,task_3,36,18,0.7220473885536194,0.014210854656994343
2,task_3,36,19,0.7509064078330994,0.014210854656994343
2,task_3,36,20,0.7784099578857422,0.014210854656994343
2,task_3,36,21,0.8088436126708984,0.014210854656994343
2,task_3,36,22,0.8374687433242798,0.014210854656994343
2,task_3,36,23,0.8673408031463623,0.014210854656994343
2,task_3,36,24,0.9002398252487183,0.014210854656994343
2,task_3,36,25,0.9407086372375488,0.014210854656994343
2,task_3,36,26,0.9891436100006104,0.014210854656994343
2,task_3,36,27,1.0258077383041382,0.014210854656994343
2,task_3,36,28,1.0720293521881104,0.014210854656994343
2,task_3,36,29,1.1333945989608765,0.014210854656994343
2,task_3,37,0,0.05044742673635483,1.2282207012176514
2,task_3,37,1,0.06522791087627411,1.1786614656448364
2,task_3,37,2,0.08178626000881195,1.1247518062591553
2,task_3,37,3,0.09844827651977539,1.0718036890029907
2,task_3,37,4,0.11501723527908325,1.0166611671447754
2,task_3,37,5,0.13738177716732025,0.9442185163497925
2,task_3,37,6,0.1605927050113678,0.8656092882156372
2,task_3,37,7,0.1743893325328827,0.8176302313804626
2,task_3,37,8,0.19768363237380981,0.7337175011634827
2,task_3,37,9,0.22129547595977783,0.6544382572174072
2,task_3,37,10,0.2394563853740692,0.5872238278388977
2,task_3,37,11,0.2656923234462738,0.5002995133399963
2,task_3,37,12,0.29085230827331543,0.41771289706230164
2,task_3,37,13,0.3179457187652588,0.3211243748664856
2,task_3,37,14,0.33601492643356323,0.2573966085910797
2,task_3,37,15,0.3622364103794098,0.1525408774614334
2,task_3,37,16,0.3948635458946228,0.0021208913531154394
2,task_3,37,17,0.4158567190170288,-0.10373198240995407
2,task_3,37,18,0.4377467632293701,-0.20695774257183075
2,task_3,37,19,0.46188002824783325,-0.31265655159950256
2,task_3,37,20,0.4891034960746765,-0.41655999422073364
2,task_3,37,21,0.522564709186554,-0.5498914122581482
2,task_3,37,22,0.5475172400474548,-0.6534186005592346
2,task_3,37,23,0.5727947950363159,-0.7547983527183533
2,task_3,37,24,0.5960410237312317,-0.8474262952804565
2,task_3,37,25,0.6298390030860901,-0.9910376071929932
2,task_3,37,26,0.6640572547912598,-1.1455862522125244
2,task_3,37,27,0.68977952003479,-1.2787764072418213
2,task_3,37,28,0.7188310027122498,-1.439611792564392
2,task_3,37,29,1.1554864645004272,-3.173678159713745
2,task_3,38,0,0.0,0.49840405583381653
2,task_3,38,1,0.0,0.49840405583381653
2,task_3,38,2,0.0,0.49840405583381653
2,task_3,38,3,0.0,0.49840405583381653
2,task_3,38,4,0.004369553178548813,0.486187219619751
2,task_3,38,5,0.013732418417930603,0.4639036953449249
2,task_3,38,6,0.0287562794983387,0.4195857048034668
2,task_3,38,7,0.039018724113702774,0.38971224427223206
2,task_3,38,8,0.05549991503357887,0.3396202623844147
2,task_3,38,9,0.07017451524734497,0.301168829202652
2,task_3,38,10,0.085320845246315,0.2632344663143158
2,task_3,38,11,0.0993964821100235,0.2182891070842743
2,task_3,38,12,0.10881474614143372,0.18644209206104279
2,task_3,38,13,0.12132333219051361,0.15070517361164093
2,task_3,38,14,0.1295248121023178,0.12354005128145218
2,task_3,38,15,0.13598580658435822,0.0965738445520401
2,task_3,38,16,0.1435854136943817,0.07347380369901657
2,task_3,38,17,0.1488543152809143,0.06120702996850014
2,task_3,38,18,0.15522007644176483,0.036889996379613876
2,task_3,38,19,0.16035832464694977,0.020350812003016472
2,task_3,38,20,0.16619564592838287,-0.003099542111158371
2,task_3,38,21,0.17123234272003174,-0.014665035530924797
2,task_3,38,22,0.17538204789161682,-0.03129323944449425
2,task_3,38,23,0.17893126606941223,-0.03850404918193817
2,task_3,38,24,0.1819978654384613,-0.055150892585515976
2,task_3,38,25,0.1843276172876358,-0.06066260114312172
2,task_3,38,26,0.18699471652507782,-0.06580653041601181
2,task_3,38,27,0.1912451684474945,-0.08526253700256348
2,task_3,38,28,0.195480614900589,-0.09503310918807983
2,task_3,38,29,2.2340242862701416,-5.175022125244141
2,task_3,39,0,9.999999747378752e-05,-0.22737367451190948
2,task_3,39,1,9.999999747378752e-05,-0.22737367451190948
2,task_3,39,2,9.999999747378752e-05,-0.22737367451190948
2,task_3,39,3,9.999999747378752e-05,-0.22737367451190948
2,task_3,39,4,9.999999747378752e-05,-0.22737367451190948
2,task_3,39,5,9.999999747378752e-05,-0.22737367451190948
2,task_3,39,6,9.999999747378752e-05,-0.22737367451190948
2,task_3,39,7,9.999999747378752e-05,-0.22737367451190948
2,task_3,39,8,9.999999747378752e-05,-0.22737367451190948
2,task_3,39,9,9.999999747378752e-05,-0.22737367451190948
2,task_3,39,10,9.999999747378752e-05,-0.22737367451190948
2,task_3,39,11,9.999999747378752e-05,-0.22737367451190948
2,task_3,39,12,9.999999747378752e-05,-0.22737367451190948
2,task_3,39,13,9.999999747378752e-05,-0.22737367451190948
2,task_3,39,14,9.999999747378752e-05,-0.22737367451190948
2,task_3,39,15,9.999999747378752e-05,-0.22737367451190948
2,task_3,39,16,9.999999747378752e-05,-0.22737367451190948
2,task_3,39,17,9.999999747378752e-05,-0.22737367451190948
2,task_3,39,18,9.999999747378752e-05,-0.22737367451190948
2,task_3,39,19,9.999999747378752e-05,-0.22737367451190948
2,task_3,39,20,9.999999747378752e-05,-0.22737367451190948
2,task_3,39,21,9.999999747378752e-05,-0.22737367451190948
2,task_3,39,22,9.999999747378752e-05,-0.22737367451190948
2,task_3,39,23,9.999999747378752e-05,-0.22737367451190948
2,task_3,39,24,9.999999747378752e-05,-0.22737367451190948
2,task_3,39,25,9.999999747378752e-05,-0.22737367451190948
2,task_3,39,26,9.999999747378752e-05,-0.22737367451190948
2,task_3,39,27,9.999999747378752e-05,-0.22737367451190948
2,task_3,39,28,9.999999747378752e-05,-0.22737367451190948
2,task_3,39,29,9.999999747378752e-05,-0.22737367451190948
2,task_3,40,0,0.0,1.0715619325637817
2,task_3,40,1,0.0,1.0715619325637817
2,task_3,40,2,0.0,1.0715619325637817
2,task_3,40,3,0.0,1.0715619325637817
2,task_3,40,4,0.0,1.0715619325637817
2,task_3,40,5,0.0,1.0715619325637817
2,task_3,40,6,0.0,1.0715619325637817
2,task_3,40,7,0.0,1.0715619325637817
2,task_3,40,8,0.0,1.0715619325637817
2,task_3,40,9,0.08413612842559814,0.9553044438362122
2,task_3,40,10,0.1887589693069458,0.8047041296958923
2,task_3,40,11,0.3060186505317688,0.634215235710144
2,task_3,40,12,0.43278902769088745,0.4631657004356384
2,task_3,40,13,0.5670405626296997,0.30440181493759155
2,task_3,40,14,0.6823704838752747,0.1730576753616333
2,task_3,40,15,0.8125124573707581,0.011989378370344639
2,task_3,40,16,0.9530640244483948,-0.1524019092321396
2,task_3,40,17,1.067773461341858,-0.3028159737586975
2,task_3,40,18,1.1906818151474,-0.4747861623764038
2,task_3,40,19,1.296682596206665,-0.6437812447547913
2,task_3,40,20,1.3776987791061401,-0.7662267684936523
2,task_3,40,21,1.4508798122406006,-0.8705756664276123
2,task_3,40,22,1.5087989568710327,-0.9486111402511597
2,task_3,40,23,1.5342581272125244,-0.982766330242157
2,task_3,40,24,1.5519931316375732,-1.009024739265442
2,task_3,40,25,1.567491054534912,-1.0299135446548462
2,task_3,40,26,1.57895827293396,-1.0463343858718872
2,task_3,40,27,1.586950421333313,-1.0559232234954834
2,task_3,40,28,1.597152590751648,-1.0669853687286377
2,task_3,40,29,2.7874135971069336,-2.6407454013824463
2,task_3,41,0,0.0,-0.5475853085517883
2,task_3,41,1,0.0,-0.5475853085517883
2,task_3,41,2,0.0,-0.5475853085517883
2,task_3,41,3,0.0,-0.5475853085517883
2,task_3,41,4,0.0,-0.5475853085517883
2,task_3,41,5,0.0,-0.5475853085517883
2,task_3,41,6,0.0,-0.5475853085517883
2,task_3,41,7,0.0,-0.5475853085517883
2,task_3,41,8,0.0,-0.5475853085517883
2,task_3,41,9,0.0,-0.5475853085517883
2,task_3,41,10,0.0,-0.5475853085517883
2,task_3,41,11,0.0,-0.5475853085517883
2,task_3,41,12,0.0,-0.5475853085517883
2,task_3,41,13,0.0,-0.5475853085517883
2,task_3,41,14,0.0,-0.5475853085517883
2,task_3,41,15,0.0,-0.5475853085517883
2,task_3,41,16,0.0,-0.5475853085517883
2,task_3,41,17,0.0,-0.5475853085517883
2,task_3,41,18,0.06798145920038223,-0.448191374540329
2,task_3,41,19,0.2007640302181244,-0.1982416957616806
2,task_3,41,20,0.30598998069763184,0.007464891765266657
2,task_3,41,21,0.42902451753616333,0.27480798959732056
2,task_3,41,22,0.5240651369094849,0.48039889335632324
2,task_3,41,23,0.6058148741722107,0.6556292176246643
2,task_3,41,24,0.6808623671531677,0.8150418996810913
2,task_3,41,25,0.7306119799613953,0.9227728247642517
2,task_3,41,26,0.7702158093452454,1.0071102380752563
2,task_3,41,27,0.7854601740837097,1.0398300886154175
2,task_3,41,28,0.801245927810669,1.0734943151474
2,task_3,41,29,2.282935380935669,4.2264180183410645
2,task_3,42,0,0.0,-0.40306776762008667
2,task_3,42,1,0.0,-0.40306776762008667
2,task_3,42,2,0.0,-0.40306776762008667
2,task_3,42,3,0.0,-0.40306776762008667
2,task_3,42,4,0.0,-0.40306776762008667
2,task_3,42,5,0.0,-0.40306776762008667
2,task_3,42,6,0.0,-0.40306776762008667
2,task_3,42,7,0.0,-0.40306776762008667
2,task_3,42,8,0.0,-0.40306776762008667
2,task_3,42,9,0.0,-0.40306776762008667
2,task_3,42,10,0.0,-0.40306776762008667
2,task_3,42,11,0.0,-0.40306776762008667
2,task_3,42,12,0.0,-0.40306776762008667
2,task_3,42,13,0.0,-0.40306776762008667
2,task_3,42,14,0.0,-0.40306776762008667
2,task_3,42,15,0.0,-0.40306776762008667
2,task_3,42,16,0.0,-0.40306776762008667
2,task_3,42,17,0.0,-0.40306776762008667
2,task_3,42,18,0.0,-0.40306776762008667
2,task_3,42,19,0.0,-0.40306776762008667
2,task_3,42,20,0.0,-0.40306776762008667
2,task_3,42,21,0.09346035867929459,-0.13510052859783173
2,task_3,42,22,0.17259502410888672,0.08462356775999069
2,task_3,42,23,0.2515988051891327,0.30868837237358093
2,task_3,42,24,0.32445618510246277,0.5063967704772949
2,task_3,42,25,0.3695871829986572,0.6212600469589233
2,task_3,42,26,0.40009042620658875,0.7005118727684021
2,task_3,42,27,0.425161212682724,0.7652953267097473
2,task_3,42,28,0.44070008397102356,0.8067100644111633
2,task_3,42,29,2.0071237087249756,4.806036472320557
2,task_3,43,0,0.0,0.782889187335968
2,task_3,43,1,0.0,0.782889187335968
2,task_3,43,2,0.0,0.782889187335968
2,task_3,43,3,0.0,0.782889187335968
2,task_3,43,4,0.0,0.782889187335968
2,task_3,43,5,0.0,0.782889187335968
2,task_3,43,6,0.0,0.782889187335968
2,task_3,43,7,0.0,0.782889187335968
2,task_3,43,8,0.0,0.782889187335968
2,task_3,43,9,0.0,0.782889187335968
2,task_3,43,10,0.0,0.782889187335968
2,task_3,43,11,0.0,0.782889187335968
2,task_3,43,12,0.04102858155965805,0.6692708730697632
2,task_3,43,13,0.13460837304592133,0.4198867678642273
2,task_3,43,14,0.22028890252113342,0.20747533440589905
2,task_3,43,15,0.27611225843429565,0.07829619944095612
2,task_3,43,16,0.327982097864151,-0.042942460626363754
2,task_3,43,17,0.3795657157897949,-0.14815081655979156
2,task_3,43,18,0.4262506067752838,-0.2448273003101349
2,task_3,43,19,0.47151222825050354,-0.3554770052433014
2,task_3,43,20,0.5093407034873962,-0.42948538064956665
2,task_3,43,21,0.551802933216095,-0.5123509764671326
2,task_3,43,22,0.5823715925216675,-0.5741077065467834
2,task_3,43,23,0.6094334721565247,-0.6294381618499756
2,task_3,43,24,0.6393969058990479,-0.6832275390625
2,task_3,43,25,0.656518816947937,-0.716393768787384
2,task_3,43,26,0.6753345131874084,-0.7535923719406128
2,task_3,43,27,0.6880775690078735,-0.7735204696655273
2,task_3,43,28,0.704245388507843,-0.8087078928947449
2,task_3,43,29,2.2913434505462646,-4.097376346588135
2,task_3,44,0,0.0,0.17471900582313538
2,task_3,44,1,0.0,0.17471900582313538
2,task_3,44,2,0.0,0.17471900582313538
2,task_3,44,3,0.0,0.17471900582313538
2,task_3,44,4,0.0,0.17471900582313538
2,task_3,44,5,0.0,0.17471900582313538
2,task_3,44,6,0.0,0.17471900582313538
2,task_3,44,7,0.0,0.17471900582313538
2,task_3,44,8,0.0,0.17471900582313538
2,task_3,44,9,0.0,0.17471900582313538
2,task_3,44,10,0.0,0.17471900582313538
2,task_3,44,11,0.0,0.17471900582313538
2,task_3,44,12,0.0,0.17471900582313538
2,task_3,44,13,0.0,0.17471900582313538
2,task_3,44,14,0.0,0.17471900582313538
2,task_3,44,15,0.0,0.17471900582313538
2,task_3,44,16,0.0,0.17471900582313538
2,task_3,44,17,0.0,0.17471900582313538
2,task_3,44,18,0.0,0.17471900582313538
2,task_3,44,19,0.0,0.17471900582313538
2,task_3,44,20,0.0,0.17471900582313538
2,task_3,44,21,0.0,0.17471900582313538
2,task_3,44,22,0.0,0.17471900582313538
2,task_3,44,23,0.0,0.17471900582313538
2,task_3,44,24,0.023229507729411125,0.19519108533859253
2,task_3,44,25,0.059789568185806274,0.18360143899917603
2,task_3,44,26,0.09785287827253342,0.22631019353866577
2,task_3,44,27,0.1462755799293518,0.2453516274690628
2,task_3,44,28,0.18620823323726654,0.24984320998191833
2,task_3,44,29,2.548987627029419,-5.293553829193115
2,task_3,45,0,0.0,-0.2239302396774292
2,task_3,45,1,0.0,-0.2239302396774292
2,task_3,45,2,0.0,-0.2239302396774292
2,task_3,45,3,0.0,-0.2239302396774292
2,task_3,45,4,0.0,-0.2239302396774292
2,task_3,45,5,0.0,-0.2239302396774292
2,task_3,45,6,0.0,-0.2239302396774292
2,task_3,45,7,0.0,-0.2239302396774292
2,task_3,45,8,0.0,-0.2239302396774292
2,task_3,45,9,0.0,-0.2239302396774292
2,task_3,45,10,0.0,-0.2239302396774292
2,task_3,45,11,0.0,-0.2239302396774292
2,task_3,45,12,0.0,-0.2239302396774292
2,task_3,45,13,0.0,-0.2239302396774292
2,task_3,45,14,0.0,-0.2239302396774292
2,task_3,45,15,0.0,-0.2239302396774292
2,task_3,45,16,0.0,-0.2239302396774292
2,task_3,45,17,0.0,-0.2239302396774292
2,task_3,45,18,0.0,-0.2239302396774292
2,task_3,45,19,0.0,-0.2239302396774292
2,task_3,45,20,0.0,-0.2239302396774292
2,task_3,45,21,0.0,-0.2239302396774292
2,task_3,45,22,0.0023881345987319946,-0.21858593821525574
2,task_3,45,23,0.03648609668016434,-0.14258281886577606
2,task_3,45,24,0.07608446478843689,-0.05847644433379173
2,task_3,45,25,0.0930323600769043,-0.02155119925737381
2,task_3,45,26,0.10683570802211761,0.009116188623011112
2,task_3,45,27,0.1181994080543518,0.03488016873598099
2,task_3,45,28,0.12517105042934418,0.04909360408782959
2,task_3,45,29,1.8879979848861694,5.274571418762207
2,task_3,46,0,0.09937500208616257,1.4325031042099
2,task_3,46,1,0.1287245899438858,1.2624578475952148
2,task_3,46,2,0.15208731591701508,1.1396763324737549
2,task_3,46,3,0.1866384744644165,0.9457347393035889
2,task_3,46,4,0.21512749791145325,0.7886964678764343
2,task_3,46,5,0.24614916741847992,0.6181656122207642
2,task_3,46,6,0.2796763777732849,0.4582628607749939
2,task_3,46,7,0.3084162473678589,0.33923792839050293
2,task_3,46,8,0.3313252925872803,0.24846892058849335
2,task_3,46,9,0.349386990070343,0.18185807764530182
2,task_3,46,10,0.36305302381515503,0.14481395483016968
2,task_3,46,11,0.37434136867523193,0.10691448301076889
2,task_3,46,12,0.3882046639919281,0.04711371660232544
2,task_3,46,13,0.4005967378616333,0.009336813353002071
2,task_3,46,14,0.41020631790161133,-0.03143469989299774
2,task_3,46,15,0.41898113489151,-0.06159120425581932
2,task_3,46,16,0.42670732736587524,-0.07727110385894775
2,task_3,46,17,0.4335392117500305,-0.09836690127849579
2,task_3,46,18,0.4438652992248535,-0.15147072076797485
2,task_3,46,19,0.45428699254989624,-0.18577833473682404
2,task_3,46,20,0.46038883924484253,-0.19623474776744843
2,task_3,46,21,0.4677806496620178,-0.2235165685415268
2,task_3,46,22,0.47278839349746704,-0.24436064064502716
2,task_3,46,23,0.47947531938552856,-0.271759569644928
2,task_3,46,24,0.4842144846916199,-0.2856709957122803
2,task_3,46,25,0.4895104765892029,-0.3001875579357147
2,task_3,46,26,0.49747759103775024,-0.3196816146373749
2,task_3,46,27,0.50312340259552,-0.3396870493888855
2,task_3,46,28,0.5115833282470703,-0.36695370078086853
2,task_3,46,29,1.8417212963104248,-4.569267272949219
2,task_3,47,0,0.0,-0.6770353317260742
2,task_3,47,1,0.03026360273361206,-0.6268711686134338
2,task_3,47,2,0.05865822732448578,-0.5710630416870117
2,task_3,47,3,0.08364379405975342,-0.5301822423934937
2,task_3,47,4,0.11148685216903687,-0.48182037472724915
2,task_3,47,5,0.1217503547668457,-0.4670122563838959
2,task_3,47,6,0.127259761095047,-0.45555245876312256
2,task_3,47,7,0.13163620233535767,-0.44590890407562256
2,task_3,47,8,0.13686221837997437,-0.43808794021606445
2,task_3,47,9,0.14238369464874268,-0.4304201006889343
2,task_3,47,10,0.1472533643245697,-0.422458291053772
2,task_3,47,11,0.15080714225769043,-0.4149850904941559
2,task_3,47,12,0.1566610336303711,-0.40795326232910156
2,task_3,47,13,0.16400384902954102,-0.3994598090648651
2,task_3,47,14,0.17051184177398682,-0.39227357506752014
2,task_3,47,15,0.18222200870513916,-0.3689176142215729
2,task_3,47,16,0.1935092806816101,-0.34380581974983215
2,task_3,47,17,0.22417256236076355,-0.2879851460456848
2,task_3,47,18,0.25896012783050537,-0.23089177906513214
2,task_3,47,19,0.3039814233779907,-0.1564057320356369
2,task_3,47,20,0.3540508449077606,-0.07583393901586533
2,task_3,47,21,0.4264899790287018,0.04067312926054001
2,task_3,47,22,0.48084941506385803,0.11958328634500504
2,task_3,47,23,0.5763552188873291,0.2551524341106415
2,task_3,47,24,0.6623623371124268,0.385444700717926
2,task_3,47,25,0.7667657136917114,0.5455498695373535
2,task_3,47,26,0.8534466028213501,0.6755977869033813
2,task_3,47,27,0.9696838855743408,0.856206476688385
2,task_3,47,28,1.0780240297317505,1.0257660150527954
2,task_3,47,29,3.284485340118408,4.720949649810791
2,task_3,48,0,0.0,0.11368683725595474
2,task_3,48,1,0.0,0.11368683725595474
2,task_3,48,2,0.0,0.11368683725595474
2,task_3,48,3,0.0,0.11368683725595474
2,task_3,48,4,0.0,0.11368683725595474
2,task_3,48,5,0.0,0.11368683725595474
2,task_3,48,6,0.0,0.11368683725595474
2,task_3,48,7,0.0,0.11368683725595474
2,task_3,48,8,0.0,0.11368683725595474
2,task_3,48,9,0.0,0.11368683725595474
2,task_3,48,10,0.013788372278213501,0.11368683725595474
2,task_3,48,11,0.030010104179382324,0.11368683725595474
2,task_3,48,12,0.05432489514350891,0.11368683725595474
2,task_3,48,13,0.08035585284233093,0.11368683725595474
2,task_3,48,14,0.09933805465698242,0.11368683725595474
2,task_3,48,15,0.12170261144638062,0.11368683725595474
2,task_3,48,16,0.13892579078674316,0.11368683725595474
2,task_3,48,17,0.15920504927635193,0.11368683725595474
2,task_3,48,18,0.177115797996521,0.11368683725595474
2,task_3,48,19,0.19031447172164917,0.11368683725595474
2,task_3,48,20,0.20660904049873352,0.11368683725595474
2,task_3,48,21,0.22482869029045105,0.11368683725595474
2,task_3,48,22,0.23512884974479675,0.11368683725595474
2,task_3,48,23,0.24272403120994568,0.11368683725595474
2,task_3,48,24,0.2512947618961334,0.11368683725595474
2,task_3,48,25,0.25999581813812256,0.11368683725595474
2,task_3,48,26,0.2683103680610657,0.11368683725595474
2,task_3,48,27,0.2766895890235901,0.11368683725595474
2,task_3,48,28,0.28745371103286743,0.11368683725595474
2,task_3,48,29,0.32279542088508606,0.11368683725595474
2,task_3,49,0,9.999999747378752e-05,-0.22737367451190948
2,task_3,49,1,9.999999747378752e-05,-0.22737367451190948
2,task_3,49,2,9.999999747378752e-05,-0.22737367451190948
2,task_3,49,3,9.999999747378752e-05,-0.22737367451190948
2,task_3,49,4,9.999999747378752e-05,-0.22737367451190948
2,task_3,49,5,9.999999747378752e-05,-0.22737367451190948
2,task_3,49,6,9.999999747378752e-05,-0.22737367451190948
2,task_3,49,7,9.999999747378752e-05,-0.22737367451190948
2,task_3,49,8,9.999999747378752e-05,-0.22737367451190948
2,task_3,49,9,9.999999747378752e-05,-0.22737367451190948
2,task_3,49,10,9.999999747378752e-05,-0.22737367451190948
2,task_3,49,11,9.999999747378752e-05,-0.22737367451190948
2,task_3,49,12,9.999999747378752e-05,-0.22737367451190948
2,task_3,49,13,9.999999747378752e-05,-0.22737367451190948
2,task_3,49,14,9.999999747378752e-05,-0.22737367451190948
2,task_3,49,15,9.999999747378752e-05,-0.22737367451190948
2,task_3,49,16,9.999999747378752e-05,-0.22737367451190948
2,task_3,49,17,9.999999747378752e-05,-0.22737367451190948
2,task_3,49,18,9.999999747378752e-05,-0.22737367451190948
2,task_3,49,19,9.999999747378752e-05,-0.22737367451190948
2,task_3,49,20,9.999999747378752e-05,-0.22737367451190948
2,task_3,49,21,9.999999747378752e-05,-0.22737367451190948
2,task_3,49,22,9.999999747378752e-05,-0.22737367451190948
2,task_3,49,23,9.999999747378752e-05,-0.22737367451190948
2,task_3,49,24,9.999999747378752e-05,-0.22737367451190948
2,task_3,49,25,9.999999747378752e-05,-0.22737367451190948
2,task_3,49,26,9.999999747378752e-05,-0.22737367451190948
2,task_3,49,27,9.999999747378752e-05,-0.22737367451190948
2,task_3,49,28,9.999999747378752e-05,-0.22737367451190948
2,task_3,49,29,9.999999747378752e-05,-0.22737367451190948
2,task_3,50,0,0.0,0.028421709313988686
2,task_3,50,1,0.0,0.028421709313988686
2,task_3,50,2,0.0,0.028421709313988686
2,task_3,50,3,0.0,0.028421709313988686
2,task_3,50,4,0.0,0.028421709313988686
2,task_3,50,5,0.0,0.028421709313988686
2,task_3,50,6,0.0,0.028421709313988686
2,task_3,50,7,0.0,0.028421709313988686
2,task_3,50,8,0.0,0.028421709313988686
2,task_3,50,9,0.0,0.028421709313988686
2,task_3,50,10,0.01636156439781189,0.028421709313988686
2,task_3,50,11,0.05010247230529785,0.028421709313988686
2,task_3,50,12,0.08187487721443176,0.028421709313988686
2,task_3,50,13,0.1062694787979126,0.028421709313988686
2,task_3,50,14,0.12213602662086487,0.028421709313988686
2,task_3,50,15,0.14379265904426575,0.028421709313988686
2,task_3,50,16,0.16364836692810059,0.028421709313988686
2,task_3,50,17,0.1788753867149353,0.028421709313988686
2,task_3,50,18,0.18570488691329956,0.028421709313988686
2,task_3,50,19,0.19651159644126892,0.028421709313988686
2,task_3,50,20,0.20583924651145935,0.028421709313988686
2,task_3,50,21,0.21529525518417358,0.028421709313988686
2,task_3,50,22,0.22420328855514526,0.028421709313988686
2,task_3,50,23,0.22783252596855164,0.028421709313988686
2,task_3,50,24,0.2348766028881073,0.028421709313988686
2,task_3,50,25,0.24154356122016907,0.028421709313988686
2,task_3,50,26,0.24934712052345276,0.028421709313988686
2,task_3,50,27,0.2573193609714508,0.028421709313988686
2,task_3,50,28,0.2645104229450226,0.028421709313988686
2,task_3,50,29,0.30123472213745117,0.028421709313988686
2,task_3,51,0,0.35854730010032654,-0.5258907675743103
2,task_3,51,1,0.3640771210193634,-0.5183925628662109
2,task_3,51,2,0.3725472092628479,-0.50920569896698
2,task_3,51,3,0.38091328740119934,-0.4965932071208954
2,task_3,51,4,0.3892889618873596,-0.48318442702293396
2,task_3,51,5,0.4045574963092804,-0.4657505750656128
2,task_3,51,6,0.4274098575115204,-0.43606024980545044
2,task_3,51,7,0.44512423872947693,-0.41112303733825684
2,task_3,51,8,0.46477892994880676,-0.38244301080703735
2,task_3,51,9,0.48777058720588684,-0.34854212403297424
2,task_3,51,10,0.5139102935791016,-0.311555415391922
2,task_3,51,11,0.5388734340667725,-0.26850786805152893
2,task_3,51,12,0.5645816326141357,-0.22037120163440704
2,task_3,51,13,0.5835644602775574,-0.19101901352405548
2,task_3,51,14,0.6034604907035828,-0.15285241603851318
2,task_3,51,15,0.6169704794883728,-0.12826579809188843
2,task_3,51,16,0.6365101933479309,-0.09788655489683151
2,task_3,51,17,0.6565650105476379,-0.0599338635802269
2,task_3,51,18,0.6719522476196289,-0.03449549153447151
2,task_3,51,19,0.6855868101119995,-0.013965766876935959
2,task_3,51,20,0.7033234238624573,0.014078360982239246
2,task_3,51,21,0.7169278264045715,0.03965812921524048
2,task_3,51,22,0.7292070388793945,0.06469599902629852
2,task_3,51,23,0.7393093109130859,0.08201977610588074
2,task_3,51,24,0.7479940056800842,0.09930527210235596
2,task_3,51,25,0.7560178637504578,0.11377403140068054
2,task_3,51,26,0.7612603902816772,0.12352947890758514
2,task_3,51,27,0.7722309827804565,0.1430504024028778
2,task_3,51,28,0.8194028735160828,0.23425085842609406
2,task_3,51,29,3.6532628536224365,5.1416754722595215
2,task_3,52,0,0.0,-0.7212359309196472
2,task_3,52,1,0.0,-0.7212359309196472
2,task_3,52,2,0.0,-0.7212359309196472
2,task_3,52,3,0.0,-0.7212359309196472
2,task_3,52,4,0.0,-0.7212359309196472
2,task_3,52,5,0.0,-0.7212359309196472
2,task_3,52,6,0.0,-0.7212359309196472
2,task_3,52,7,0.0,-0.7212359309196472
2,task_3,52,8,0.0,-0.7212359309196472
2,task_3,52,9,0.0,-0.7212359309196472
2,task_3,52,10,0.0,-0.7212359309196472
2,task_3,52,11,0.0,-0.7212359309196472
2,task_3,52,12,0.0,-0.7212359309196472
2,task_3,52,13,0.0,-0.7212359309196472
2,task_3,52,14,0.0,-0.7212359309196472
2,task_3,52,15,0.0,-0.7212359309196472
2,task_3,52,16,0.0,-0.7212359309196472
2,task_3,52,17,0.002424180507659912,-0.6980645656585693
2,task_3,52,18,0.048940837383270264,-0.24665364623069763
2,task_3,52,19,0.09333784878253937,0.1662706881761551
2,task_3,52,20,0.13201196491718292,0.49650007486343384
2,task_3,52,21,0.17307408154010773,0.8141623735427856
2,task_3,52,22,0.2030385285615921,1.0353323221206665
2,task_3,52,23,0.22982065379619598,1.2151732444763184
2,task_3,52,24,0.2447260618209839,1.3124828338623047
2,task_3,52,25,0.25171515345573425,1.357259750366211
2,task_3,52,26,0.2569864094257355,1.3918565511703491
2,task_3,52,27,0.2611958980560303,1.417135238647461
2,task_3,52,28,0.2661001682281494,1.4453849792480469
2,task_3,52,29,1.4409950971603394,2.5541675090789795
2,task_3,53,0,0.0,0.2941948473453522
2,task_3,53,1,0.0,0.2941948473453522
2,task_3,53,2,0.0,0.2941948473453522
2,task_3,53,3,0.0,0.2941948473453522
2,task_3,53,4,0.0,0.2941948473453522
2,task_3,53,5,0.0,0.2941948473453522
2,task_3,53,6,0.0,0.2941948473453522
2,task_3,53,7,0.0,0.2941948473453522
2,task_3,53,8,0.0,0.2941948473453522
2,task_3,53,9,0.0,0.2941948473453522
2,task_3,53,10,0.0,0.2941948473453522
2,task_3,53,11,0.0,0.2941948473453522
2,task_3,53,12,0.0,0.2941948473453522
2,task_3,53,13,0.0,0.2941948473453522
2,task_3,53,14,0.0,0.2941948473453522
2,task_3,53,15,0.0,0.2941948473453522
2,task_3,53,16,0.0,0.2941948473453522
2,task_3,53,17,0.0,0.2941948473453522
2,task_3,53,18,0.0,0.2941948473453522
2,task_3,53,19,0.0,0.2941948473453522
2,task_3,53,20,0.018509376794099808,0.23560239374637604
2,task_3,53,21,0.05432768538594246,0.12299925088882446
2,task_3,53,22,0.07805038243532181,0.06057358160614967
2,task_3,53,23,0.11306136846542358,-0.04458468034863472
2,task_3,53,24,0.13397818803787231,-0.11304207891225815
2,task_3,53,25,0.14903773367404938,-0.17747613787651062
2,task_3,53,26,0.16002418100833893,-0.20641452074050903
2,task_3,53,27,0.17356030642986298,-0.26241564750671387
2,task_3,53,28,0.18685601651668549,-0.30859723687171936
2,task_3,53,29,2.9579219818115234,-5.190540790557861
2,task_3,54,0,9.999999747378752e-05,0.028421709313988686
2,task_3,54,1,9.999999747378752e-05,0.028421709313988686
2,task_3,54,2,9.999999747378752e-05,0.028421709313988686
2,task_3,54,3,9.999999747378752e-05,0.028421709313988686
2,task_3,54,4,9.999999747378752e-05,0.028421709313988686
2,task_3,54,5,9.999999747378752e-05,0.028421709313988686
2,task_3,54,6,9.999999747378752e-05,0.028421709313988686
2,task_3,54,7,9.999999747378752e-05,0.028421709313988686
2,task_3,54,8,9.999999747378752e-05,0.028421709313988686
2,task_3,54,9,9.999999747378752e-05,0.028421709313988686
2,task_3,54,10,9.999999747378752e-05,0.028421709313988686
2,task_3,54,11,9.999999747378752e-05,0.028421709313988686
2,task_3,54,12,9.999999747378752e-05,0.028421709313988686
2,task_3,54,13,9.999999747378752e-05,0.028421709313988686
2,task_3,54,14,9.999999747378752e-05,0.028421709313988686
2,task_3,54,15,9.999999747378752e-05,0.028421709313988686
2,task_3,54,16,9.999999747378752e-05,0.028421709313988686
2,task_3,54,17,9.999999747378752e-05,0.028421709313988686
2,task_3,54,18,9.999999747378752e-05,0.028421709313988686
2,task_3,54,19,9.999999747378752e-05,0.028421709313988686
2,task_3,54,20,9.999999747378752e-05,0.028421709313988686
2,task_3,54,21,9.999999747378752e-05,0.028421709313988686
2,task_3,54,22,9.999999747378752e-05,0.028421709313988686
2,task_3,54,23,9.999999747378752e-05,0.028421709313988686
2,task_3,54,24,9.999999747378752e-05,0.028421709313988686
2,task_3,54,25,9.999999747378752e-05,0.028421709313988686
2,task_3,54,26,9.999999747378752e-05,0.028421709313988686
2,task_3,54,27,9.999999747378752e-05,0.028421709313988686
2,task_3,54,28,9.999999747378752e-05,0.028421709313988686
2,task_3,54,29,9.999999747378752e-05,0.028421709313988686
2,task_3,55,0,0.48889175057411194,1.2291388511657715
2,task_3,55,1,0.5538520216941833,-1.6534284353256226
2,task_3,55,2,0.6319591403007507,-2.9318721294403076
2,task_3,55,3,0.6896767616271973,-2.684617519378662
2,task_3,55,4,0.7486786842346191,-2.461826801300049
2,task_3,55,5,0.7973580956459045,0.3401033282279968
2,task_3,55,6,0.838983952999115,0.3401033282279968
2,task_3,55,7,0.8542901873588562,0.3401033282279968
2,task_3,55,8,0.8598422408103943,0.3401033282279968
2,task_3,55,9,0.8639581203460693,0.3401033282279968
2,task_3,55,10,0.8680422306060791,0.3401033282279968
2,task_3,55,11,0.8718950748443604,0.3401033282279968
2,task_3,55,12,0.8760209083557129,0.3401033282279968
2,task_3,55,13,0.8797760605812073,0.3401033282279968
2,task_3,55,14,0.883721649646759,0.3401033282279968
2,task_3,55,15,0.8878938555717468,0.3401033282279968
2,task_3,55,16,0.8924511075019836,0.3401033282279968
2,task_3,55,17,0.9005962014198303,0.3401033282279968
2,task_3,55,18,0.9083078503608704,0.3401033282279968
2,task_3,55,19,0.9136183261871338,0.3401033282279968
2,task_3,55,20,0.9205445051193237,0.3401033282279968
2,task_3,55,21,0.9259005784988403,0.3401033282279968
2,task_3,55,22,0.9320347905158997,0.3401033282279968
2,task_3,55,23,0.9374788403511047,0.3401033282279968
2,task_3,55,24,0.9425703287124634,0.3401033282279968
2,task_3,55,25,0.9473402500152588,0.3401033282279968
2,task_3,55,26,0.9512298703193665,0.3401033282279968
2,task_3,55,27,0.9568616151809692,0.3401033282279968
2,task_3,55,28,0.965103030204773,0.3401033282279968
2,task_3,55,29,0.9859136343002319,0.3401033282279968
2,task_3,56,0,0.0,0.7099340558052063
2,task_3,56,1,0.0,0.7099340558052063
2,task_3,56,2,0.0,0.7099340558052063
2,task_3,56,3,0.0,0.7099340558052063
2,task_3,56,4,0.0,0.7099340558052063
2,task_3,56,5,0.0,0.7099340558052063
2,task_3,56,6,0.0,0.7099340558052063
2,task_3,56,7,0.0,0.7099340558052063
2,task_3,56,8,0.0,0.7099340558052063
2,task_3,56,9,0.0,0.7099340558052063
2,task_3,56,10,0.0,0.7099340558052063
2,task_3,56,11,0.0,0.7099340558052063
2,task_3,56,12,0.015121892094612122,0.6632040739059448
2,task_3,56,13,0.056842610239982605,0.5305256247520447
2,task_3,56,14,0.09833484888076782,0.3923104405403137
2,task_3,56,15,0.13002371788024902,0.277786523103714
2,task_3,56,16,0.17292001843452454,0.12275129556655884
2,task_3,56,17,0.20640352368354797,0.0029170496854931116
2,task_3,56,18,0.2409088909626007,-0.12337129563093185
2,task_3,56,19,0.2740853726863861,-0.24376001954078674
2,task_3,56,20,0.3083024322986603,-0.3627457022666931
2,task_3,56,21,0.3305599093437195,-0.4420456886291504
2,task_3,56,22,0.35671359300613403,-0.537656307220459
2,task_3,56,23,0.38785520195961,-0.6527961492538452
2,task_3,56,24,0.4032098054885864,-0.7099906802177429
2,task_3,56,25,0.4146702289581299,-0.7516030669212341
2,task_3,56,26,0.42642486095428467,-0.7929110527038574
2,task_3,56,27,0.4354932904243469,-0.827200710773468
2,task_3,56,28,0.44260427355766296,-0.8499812483787537
2,task_3,56,29,2.247708797454834,-4.214641571044922
2,task_3,57,0,0.0,0.0
2,task_3,57,1,0.0013473555445671082,0.0
2,task_3,57,2,0.005082808434963226,0.0
2,task_3,57,3,0.00972999632358551,0.0
2,task_3,57,4,0.013738848268985748,0.0
2,task_3,57,5,0.01432163268327713,0.0
2,task_3,57,6,0.018817313015460968,0.0
2,task_3,57,7,0.02615245245397091,0.0
2,task_3,57,8,0.02615245245397091,0.0
2,task_3,57,9,0.02615245245397091,0.0
2,task_3,57,10,0.02615245245397091,0.0
2,task_3,57,11,0.02615245245397091,0.0
2,task_3,57,12,0.02615245245397091,0.0
2,task_3,57,13,0.02615245245397091,0.0
2,task_3,57,14,0.02615245245397091,0.0
2,task_3,57,15,0.02615245245397091,0.0
2,task_3,57,16,0.02615245245397091,0.0
2,task_3,57,17,0.02615245245397091,0.0
2,task_3,57,18,0.02615245245397091,0.0
2,task_3,57,19,0.02615245245397091,0.0
2,task_3,57,20,0.02615245245397091,0.0
2,task_3,57,21,0.02615245245397091,0.0
2,task_3,57,22,0.02615245245397091,0.0
2,task_3,57,23,0.02615245245397091,0.0
2,task_3,57,24,0.02615245245397091,0.0
2,task_3,57,25,0.02615245245397091,0.0
2,task_3,57,26,0.02615245245397091,0.0
2,task_3,57,27,0.02615245245397091,0.0
2,task_3,57,28,0.02615245245397091,0.0
2,task_3,57,29,0.02615245245397091,0.0
2,task_3,58,0,0.0,-0.4318503141403198
2,task_3,58,1,0.0,-0.4318503141403198
2,task_3,58,2,0.0,-0.4318503141403198
2,task_3,58,3,0.0,-0.4318503141403198
2,task_3,58,4,0.0,-0.4318503141403198
2,task_3,58,5,0.0,-0.4318503141403198
2,task_3,58,6,0.0,-0.4318503141403198
2,task_3,58,7,0.0,-0.4318503141403198
2,task_3,58,8,0.0,-0.4318503141403198
2,task_3,58,9,0.0,-0.4318503141403198
2,task_3,58,10,0.0,-0.4318503141403198
2,task_3,58,11,0.0,-0.4318503141403198
2,task_3,58,12,0.0,-0.4318503141403198
2,task_3,58,13,0.005467528477311134,-0.4245623052120209
2,task_3,58,14,0.033829204738140106,-0.37860527634620667
2,task_3,58,15,0.07666054368019104,-0.30484846234321594
2,task_3,58,16,0.11764725297689438,-0.22880658507347107
2,task_3,58,17,0.15054693818092346,-0.1693107783794403
2,task_3,58,18,0.18960613012313843,-0.10012652724981308
2,task_3,58,19,0.22750835120677948,-0.03014490380883217
2,task_3,58,20,0.27464985847473145,0.05407508462667465
2,task_3,58,21,0.3131865859031677,0.11979979276657104
2,task_3,58,22,0.3418678641319275,0.1662958264350891
2,task_3,58,23,0.38272005319595337,0.2308441549539566
2,task_3,58,24,0.41886311769485474,0.290467232465744
2,task_3,58,25,0.4322811961174011,0.3128313720226288
2,task_3,58,26,0.43992292881011963,0.3243006467819214
2,task_3,58,27,0.4509875774383545,0.3449966013431549
2,task_3,58,28,0.4614846110343933,0.3640393316745758
2,task_3,58,29,3.3560359477996826,5.042808532714844
2,task_3,59,0,0.0,0.1732860952615738
2,task_3,59,1,0.0,0.1732860952615738
2,task_3,59,2,0.0,0.1732860952615738
2,task_3,59,3,0.0,0.1732860952615738
2,task_3,59,4,0.0,0.1732860952615738
2,task_3,59,5,0.0,0.1732860952615738
2,task_3,59,6,0.0,0.1732860952615738
2,task_3,59,7,0.0,0.1732860952615738
2,task_3,59,8,0.0,0.1732860952615738
2,task_3,59,9,0.0,0.1732860952615738
2,task_3,59,10,0.0,0.1732860952615738
2,task_3,59,11,0.0,0.1732860952615738
2,task_3,59,12,0.0,0.1732860952615738
2,task_3,59,13,0.0,0.1732860952615738
2,task_3,59,14,0.0,0.1732860952615738
2,task_3,59,15,0.0,0.1732860952615738
2,task_3,59,16,0.0,0.1732860952615738
2,task_3,59,17,0.0,0.1732860952615738
2,task_3,59,18,0.0,0.1732860952615738
2,task_3,59,19,0.0,0.1732860952615738
2,task_3,59,20,0.0,0.1732860952615738
2,task_3,59,21,0.0,0.1732860952615738
2,task_3,59,22,0.0,0.1732860952615738
2,task_3,59,23,0.0,0.1732860952615738
2,task_3,59,24,0.0,0.1732860952615738
2,task_3,59,25,0.0,0.1732860952615738
2,task_3,59,26,0.008584253489971161,0.15897470712661743
2,task_3,59,27,0.041751258075237274,0.2624909281730652
2,task_3,59,28,0.07721901684999466,0.3639064133167267
2,task_3,59,29,2.426607608795166,-5.290809631347656
2,task_3,60,0,9.999999747378752e-05,0.0
2,task_3,60,1,9.999999747378752e-05,0.0
2,task_3,60,2,9.999999747378752e-05,0.0
2,task_3,60,3,9.999999747378752e-05,0.0
2,task_3,60,4,9.999999747378752e-05,0.0
2,task_3,60,5,9.999999747378752e-05,0.0
2,task_3,60,6,9.999999747378752e-05,0.0
2,task_3,60,7,9.999999747378752e-05,0.0
2,task_3,60,8,9.999999747378752e-05,0.0
2,task_3,60,9,9.999999747378752e-05,0.0
2,task_3,60,10,9.999999747378752e-05,0.0
2,task_3,60,11,9.999999747378752e-05,0.0
2,task_3,60,12,9.999999747378752e-05,0.0
2,task_3,60,13,9.999999747378752e-05,0.0
2,task_3,60,14,9.999999747378752e-05,0.0
2,task_3,60,15,9.999999747378752e-05,0.0
2,task_3,60,16,9.999999747378752e-05,0.0
2,task_3,60,17,9.999999747378752e-05,0.0
2,task_3,60,18,9.999999747378752e-05,0.0
2,task_3,60,19,9.999999747378752e-05,0.0
2,task_3,60,20,9.999999747378752e-05,0.0
2,task_3,60,21,9.999999747378752e-05,0.0
2,task_3,60,22,9.999999747378752e-05,0.0
2,task_3,60,23,9.999999747378752e-05,0.0
2,task_3,60,24,9.999999747378752e-05,0.0
2,task_3,60,25,9.999999747378752e-05,0.0
2,task_3,60,26,9.999999747378752e-05,0.0
2,task_3,60,27,9.999999747378752e-05,0.0
2,task_3,60,28,9.999999747378752e-05,0.0
2,task_3,60,29,9.999999747378752e-05,0.0
2,task_3,61,0,0.07379652559757233,1.2396824359893799
2,task_3,61,1,0.0993221253156662,1.1453096866607666
2,task_3,61,2,0.12579652667045593,1.0058716535568237
2,task_3,61,3,0.15748825669288635,0.7889195084571838
2,task_3,61,4,0.1826271414756775,0.5718251466751099
2,task_3,61,5,0.19648069143295288,0.43637457489967346
2,task_3,61,6,0.2130221426486969,0.2733977437019348
2,task_3,61,7,0.22029706835746765,0.21887843310832977
2,task_3,61,8,0.22619321942329407,0.1644071489572525
2,task_3,61,9,0.23089227080345154,0.1342202126979828
2,task_3,61,10,0.23473569750785828,0.10758113861083984
2,task_3,61,11,0.23857292532920837,0.08522050082683563
2,task_3,61,12,0.24103698134422302,0.0707785114645958
2,task_3,61,13,0.24415990710258484,0.051544174551963806
2,task_3,61,14,0.24620258808135986,0.03941063955426216
2,task_3,61,15,0.24810612201690674,0.027552742511034012
2,task_3,61,16,0.25025674700737,0.015668664127588272
2,task_3,61,17,0.25238412618637085,0.0022251883056014776
2,task_3,61,18,0.2545122504234314,-0.009773756377398968
2,task_3,61,19,0.2571292519569397,-0.027173412963747978
2,task_3,61,20,0.26094281673431396,-0.05095222219824791
2,task_3,61,21,0.26374906301498413,-0.06765273958444595
2,task_3,61,22,0.2664659023284912,-0.08572761714458466
2,task_3,61,23,0.26950159668922424,-0.10504575073719025
2,task_3,61,24,0.2733120620250702,-0.13126376271247864
2,task_3,61,25,0.27926260232925415,-0.1714245080947876
2,task_3,61,26,0.28734999895095825,-0.22612902522087097
2,task_3,61,27,0.2952946424484253,-0.28250831365585327
2,task_3,61,28,0.3082602620124817,-0.3780575096607208
2,task_3,61,29,1.5764955282211304,-4.84316349029541
2,task_3,62,0,0.08330194652080536,5.294651031494141
2,task_3,62,1,0.16451571881771088,-0.18257448077201843
2,task_3,62,2,0.2253866344690323,-0.18257448077201843
2,task_3,62,3,0.28618526458740234,-0.18257448077201843
2,task_3,62,4,0.3378540873527527,-0.18257448077201843
2,task_3,62,5,0.38845860958099365,-0.18257448077201843
2,task_3,62,6,0.42438262701034546,-0.18257448077201843
2,task_3,62,7,0.4534075856208801,-0.18257448077201843
2,task_3,62,8,0.47647321224212646,-0.18257448077201843
2,task_3,62,9,0.4913926124572754,-0.18257448077201843
2,task_3,62,10,0.5020713210105896,-0.18257448077201843
2,task_3,62,11,0.509945809841156,-0.18257448077201843
2,task_3,62,12,0.5134553909301758,-0.18257448077201843
2,task_3,62,13,0.5161060094833374,-0.18257448077201843
2,task_3,62,14,0.5188581943511963,-0.18257448077201843
2,task_3,62,15,0.5208687782287598,-0.18257448077201843
2,task_3,62,16,0.5246615409851074,-0.18257448077201843
2,task_3,62,17,0.5277038812637329,-0.18257448077201843
2,task_3,62,18,0.5309717655181885,-0.18257448077201843
2,task_3,62,19,0.5367323756217957,-0.18257448077201843
2,task_3,62,20,0.5444995164871216,-0.18257448077201843
2,task_3,62,21,0.5612999200820923,-0.18257448077201843
2,task_3,62,22,0.5823045372962952,-0.18257448077201843
2,task_3,62,23,0.6086884140968323,-0.18257448077201843
2,task_3,62,24,0.6480224132537842,-0.18257448077201843
2,task_3,62,25,0.693516731262207,-0.18257448077201843
2,task_3,62,26,0.7375816106796265,-0.18257448077201843
2,task_3,62,27,0.7876695990562439,-0.18257448077201843
2,task_3,62,28,0.845979630947113,-0.18257448077201843
2,task_3,62,29,0.9148520231246948,-0.18257448077201843
2,task_3,63,0,0.0,-0.44360125064849854
2,task_3,63,1,0.0,-0.44360125064849854
2,task_3,63,2,0.0,-0.44360125064849854
2,task_3,63,3,0.0,-0.44360125064849854
2,task_3,63,4,0.0,-0.44360125064849854
2,task_3,63,5,0.0,-0.44360125064849854
2,task_3,63,6,0.0,-0.44360125064849854
2,task_3,63,7,0.0,-0.44360125064849854
2,task_3,63,8,0.0,-0.44360125064849854
2,task_3,63,9,0.0,-0.44360125064849854
2,task_3,63,10,0.0,-0.44360125064849854
2,task_3,63,11,0.0,-0.44360125064849854
2,task_3,63,12,0.0,-0.44360125064849854
2,task_3,63,13,0.0,-0.44360125064849854
2,task_3,63,14,0.0,-0.44360125064849854
2,task_3,63,15,0.0,-0.44360125064849854
2,task_3,63,16,0.0,-0.44360125064849854
2,task_3,63,17,0.0,-0.44360125064849854
2,task_3,63,18,0.0,-0.44360125064849854
2,task_3,63,19,0.013425379991531372,-0.4117303490638733
2,task_3,63,20,0.09330249577760696,-0.224374920129776
2,task_3,63,21,0.17639893293380737,0.006627195980399847
2,task_3,63,22,0.24773429334163666,0.21979168057441711
2,task_3,63,23,0.3121454417705536,0.4301607310771942
2,task_3,63,24,0.36212390661239624,0.5890678763389587
2,task_3,63,25,0.39458924531936646,0.6992274522781372
2,task_3,63,26,0.419175922870636,0.7734569311141968
2,task_3,63,27,0.43141818046569824,0.8103411793708801
2,task_3,63,28,0.44363439083099365,0.8451401591300964
2,task_3,63,29,1.8328748941421509,4.690715312957764
2,task_3,64,0,0.0,0.5987152457237244
2,task_3,64,1,0.0,0.5987152457237244
2,task_3,64,2,0.0,0.5987152457237244
2,task_3,64,3,0.0,0.5987152457237244
2,task_3,64,4,0.0,0.5987152457237244
2,task_3,64,5,0.0,0.5987152457237244
2,task_3,64,6,0.0,0.5987152457237244
2,task_3,64,7,0.0,0.5987152457237244
2,task_3,64,8,0.0,0.5987152457237244
2,task_3,64,9,0.0,0.5987152457237244
2,task_3,64,10,0.0,0.5987152457237244
2,task_3,64,11,0.0,0.5987152457237244
2,task_3,64,12,0.0,0.5987152457237244
2,task_3,64,13,0.0,0.5987152457237244
2,task_3,64,14,0.0,0.5987152457237244
2,task_3,64,15,0.0,0.5987152457237244
2,task_3,64,16,0.09884493052959442,0.3164949417114258
2,task_3,64,17,0.18654459714889526,0.08878619968891144
2,task_3,64,18,0.27238476276397705,-0.11780891567468643
2,task_3,64,19,0.3400115370750427,-0.2690083384513855
2,task_3,64,20,0.37718236446380615,-0.3632841110229492
2,task_3,64,21,0.40628379583358765,-0.4252456724643707
2,task_3,64,22,0.43841323256492615,-0.497281014919281
2,task_3,64,23,0.4598487615585327,-0.5457943081855774
2,task_3,64,24,0.47832047939300537,-0.5886223316192627
2,task_3,64,25,0.4934510588645935,-0.6238166093826294
2,task_3,64,26,0.5112383961677551,-0.6684380769729614
2,task_3,64,27,0.5242843627929688,-0.6951704621315002
2,task_3,64,28,0.5353666543960571,-0.7140005826950073
2,task_3,64,29,2.3943076133728027,-4.476255416870117
2,task_3,65,0,0.0,-0.2265429049730301
2,task_3,65,1,0.0,-0.2265429049730301
2,task_3,65,2,0.0,-0.2265429049730301
2,task_3,65,3,0.0,-0.2265429049730301
2,task_3,65,4,0.0,-0.2265429049730301
2,task_3,65,5,0.0,-0.2265429049730301
2,task_3,65,6,0.0,-0.2265429049730301
2,task_3,65,7,0.0,-0.2265429049730301
2,task_3,65,8,0.0,-0.2265429049730301
2,task_3,65,9,0.0,-0.2265429049730301
2,task_3,65,10,0.0,-0.2265429049730301
2,task_3,65,11,0.0,-0.2265429049730301
2,task_3,65,12,0.0,-0.2265429049730301
2,task_3,65,13,0.0,-0.2265429049730301
2,task_3,65,14,0.0,-0.2265429049730301
2,task_3,65,15,0.0,-0.2265429049730301
2,task_3,65,16,0.0,-0.2265429049730301
2,task_3,65,17,0.0,-0.2265429049730301
2,task_3,65,18,0.0,-0.2265429049730301
2,task_3,65,19,0.0,-0.2265429049730301
2,task_3,65,20,0.0,-0.2265429049730301
2,task_3,65,21,0.0,-0.2265429049730301
2,task_3,65,22,0.0,-0.2265429049730301
2,task_3,65,23,0.0,-0.2265429049730301
2,task_3,65,24,0.011091724038124084,-0.18096435070037842
2,task_3,65,25,0.03977353870868683,-0.04958794638514519
2,task_3,65,26,0.06082284450531006,0.045586973428726196
2,task_3,65,27,0.08136844635009766,0.14309605956077576
2,task_3,65,28,0.09657536447048187,0.21939466893672943
2,task_3,65,29,1.9381868839263916,5.2595038414001465
2,task_3,66,0,0.0,-0.9920362234115601
2,task_3,66,1,0.0,-0.9920362234115601
2,task_3,66,2,0.0,-0.9920362234115601
2,task_3,66,3,0.0,-0.9920362234115601
2,task_3,66,4,0.0,-0.9920362234115601
2,task_3,66,5,0.0,-0.9920362234115601
2,task_3,66,6,0.0,-0.9920362234115601
2,task_3,66,7,0.0,-0.9920362234115601
2,task_3,66,8,0.0,-0.9920362234115601
2,task_3,66,9,0.0,-0.9920362234115601
2,task_3,66,10,0.0,-0.9920362234115601
2,task_3,66,11,0.0008195638656616211,-0.9899770617485046
2,task_3,66,12,0.09073053300380707,-0.773612916469574
2,task_3,66,13,0.19516286253929138,-0.5136647820472717
2,task_3,66,14,0.29077738523483276,-0.2429044544696808
2,task_3,66,15,0.3797872066497803,-0.00852544791996479
2,task_3,66,16,0.46456897258758545,0.2614176273345947
2,task_3,66,17,0.5361651182174683,0.498325914144516
2,task_3,66,18,0.5658960938453674,0.5814430117607117
2,task_3,66,19,0.6063389182090759,0.6865547299385071
2,task_3,66,20,0.6469622850418091,0.7849719524383545
2,task_3,66,21,0.67174232006073,0.8401138782501221
2,task_3,66,22,0.7032901644706726,0.9110259413719177
2,task_3,66,23,0.7292037010192871,0.9746324419975281
2,task_3,66,24,0.7488470077514648,1.020913004875183
2,task_3,66,25,0.765967071056366,1.0557117462158203
2,task_3,66,26,0.7812933325767517,1.089743971824646
2,task_3,66,27,0.7915875911712646,1.1166553497314453
2,task_3,66,28,0.8011956810951233,1.1377747058868408
2,task_3,66,29,1.469521403312683,2.481797218322754
2,task_3,67,0,0.29103368520736694,2.041062593460083
2,task_3,67,1,0.34530800580978394,1.6528137922286987
2,task_3,67,2,0.37453436851501465,1.4478344917297363
2,task_3,67,3,0.39326930046081543,1.3060368299484253
2,task_3,67,4,0.4116726517677307,1.1781960725784302
2,task_3,67,5,0.43304628133773804,1.0001404285430908
2,task_3,67,6,0.4478886127471924,0.8942955136299133
2,task_3,67,7,0.46175915002822876,0.8031454086303711
2,task_3,67,8,0.48180657625198364,0.6552087664604187
2,task_3,67,9,0.5006478428840637,0.5125855803489685
2,task_3,67,10,0.5197374820709229,0.3777001202106476
2,task_3,67,11,0.5429801940917969,0.2358187586069107
2,task_3,67,12,0.5646086931228638,0.09460657089948654
2,task_3,67,13,0.5821250677108765,-0.010607989504933357
2,task_3,67,14,0.6025061011314392,-0.14882409572601318
2,task_3,67,15,0.6193812489509583,-0.2482154667377472
2,task_3,67,16,0.6323404312133789,-0.3241707384586334
2,task_3,67,17,0.6461095809936523,-0.4101547300815582
2,task_3,67,18,0.6629480123519897,-0.4975150227546692
2,task_3,67,19,0.6787890195846558,-0.5783491134643555
2,task_3,67,20,0.6893835663795471,-0.6328834891319275
2,task_3,67,21,0.7025914192199707,-0.7070428729057312
2,task_3,67,22,0.7139154672622681,-0.7637228965759277
2,task_3,67,23,0.7206376194953918,-0.7993025183677673
2,task_3,67,24,0.7273777723312378,-0.8419357538223267
2,task_3,67,25,0.7339597940444946,-0.8837201595306396
2,task_3,67,26,0.7387628555297852,-0.9141482710838318
2,task_3,67,27,0.7441938519477844,-0.9498973488807678
2,task_3,67,28,0.7532438039779663,-0.9724798798561096
2,task_3,67,29,1.4255837202072144,-2.5164477825164795
2,task_3,68,0,0.0,-0.05684341862797737
2,task_3,68,1,0.0,-0.05684341862797737
2,task_3,68,2,0.0,-0.05684341862797737
2,task_3,68,3,0.0,-0.05684341862797737
2,task_3,68,4,0.0,-0.05684341862797737
2,task_3,68,5,0.0,-0.05684341862797737
2,task_3,68,6,0.0,-0.05684341862797737
2,task_3,68,7,0.0,-0.05684341862797737
2,task_3,68,8,0.0,-0.05684341862797737
2,task_3,68,9,0.0,-0.05684341862797737
2,task_3,68,10,0.0,-0.05684341862797737
2,task_3,68,11,0.0,-0.05684341862797737
2,task_3,68,12,0.0,-0.05684341862797737
2,task_3,68,13,0.0,-0.05684341862797737
2,task_3,68,14,0.0,-0.05684341862797737
2,task_3,68,15,0.0,-0.05684341862797737
2,task_3,68,16,0.0,-0.05684341862797737
2,task_3,68,17,0.0,-0.05684341862797737
2,task_3,68,18,2.4966895580291748e-05,-0.05684341862797737
2,task_3,68,19,0.00489971786737442,-0.05684341862797737
2,task_3,68,20,0.01109374314546585,-0.05684341862797737
2,task_3,68,21,0.016532085835933685,-0.05684341862797737
2,task_3,68,22,0.02030191943049431,-0.05684341862797737
2,task_3,68,23,0.024955593049526215,-0.05684341862797737
2,task_3,68,24,0.02866937965154648,-0.05684341862797737
2,task_3,68,25,0.033650998026132584,-0.05684341862797737
2,task_3,68,26,0.03802170231938362,-0.05684341862797737
2,task_3,68,27,0.044865287840366364,-0.05684341862797737
2,task_3,68,28,0.05125404894351959,-0.05684341862797737
2,task_3,68,29,0.08665917068719864,-0.05684341862797737
2,task_3,69,0,0.05112896114587784,-0.7740318775177002
2,task_3,69,1,0.06717046350240707,-0.7612378597259521
2,task_3,69,2,0.08144506067037582,-0.7496208548545837
2,task_3,69,3,0.09739744663238525,-0.7370450496673584
2,task_3,69,4,0.11014695465564728,-0.723201334476471
2,task_3,69,5,0.13912475109100342,-0.6977473497390747
2,task_3,69,6,0.1683308184146881,-0.6682747602462769
2,task_3,69,7,0.2000579833984375,-0.6363198757171631
2,task_3,69,8,0.24534043669700623,-0.5900672078132629
2,task_3,69,9,0.2850319743156433,-0.5478202104568481
2,task_3,69,10,0.324616014957428,-0.5066611170768738
2,task_3,69,11,0.3704122304916382,-0.4476236402988434
2,task_3,69,12,0.4207945168018341,-0.378973126411438
2,task_3,69,13,0.4668200612068176,-0.3079754710197449
2,task_3,69,14,0.516635537147522,-0.23836824297904968
2,task_3,69,15,0.5740684270858765,-0.1461246758699417
2,task_3,69,16,0.6268249750137329,-0.06557249277830124
2,task_3,69,17,0.6769942045211792,0.01065282803028822
2,task_3,69,18,0.7330344915390015,0.1005777046084404
2,task_3,69,19,0.801604151725769,0.20209462940692902
2,task_3,69,20,0.8560965061187744,0.2833157479763031
2,task_3,69,21,0.8859093189239502,0.3241174519062042
2,task_3,69,22,0.9219552278518677,0.38120338320732117
2,task_3,69,23,0.9546343088150024,0.43301108479499817
2,task_3,69,24,0.9768452644348145,0.46838727593421936
2,task_3,69,25,0.9964901208877563,0.49921080470085144
2,task_3,69,26,1.0130615234375,0.5219298601150513
2,task_3,69,27,1.0281274318695068,0.5464099049568176
2,task_3,69,28,1.0434376001358032,0.5694247484207153
2,task_3,69,29,4.055252552032471,4.63632869720459
2,task_3,70,0,0.0,-0.4460577368736267
2,task_3,70,1,0.0,-0.4460577368736267
2,task_3,70,2,0.0,-0.4460577368736267
2,task_3,70,3,0.0,-0.4460577368736267
2,task_3,70,4,0.0,-0.4460577368736267
2,task_3,70,5,0.0,-0.4460577368736267
2,task_3,70,6,0.0,-0.4460577368736267
2,task_3,70,7,0.0,-0.4460577368736267
2,task_3,70,8,0.0,-0.4460577368736267
2,task_3,70,9,0.0,-0.4460577368736267
2,task_3,70,10,0.010720327496528625,-0.4365714490413666
2,task_3,70,11,0.030894368886947632,-0.41697052121162415
2,task_3,70,12,0.06353616714477539,-0.3908140957355499
2,task_3,70,13,0.08995497226715088,-0.3612556755542755
2,task_3,70,14,0.12865960597991943,-0.3168102204799652
2,task_3,70,15,0.16224388778209686,-0.273170530796051
2,task_3,70,16,0.18519902229309082,-0.234376460313797
2,task_3,70,17,0.2203686535358429,-0.17403236031532288
2,task_3,70,18,0.2578808069229126,-0.10895799845457077
2,task_3,70,19,0.28941118717193604,-0.06034175306558609
2,task_3,70,20,0.33731675148010254,0.022995995357632637
2,task_3,70,21,0.39208513498306274,0.11864101141691208
2,task_3,70,22,0.4329890012741089,0.19156284630298615
2,task_3,70,23,0.46613776683807373,0.25659364461898804
2,task_3,70,24,0.4816736578941345,0.2891579866409302
2,task_3,70,25,0.4922976493835449,0.3091351389884949
2,task_3,70,26,0.49899429082870483,0.3218459486961365
2,task_3,70,27,0.5046350955963135,0.33351683616638184
2,task_3,70,28,0.5108996033668518,0.3449585735797882
2,task_3,70,29,2.9050893783569336,5.045469760894775
2,task_3,71,0,0.0,0.5665640234947205
2,task_3,71,1,0.0,0.5665640234947205
2,task_3,71,2,0.0,0.5665640234947205
2,task_3,71,3,0.0,0.5665640234947205
2,task_3,71,4,0.0,0.5665640234947205
2,task_3,71,5,0.0,0.5665640234947205
2,task_3,71,6,0.0,0.5665640234947205
2,task_3,71,7,0.0,0.5665640234947205
2,task_3,71,8,0.0,0.5665640234947205
2,task_3,71,9,0.0,0.5665640234947205
2,task_3,71,10,0.0,0.5665640234947205
2,task_3,71,11,0.0,0.5665640234947205
2,task_3,71,12,0.0,0.5665640234947205
2,task_3,71,13,0.0,0.5665640234947205
2,task_3,71,14,0.0,0.5665640234947205
2,task_3,71,15,0.0,0.5665640234947205
2,task_3,71,16,0.0,0.5665640234947205
2,task_3,71,17,0.05614186450839043,0.371120423078537
2,task_3,71,18,0.12117168307304382,0.17647922039031982
2,task_3,71,19,0.18872813880443573,-0.01358102262020111
2,task_3,71,20,0.24721726775169373,-0.20555907487869263
2,task_3,71,21,0.3035758435726166,-0.3932950496673584
2,task_3,71,22,0.35403159260749817,-0.5494824051856995
2,task_3,71,23,0.38477712869644165,-0.6472275853157043
2,task_3,71,24,0.4072890281677246,-0.711376428604126
2,task_3,71,25,0.42935284972190857,-0.7636118531227112
2,task_3,71,26,0.44439706206321716,-0.8028595447540283
2,task_3,71,27,0.456599622964859,-0.84327232837677
2,task_3,71,28,0.46440181136131287,-0.8586991429328918
2,task_3,71,29,1.938368797302246,-4.39022159576416
2,task_3,72,0,0.0,-1.0898679494857788
2,task_3,72,1,0.0,-1.0898679494857788
2,task_3,72,2,0.00043173227459192276,-1.0866836309432983
2,task_3,72,3,0.008918882347643375,-1.0650475025177002
2,task_3,72,4,0.020655550062656403,-1.0306878089904785
2,task_3,72,5,0.04333050176501274,-0.9728715419769287
2,task_3,72,6,0.06844358146190643,-0.9021140933036804
2,task_3,72,7,0.10184767842292786,-0.8208081722259521
2,task_3,72,8,0.13942751288414001,-0.744623064994812
2,task_3,72,9,0.18095512688159943,-0.6349774599075317
2,task_3,72,10,0.23140281438827515,-0.49217453598976135
2,task_3,72,11,0.2806074917316437,-0.3352952301502228
2,task_3,72,12,0.34709590673446655,-0.2012186050415039
2,task_3,72,13,0.39897802472114563,-0.10781759023666382
2,task_3,72,14,0.46558016538619995,0.012706118635833263
2,task_3,72,15,0.5237185955047607,0.1335267722606659
2,task_3,72,16,0.599388062953949,0.23891793191432953
2,task_3,72,17,0.6551803946495056,0.29807740449905396
2,task_3,72,18,0.7289714217185974,0.37218621373176575
2,task_3,72,19,0.8003963232040405,-0.03794959560036659
2,task_3,72,20,0.8666642904281616,-0.4912145435810089
2,task_3,72,21,0.9358678460121155,-0.5259771943092346
2,task_3,72,22,1.0020732879638672,-0.0001709663774818182
2,task_3,72,23,1.0590636730194092,0.44619402289390564
2,task_3,72,24,1.1158959865570068,0.8721765875816345
2,task_3,72,25,1.1703767776489258,1.278055191040039
2,task_3,72,26,1.22519052028656,1.6904860734939575
2,task_3,72,27,1.2754285335540771,2.095679998397827
2,task_3,72,28,1.3325660228729248,2.095679998397827
2,task_3,72,29,1.3872437477111816,2.095679998397827
2,task_3,73,0,0.22861561179161072,-0.4544224739074707
2,task_3,73,1,0.23538953065872192,-0.43742671608924866
2,task_3,73,2,0.24002116918563843,-0.421323299407959
2,task_3,73,3,0.24372342228889465,-0.40475231409072876
2,task_3,73,4,0.24647340178489685,-0.3970334529876709
2,task_3,73,5,0.24963928759098053,-0.38639143109321594
2,task_3,73,6,0.2526230216026306,-0.37551552057266235
2,task_3,73,7,0.2552735507488251,-0.3673078417778015
2,task_3,73,8,0.2583533525466919,-0.3576745092868805
2,task_3,73,9,0.26220181584358215,-0.3425147533416748
2,task_3,73,10,0.2648743987083435,-0.33370667695999146
2,task_3,73,11,0.2688952088356018,-0.3163059949874878
2,task_3,73,12,0.27276623249053955,-0.3022920787334442
2,task_3,73,13,0.2764040231704712,-0.2909400761127472
2,task_3,73,14,0.28202810883522034,-0.2724863588809967
2,task_3,73,15,0.2865214943885803,-0.25490614771842957
2,task_3,73,16,0.29314684867858887,-0.23114101588726044
2,task_3,73,17,0.3000076413154602,-0.20524780452251434
2,task_3,73,18,0.3114893138408661,-0.16219355165958405
2,task_3,73,19,0.320890873670578,-0.12816178798675537
2,task_3,73,20,0.33318132162094116,-0.07622434943914413
2,task_3,73,21,0.349084734916687,-0.020785115659236908
2,task_3,73,22,0.35957056283950806,0.02239203080534935
2,task_3,73,23,0.37700966000556946,0.09530278295278549
2,task_3,73,24,0.389395147562027,0.14681173861026764
2,task_3,73,25,0.39863961935043335,0.18430669605731964
2,task_3,73,26,0.41578859090805054,0.2591579258441925
2,task_3,73,27,0.4309605658054352,0.3197574019432068
2,task_3,73,28,0.44413530826568604,0.3741966485977173
2,task_3,73,29,2.4131879806518555,5.136826515197754
2,task_3,74,0,0.0586119145154953,1.3223004341125488
2,task_3,74,1,0.06779851019382477,1.2808574438095093
2,task_3,74,2,0.0756424218416214,1.24801504611969
2,task_3,74,3,0.08443617075681686,1.208077311515808
2,task_3,74,4,0.09264851361513138,1.1702708005905151
2,task_3,74,5,0.09983895719051361,1.136849045753479
2,task_3,74,6,0.1125723347067833,1.0793683528900146
2,task_3,74,7,0.13150766491889954,0.9953799247741699
2,task_3,74,8,0.14426752924919128,0.9380185604095459
2,task_3,74,9,0.1699361503124237,0.829469621181488
2,task_3,74,10,0.20446139574050903,0.6894840002059937
2,task_3,74,11,0.24579475820064545,0.5229158997535706
2,task_3,74,12,0.2920687198638916,0.33280742168426514
2,task_3,74,13,0.33581995964050293,0.1477135270833969
2,task_3,74,14,0.3782801628112793,-0.03554863482713699
2,task_3,74,15,0.4153859615325928,-0.19291920959949493
2,task_3,74,16,0.4645901918411255,-0.40010693669319153
2,task_3,74,17,0.49025487899780273,-0.5052793622016907
2,task_3,74,18,0.5050771236419678,-0.568225622177124
2,task_3,74,19,0.5281578302383423,-0.6608394980430603
2,task_3,74,20,0.5380701422691345,-0.7011425495147705
2,task_3,74,21,0.55086749792099,-0.755071222782135
2,task_3,74,22,0.5625426769256592,-0.8020111322402954
2,task_3,74,23,0.5721886157989502,-0.8437327146530151
2,task_3,74,24,0.5788623690605164,-0.8720715641975403
2,task_3,74,25,0.5893062353134155,-0.9174477458000183
2,task_3,74,26,0.596771240234375,-0.9507776498794556
2,task_3,74,27,0.604426920413971,-0.9841240048408508
2,task_3,74,28,0.6144991517066956,-1.0401666164398193
2,task_3,74,29,0.8119187951087952,-2.6720592975616455
2,task_3,75,0,9.999999747378752e-05,0.11368683725595474
2,task_3,75,1,9.999999747378752e-05,0.11368683725595474
2,task_3,75,2,9.999999747378752e-05,0.11368683725595474
2,task_3,75,3,9.999999747378752e-05,0.11368683725595474
2,task_3,75,4,9.999999747378752e-05,0.11368683725595474
2,task_3,75,5,9.999999747378752e-05,0.11368683725595474
2,task_3,75,6,9.999999747378752e-05,0.11368683725595474
2,task_3,75,7,9.999999747378752e-05,0.11368683725595474
2,task_3,75,8,9.999999747378752e-05,0.11368683725595474
2,task_3,75,9,9.999999747378752e-05,0.11368683725595474
2,task_3,75,10,9.999999747378752e-05,0.11368683725595474
2,task_3,75,11,9.999999747378752e-05,0.11368683725595474
2,task_3,75,12,9.999999747378752e-05,0.11368683725595474
2,task_3,75,13,9.999999747378752e-05,0.11368683725595474
2,task_3,75,14,9.999999747378752e-05,0.11368683725595474
2,task_3,75,15,9.999999747378752e-05,0.11368683725595474
2,task_3,75,16,9.999999747378752e-05,0.11368683725595474
2,task_3,75,17,9.999999747378752e-05,0.11368683725595474
2,task_3,75,18,9.999999747378752e-05,0.11368683725595474
2,task_3,75,19,9.999999747378752e-05,0.11368683725595474
2,task_3,75,20,9.999999747378752e-05,0.11368683725595474
2,task_3,75,21,9.999999747378752e-05,0.11368683725595474
2,task_3,75,22,9.999999747378752e-05,0.11368683725595474
2,task_3,75,23,9.999999747378752e-05,0.11368683725595474
2,task_3,75,24,9.999999747378752e-05,0.11368683725595474
2,task_3,75,25,9.999999747378752e-05,0.11368683725595474
2,task_3,75,26,9.999999747378752e-05,0.11368683725595474
2,task_3,75,27,9.999999747378752e-05,0.11368683725595474
2,task_3,75,28,9.999999747378752e-05,0.11368683725595474
2,task_3,75,29,9.999999747378752e-05,0.11368683725595474
2,task_3,76,0,0.0,-0.5181944966316223
2,task_3,76,1,0.0,-0.5181944966316223
2,task_3,76,2,0.0,-0.5181944966316223
2,task_3,76,3,0.0,-0.5181944966316223
2,task_3,76,4,0.0,-0.5181944966316223
2,task_3,76,5,0.0,-0.5181944966316223
2,task_3,76,6,0.0,-0.5181944966316223
2,task_3,76,7,0.0,-0.5181944966316223
2,task_3,76,8,0.0,-0.5181944966316223
2,task_3,76,9,0.0,-0.5181944966316223
2,task_3,76,10,0.0,-0.5181944966316223
2,task_3,76,11,0.0,-0.5181944966316223
2,task_3,76,12,0.0,-0.5181944966316223
2,task_3,76,13,0.0,-0.5181944966316223
2,task_3,76,14,0.0,-0.5181944966316223
2,task_3,76,15,0.0,-0.5181944966316223
2,task_3,76,16,0.0,-0.5181944966316223
2,task_3,76,17,0.0,-0.5181944966316223
2,task_3,76,18,0.0,-0.5181944966316223
2,task_3,76,19,0.0,-0.5181944966316223
2,task_3,76,20,0.026044584810733795,-0.385957807302475
2,task_3,76,21,0.09436267614364624,-0.05049996078014374
2,task_3,76,22,0.1594330072402954,0.2736605405807495
2,task_3,76,23,0.21255365014076233,0.5702622532844543
2,task_3,76,24,0.26149794459342957,0.8104545474052429
2,task_3,76,25,0.3102889657020569,1.0611611604690552
2,task_3,76,26,0.3490011394023895,1.2509615421295166
2,task_3,76,27,0.3770295977592468,1.387542724609375
2,task_3,76,28,0.4014762043952942,1.5037915706634521
2,task_3,76,29,1.0980970859527588,3.942514419555664
2,task_3,77,0,0.0,-0.028421709313988686
2,task_3,77,1,0.0,-0.028421709313988686
2,task_3,77,2,0.0,-0.028421709313988686
2,task_3,77,3,0.0,-0.028421709313988686
2,task_3,77,4,0.0,-0.028421709313988686
2,task_3,77,5,0.0,-0.028421709313988686
2,task_3,77,6,0.0,-0.028421709313988686
2,task_3,77,7,0.0,-0.028421709313988686
2,task_3,77,8,0.0,-0.028421709313988686
2,task_3,77,9,0.0,-0.028421709313988686
2,task_3,77,10,0.0,-0.028421709313988686
2,task_3,77,11,0.0,-0.028421709313988686
2,task_3,77,12,0.0,-0.028421709313988686
2,task_3,77,13,0.0,-0.028421709313988686
2,task_3,77,14,0.0,-0.028421709313988686
2,task_3,77,15,0.0,-0.028421709313988686
2,task_3,77,16,0.0,-0.028421709313988686
2,task_3,77,17,0.0,-0.028421709313988686
2,task_3,77,18,0.0,-0.028421709313988686
2,task_3,77,19,0.0,-0.028421709313988686
2,task_3,77,20,0.0,-0.028421709313988686
2,task_3,77,21,0.0,-0.028421709313988686
2,task_3,77,22,0.0,-0.028421709313988686
2,task_3,77,23,0.0,-0.028421709313988686
2,task_3,77,24,0.0,-0.028421709313988686
2,task_3,77,25,0.0,-0.028421709313988686
2,task_3,77,26,0.0,-0.028421709313988686
2,task_3,77,27,0.0,-0.028421709313988686
2,task_3,77,28,0.041860319674015045,-0.028421709313988686
2,task_3,77,29,0.09362256526947021,-0.028421709313988686
2,task_3,78,0,0.0,-0.22641417384147644
2,task_3,78,1,0.0,-0.22641417384147644
2,task_3,78,2,0.0,-0.22641417384147644
2,task_3,78,3,0.0,-0.22641417384147644
2,task_3,78,4,0.0,-0.22641417384147644
2,task_3,78,5,0.0,-0.22641417384147644
2,task_3,78,6,0.0,-0.22641417384147644
2,task_3,78,7,0.0,-0.22641417384147644
2,task_3,78,8,0.0,-0.22641417384147644
2,task_3,78,9,0.0,-0.22641417384147644
2,task_3,78,10,0.0,-0.22641417384147644
2,task_3,78,11,0.0,-0.22641417384147644
2,task_3,78,12,0.0,-0.22641417384147644
2,task_3,78,13,0.0,-0.22641417384147644
2,task_3,78,14,0.0,-0.22641417384147644
2,task_3,78,15,0.0,-0.22641417384147644
2,task_3,78,16,0.0,-0.22641417384147644
2,task_3,78,17,0.0,-0.22641417384147644
2,task_3,78,18,0.0,-0.22641417384147644
2,task_3,78,19,0.0,-0.22641417384147644
2,task_3,78,20,0.0,-0.22641417384147644
2,task_3,78,21,0.0,-0.22641417384147644
2,task_3,78,22,0.0,-0.22641417384147644
2,task_3,78,23,0.008165568113327026,-0.21237002313137054
2,task_3,78,24,0.03556455671787262,-0.16328164935112
2,task_3,78,25,0.08134978264570236,-0.08627519011497498
2,task_3,78,26,0.13787411153316498,0.02082606963813305
2,task_3,78,27,0.18927058577537537,0.13704898953437805
2,task_3,78,28,0.24061843752861023,0.2524133324623108
2,task_3,78,29,2.2355167865753174,5.259163856506348
2,task_3,79,0,0.0,0.8348318934440613
2,task_3,79,1,0.0,0.8348318934440613
2,task_3,79,2,0.0,0.8348318934440613
2,task_3,79,3,0.0,0.8348318934440613
2,task_3,79,4,0.0,0.8348318934440613
2,task_3,79,5,0.0,0.8348318934440613
2,task_3,79,6,0.0,0.8348318934440613
2,task_3,79,7,0.0,0.8348318934440613
2,task_3,79,8,0.0,0.8348318934440613
2,task_3,79,9,0.0,0.8348318934440613
2,task_3,79,10,0.03073791414499283,0.7200440764427185
2,task_3,79,11,0.07461081445217133,0.5466153621673584
2,task_3,79,12,0.11063925176858902,0.40320321917533875
2,task_3,79,13,0.15188507735729218,0.2200588583946228
2,task_3,79,14,0.1751130074262619,0.13813701272010803
2,task_3,79,15,0.19509214162826538,0.03398147225379944
2,task_3,79,16,0.21452254056930542,-0.08339414745569229
2,task_3,79,17,0.23417992889881134,-0.18031476438045502
2,task_3,79,18,0.24977624416351318,-0.25817036628723145
2,task_3,79,19,0.2703309655189514,-0.3495790362358093
2,task_3,79,20,0.28727683424949646,-0.43757203221321106
2,task_3,79,21,0.29738649725914,-0.48263707756996155
2,task_3,79,22,0.3125874996185303,-0.5318351984024048
2,task_3,79,23,0.32469993829727173,-0.5908263921737671
2,task_3,79,24,0.3334757089614868,-0.6171562075614929
2,task_3,79,25,0.33876246213912964,-0.6329095959663391
2,task_3,79,26,0.3459683656692505,-0.6647398471832275
2,task_3,79,27,0.353039413690567,-0.6888645887374878
2,task_3,79,28,0.36037957668304443,-0.709522545337677
2,task_3,79,29,1.521134853363037,-4.182835578918457
2,task_3,80,0,0.0,-0.6413336396217346
2,task_3,80,1,0.0,-0.6413336396217346
2,task_3,80,2,0.0,-0.6413336396217346
2,task_3,80,3,0.0,-0.6413336396217346
2,task_3,80,4,0.0,-0.6413336396217346
2,task_3,80,5,0.0,-0.6413336396217346
2,task_3,80,6,0.0,-0.6413336396217346
2,task_3,80,7,0.0,-0.6413336396217346
2,task_3,80,8,0.0,-0.6413336396217346
2,task_3,80,9,0.0,-0.6413336396217346
2,task_3,80,10,0.0,-0.6413336396217346
2,task_3,80,11,0.0,-0.6413336396217346
2,task_3,80,12,0.0,-0.6413336396217346
2,task_3,80,13,0.040135279297828674,-0.4293304979801178
2,task_3,80,14,0.07273506373167038,-0.2764510214328766
2,task_3,80,15,0.09378988295793533,-0.1724899411201477
2,task_3,80,16,0.11048117280006409,-0.10426473617553711
2,task_3,80,17,0.13771909475326538,0.014450634829699993
2,task_3,80,18,0.1642811894416809,0.13033881783485413
2,task_3,80,19,0.17807523906230927,0.18407940864562988
2,task_3,80,20,0.1994623839855194,0.2746292054653168
2,task_3,80,21,0.212639719247818,0.3313174545764923
2,task_3,80,22,0.22479668259620667,0.3821871280670166
2,task_3,80,23,0.23988273739814758,0.4466676115989685
2,task_3,80,24,0.2498045563697815,0.4952141046524048
2,task_3,80,25,0.2604571580886841,0.5457226037979126
2,task_3,80,26,0.27234169840812683,0.6032014489173889
2,task_3,80,27,0.2790650725364685,0.6367320418357849
2,task_3,80,28,0.2915162742137909,0.6956483721733093
2,task_3,80,29,1.2393711805343628,4.579684257507324
2,task_3,81,0,0.0,-0.3305320739746094
2,task_3,81,1,0.0,-0.3305320739746094
2,task_3,81,2,0.0,-0.3305320739746094
2,task_3,81,3,0.0,-0.3305320739746094
2,task_3,81,4,0.0,-0.3305320739746094
2,task_3,81,5,0.0,-0.3305320739746094
2,task_3,81,6,0.0,-0.3305320739746094
2,task_3,81,7,0.0,-0.3305320739746094
2,task_3,81,8,0.0,-0.3305320739746094
2,task_3,81,9,0.0,-0.3305320739746094
2,task_3,81,10,0.0,-0.3305320739746094
2,task_3,81,11,0.0,-0.3305320739746094
2,task_3,81,12,0.0,-0.3305320739746094
2,task_3,81,13,0.0,-0.3305320739746094
2,task_3,81,14,0.0,-0.3305320739746094
2,task_3,81,15,0.0,-0.3305320739746094
2,task_3,81,16,0.0,-0.3305320739746094
2,task_3,81,17,0.0,-0.3305320739746094
2,task_3,81,18,0.0,-0.3305320739746094
2,task_3,81,19,0.0,-0.3305320739746094
2,task_3,81,20,0.0,-0.3305320739746094
2,task_3,81,21,0.006088171154260635,-0.3197694718837738
2,task_3,81,22,0.09660343080759048,-0.15355215966701508
2,task_3,81,23,0.18485715985298157,0.02769484743475914
2,task_3,81,24,0.2757735848426819,0.22583168745040894
2,task_3,81,25,0.33640849590301514,0.36636292934417725
2,task_3,81,26,0.3946707248687744,0.4983144998550415
2,task_3,81,27,0.44007396697998047,0.5960985422134399
2,task_3,81,28,0.47148820757865906,0.6655879020690918
2,task_3,81,29,3.5593178272247314,5.034604549407959
2,task_3,82,0,0.0,-0.8928797841072083
2,task_3,82,1,0.0,-0.8928797841072083
2,task_3,82,2,0.0,-0.8928797841072083
2,task_3,82,3,0.0,-0.8928797841072083
2,task_3,82,4,0.0,-0.8928797841072083
2,task_3,82,5,0.0,-0.8928797841072083
2,task_3,82,6,0.0,-0.8928797841072083
2,task_3,82,7,0.0,-0.8928797841072083
2,task_3,82,8,0.0,-0.8928797841072083
2,task_3,82,9,0.0,-0.8928797841072083
2,task_3,82,10,0.0,-0.8928797841072083
2,task_3,82,11,0.0,-0.8928797841072083
2,task_3,82,12,0.0,-0.8928797841072083
2,task_3,82,13,0.0,-0.8928797841072083
2,task_3,82,14,0.0,-0.8928797841072083
2,task_3,82,15,0.01695243827998638,-0.762836217880249
2,task_3,82,16,0.07775849848985672,-0.13268020749092102
2,task_3,82,17,0.14362098276615143,0.3352538049221039
2,task_3,82,18,0.21663601696491241,0.8530612587928772
2,task_3,82,19,0.2735389769077301,1.190945029258728
2,task_3,82,20,0.3290897607803345,1.190945029258728
2,task_3,82,21,0.3939879834651947,1.190945029258728
2,task_3,82,22,0.4549431800842285,1.190945029258728
2,task_3,82,23,0.509650468826294,1.190945029258728
2,task_3,82,24,0.5556495189666748,1.190945029258728
2,task_3,82,25,0.5968114137649536,1.190945029258728
2,task_3,82,26,0.6508063673973083,1.190945029258728
2,task_3,82,27,0.6891940832138062,1.190945029258728
2,task_3,82,28,0.7164645195007324,1.190945029258728
2,task_3,82,29,0.754851758480072,1.190945029258728
2,task_3,83,0,0.0,0.0035527136642485857
2,task_3,83,1,0.0,0.0035527136642485857
2,task_3,83,2,0.0,0.0035527136642485857
2,task_3,83,3,0.0,0.0035527136642485857
2,task_3,83,4,0.0,0.0035527136642485857
2,task_3,83,5,0.0,0.0035527136642485857
2,task_3,83,6,0.0,0.0035527136642485857
2,task_3,83,7,0.0,0.0035527136642485857
2,task_3,83,8,0.0,0.0035527136642485857
2,task_3,83,9,0.0,0.0035527136642485857
2,task_3,83,10,0.0,0.0035527136642485857
2,task_3,83,11,0.0,0.0035527136642485857
2,task_3,83,12,0.0,0.0035527136642485857
2,task_3,83,13,0.0,0.0035527136642485857
2,task_3,83,14,0.0,0.0035527136642485857
2,task_3,83,15,0.0,0.0035527136642485857
2,task_3,83,16,0.0,0.0035527136642485857
2,task_3,83,17,0.0,0.0035527136642485857
2,task_3,83,18,0.0,0.0035527136642485857
2,task_3,83,19,0.0,0.0035527136642485857
2,task_3,83,20,0.009458795189857483,0.0035527136642485857
2,task_3,83,21,0.019782155752182007,0.0035527136642485857
2,task_3,83,22,0.031010977923870087,0.0035527136642485857
2,task_3,83,23,0.03705432265996933,0.0035527136642485857
2,task_3,83,24,0.04298987239599228,0.0035527136642485857
2,task_3,83,25,0.049420587718486786,0.0035527136642485857
2,task_3,83,26,0.053888142108917236,0.0035527136642485857
2,task_3,83,27,0.058858416974544525,0.0035527136642485857
2,task_3,83,28,0.0677255317568779,0.0035527136642485857
2,task_3,83,29,0.10827285796403885,0.0035527136642485857
2,task_3,84,0,2.0364174842834473,465.6612854003906
2,task_3,84,1,2.0364174842834473,465.6612854003906
2,task_3,84,2,2.0364174842834473,465.6612854003906
2,task_3,84,3,2.0364174842834473,465.6612854003906
2,task_3,84,4,2.0364174842834473,465.6612854003906
2,task_3,84,5,2.0364174842834473,465.6612854003906
2,task_3,84,6,2.0364174842834473,465.6612854003906
2,task_3,84,7,2.0364174842834473,465.6612854003906
2,task_3,84,8,2.0364174842834473,465.6612854003906
2,task_3,84,9,2.0364174842834473,465.6612854003906
2,task_3,84,10,2.0364174842834473,465.6612854003906
2,task_3,84,11,2.0364174842834473,465.6612854003906
2,task_3,84,12,2.0364174842834473,465.6612854003906
2,task_3,84,13,2.0364174842834473,465.6612854003906
2,task_3,84,14,2.0364174842834473,465.6612854003906
2,task_3,84,15,2.0364174842834473,465.6612854003906
2,task_3,84,16,2.0364174842834473,465.6612854003906
2,task_3,84,17,2.0364174842834473,465.6612854003906
2,task_3,84,18,2.0364174842834473,465.6612854003906
2,task_3,84,19,2.0364174842834473,465.6612854003906
2,task_3,84,20,2.0364174842834473,465.6612854003906
2,task_3,84,21,2.0364174842834473,465.6612854003906
2,task_3,84,22,2.0364174842834473,465.6612854003906
2,task_3,84,23,2.0364174842834473,465.6612854003906
2,task_3,84,24,2.0364174842834473,465.6612854003906
2,task_3,84,25,2.0364174842834473,465.6612854003906
2,task_3,84,26,2.0364174842834473,465.6612854003906
2,task_3,84,27,2.0364174842834473,465.6612854003906
2,task_3,84,28,2.0364174842834473,465.6612854003906
2,task_3,84,29,2.0364174842834473,465.6612854003906
2,task_3,85,0,0.0,-0.028421709313988686
2,task_3,85,1,0.002436622977256775,-0.028421709313988686
2,task_3,85,2,0.0050201863050460815,-0.028421709313988686
2,task_3,85,3,0.00746588408946991,-0.028421709313988686
2,task_3,85,4,0.010027006268501282,-0.028421709313988686
2,task_3,85,5,0.01124526560306549,-0.028421709313988686
2,task_3,85,6,0.012205377221107483,-0.028421709313988686
2,task_3,85,7,0.012602046132087708,-0.028421709313988686
2,task_3,85,8,0.01338396966457367,-0.028421709313988686
2,task_3,85,9,0.013417229056358337,-0.028421709313988686
2,task_3,85,10,0.013439640402793884,-0.028421709313988686
2,task_3,85,11,0.01490183174610138,-0.028421709313988686
2,task_3,85,12,0.016069725155830383,-0.028421709313988686
2,task_3,85,13,0.019500568509101868,-0.028421709313988686
2,task_3,85,14,0.024728432297706604,-0.028421709313988686
2,task_3,85,15,0.027102217078208923,-0.028421709313988686
2,task_3,85,16,0.027928397059440613,-0.028421709313988686
2,task_3,85,17,0.028317704796791077,-0.028421709313988686
2,task_3,85,18,0.034216418862342834,-0.028421709313988686
2,task_3,85,19,0.03557319939136505,-0.028421709313988686
2,task_3,85,20,0.04273107647895813,-0.028421709313988686
2,task_3,85,21,0.04273107647895813,-0.028421709313988686
2,task_3,85,22,0.04273107647895813,-0.028421709313988686
2,task_3,85,23,0.04273107647895813,-0.028421709313988686
2,task_3,85,24,0.04273107647895813,-0.028421709313988686
2,task_3,85,25,0.04273107647895813,-0.028421709313988686
2,task_3,85,26,0.04273107647895813,-0.028421709313988686
2,task_3,85,27,0.04273107647895813,-0.028421709313988686
2,task_3,85,28,0.04273107647895813,-0.028421709313988686
2,task_3,85,29,0.04273107647895813,-0.028421709313988686
2,task_3,86,0,0.0,-0.6016643047332764
2,task_3,86,1,0.0,-0.6016643047332764
2,task_3,86,2,0.0,-0.6016643047332764
2,task_3,86,3,0.0,-0.6016643047332764
2,task_3,86,4,0.0,-0.6016643047332764
2,task_3,86,5,0.0,-0.6016643047332764
2,task_3,86,6,0.0,-0.6016643047332764
2,task_3,86,7,0.0,-0.6016643047332764
2,task_3,86,8,0.0,-0.6016643047332764
2,task_3,86,9,0.0,-0.6016643047332764
2,task_3,86,10,0.0,-0.6016643047332764
2,task_3,86,11,0.0,-0.6016643047332764
2,task_3,86,12,0.0,-0.6016643047332764
2,task_3,86,13,0.0,-0.6016643047332764
2,task_3,86,14,0.0,-0.6016643047332764
2,task_3,86,15,0.0,-0.6016643047332764
2,task_3,86,16,0.0023231245577335358,-0.5835186839103699
2,task_3,86,17,0.02931544929742813,-0.39635318517684937
2,task_3,86,18,0.053542815148830414,-0.229336678981781
2,task_3,86,19,0.08178719133138657,-0.03405480459332466
2,task_3,86,20,0.1052749827504158,0.12413552403450012
2,task_3,86,21,0.1301395297050476,0.2959878444671631
2,task_3,86,22,0.1550903618335724,0.47314465045928955
2,task_3,86,23,0.17619973421096802,0.6227490901947021
2,task_3,86,24,0.19439688324928284,0.7510050535202026
2,task_3,86,25,0.2189343273639679,0.9262105822563171
2,task_3,86,26,0.2420794665813446,1.0843652486801147
2,task_3,86,27,0.25911596417427063,1.2060564756393433
2,task_3,86,28,0.2838752865791321,1.3923732042312622
2,task_3,86,29,0.7019079327583313,3.9938642978668213
2,task_3,87,0,0.13306067883968353,-1.1562944650650024
2,task_3,87,1,0.14690962433815002,-1.1233214139938354
2,task_3,87,2,0.17524410784244537,-1.0685864686965942
2,task_3,87,3,0.20115935802459717,-1.0175751447677612
2,task_3,87,4,0.23078081011772156,-0.9606226682662964
2,task_3,87,5,0.27117007970809937,-0.8703046441078186
2,task_3,87,6,0.3070374131202698,-0.7876672744750977
2,task_3,87,7,0.3584708571434021,-0.6811812520027161
2,task_3,87,8,0.4054398238658905,-0.5804511904716492
2,task_3,87,9,0.448786199092865,-0.4852162003517151
2,task_3,87,10,0.4968094527721405,-0.37619397044181824
2,task_3,87,11,0.5437759757041931,-0.2709682583808899
2,task_3,87,12,0.5705353617668152,-0.1929948329925537
2,task_3,87,13,0.5990062952041626,-0.10966574400663376
2,task_3,87,14,0.6211379766464233,-0.047933559864759445
2,task_3,87,15,0.6447497606277466,0.03126721456646919
2,task_3,87,16,0.6667571067810059,0.10472128540277481
2,task_3,87,17,0.6883941888809204,0.18216627836227417
2,task_3,87,18,0.7106630802154541,0.2572701871395111
2,task_3,87,19,0.7280788421630859,0.3126540780067444
2,task_3,87,20,0.7445440292358398,0.3686586916446686
2,task_3,87,21,0.7610230445861816,0.4187581539154053
2,task_3,87,22,0.7733737230300903,0.4604026973247528
2,task_3,87,23,0.7860947847366333,0.5007338523864746
2,task_3,87,24,0.7958574295043945,0.5280512571334839
2,task_3,87,25,0.8040517568588257,0.5466495156288147
2,task_3,87,26,0.8110113143920898,0.5727851986885071
2,task_3,87,27,0.818223237991333,0.5865890979766846
2,task_3,87,28,0.8270187377929688,0.6144713163375854
2,task_3,87,29,1.5999780893325806,4.243797302246094
2,task_3,88,0,0.0,0.24494457244873047
2,task_3,88,1,0.0,0.24494457244873047
2,task_3,88,2,0.0,0.24494457244873047
2,task_3,88,3,0.0,0.24494457244873047
2,task_3,88,4,0.0,0.24494457244873047
2,task_3,88,5,0.0,0.24494457244873047
2,task_3,88,6,0.0,0.24494457244873047
2,task_3,88,7,0.0,0.24494457244873047
2,task_3,88,8,0.0,0.24494457244873047
2,task_3,88,9,0.0,0.24494457244873047
2,task_3,88,10,0.0,0.24494457244873047
2,task_3,88,11,0.0,0.24494457244873047
2,task_3,88,12,0.0,0.24494457244873047
2,task_3,88,13,0.0,0.24494457244873047
2,task_3,88,14,0.0,0.24494457244873047
2,task_3,88,15,0.0,0.24494457244873047
2,task_3,88,16,0.0,0.24494457244873047
2,task_3,88,17,0.0,0.24494457244873047
2,task_3,88,18,0.0,0.24494457244873047
2,task_3,88,19,0.0,0.24494457244873047
2,task_3,88,20,0.0,0.24494457244873047
2,task_3,88,21,0.01262035220861435,0.21426710486412048
2,task_3,88,22,0.04288187623023987,0.1475890427827835
2,task_3,88,23,0.07132504880428314,0.07606776058673859
2,task_3,88,24,0.09999234974384308,0.010472029447555542
2,task_3,88,25,0.12001119554042816,-0.03314618021249771
2,task_3,88,26,0.13673922419548035,-0.07530539482831955
2,task_3,88,27,0.14909330010414124,-0.10140275955200195
2,task_3,88,28,0.16217616200447083,-0.12560856342315674
2,task_3,88,29,2.7744574546813965,-5.256769180297852
2,task_3,89,0,0.06194259971380234,7.2759575843811035
2,task_3,89,1,0.0663021057844162,7.2759575843811035
2,task_3,89,2,0.069914311170578,7.2759575843811035
2,task_3,89,3,0.0743495523929596,7.2759575843811035
2,task_3,89,4,0.07793080806732178,7.2759575843811035
2,task_3,89,5,0.0809788629412651,7.2759575843811035
2,task_3,89,6,0.08480575680732727,7.2759575843811035
2,task_3,89,7,0.08813619613647461,7.2759575843811035
2,task_3,89,8,0.09100023657083511,7.2759575843811035
2,task_3,89,9,0.09509125351905823,7.2759575843811035
2,task_3,89,10,0.09935711324214935,7.2759575843811035
2,task_3,89,11,0.10376367717981339,7.2759575843811035
2,task_3,89,12,0.10884981602430344,7.2759575843811035
2,task_3,89,13,0.11445636302232742,7.2759575843811035
2,task_3,89,14,0.11989053338766098,7.2759575843811035
2,task_3,89,15,0.12464546412229538,7.2759575843811035
2,task_3,89,16,0.13059358298778534,7.2759575843811035
2,task_3,89,17,0.1356484293937683,7.2759575843811035
2,task_3,89,18,0.14103767275810242,7.2759575843811035
2,task_3,89,19,0.1479337215423584,7.2759575843811035
2,task_3,89,20,0.15360313653945923,7.2759575843811035
2,task_3,89,21,0.1602979302406311,7.2759575843811035
2,task_3,89,22,0.17109614610671997,7.2759575843811035
2,task_3,89,23,0.18109694123268127,7.2759575843811035
2,task_3,89,24,0.1913248598575592,7.2759575843811035
2,task_3,89,25,0.20265871286392212,7.2759575843811035
2,task_3,89,26,0.21666020154953003,7.2759575843811035
2,task_3,89,27,0.23005583882331848,7.2759575843811035
2,task_3,89,28,0.24374845623970032,7.2759575843811035
2,task_3,89,29,0.26116690039634705,7.2759575843811035
2,task_3,90,0,0.0,1.865097999572754
2,task_3,90,1,0.0015843547880649567,1.9268379211425781
2,task_3,90,2,0.002299133688211441,1.9268379211425781
2,task_3,90,3,0.004555698484182358,2.015674591064453
2,task_3,90,4,0.007367156445980072,2.063237190246582
2,task_3,90,5,0.009749606251716614,1.9953233003616333
2,task_3,90,6,0.3600316345691681,-0.49137523770332336
2,task_3,90,7,0.3600316345691681,-0.49137523770332336
2,task_3,90,8,0.3600316345691681,-0.49137523770332336
2,task_3,90,9,0.3600316345691681,-0.49137523770332336
2,task_3,90,10,0.3600316345691681,-0.49137523770332336
2,task_3,90,11,0.3600316345691681,-0.49137523770332336
2,task_3,90,12,0.3600316345691681,-0.49137523770332336
2,task_3,90,13,0.3600316345691681,-0.49137523770332336
2,task_3,90,14,0.3600316345691681,-0.49137523770332336
2,task_3,90,15,0.3600316345691681,-0.49137523770332336
2,task_3,90,16,0.3600316345691681,-0.49137523770332336
2,task_3,90,17,0.3600316345691681,-0.49137523770332336
2,task_3,90,18,0.3600316345691681,-0.49137523770332336
2,task_3,90,19,0.3600316345691681,-0.49137523770332336
2,task_3,90,20,0.3600316345691681,-0.49137523770332336
2,task_3,90,21,0.3600316345691681,-0.49137523770332336
2,task_3,90,22,0.3600316345691681,-0.49137523770332336
2,task_3,90,23,0.3600316345691681,-0.49137523770332336
2,task_3,90,24,0.3600316345691681,-0.49137523770332336
2,task_3,90,25,0.3600316345691681,-0.49137523770332336
2,task_3,90,26,0.3600316345691681,-0.49137523770332336
2,task_3,90,27,0.3600316345691681,-0.49137523770332336
2,task_3,90,28,0.3600316345691681,-0.49137523770332336
2,task_3,90,29,0.3600316345691681,-0.49137523770332336
2,task_3,91,0,0.0,1.1884510517120361
2,task_3,91,1,0.0,1.1884510517120361
2,task_3,91,2,0.0,1.1884510517120361
2,task_3,91,3,0.0,1.1884510517120361
2,task_3,91,4,0.0,1.1884510517120361
2,task_3,91,5,0.0,1.1884510517120361
2,task_3,91,6,0.0,1.1884510517120361
2,task_3,91,7,0.0,1.1884510517120361
2,task_3,91,8,0.039089106023311615,1.0983481407165527
2,task_3,91,9,0.1442345678806305,0.8653503656387329
2,task_3,91,10,0.25124791264533997,0.6237834692001343
2,task_3,91,11,0.3557678461074829,0.386112779378891
2,task_3,91,12,0.4494147300720215,0.18763206899166107
2,task_3,91,13,0.5573033690452576,-0.004501693416386843
2,task_3,91,14,0.6514014601707458,-0.17276513576507568
2,task_3,91,15,0.7475884556770325,-0.3225446343421936
2,task_3,91,16,0.8209232687950134,-0.4284398555755615
2,task_3,91,17,0.8931769728660583,-0.5347844958305359
2,task_3,91,18,0.9369372725486755,-0.5974979400634766
2,task_3,91,19,0.9651995301246643,-0.6365306973457336
2,task_3,91,20,0.9960434436798096,-0.680907130241394
2,task_3,91,21,1.021701455116272,-0.715025782585144
2,task_3,91,22,1.044693112373352,-0.7484918832778931
2,task_3,91,23,1.0658926963806152,-0.7776836156845093
2,task_3,91,24,1.0854989290237427,-0.8031193017959595
2,task_3,91,25,1.1019011735916138,-0.8273823857307434
2,task_3,91,26,1.1116739511489868,-0.8392336964607239
2,task_3,91,27,1.124269723892212,-0.8560552597045898
2,task_3,91,28,1.1339319944381714,-0.8704220652580261
2,task_3,91,29,2.4103126525878906,-2.853450059890747
2,task_3,92,0,0.3293949067592621,-1.0516393184661865
2,task_3,92,1,0.34124213457107544,-0.9875833988189697
2,task_3,92,2,0.34889376163482666,-0.950287401676178
2,task_3,92,3,0.35641855001449585,-0.913488507270813
2,task_3,92,4,0.36257633566856384,-0.8846443295478821
2,task_3,92,5,0.37257400155067444,-0.8355738520622253
2,task_3,92,6,0.382326602935791,-0.7914777398109436
2,task_3,92,7,0.39420050382614136,-0.7400903701782227
2,task_3,92,8,0.41075393557548523,-0.6595519781112671
2,task_3,92,9,0.4253787398338318,-0.5871770977973938
2,task_3,92,10,0.44499316811561584,-0.49796921014785767
2,task_3,92,11,0.46391069889068604,-0.4179304540157318
2,task_3,92,12,0.47709041833877563,-0.3565559685230255
2,task_3,92,13,0.49482935667037964,-0.2855243980884552
2,task_3,92,14,0.5137007236480713,-0.21375946700572968
2,task_3,92,15,0.5376839637756348,-0.11677324026823044
2,task_3,92,16,0.5605268478393555,-0.02578519470989704
2,task_3,92,17,0.5857061147689819,0.08664144575595856
2,task_3,92,18,0.6175626516342163,0.21277934312820435
2,task_3,92,19,0.6530752182006836,0.34481292963027954
2,task_3,92,20,0.6805737018585205,0.4491047263145447
2,task_3,92,21,0.700456440448761,0.5069785714149475
2,task_3,92,22,0.710830569267273,0.546604335308075
2,task_3,92,23,0.7194919586181641,0.5811653733253479
2,task_3,92,24,0.7280434370040894,0.6186389923095703
2,task_3,92,25,0.7345964908599854,0.6403548121452332
2,task_3,92,26,0.7439887523651123,0.6759472489356995
2,task_3,92,27,0.7535600662231445,0.7136642336845398
2,task_3,92,28,0.7650331258773804,0.761946976184845
2,task_3,92,29,1.6818088293075562,4.177166938781738
2,task_3,93,0,0.0,0.11368683725595474
2,task_3,93,1,0.0,0.11368683725595474
2,task_3,93,2,0.0,0.11368683725595474
2,task_3,93,3,0.0,0.11368683725595474
2,task_3,93,4,0.0,0.11368683725595474
2,task_3,93,5,0.0,0.11368683725595474
2,task_3,93,6,0.0,0.11368683725595474
2,task_3,93,7,0.0,0.11368683725595474
2,task_3,93,8,0.0,0.11368683725595474
2,task_3,93,9,0.0,0.11368683725595474
2,task_3,93,10,0.0,0.11368683725595474
2,task_3,93,11,0.0,0.11368683725595474
2,task_3,93,12,0.0,0.11368683725595474
2,task_3,93,13,0.0,0.11368683725595474
2,task_3,93,14,0.0,0.11368683725595474
2,task_3,93,15,0.0,0.11368683725595474
2,task_3,93,16,0.0,0.11368683725595474
2,task_3,93,17,0.0,0.11368683725595474
2,task_3,93,18,0.0,0.11368683725595474
2,task_3,93,19,0.0,0.11368683725595474
2,task_3,93,20,0.0,0.11368683725595474
2,task_3,93,21,0.0,0.11368683725595474
2,task_3,93,22,0.0,0.11368683725595474
2,task_3,93,23,0.0,0.11368683725595474
2,task_3,93,24,0.007087886333465576,0.11368683725595474
2,task_3,93,25,0.018691688776016235,0.11368683725595474
2,task_3,93,26,0.02933904528617859,0.11368683725595474
2,task_3,93,27,0.038502246141433716,0.11368683725595474
2,task_3,93,28,0.04930669069290161,0.11368683725595474
2,task_3,93,29,0.08313088119029999,0.11368683725595474
2,task_3,94,0,0.0,-0.7646502256393433
2,task_3,94,1,0.0,-0.7646502256393433
2,task_3,94,2,0.0,-0.7646502256393433
2,task_3,94,3,0.0,-0.7646502256393433
2,task_3,94,4,0.0,-0.7646502256393433
2,task_3,94,5,0.0,-0.7646502256393433
2,task_3,94,6,0.0,-0.7646502256393433
2,task_3,94,7,0.0,-0.7646502256393433
2,task_3,94,8,0.0,-0.7646502256393433
2,task_3,94,9,0.0,-0.7646502256393433
2,task_3,94,10,0.0,-0.7646502256393433
2,task_3,94,11,0.0,-0.7646502256393433
2,task_3,94,12,0.024449730291962624,-0.6926255822181702
2,task_3,94,13,0.13404393196105957,-0.4508379399776459
2,task_3,94,14,0.23591108620166779,-0.24974586069583893
2,task_3,94,15,0.3334367871284485,-0.04364334046840668
2,task_3,94,16,0.4239365756511688,0.11165257543325424
2,task_3,94,17,0.4988832175731659,0.24312235414981842
2,task_3,94,18,0.5356215834617615,0.2995269298553467
2,task_3,94,19,0.5721520185470581,0.3601701259613037
2,task_3,94,20,0.617082953453064,0.43124255537986755
2,task_3,94,21,0.6456071734428406,0.47940027713775635
2,task_3,94,22,0.6773747801780701,0.5388354063034058
2,task_3,94,23,0.704402506351471,0.5911704897880554
2,task_3,94,24,0.725942075252533,0.6162970662117004
2,task_3,94,25,0.7438864707946777,0.6509408354759216
2,task_3,94,26,0.759893000125885,0.6747317314147949
2,task_3,94,27,0.771091878414154,0.6947029232978821
2,task_3,94,28,0.782031238079071,0.7224758863449097
2,task_3,94,29,2.523442506790161,4.198383808135986
2,task_3,95,0,9.999999747378752e-05,-0.05684341862797737
2,task_3,95,1,9.999999747378752e-05,-0.05684341862797737
2,task_3,95,2,9.999999747378752e-05,-0.05684341862797737
2,task_3,95,3,9.999999747378752e-05,-0.05684341862797737
2,task_3,95,4,9.999999747378752e-05,-0.05684341862797737
2,task_3,95,5,9.999999747378752e-05,-0.05684341862797737
2,task_3,95,6,9.999999747378752e-05,-0.05684341862797737
2,task_3,95,7,9.999999747378752e-05,-0.05684341862797737
2,task_3,95,8,9.999999747378752e-05,-0.05684341862797737
2,task_3,95,9,9.999999747378752e-05,-0.05684341862797737
2,task_3,95,10,9.999999747378752e-05,-0.05684341862797737
2,task_3,95,11,9.999999747378752e-05,-0.05684341862797737
2,task_3,95,12,9.999999747378752e-05,-0.05684341862797737
2,task_3,95,13,9.999999747378752e-05,-0.05684341862797737
2,task_3,95,14,9.999999747378752e-05,-0.05684341862797737
2,task_3,95,15,9.999999747378752e-05,-0.05684341862797737
2,task_3,95,16,9.999999747378752e-05,-0.05684341862797737
2,task_3,95,17,9.999999747378752e-05,-0.05684341862797737
2,task_3,95,18,9.999999747378752e-05,-0.05684341862797737
2,task_3,95,19,9.999999747378752e-05,-0.05684341862797737
2,task_3,95,20,9.999999747378752e-05,-0.05684341862797737
2,task_3,95,21,9.999999747378752e-05,-0.05684341862797737
2,task_3,95,22,9.999999747378752e-05,-0.05684341862797737
2,task_3,95,23,9.999999747378752e-05,-0.05684341862797737
2,task_3,95,24,9.999999747378752e-05,-0.05684341862797737
2,task_3,95,25,9.999999747378752e-05,-0.05684341862797737
2,task_3,95,26,9.999999747378752e-05,-0.05684341862797737
2,task_3,95,27,9.999999747378752e-05,-0.05684341862797737
2,task_3,95,28,9.999999747378752e-05,-0.05684341862797737
2,task_3,95,29,9.999999747378752e-05,-0.05684341862797737
2,task_3,96,0,0.0,0.2687670588493347
2,task_3,96,1,0.0,0.2687670588493347
2,task_3,96,2,0.0,0.2687670588493347
2,task_3,96,3,0.0,0.2687670588493347
2,task_3,96,4,0.0,0.2687670588493347
2,task_3,96,5,0.0,0.2687670588493347
2,task_3,96,6,0.0,0.2687670588493347
2,task_3,96,7,0.0,0.2687670588493347
2,task_3,96,8,0.0,0.2687670588493347
2,task_3,96,9,0.0,0.2687670588493347
2,task_3,96,10,0.0,0.2687670588493347
2,task_3,96,11,0.0,0.2687670588493347
2,task_3,96,12,0.0,0.2687670588493347
2,task_3,96,13,0.0,0.2687670588493347
2,task_3,96,14,0.0,0.2687670588493347
2,task_3,96,15,0.0,0.2687670588493347
2,task_3,96,16,0.0,0.2687670588493347
2,task_3,96,17,0.0,0.2687670588493347
2,task_3,96,18,0.0,0.2687670588493347
2,task_3,96,19,0.008727118372917175,0.24078726768493652
2,task_3,96,20,0.03146754950284958,0.16745685040950775
2,task_3,96,21,0.048784248530864716,0.11266966164112091
2,task_3,96,22,0.06528390198945999,0.059598132967948914
2,task_3,96,23,0.08073415607213974,0.010289689525961876
2,task_3,96,24,0.089483343064785,-0.016843492165207863
2,task_3,96,25,0.10041803121566772,-0.05188744515180588
2,task_3,96,26,0.11384420096874237,-0.09431129693984985
2,task_3,96,27,0.12428562343120575,-0.1282256692647934
2,task_3,96,28,0.13585405051708221,-0.1649608165025711
2,task_3,96,29,2.1925113201141357,-5.241146564483643
2,task_3,97,0,0.23863033950328827,-0.5082996487617493
2,task_3,97,1,0.29151487350463867,-0.4480976462364197
2,task_3,97,2,0.32214677333831787,-0.4097224175930023
2,task_3,97,3,0.3338509798049927,-0.3872623145580292
2,task_3,97,4,0.3407794237136841,-0.36993396282196045
2,task_3,97,5,0.3460421562194824,-0.3658897876739502
2,task_3,97,6,0.34977519512176514,-0.359594464302063
2,task_3,97,7,0.3551642894744873,-0.3573576509952545
2,task_3,97,8,0.3592935800552368,-0.34885281324386597
2,task_3,97,9,0.36524534225463867,-0.34047648310661316
2,task_3,97,10,0.37062835693359375,-0.33823761343955994
2,task_3,97,11,0.3776560425758362,-0.32072779536247253
2,task_3,97,12,0.3852073550224304,-0.2957127094268799
2,task_3,97,13,0.3908965587615967,-0.28648626804351807
2,task_3,97,14,0.3949214816093445,-0.28162267804145813
2,task_3,97,15,0.4015270471572876,-0.26350826025009155
2,task_3,97,16,0.40667182207107544,-0.2566950023174286
2,task_3,97,17,0.41007375717163086,-0.24536773562431335
2,task_3,97,18,0.4132912755012512,-0.2393946349620819
2,task_3,97,19,0.4185122847557068,-0.22586111724376678
2,task_3,97,20,0.4240846633911133,-0.2207525223493576
2,task_3,97,21,0.43474024534225464,-0.20071831345558167
2,task_3,97,22,0.45435887575149536,-0.16393274068832397
2,task_3,97,23,0.5050647258758545,-0.03954816609621048
2,task_3,97,24,0.569510281085968,0.10876216739416122
2,task_3,97,25,0.6371342539787292,0.2736935317516327
2,task_3,97,26,0.7080568671226501,0.4655609130859375
2,task_3,97,27,0.7832441329956055,0.6142984628677368
2,task_3,97,28,0.8764362931251526,0.7844027280807495
2,task_3,97,29,2.9346814155578613,5.027332782745361
2,task_3,98,0,0.3052150011062622,-3.4520699977874756
2,task_3,98,1,0.38545435667037964,-2.3097920417785645
2,task_3,98,2,0.4538055658340454,-1.3017725944519043
2,task_3,98,3,0.5071056485176086,-0.6145886778831482
2,task_3,98,4,0.5174385905265808,-0.5010246634483337
2,task_3,98,5,0.5223038792610168,-0.43630751967430115
2,task_3,98,6,0.5263506770133972,-0.3915868103504181
2,task_3,98,7,0.5305598974227905,-0.360613614320755
2,task_3,98,8,0.5382950901985168,-0.2923000156879425
2,task_3,98,9,0.5449542999267578,-0.22112993896007538
2,task_3,98,10,0.552544116973877,-0.13037484884262085
2,task_3,98,11,0.565778911113739,0.02726246975362301
2,task_3,98,12,0.5774002075195312,0.1662432998418808
2,task_3,98,13,0.5928630232810974,0.3403257429599762
2,task_3,98,14,0.6062153577804565,0.4886559844017029
2,task_3,98,15,0.618532657623291,0.5945282578468323
2,task_3,98,16,0.6331799030303955,0.7504855990409851
2,task_3,98,17,0.6450227499008179,0.8496713042259216
2,task_3,98,18,0.6567468643188477,0.9736966490745544
2,task_3,98,19,0.6656001210212708,1.0188230276107788
2,task_3,98,20,0.6791054010391235,0.9938656687736511
2,task_3,98,21,0.6940522193908691,0.9183117151260376
2,task_3,98,22,0.7025080919265747,0.8226733803749084
2,task_3,98,23,0.7085871696472168,0.7106590270996094
2,task_3,98,24,0.7162096500396729,0.6022233963012695
2,task_3,98,25,0.7203850746154785,0.5405661463737488
2,task_3,98,26,0.7268981337547302,0.4471202790737152
2,task_3,98,27,0.7321550846099854,0.3426273763179779
2,task_3,98,28,0.7373111248016357,0.2779633700847626
2,task_3,98,29,0.831241250038147,-0.8541545271873474
2,task_3,99,0,0.0,0.0
2,task_3,99,1,0.0,0.0
2,task_3,99,2,0.0,0.0
2,task_3,99,3,0.0,0.0
2,task_3,99,4,0.0,0.0
2,task_3,99,5,0.0,0.0
2,task_3,99,6,0.0,0.0
2,task_3,99,7,0.0,0.0
2,task_3,99,8,0.0,0.0
2,task_3,99,9,0.0,0.0
2,task_3,99,10,0.0,0.0
2,task_3,99,11,0.0,0.0
2,task_3,99,12,0.0,0.0
2,task_3,99,13,0.0,0.0
2,task_3,99,14,0.0,0.0
2,task_3,99,15,0.00958616565912962,0.0
2,task_3,99,16,0.04088378697633743,0.0
2,task_3,99,17,0.06516265124082565,0.0
2,task_3,99,18,0.09428703784942627,0.0
2,task_3,99,19,0.11686580628156662,0.0
2,task_3,99,20,0.1417413353919983,0.0
2,task_3,99,21,0.1611728072166443,0.0
2,task_3,99,22,0.17818115651607513,0.0
2,task_3,99,23,0.1944326013326645,0.0
2,task_3,99,24,0.20802408456802368,0.0
2,task_3,99,25,0.220674067735672,0.0
2,task_3,99,26,0.22927424311637878,0.0
2,task_3,99,27,0.23902466893196106,0.0
2,task_3,99,28,0.24866506457328796,0.0
2,task_3,99,29,0.29437777400016785,0.0
2,task_3,100,0,9.999999747378752e-05,0.0
2,task_3,100,1,9.999999747378752e-05,0.0
2,task_3,100,2,9.999999747378752e-05,0.0
2,task_3,100,3,9.999999747378752e-05,0.0
2,task_3,100,4,9.999999747378752e-05,0.0
2,task_3,100,5,9.999999747378752e-05,0.0
2,task_3,100,6,9.999999747378752e-05,0.0
2,task_3,100,7,9.999999747378752e-05,0.0
2,task_3,100,8,9.999999747378752e-05,0.0
2,task_3,100,9,9.999999747378752e-05,0.0
2,task_3,100,10,9.999999747378752e-05,0.0
2,task_3,100,11,9.999999747378752e-05,0.0
2,task_3,100,12,9.999999747378752e-05,0.0
2,task_3,100,13,9.999999747378752e-05,0.0
2,task_3,100,14,9.999999747378752e-05,0.0
2,task_3,100,15,9.999999747378752e-05,0.0
2,task_3,100,16,9.999999747378752e-05,0.0
2,task_3,100,17,9.999999747378752e-05,0.0
2,task_3,100,18,9.999999747378752e-05,0.0
2,task_3,100,19,9.999999747378752e-05,0.0
2,task_3,100,20,9.999999747378752e-05,0.0
2,task_3,100,21,9.999999747378752e-05,0.0
2,task_3,100,22,9.999999747378752e-05,0.0
2,task_3,100,23,9.999999747378752e-05,0.0
2,task_3,100,24,9.999999747378752e-05,0.0
2,task_3,100,25,9.999999747378752e-05,0.0
2,task_3,100,26,9.999999747378752e-05,0.0
2,task_3,100,27,9.999999747378752e-05,0.0
2,task_3,100,28,9.999999747378752e-05,0.0
2,task_3,100,29,9.999999747378752e-05,0.0
2,task_3,101,0,0.0,0.6714015007019043
2,task_3,101,1,0.0,0.6714015007019043
2,task_3,101,2,0.0,0.6714015007019043
2,task_3,101,3,0.0,0.6714015007019043
2,task_3,101,4,0.0,0.6714015007019043
2,task_3,101,5,0.0,0.6714015007019043
2,task_3,101,6,0.0,0.6714015007019043
2,task_3,101,7,0.0,0.6714015007019043
2,task_3,101,8,0.0,0.6714015007019043
2,task_3,101,9,0.0,0.6714015007019043
2,task_3,101,10,0.0,0.6714015007019043
2,task_3,101,11,0.0,0.6714015007019043
2,task_3,101,12,0.0,0.6714015007019043
2,task_3,101,13,0.0,0.6714015007019043
2,task_3,101,14,0.06150081753730774,0.54352205991745
2,task_3,101,15,0.1625203788280487,0.34423622488975525
2,task_3,101,16,0.25017428398132324,0.16112536191940308
2,task_3,101,17,0.34578514099121094,-0.037007205188274384
2,task_3,101,18,0.4222673773765564,-0.20383042097091675
2,task_3,101,19,0.49336981773376465,-0.35360482335090637
2,task_3,101,20,0.5308772325515747,-0.43875592947006226
2,task_3,101,21,0.5566164255142212,-0.5090522170066833
2,task_3,101,22,0.5804913640022278,-0.5577071309089661
2,task_3,101,23,0.5986992716789246,-0.5942050218582153
2,task_3,101,24,0.6142427325248718,-0.6304137110710144
2,task_3,101,25,0.6314974427223206,-0.673771858215332
2,task_3,101,26,0.6403287649154663,-0.6910178661346436
2,task_3,101,27,0.6481142640113831,-0.711086630821228
2,task_3,101,28,0.6571950316429138,-0.7366328835487366
2,task_3,101,29,2.47025728225708,-4.311418533325195
2,task_3,102,0,0.0,1.5379647016525269
2,task_3,102,1,0.0,1.5379647016525269
2,task_3,102,2,0.0,1.5379647016525269
2,task_3,102,3,0.0,1.5379647016525269
2,task_3,102,4,0.0,1.5379647016525269
2,task_3,102,5,0.0,1.5379647016525269
2,task_3,102,6,0.0,1.5379647016525269
2,task_3,102,7,0.06921657919883728,1.2162405252456665
2,task_3,102,8,0.16283880174160004,0.8244217038154602
2,task_3,102,9,0.2587442994117737,0.4566204845905304
2,task_3,102,10,0.35775452852249146,0.13656197488307953
2,task_3,102,11,0.46759748458862305,-0.09991547465324402
2,task_3,102,12,0.5755492448806763,-0.33200520277023315
2,task_3,102,13,0.6823651790618896,-0.5579738020896912
2,task_3,102,14,0.7857377529144287,-0.7756063342094421
2,task_3,102,15,0.8864017128944397,-0.7756063342094421
2,task_3,102,16,0.9968271851539612,-0.7756063342094421
2,task_3,102,17,1.0796868801116943,-0.7756063342094421
2,task_3,102,18,1.1595889329910278,-0.7756063342094421
2,task_3,102,19,1.2309377193450928,-0.7756063342094421
2,task_3,102,20,1.2903051376342773,-0.7756063342094421
2,task_3,102,21,1.3334076404571533,-0.7756063342094421
2,task_3,102,22,1.356137990951538,-0.7756063342094421
2,task_3,102,23,1.3724583387374878,-0.7756063342094421
2,task_3,102,24,1.3830770254135132,-0.7756063342094421
2,task_3,102,25,1.3936550617218018,-0.7756063342094421
2,task_3,102,26,1.4006373882293701,-0.7756063342094421
2,task_3,102,27,1.409023642539978,-0.7756063342094421
2,task_3,102,28,1.4174550771713257,-0.7756063342094421
2,task_3,102,29,1.4492831230163574,-0.7756063342094421
2,task_3,103,0,0.0,1.0145906209945679
2,task_3,103,1,0.0,1.0145906209945679
2,task_3,103,2,0.0,1.0145906209945679
2,task_3,103,3,0.0,1.0145906209945679
2,task_3,103,4,0.0,1.0145906209945679
2,task_3,103,5,0.0,1.0145906209945679
2,task_3,103,6,0.0,1.0145906209945679
2,task_3,103,7,0.0,1.0145906209945679
2,task_3,103,8,0.0,1.0145906209945679
2,task_3,103,9,0.040402866899967194,0.9090272188186646
2,task_3,103,10,0.11398656666278839,0.7197492718696594
2,task_3,103,11,0.19281376898288727,0.5200120806694031
2,task_3,103,12,0.2717876732349396,0.31603655219078064
2,task_3,103,13,0.3396970331668854,0.1328948438167572
2,task_3,103,14,0.40941616892814636,-0.05367114394903183
2,task_3,103,15,0.47327104210853577,-0.21141524612903595
2,task_3,103,16,0.5231893062591553,-0.3253045976161957
2,task_3,103,17,0.5513978004455566,-0.3914324939250946
2,task_3,103,18,0.5735743045806885,-0.4438547194004059
2,task_3,103,19,0.5984052419662476,-0.505883514881134
2,task_3,103,20,0.6201858520507812,-0.5573124885559082
2,task_3,103,21,0.6382641792297363,-0.6013900637626648
2,task_3,103,22,0.6564254760742188,-0.6402450799942017
2,task_3,103,23,0.673688530921936,-0.6781286001205444
2,task_3,103,24,0.6822309494018555,-0.6999045014381409
2,task_3,103,25,0.6911553144454956,-0.7219514846801758
2,task_3,103,26,0.7016352415084839,-0.7465178370475769
2,task_3,103,27,0.7138750553131104,-0.7718712091445923
2,task_3,103,28,0.7207177877426147,-0.7857028245925903
2,task_3,103,29,2.6883177757263184,-3.594449043273926
2,task_3,104,0,0.06331444531679153,3.2834935188293457
2,task_3,104,1,0.13793331384658813,2.7199957370758057
2,task_3,104,2,0.2267816811800003,2.136082410812378
2,task_3,104,3,0.30753493309020996,1.3993449211120605
2,task_3,104,4,0.3899187445640564,0.5099746584892273
2,task_3,104,5,0.4764116406440735,-0.4019554853439331
2,task_3,104,6,0.5432798862457275,-0.4019554853439331
2,task_3,104,7,0.6138858795166016,-0.4019554853439331
2,task_3,104,8,0.6822472214698792,-0.4019554853439331
2,task_3,104,9,0.7440115809440613,-0.4019554853439331
2,task_3,104,10,0.7979176640510559,-0.4019554853439331
2,task_3,104,11,0.850269079208374,-0.4019554853439331
2,task_3,104,12,0.8970786929130554,-0.4019554853439331
2,task_3,104,13,0.9387786388397217,-0.4019554853439331
2,task_3,104,14,0.9743719696998596,-0.4019554853439331
2,task_3,104,15,1.0085545778274536,-0.4019554853439331
2,task_3,104,16,1.0407557487487793,-0.4019554853439331
2,task_3,104,17,1.0593875646591187,-0.4019554853439331
2,task_3,104,18,1.0779656171798706,-0.4019554853439331
2,task_3,104,19,1.0903562307357788,-0.4019554853439331
2,task_3,104,20,1.1042232513427734,-0.4019554853439331
2,task_3,104,21,1.1143842935562134,-0.4019554853439331
2,task_3,104,22,1.1195876598358154,-0.4019554853439331
2,task_3,104,23,1.125024676322937,-0.4019554853439331
2,task_3,104,24,1.1305770874023438,-0.4019554853439331
2,task_3,104,25,1.1349999904632568,-0.4019554853439331
2,task_3,104,26,1.1390312910079956,-0.4019554853439331
2,task_3,104,27,1.1434415578842163,-0.4019554853439331
2,task_3,104,28,1.1488749980926514,-0.4019554853439331
2,task_3,104,29,1.1679964065551758,-0.4019554853439331
2,task_3,105,0,0.489636093378067,232.8306427001953
2,task_3,105,1,0.489636093378067,232.8306427001953
2,task_3,105,2,0.489636093378067,232.8306427001953
2,task_3,105,3,0.489636093378067,232.8306427001953
2,task_3,105,4,0.489636093378067,232.8306427001953
2,task_3,105,5,0.489636093378067,232.8306427001953
2,task_3,105,6,0.489636093378067,232.8306427001953
2,task_3,105,7,0.489636093378067,232.8306427001953
2,task_3,105,8,0.489636093378067,232.8306427001953
2,task_3,105,9,0.489636093378067,232.8306427001953
2,task_3,105,10,0.489636093378067,232.8306427001953
2,task_3,105,11,0.489636093378067,232.8306427001953
2,task_3,105,12,0.489636093378067,232.8306427001953
2,task_3,105,13,0.489636093378067,232.8306427001953
2,task_3,105,14,0.489636093378067,232.8306427001953
2,task_3,105,15,0.489636093378067,232.8306427001953
2,task_3,105,16,0.489636093378067,232.8306427001953
2,task_3,105,17,0.489636093378067,232.8306427001953
2,task_3,105,18,0.489636093378067,232.8306427001953
2,task_3,105,19,0.489636093378067,232.8306427001953
2,task_3,105,20,0.489636093378067,232.8306427001953
2,task_3,105,21,0.489636093378067,232.8306427001953
2,task_3,105,22,0.489636093378067,232.8306427001953
2,task_3,105,23,0.489636093378067,232.8306427001953
2,task_3,105,24,0.489636093378067,232.8306427001953
2,task_3,105,25,0.489636093378067,232.8306427001953
2,task_3,105,26,0.489636093378067,232.8306427001953
2,task_3,105,27,0.489636093378067,232.8306427001953
2,task_3,105,28,0.489636093378067,232.8306427001953
2,task_3,105,29,0.489636093378067,232.8306427001953
2,task_3,106,0,9.999999747378752e-05,0.0
2,task_3,106,1,9.999999747378752e-05,0.0
2,task_3,106,2,9.999999747378752e-05,0.0
2,task_3,106,3,9.999999747378752e-05,0.0
2,task_3,106,4,9.999999747378752e-05,0.0
2,task_3,106,5,9.999999747378752e-05,0.0
2,task_3,106,6,9.999999747378752e-05,0.0
2,task_3,106,7,9.999999747378752e-05,0.0
2,task_3,106,8,9.999999747378752e-05,0.0
2,task_3,106,9,9.999999747378752e-05,0.0
2,task_3,106,10,9.999999747378752e-05,0.0
2,task_3,106,11,9.999999747378752e-05,0.0
2,task_3,106,12,9.999999747378752e-05,0.0
2,task_3,106,13,9.999999747378752e-05,0.0
2,task_3,106,14,9.999999747378752e-05,0.0
2,task_3,106,15,9.999999747378752e-05,0.0
2,task_3,106,16,9.999999747378752e-05,0.0
2,task_3,106,17,9.999999747378752e-05,0.0
2,task_3,106,18,9.999999747378752e-05,0.0
2,task_3,106,19,9.999999747378752e-05,0.0
2,task_3,106,20,9.999999747378752e-05,0.0
2,task_3,106,21,9.999999747378752e-05,0.0
2,task_3,106,22,9.999999747378752e-05,0.0
2,task_3,106,23,9.999999747378752e-05,0.0
2,task_3,106,24,9.999999747378752e-05,0.0
2,task_3,106,25,9.999999747378752e-05,0.0
2,task_3,106,26,9.999999747378752e-05,0.0
2,task_3,106,27,9.999999747378752e-05,0.0
2,task_3,106,28,9.999999747378752e-05,0.0
2,task_3,106,29,9.999999747378752e-05,0.0
2,task_3,107,0,0.0,-1.1129295825958252
2,task_3,107,1,0.0,-1.1129295825958252
2,task_3,107,2,0.0062739551067352295,-1.1106632947921753
2,task_3,107,3,0.03244064748287201,-1.0246095657348633
2,task_3,107,4,0.0625067800283432,-0.889960527420044
2,task_3,107,5,0.08594079315662384,-0.8103649616241455
2,task_3,107,6,0.11020083725452423,-0.666965126991272
2,task_3,107,7,0.1264665573835373,-0.5913146734237671
2,task_3,107,8,0.14886708557605743,-0.4986209273338318
2,task_3,107,9,0.1700374335050583,-0.3996190130710602
2,task_3,107,10,0.1947227567434311,-0.3016478419303894
2,task_3,107,11,0.21610422432422638,-0.21239782869815826
2,task_3,107,12,0.24076761305332184,-0.09403805434703827
2,task_3,107,13,0.2644883394241333,-0.001075723790563643
2,task_3,107,14,0.2933036684989929,0.10820337384939194
2,task_3,107,15,0.32219159603118896,0.24841052293777466
2,task_3,107,16,0.35752058029174805,0.4186212718486786
2,task_3,107,17,0.394905686378479,0.5643587708473206
2,task_3,107,18,0.43609678745269775,0.693741500377655
2,task_3,107,19,0.47806960344314575,0.809049129486084
2,task_3,107,20,0.53277987241745,0.8943573236465454
2,task_3,107,21,0.5849894881248474,0.9774596691131592
2,task_3,107,22,0.6414541006088257,1.027062177658081
2,task_3,107,23,0.714688241481781,1.0823503732681274
2,task_3,107,24,0.7796980738639832,1.1200222969055176
2,task_3,107,25,0.8604076504707336,1.1036076545715332
2,task_3,107,26,0.929759681224823,1.05792236328125
2,task_3,107,27,1.0083175897598267,1.031312108039856
2,task_3,107,28,1.0892767906188965,0.8991666436195374
2,task_3,107,29,2.1889243125915527,-3.2085115909576416
2,task_3,108,0,0.42621833086013794,3.565584182739258
2,task_3,108,1,0.4873030185699463,1.5781525373458862
2,task_3,108,2,0.5372651815414429,1.129850149154663
2,task_3,108,3,0.5824311971664429,0.792998194694519
2,task_3,108,4,0.6297703981399536,0.34608832001686096
2,task_3,108,5,0.6581475138664246,-0.07970020920038223
2,task_3,108,6,0.6936521530151367,-0.3599258065223694
2,task_3,108,7,0.7212061285972595,-0.33878952264785767
2,task_3,108,8,0.7404804825782776,-0.36355072259902954
2,task_3,108,9,0.7599583268165588,-0.3870227038860321
2,task_3,108,10,0.7739783525466919,-0.4486153721809387
2,task_3,108,11,0.7839730381965637,-0.46758416295051575
2,task_3,108,12,0.7890210747718811,-0.4397856891155243
2,task_3,108,13,0.7923715114593506,-0.4628148078918457
2,task_3,108,14,0.7945705652236938,-0.4628148078918457
2,task_3,108,15,0.7966775894165039,-0.4628148078918457
2,task_3,108,16,0.7988434433937073,-0.4628148078918457
2,task_3,108,17,0.8008055686950684,-0.47603270411491394
2,task_3,108,18,0.8025800585746765,-0.47603270411491394
2,task_3,108,19,0.804347038269043,-0.47603270411491394
2,task_3,108,20,0.8061097264289856,-0.47603270411491394
2,task_3,108,21,0.808291494846344,-0.47685033082962036
2,task_3,108,22,0.8112058043479919,-0.47685033082962036
2,task_3,108,23,0.8134917616844177,-0.46472254395484924
2,task_3,108,24,0.8160760998725891,-0.45055079460144043
2,task_3,108,25,0.8193861842155457,-0.43215474486351013
2,task_3,108,26,0.8250543475151062,-0.4384230375289917
2,task_3,108,27,0.8306787610054016,-0.40708163380622864
2,task_3,108,28,0.8442233204841614,-0.33344316482543945
2,task_3,108,29,1.57279634475708,2.707784414291382
2,task_3,109,0,0.0,0.11368683725595474
2,task_3,109,1,0.0,0.11368683725595474
2,task_3,109,2,0.0,0.11368683725595474
2,task_3,109,3,0.0,0.11368683725595474
2,task_3,109,4,0.0,0.11368683725595474
2,task_3,109,5,0.0,0.11368683725595474
2,task_3,109,6,0.0,0.11368683725595474
2,task_3,109,7,0.0,0.11368683725595474
2,task_3,109,8,0.0,0.11368683725595474
2,task_3,109,9,0.0,0.11368683725595474
2,task_3,109,10,0.0,0.11368683725595474
2,task_3,109,11,0.0,0.11368683725595474
2,task_3,109,12,0.0,0.11368683725595474
2,task_3,109,13,0.0,0.11368683725595474
2,task_3,109,14,0.0,0.11368683725595474
2,task_3,109,15,0.0,0.11368683725595474
2,task_3,109,16,0.0,0.11368683725595474
2,task_3,109,17,0.0,0.11368683725595474
2,task_3,109,18,0.0,0.11368683725595474
2,task_3,109,19,0.0,0.11368683725595474
2,task_3,109,20,0.0,0.11368683725595474
2,task_3,109,21,0.0,0.11368683725595474
2,task_3,109,22,0.0,0.11368683725595474
2,task_3,109,23,0.001123189926147461,0.11368683725595474
2,task_3,109,24,0.031458109617233276,0.11368683725595474
2,task_3,109,25,0.049254000186920166,0.11368683725595474
2,task_3,109,26,0.06989580392837524,0.11368683725595474
2,task_3,109,27,0.08654692769050598,0.11368683725595474
2,task_3,109,28,0.09882098436355591,0.11368683725595474
2,task_3,109,29,0.1312352567911148,0.11368683725595474
2,task_3,110,0,0.0,-0.05684341862797737
2,task_3,110,1,0.0,-0.05684341862797737
2,task_3,110,2,0.0,-0.05684341862797737
2,task_3,110,3,0.0,-0.05684341862797737
2,task_3,110,4,0.0,-0.05684341862797737
2,task_3,110,5,0.0,-0.05684341862797737
2,task_3,110,6,0.0,-0.05684341862797737
2,task_3,110,7,0.0,-0.05684341862797737
2,task_3,110,8,0.0,-0.05684341862797737
2,task_3,110,9,0.0,-0.05684341862797737
2,task_3,110,10,0.0,-0.05684341862797737
2,task_3,110,11,0.0,-0.05684341862797737
2,task_3,110,12,0.0,-0.05684341862797737
2,task_3,110,13,0.0,-0.05684341862797737
2,task_3,110,14,0.0,-0.05684341862797737
2,task_3,110,15,0.0,-0.05684341862797737
2,task_3,110,16,0.0,-0.05684341862797737
2,task_3,110,17,0.0,-0.05684341862797737
2,task_3,110,18,0.0,-0.05684341862797737
2,task_3,110,19,0.0,-0.05684341862797737
2,task_3,110,20,0.0,-0.05684341862797737
2,task_3,110,21,0.0,-0.05684341862797737
2,task_3,110,22,0.0,-0.05684341862797737
2,task_3,110,23,0.0,-0.05684341862797737
2,task_3,110,24,0.0,-0.05684341862797737
2,task_3,110,25,0.0,-0.05684341862797737
2,task_3,110,26,0.0,-0.05684341862797737
2,task_3,110,27,0.0008762478828430176,-0.05684341862797737
2,task_3,110,28,0.009659811854362488,-0.05684341862797737
2,task_3,110,29,0.04158170521259308,-0.05684341862797737
2,task_3,111,0,0.0,-0.11368683725595474
2,task_3,111,1,0.004370715469121933,-0.11368683725595474
2,task_3,111,2,0.004370715469121933,-0.11368683725595474
2,task_3,111,3,0.004370715469121933,-0.11368683725595474
2,task_3,111,4,0.004370715469121933,-0.11368683725595474
2,task_3,111,5,0.004370715469121933,-0.11368683725595474
2,task_3,111,6,0.004370715469121933,-0.11368683725595474
2,task_3,111,7,0.004370715469121933,-0.11368683725595474
2,task_3,111,8,0.004370715469121933,-0.11368683725595474
2,task_3,111,9,0.004370715469121933,-0.11368683725595474
2,task_3,111,10,0.004370715469121933,-0.11368683725595474
2,task_3,111,11,0.004370715469121933,-0.11368683725595474
2,task_3,111,12,0.004370715469121933,-0.11368683725595474
2,task_3,111,13,0.004370715469121933,-0.11368683725595474
2,task_3,111,14,0.004370715469121933,-0.11368683725595474
2,task_3,111,15,0.004370715469121933,-0.11368683725595474
2,task_3,111,16,0.004370715469121933,-0.11368683725595474
2,task_3,111,17,0.004370715469121933,-0.11368683725595474
2,task_3,111,18,0.004370715469121933,-0.11368683725595474
2,task_3,111,19,0.004370715469121933,-0.11368683725595474
2,task_3,111,20,0.004370715469121933,-0.11368683725595474
2,task_3,111,21,0.004370715469121933,-0.11368683725595474
2,task_3,111,22,0.004370715469121933,-0.11368683725595474
2,task_3,111,23,0.004370715469121933,-0.11368683725595474
2,task_3,111,24,0.004370715469121933,-0.11368683725595474
2,task_3,111,25,0.004370715469121933,-0.11368683725595474
2,task_3,111,26,0.004370715469121933,-0.11368683725595474
2,task_3,111,27,0.004370715469121933,-0.11368683725595474
2,task_3,111,28,0.004370715469121933,-0.11368683725595474
2,task_3,111,29,0.004370715469121933,-0.11368683725595474
2,task_3,112,0,0.0,0.88675856590271
2,task_3,112,1,0.0,0.88675856590271
2,task_3,112,2,0.0,0.88675856590271
2,task_3,112,3,0.0,0.88675856590271
2,task_3,112,4,0.0,0.88675856590271
2,task_3,112,5,0.0,0.88675856590271
2,task_3,112,6,0.0,0.88675856590271
2,task_3,112,7,0.0,0.88675856590271
2,task_3,112,8,0.0,0.88675856590271
2,task_3,112,9,0.0,0.88675856590271
2,task_3,112,10,0.0,0.88675856590271
2,task_3,112,11,0.0,0.88675856590271
2,task_3,112,12,0.0,0.88675856590271
2,task_3,112,13,0.052451297640800476,0.6792443990707397
2,task_3,112,14,0.14141738414764404,0.2686729431152344
2,task_3,112,15,0.19116318225860596,0.05800662562251091
2,task_3,112,16,0.23145407438278198,-0.1007905825972557
2,task_3,112,17,0.28353410959243774,-0.2813927233219147
2,task_3,112,18,0.3295046091079712,-0.43090277910232544
2,task_3,112,19,0.3657936751842499,-0.5324211120605469
2,task_3,112,20,0.4042776823043823,-0.640744686126709
2,task_3,112,21,0.4414883255958557,-0.7217475771903992
2,task_3,112,22,0.46890705823898315,-0.7882309556007385
2,task_3,112,23,0.4942340850830078,-0.8488169312477112
2,task_3,112,24,0.5201194882392883,-0.9116165637969971
2,task_3,112,25,0.5403949022293091,-0.956932008266449
2,task_3,112,26,0.5571950078010559,-0.987848699092865
2,task_3,112,27,0.5736324191093445,-1.0313684940338135
2,task_3,112,28,0.5884345769882202,-1.061132788658142
2,task_3,112,29,1.527807354927063,-3.2398390769958496
2,task_3,113,0,0.0,0.0
2,task_3,113,1,0.0,0.0
2,task_3,113,2,0.0,0.0
2,task_3,113,3,0.0,0.0
2,task_3,113,4,0.0,0.0
2,task_3,113,5,0.0,0.0
2,task_3,113,6,0.0,0.0
2,task_3,113,7,0.0,0.0
2,task_3,113,8,0.007370807230472565,0.0
2,task_3,113,9,0.02038549818098545,0.0
2,task_3,113,10,0.03741003945469856,0.0
2,task_3,113,11,0.053501442074775696,0.0
2,task_3,113,12,0.06572683155536652,0.0
2,task_3,113,13,0.08406185358762741,0.0
2,task_3,113,14,0.10174214839935303,0.0
2,task_3,113,15,0.11379086971282959,0.0
2,task_3,113,16,0.125980943441391,0.0
2,task_3,113,17,0.14010702073574066,0.0
2,task_3,113,18,0.14636674523353577,0.0
2,task_3,113,19,0.15327376127243042,0.0
2,task_3,113,20,0.1594964861869812,0.0
2,task_3,113,21,0.1637449413537979,0.0
2,task_3,113,22,0.16756924986839294,0.0
2,task_3,113,23,0.1710093468427658,0.0
2,task_3,113,24,0.17423082888126373,0.0
2,task_3,113,25,0.1776694506406784,0.0
2,task_3,113,26,0.18141888082027435,0.0
2,task_3,113,27,0.18537668883800507,0.0
2,task_3,113,28,0.19105227291584015,0.0
2,task_3,113,29,0.2064550817012787,0.0
2,task_3,114,0,0.0,-0.3084472715854645
2,task_3,114,1,0.0,-0.3084472715854645
2,task_3,114,2,0.0,-0.3084472715854645
2,task_3,114,3,0.0,-0.3084472715854645
2,task_3,114,4,0.0,-0.3084472715854645
2,task_3,114,5,0.0,-0.3084472715854645
2,task_3,114,6,0.0,-0.3084472715854645
2,task_3,114,7,0.0,-0.3084472715854645
2,task_3,114,8,0.0,-0.3084472715854645
2,task_3,114,9,0.0,-0.3084472715854645
2,task_3,114,10,0.0,-0.3084472715854645
2,task_3,114,11,0.0,-0.3084472715854645
2,task_3,114,12,0.0,-0.3084472715854645
2,task_3,114,13,0.0,-0.3084472715854645
2,task_3,114,14,0.0,-0.3084472715854645
2,task_3,114,15,0.0,-0.3084472715854645
2,task_3,114,16,0.0,-0.3084472715854645
2,task_3,114,17,0.0,-0.3084472715854645
2,task_3,114,18,0.0,-0.3084472715854645
2,task_3,114,19,0.0,-0.3084472715854645
2,task_3,114,20,0.006574347615242004,-0.2900482416152954
2,task_3,114,21,0.0837874561548233,-0.10081067681312561
2,task_3,114,22,0.13856376707553864,0.041512198746204376
2,task_3,114,23,0.1783946305513382,0.14272662997245789
2,task_3,114,24,0.19531996548175812,0.18667706847190857
2,task_3,114,25,0.20570315420627594,0.2130603790283203
2,task_3,114,26,0.21655605733394623,0.24037538468837738
2,task_3,114,27,0.22607193887233734,0.2678000032901764
2,task_3,114,28,0.23847709596157074,0.30242040753364563
2,task_3,114,29,1.9187870025634766,5.165231704711914
2,task_3,115,0,0.0,-0.11368683725595474
2,task_3,115,1,0.0,-0.11368683725595474
2,task_3,115,2,0.0,-0.11368683725595474
2,task_3,115,3,0.0,-0.11368683725595474
2,task_3,115,4,0.0,-0.11368683725595474
2,task_3,115,5,0.0,-0.11368683725595474
2,task_3,115,6,0.0,-0.11368683725595474
2,task_3,115,7,0.0,-0.11368683725595474
2,task_3,115,8,0.0,-0.11368683725595474
2,task_3,115,9,0.0,-0.11368683725595474
2,task_3,115,10,0.0,-0.11368683725595474
2,task_3,115,11,0.0,-0.11368683725595474
2,task_3,115,12,0.0,-0.11368683725595474
2,task_3,115,13,0.0,-0.11368683725595474
2,task_3,115,14,0.0,-0.11368683725595474
2,task_3,115,15,0.0,-0.11368683725595474
2,task_3,115,16,0.0,-0.11368683725595474
2,task_3,115,17,0.0,-0.11368683725595474
2,task_3,115,18,0.0,-0.11368683725595474
2,task_3,115,19,0.0,-0.11368683725595474
2,task_3,115,20,0.0,-0.11368683725595474
2,task_3,115,21,0.0,-0.11368683725595474
2,task_3,115,22,0.0,-0.11368683725595474
2,task_3,115,23,0.0,-0.11368683725595474
2,task_3,115,24,0.0,-0.11368683725595474
2,task_3,115,25,7.134675979614258e-05,-0.11368683725595474
2,task_3,115,26,0.0441473126411438,-0.11368683725595474
2,task_3,115,27,0.0695258378982544,-0.11368683725595474
2,task_3,115,28,0.09218743443489075,-0.11368683725595474
2,task_3,115,29,0.12429700791835785,-0.11368683725595474
2,task_3,116,0,0.0,-0.4470967948436737
2,task_3,116,1,0.0,-0.4470967948436737
2,task_3,116,2,0.0,-0.4470967948436737
2,task_3,116,3,0.0,-0.4470967948436737
2,task_3,116,4,0.0,-0.4470967948436737
2,task_3,116,5,0.0,-0.4470967948436737
2,task_3,116,6,0.0,-0.4470967948436737
2,task_3,116,7,0.0,-0.4470967948436737
2,task_3,116,8,0.0,-0.4470967948436737
2,task_3,116,9,0.0,-0.4470967948436737
2,task_3,116,10,0.0,-0.4470967948436737
2,task_3,116,11,0.0,-0.4470967948436737
2,task_3,116,12,0.0,-0.4470967948436737
2,task_3,116,13,0.0,-0.4470967948436737
2,task_3,116,14,0.0,-0.4470967948436737
2,task_3,116,15,0.0,-0.4470967948436737
2,task_3,116,16,0.0,-0.4470967948436737
2,task_3,116,17,0.0,-0.4470967948436737
2,task_3,116,18,0.0,-0.4470967948436737
2,task_3,116,19,0.0,-0.4470967948436737
2,task_3,116,20,0.0,-0.4470967948436737
2,task_3,116,21,0.08743399381637573,-0.15382473170757294
2,task_3,116,22,0.18485134840011597,0.17580492794513702
2,task_3,116,23,0.266458123922348,0.39764609932899475
2,task_3,116,24,0.33798670768737793,0.6150528192520142
2,task_3,116,25,0.39374470710754395,0.8023108839988708
2,task_3,116,26,0.4316178262233734,0.93197101354599
2,task_3,116,27,0.45839837193489075,1.0199147462844849
2,task_3,116,28,0.4754038155078888,1.0712311267852783
2,task_3,116,29,1.7577403783798218,4.528926372528076
2,task_3,117,0,0.0,-0.3225162923336029
2,task_3,117,1,0.0,-0.3225162923336029
2,task_3,117,2,0.0,-0.3225162923336029
2,task_3,117,3,0.0,-0.3225162923336029
2,task_3,117,4,0.0,-0.3225162923336029
2,task_3,117,5,0.0,-0.3225162923336029
2,task_3,117,6,0.0,-0.3225162923336029
2,task_3,117,7,0.0,-0.3225162923336029
2,task_3,117,8,0.0,-0.3225162923336029
2,task_3,117,9,0.0,-0.3225162923336029
2,task_3,117,10,0.0,-0.3225162923336029
2,task_3,117,11,0.0,-0.3225162923336029
2,task_3,117,12,0.0,-0.3225162923336029
2,task_3,117,13,0.0,-0.3225162923336029
2,task_3,117,14,0.0,-0.3225162923336029
2,task_3,117,15,0.0,-0.3225162923336029
2,task_3,117,16,0.0004726201295852661,-0.3224552571773529
2,task_3,117,17,0.03659440577030182,-0.30402693152427673
2,task_3,117,18,0.09311854839324951,-0.24224969744682312
2,task_3,117,19,0.14788706600666046,-0.16613496840000153
2,task_3,117,20,0.1982542723417282,-0.08291064202785492
2,task_3,117,21,0.25321710109710693,0.004149526357650757
2,task_3,117,22,0.2913455367088318,0.06324601173400879
2,task_3,117,23,0.32485681772232056,0.12213741987943649
2,task_3,117,24,0.34038275480270386,0.14762690663337708
2,task_3,117,25,0.35134220123291016,0.1675397753715515
2,task_3,117,26,0.3602191209793091,0.18259599804878235
2,task_3,117,27,0.3666996359825134,0.19542434811592102
2,task_3,117,28,0.37618017196655273,0.21259331703186035
2,task_3,117,29,2.5869944095611572,5.182724475860596
2,task_3,118,0,0.0,-0.6317384839057922
2,task_3,118,1,0.0,-0.6317384839057922
2,task_3,118,2,0.0,-0.6317384839057922
2,task_3,118,3,0.0,-0.6317384839057922
2,task_3,118,4,0.0,-0.6317384839057922
2,task_3,118,5,0.0,-0.6317384839057922
2,task_3,118,6,0.0,-0.6317384839057922
2,task_3,118,7,0.0,-0.6317384839057922
2,task_3,118,8,0.006839405745267868,-0.6068441867828369
2,task_3,118,9,0.019741155207157135,-0.5646194815635681
2,task_3,118,10,0.039971280843019485,-0.4943044185638428
2,task_3,118,11,0.06163058057427406,-0.4170353412628174
2,task_3,118,12,0.08589474856853485,-0.33380308747291565
2,task_3,118,13,0.10379306972026825,-0.27075764536857605
2,task_3,118,14,0.12541469931602478,-0.20074555277824402
2,task_3,118,15,0.14912347495555878,-0.12278429418802261
2,task_3,118,16,0.16628091037273407,-0.06732360273599625
2,task_3,118,17,0.1879780888557434,-0.00162212154828012
2,task_3,118,18,0.2094726711511612,0.06757226586341858
2,task_3,118,19,0.23484592139720917,0.14632055163383484
2,task_3,118,20,0.25465044379234314,0.20906810462474823
2,task_3,118,21,0.26714789867401123,0.2580042779445648
2,task_3,118,22,0.2786060571670532,0.2921043336391449
2,task_3,118,23,0.28918567299842834,0.3338969349861145
2,task_3,118,24,0.2985861599445343,0.36341819167137146
2,task_3,118,25,0.3042464256286621,0.38055968284606934
2,task_3,118,26,0.3081902265548706,0.3925015926361084
2,task_3,118,27,0.31312447786331177,0.40552839636802673
2,task_3,118,28,0.3269824683666229,0.4555604159832001
2,task_3,118,29,2.5136051177978516,4.829212188720703
2,task_3,119,0,9.999999747378752e-05,0.05684341862797737
2,task_3,119,1,9.999999747378752e-05,0.05684341862797737
2,task_3,119,2,9.999999747378752e-05,0.05684341862797737
2,task_3,119,3,9.999999747378752e-05,0.05684341862797737
2,task_3,119,4,9.999999747378752e-05,0.05684341862797737
2,task_3,119,5,9.999999747378752e-05,0.05684341862797737
2,task_3,119,6,9.999999747378752e-05,0.05684341862797737
2,task_3,119,7,9.999999747378752e-05,0.05684341862797737
2,task_3,119,8,9.999999747378752e-05,0.05684341862797737
2,task_3,119,9,9.999999747378752e-05,0.05684341862797737
2,task_3,119,10,9.999999747378752e-05,0.05684341862797737
2,task_3,119,11,9.999999747378752e-05,0.05684341862797737
2,task_3,119,12,9.999999747378752e-05,0.05684341862797737
2,task_3,119,13,9.999999747378752e-05,0.05684341862797737
2,task_3,119,14,9.999999747378752e-05,0.05684341862797737
2,task_3,119,15,9.999999747378752e-05,0.05684341862797737
2,task_3,119,16,9.999999747378752e-05,0.05684341862797737
2,task_3,119,17,9.999999747378752e-05,0.05684341862797737
2,task_3,119,18,9.999999747378752e-05,0.05684341862797737
2,task_3,119,19,9.999999747378752e-05,0.05684341862797737
2,task_3,119,20,9.999999747378752e-05,0.05684341862797737
2,task_3,119,21,9.999999747378752e-05,0.05684341862797737
2,task_3,119,22,9.999999747378752e-05,0.05684341862797737
2,task_3,119,23,9.999999747378752e-05,0.05684341862797737
2,task_3,119,24,9.999999747378752e-05,0.05684341862797737
2,task_3,119,25,9.999999747378752e-05,0.05684341862797737
2,task_3,119,26,9.999999747378752e-05,0.05684341862797737
2,task_3,119,27,9.999999747378752e-05,0.05684341862797737
2,task_3,119,28,9.999999747378752e-05,0.05684341862797737
2,task_3,119,29,9.999999747378752e-05,0.05684341862797737
2,task_3,120,0,0.0,0.0
2,task_3,120,1,0.0,0.0
2,task_3,120,2,0.0,0.0
2,task_3,120,3,0.0,0.0
2,task_3,120,4,0.0,0.0
2,task_3,120,5,0.0,0.0
2,task_3,120,6,0.0,0.0
2,task_3,120,7,0.0,0.0
2,task_3,120,8,0.0,0.0
2,task_3,120,9,0.0,0.0
2,task_3,120,10,0.0,0.0
2,task_3,120,11,0.0,0.0
2,task_3,120,12,0.0,0.0
2,task_3,120,13,0.0,0.0
2,task_3,120,14,0.0,0.0
2,task_3,120,15,0.0,0.0
2,task_3,120,16,0.0,0.0
2,task_3,120,17,0.0,0.0
2,task_3,120,18,0.0,0.0
2,task_3,120,19,0.0,0.0
2,task_3,120,20,0.0,0.0
2,task_3,120,21,0.0,0.0
2,task_3,120,22,0.0,0.0
2,task_3,120,23,0.0,0.0
2,task_3,120,24,0.0,0.0
2,task_3,120,25,0.0,0.0
2,task_3,120,26,0.0,0.0
2,task_3,120,27,0.00782758742570877,0.0
2,task_3,120,28,0.018309131264686584,0.0
2,task_3,120,29,0.05088607594370842,0.0
2,task_3,121,0,0.0,-0.7904418110847473
2,task_3,121,1,0.0,-0.7904418110847473
2,task_3,121,2,0.0,-0.7904418110847473
2,task_3,121,3,0.0,-0.7904418110847473
2,task_3,121,4,0.0,-0.7904418110847473
2,task_3,121,5,0.0,-0.7904418110847473
2,task_3,121,6,0.0,-0.7904418110847473
2,task_3,121,7,0.0,-0.7904418110847473
2,task_3,121,8,0.0,-0.7904418110847473
2,task_3,121,9,0.0,-0.7904418110847473
2,task_3,121,10,0.0,-0.7904418110847473
2,task_3,121,11,0.0,-0.7904418110847473
2,task_3,121,12,0.016179949045181274,-0.7259982824325562
2,task_3,121,13,0.04591299593448639,-0.5923457145690918
2,task_3,121,14,0.08703760802745819,-0.42459601163864136
2,task_3,121,15,0.1389775276184082,-0.22173742949962616
2,task_3,121,16,0.1778281331062317,-0.0693526566028595
2,task_3,121,17,0.22700679302215576,0.13458137214183807
2,task_3,121,18,0.26814642548561096,0.30828553438186646
2,task_3,121,19,0.3002548813819885,0.452372282743454
2,task_3,121,20,0.31885212659835815,0.5304925441741943
2,task_3,121,21,0.33427420258522034,0.5962029099464417
2,task_3,121,22,0.35267141461372375,0.67594313621521
2,task_3,121,23,0.36521676182746887,0.7252249717712402
2,task_3,121,24,0.37591955065727234,0.773130476474762
2,task_3,121,25,0.3872701823711395,0.8191589713096619
2,task_3,121,26,0.3956163227558136,0.8489794731140137
2,task_3,121,27,0.4046545922756195,0.8854861855506897
2,task_3,121,28,0.41336026787757874,0.9175682067871094
2,task_3,121,29,1.741330862045288,3.851902961730957
2,task_3,122,0,0.26105034351348877,4.176155090332031
2,task_3,122,1,0.26765531301498413,2.6002635955810547
2,task_3,122,2,0.27347999811172485,1.1755774021148682
2,task_3,122,3,0.2779317796230316,0.12391311675310135
2,task_3,122,4,0.28194886445999146,0.12391311675310135
2,task_3,122,5,0.28507277369499207,0.12391311675310135
2,task_3,122,6,0.2879628539085388,0.12391311675310135
2,task_3,122,7,0.29084888100624084,0.12391311675310135
2,task_3,122,8,0.2930128276348114,-0.3896154761314392
2,task_3,122,9,0.2947133779525757,-0.3896154761314392
2,task_3,122,10,0.29727670550346375,-0.3896154761314392
2,task_3,122,11,0.29891693592071533,-0.3896154761314392
2,task_3,122,12,0.30061113834381104,-0.3896154761314392
2,task_3,122,13,0.3024018406867981,-0.3896154761314392
2,task_3,122,14,0.3046269416809082,-0.3896154761314392
2,task_3,122,15,0.3074151277542114,-0.3896154761314392
2,task_3,122,16,0.30943775177001953,-0.3896154761314392
2,task_3,122,17,0.3126413822174072,-0.3896154761314392
2,task_3,122,18,0.3174249231815338,-0.3896154761314392
2,task_3,122,19,0.32200324535369873,-0.3896154761314392
2,task_3,122,20,0.32865187525749207,-0.3896154761314392
2,task_3,122,21,0.33859288692474365,-0.3896154761314392
2,task_3,122,22,0.35418713092803955,-0.3896154761314392
2,task_3,122,23,0.3698195517063141,-0.3896154761314392
2,task_3,122,24,0.38829100131988525,-0.3896154761314392
2,task_3,122,25,0.40883705019950867,-0.3896154761314392
2,task_3,122,26,0.43243589997291565,-0.3896154761314392
2,task_3,122,27,0.45564696192741394,-0.3896154761314392
2,task_3,122,28,0.48406654596328735,-0.3896154761314392
2,task_3,122,29,0.5220421552658081,-0.3896154761314392
2,task_3,123,0,0.0,1.2823270559310913
2,task_3,123,1,0.0,1.2823270559310913
2,task_3,123,2,0.0,1.2823270559310913
2,task_3,123,3,0.0,1.2823270559310913
2,task_3,123,4,0.0,1.2823270559310913
2,task_3,123,5,0.0,1.2823270559310913
2,task_3,123,6,0.0,1.2823270559310913
2,task_3,123,7,0.017830118536949158,1.2543513774871826
2,task_3,123,8,0.07045526802539825,1.1539994478225708
2,task_3,123,9,0.12192295491695404,0.9454990029335022
2,task_3,123,10,0.17578594386577606,0.7125611901283264
2,task_3,123,11,0.2220606952905655,0.5072947144508362
2,task_3,123,12,0.2841915488243103,0.23332734405994415
2,task_3,123,13,0.3275354504585266,0.0419062077999115
2,task_3,123,14,0.38045525550842285,-0.192472442984581
2,task_3,123,15,0.4241337776184082,-0.38578230142593384
2,task_3,123,16,0.4754757285118103,-0.6125938296318054
2,task_3,123,17,0.5200037360191345,-0.8085200190544128
2,task_3,123,18,0.5600647926330566,-0.9854881167411804
2,task_3,123,19,0.5988942384719849,-0.9854881167411804
2,task_3,123,20,0.6257481575012207,-0.9854881167411804
2,task_3,123,21,0.6526474952697754,-0.9854881167411804
2,task_3,123,22,0.6803136467933655,-0.9854881167411804
2,task_3,123,23,0.6995170712471008,-0.9854881167411804
2,task_3,123,24,0.7147351503372192,-0.9854881167411804
2,task_3,123,25,0.7243747711181641,-0.9854881167411804
2,task_3,123,26,0.730368971824646,-0.9854881167411804
2,task_3,123,27,0.7372709512710571,-0.9854881167411804
2,task_3,123,28,0.7441830635070801,-0.9854881167411804
2,task_3,123,29,0.7657730579376221,-0.9854881167411804
2,task_3,124,0,0.0,-1.232792854309082
2,task_3,124,1,0.00834464281797409,-1.1822171211242676
2,task_3,124,2,0.047978222370147705,-0.9308332800865173
2,task_3,124,3,0.07397262006998062,-0.7386557459831238
2,task_3,124,4,0.09852375090122223,-0.5599992871284485
2,task_3,124,5,0.11250832676887512,-0.45215675234794617
2,task_3,124,6,0.1177058219909668,-0.41517287492752075
2,task_3,124,7,0.12286174297332764,-0.3758399486541748
2,task_3,124,8,0.1266445815563202,-0.3460266590118408
2,task_3,124,9,0.12952503561973572,-0.3236652612686157
2,task_3,124,10,0.13369043171405792,-0.2959412932395935
2,task_3,124,11,0.13678134977817535,-0.2712022066116333
2,task_3,124,12,0.13957644999027252,-0.2498542070388794
2,task_3,124,13,0.143281027674675,-0.22110697627067566
2,task_3,124,14,0.14634154736995697,-0.19768598675727844
2,task_3,124,15,0.15051092207431793,-0.16857104003429413
2,task_3,124,16,0.15419669449329376,-0.13496795296669006
2,task_3,124,17,0.15821124613285065,-0.09911434352397919
2,task_3,124,18,0.16109806299209595,-0.07564287632703781
2,task_3,124,19,0.1648658961057663,-0.04303283244371414
2,task_3,124,20,0.16939318180084229,-0.005612635985016823
2,task_3,124,21,0.17492462694644928,0.03686036542057991
2,task_3,124,22,0.18190284073352814,0.08898287266492844
2,task_3,124,23,0.1945648342370987,0.1864943504333496
2,task_3,124,24,0.21291926503181458,0.3164750635623932
2,task_3,124,25,0.2410525530576706,0.5189735293388367
2,task_3,124,26,0.264892041683197,0.6823805570602417
2,task_3,124,27,0.2885856628417969,0.8517796397209167
2,task_3,124,28,0.3248148560523987,1.1250044107437134
2,task_3,124,29,0.9075101613998413,4.5131378173828125
2,task_3,125,0,0.0,-0.5465909838676453
2,task_3,125,1,0.0,-0.5465909838676453
2,task_3,125,2,0.0,-0.5465909838676453
2,task_3,125,3,0.0,-0.5465909838676453
2,task_3,125,4,0.0,-0.5465909838676453
2,task_3,125,5,0.0,-0.5465909838676453
2,task_3,125,6,0.0,-0.5465909838676453
2,task_3,125,7,0.0,-0.5465909838676453
2,task_3,125,8,0.0,-0.5465909838676453
2,task_3,125,9,0.0,-0.5465909838676453
2,task_3,125,10,0.0,-0.5465909838676453
2,task_3,125,11,0.0,-0.5465909838676453
2,task_3,125,12,0.0,-0.5465909838676453
2,task_3,125,13,0.0,-0.5465909838676453
2,task_3,125,14,0.0,-0.5465909838676453
2,task_3,125,15,0.04453093186020851,-0.49111372232437134
2,task_3,125,16,0.13309000432491302,-0.37060052156448364
2,task_3,125,17,0.22389566898345947,-0.20870929956436157
2,task_3,125,18,0.3090822696685791,-0.05600602552294731
2,task_3,125,19,0.3859654366970062,0.08412718027830124
2,task_3,125,20,0.4655323922634125,0.22174060344696045
2,task_3,125,21,0.5354278087615967,0.3497168719768524
2,task_3,125,22,0.5925909876823425,0.465625524520874
2,task_3,125,23,0.6201707720756531,0.5181081891059875
2,task_3,125,24,0.6363905668258667,0.5538748502731323
2,task_3,125,25,0.6555453538894653,0.5908940434455872
2,task_3,125,26,0.6678657531738281,0.6144813299179077
2,task_3,125,27,0.6752347350120544,0.6315835118293762
2,task_3,125,28,0.6848493814468384,0.6503402590751648
2,task_3,125,29,3.1936144828796387,4.644803047180176
2,task_3,126,0,9.999999747378752e-05,-0.11368683725595474
2,task_3,126,1,9.999999747378752e-05,-0.11368683725595474
2,task_3,126,2,9.999999747378752e-05,-0.11368683725595474
2,task_3,126,3,9.999999747378752e-05,-0.11368683725595474
2,task_3,126,4,9.999999747378752e-05,-0.11368683725595474
2,task_3,126,5,9.999999747378752e-05,-0.11368683725595474
2,task_3,126,6,9.999999747378752e-05,-0.11368683725595474
2,task_3,126,7,9.999999747378752e-05,-0.11368683725595474
2,task_3,126,8,9.999999747378752e-05,-0.11368683725595474
2,task_3,126,9,9.999999747378752e-05,-0.11368683725595474
2,task_3,126,10,9.999999747378752e-05,-0.11368683725595474
2,task_3,126,11,9.999999747378752e-05,-0.11368683725595474
2,task_3,126,12,9.999999747378752e-05,-0.11368683725595474
2,task_3,126,13,9.999999747378752e-05,-0.11368683725595474
2,task_3,126,14,9.999999747378752e-05,-0.11368683725595474
2,task_3,126,15,9.999999747378752e-05,-0.11368683725595474
2,task_3,126,16,9.999999747378752e-05,-0.11368683725595474
2,task_3,126,17,9.999999747378752e-05,-0.11368683725595474
2,task_3,126,18,9.999999747378752e-05,-0.11368683725595474
2,task_3,126,19,9.999999747378752e-05,-0.11368683725595474
2,task_3,126,20,9.999999747378752e-05,-0.11368683725595474
2,task_3,126,21,9.999999747378752e-05,-0.11368683725595474
2,task_3,126,22,9.999999747378752e-05,-0.11368683725595474
2,task_3,126,23,9.999999747378752e-05,-0.11368683725595474
2,task_3,126,24,9.999999747378752e-05,-0.11368683725595474
2,task_3,126,25,9.999999747378752e-05,-0.11368683725595474
2,task_3,126,26,9.999999747378752e-05,-0.11368683725595474
2,task_3,126,27,9.999999747378752e-05,-0.11368683725595474
2,task_3,126,28,9.999999747378752e-05,-0.11368683725595474
2,task_3,126,29,9.999999747378752e-05,-0.11368683725595474
2,task_3,127,0,0.0,0.6462173461914062
2,task_3,127,1,0.0,0.6462173461914062
2,task_3,127,2,0.0,0.6462173461914062
2,task_3,127,3,0.0,0.6462173461914062
2,task_3,127,4,0.0,0.6462173461914062
2,task_3,127,5,0.0,0.6462173461914062
2,task_3,127,6,0.0,0.6462173461914062
2,task_3,127,7,0.0,0.6462173461914062
2,task_3,127,8,0.0,0.6462173461914062
2,task_3,127,9,0.0,0.6462173461914062
2,task_3,127,10,0.0,0.6462173461914062
2,task_3,127,11,0.0,0.6462173461914062
2,task_3,127,12,0.0,0.6462173461914062
2,task_3,127,13,0.0,0.6462173461914062
2,task_3,127,14,0.0,0.6462173461914062
2,task_3,127,15,0.0,0.6462173461914062
2,task_3,127,16,0.0,0.6462173461914062
2,task_3,127,17,0.0,0.6462173461914062
2,task_3,127,18,0.05390360951423645,0.3445865511894226
2,task_3,127,19,0.0994240790605545,0.06557180732488632
2,task_3,127,20,0.1457785964012146,-0.21645140647888184
2,task_3,127,21,0.18946421146392822,-0.4713418483734131
2,task_3,127,22,0.2293827384710312,-0.7183180451393127
2,task_3,127,23,0.2696433663368225,-0.9508146643638611
2,task_3,127,24,0.29540327191352844,-1.0951732397079468
2,task_3,127,25,0.31138789653778076,-1.1858775615692139
2,task_3,127,26,0.324347585439682,-1.2591429948806763
2,task_3,127,27,0.33620893955230713,-1.321778416633606
2,task_3,127,28,0.3469293713569641,-1.3865435123443604
2,task_3,127,29,0.6541211605072021,-3.436629056930542
3,task_4,0,0,0.0,0.8678398132324219
3,task_4,0,1,0.0,0.8678398132324219
3,task_4,0,2,0.0,0.8678398132324219
3,task_4,0,3,0.0,0.8678398132324219
3,task_4,0,4,0.0,0.8678398132324219
3,task_4,0,5,0.0,0.8678398132324219
3,task_4,0,6,0.0,0.8678398132324219
3,task_4,0,7,0.0,0.8678398132324219
3,task_4,0,8,0.0,0.8678398132324219
3,task_4,0,9,0.0,0.8678398132324219
3,task_4,0,10,0.0,0.8678398132324219
3,task_4,0,11,0.0,0.8678398132324219
3,task_4,0,12,0.0,0.8678398132324219
3,task_4,0,13,0.0,0.8678398132324219
3,task_4,0,14,0.0,0.8678398132324219
3,task_4,0,15,0.03520308807492256,0.5583811402320862
3,task_4,0,16,0.10445520281791687,-0.08587777614593506
3,task_4,0,17,0.17465661466121674,-0.4698982834815979
3,task_4,0,18,0.22535546123981476,-0.5006443858146667
3,task_4,0,19,0.29053056240081787,-0.5989315509796143
3,task_4,0,20,0.35404765605926514,-0.6894566416740417
3,task_4,0,21,0.40458932518959045,-0.7311550378799438
3,task_4,0,22,0.4893450438976288,-0.7577829360961914
3,task_4,0,23,0.5916187763214111,-0.928238570690155
3,task_4,0,24,0.6756428480148315,-1.050280213356018
3,task_4,0,25,0.740035891532898,-1.2326691150665283
3,task_4,0,26,0.7758890390396118,-1.3227450847625732
3,task_4,0,27,0.7924081087112427,-1.3671680688858032
3,task_4,0,28,0.8120061159133911,-1.426009178161621
3,task_4,0,29,1.5856438875198364,-2.4151217937469482
3,task_4,1,0,0.0,-0.44859451055526733
3,task_4,1,1,0.0,-0.44859451055526733
3,task_4,1,2,0.0,-0.44859451055526733
3,task_4,1,3,0.0,-0.44859451055526733
3,task_4,1,4,0.0,-0.44859451055526733
3,task_4,1,5,0.0,-0.44859451055526733
3,task_4,1,6,0.0,-0.44859451055526733
3,task_4,1,7,0.0,-0.44859451055526733
3,task_4,1,8,0.0,-0.44859451055526733
3,task_4,1,9,0.0,-0.44859451055526733
3,task_4,1,10,0.0,-0.44859451055526733
3,task_4,1,11,0.0,-0.44859451055526733
3,task_4,1,12,0.0,-0.44859451055526733
3,task_4,1,13,0.0,-0.44859451055526733
3,task_4,1,14,0.0,-0.44859451055526733
3,task_4,1,15,0.0,-0.44859451055526733
3,task_4,1,16,0.0,-0.44859451055526733
3,task_4,1,17,0.0,-0.44859451055526733
3,task_4,1,18,0.0,-0.44859451055526733
3,task_4,1,19,0.0,-0.44859451055526733
3,task_4,1,20,0.0,-0.44859451055526733
3,task_4,1,21,0.0,-0.44859451055526733
3,task_4,1,22,0.0,-0.44859451055526733
3,task_4,1,23,0.013907238841056824,-0.13116572797298431
3,task_4,1,24,0.045609280467033386,0.6040967106819153
3,task_4,1,25,0.07025355100631714,1.0616681575775146
3,task_4,1,26,0.09779690206050873,1.4764251708984375
3,task_4,1,27,0.11519856750965118,1.679491639137268
3,task_4,1,28,0.12393094599246979,1.8062790632247925
3,task_4,1,29,0.8780432343482971,3.8208770751953125
3,task_4,2,0,0.7833118438720703,1.3457953929901123
3,task_4,2,1,0.7904234528541565,1.2662864923477173
3,task_4,2,2,0.7946001291275024,1.2350776195526123
3,task_4,2,3,0.8024474382400513,1.1462457180023193
3,task_4,2,4,0.8106870055198669,1.080519676208496
3,task_4,2,5,0.8197630643844604,1.0579462051391602
3,task_4,2,6,0.8320246338844299,0.9533756375312805
3,task_4,2,7,0.8445244431495667,0.8480629324913025
3,task_4,2,8,0.8552560210227966,0.7746129035949707
3,task_4,2,9,0.8681718111038208,0.690109133720398
3,task_4,2,10,0.8851760625839233,0.5558854937553406
3,task_4,2,11,0.9010080695152283,0.49657925963401794
3,task_4,2,12,0.9196105599403381,0.3436262607574463
3,task_4,2,13,0.9300327897071838,0.2068304717540741
3,task_4,2,14,0.9451373219490051,0.14927609264850616
3,task_4,2,15,0.959771454334259,0.05848677456378937
3,task_4,2,16,0.9744512438774109,-0.09241292625665665
3,task_4,2,17,0.9872700572013855,-0.19847291707992554
3,task_4,2,18,1.0015925168991089,-0.27406543493270874
3,task_4,2,19,1.0147035121917725,-0.4364357590675354
3,task_4,2,20,1.028275728225708,-0.5067285895347595
3,task_4,2,21,1.0392980575561523,-0.647122323513031
3,task_4,2,22,1.0477705001831055,-0.7175399661064148
3,task_4,2,23,1.054824709892273,-0.7642937302589417
3,task_4,2,24,1.0600956678390503,-0.8205853700637817
3,task_4,2,25,1.065126895904541,-0.8630958199501038
3,task_4,2,26,1.073700189590454,-0.9357425570487976
3,task_4,2,27,1.1174958944320679,-1.3926994800567627
3,task_4,2,28,1.178582787513733,-1.8947405815124512
3,task_4,2,29,2.084752082824707,-2.6647849082946777
3,task_4,3,0,0.0,0.6861202716827393
3,task_4,3,1,0.0,0.6861202716827393
3,task_4,3,2,0.0,0.6861202716827393
3,task_4,3,3,0.0,0.6861202716827393
3,task_4,3,4,0.0,0.6861202716827393
3,task_4,3,5,0.0,0.6861202716827393
3,task_4,3,6,0.0,0.6861202716827393
3,task_4,3,7,0.023411085829138756,0.6280325651168823
3,task_4,3,8,0.048327334225177765,0.5705105662345886
3,task_4,3,9,0.07369083911180496,0.5409402847290039
3,task_4,3,10,0.09473124146461487,0.4874344766139984
3,task_4,3,11,0.13138699531555176,0.4149693250656128
3,task_4,3,12,0.15733031928539276,0.37783172726631165
3,task_4,3,13,0.1950821727514267,0.30083727836608887
3,task_4,3,14,0.2248755246400833,0.264862984418869
3,task_4,3,15,0.2648528218269348,0.18467263877391815
3,task_4,3,16,0.2937546372413635,0.12615829706192017
3,task_4,3,17,0.32195615768432617,0.052869781851768494
3,task_4,3,18,0.3605909049510956,-0.04600600525736809
3,task_4,3,19,0.3910740315914154,-0.09825336188077927
3,task_4,3,20,0.42009544372558594,-0.20582734048366547
3,task_4,3,21,0.4389324486255646,-0.2672622501850128
3,task_4,3,22,0.4527552127838135,-0.30748894810676575
3,task_4,3,23,0.4667208790779114,-0.36569592356681824
3,task_4,3,24,0.479362428188324,-0.4028250575065613
3,task_4,3,25,0.48928600549697876,-0.4240048825740814
3,task_4,3,26,0.5130484104156494,-0.49275484681129456
3,task_4,3,27,0.564675509929657,-0.6052020788192749
3,task_4,3,28,0.6499413251876831,-0.8586120009422302
3,task_4,3,29,3.3343758583068848,-4.678028106689453
3,task_4,4,0,9.999999747378752e-05,-0.11368683725595474
3,task_4,4,1,9.999999747378752e-05,-0.11368683725595474
3,task_4,4,2,9.999999747378752e-05,-0.11368683725595474
3,task_4,4,3,9.999999747378752e-05,-0.11368683725595474
3,task_4,4,4,9.999999747378752e-05,-0.11368683725595474
3,task_4,4,5,9.999999747378752e-05,-0.11368683725595474
3,task_4,4,6,9.999999747378752e-05,-0.11368683725595474
3,task_4,4,7,9.999999747378752e-05,-0.11368683725595474
3,task_4,4,8,9.999999747378752e-05,-0.11368683725595474
3,task_4,4,9,9.999999747378752e-05,-0.11368683725595474
3,task_4,4,10,9.999999747378752e-05,-0.11368683725595474
3,task_4,4,11,9.999999747378752e-05,-0.11368683725595474
3,task_4,4,12,9.999999747378752e-05,-0.11368683725595474
3,task_4,4,13,9.999999747378752e-05,-0.11368683725595474
3,task_4,4,14,9.999999747378752e-05,-0.11368683725595474
3,task_4,4,15,9.999999747378752e-05,-0.11368683725595474
3,task_4,4,16,9.999999747378752e-05,-0.11368683725595474
3,task_4,4,17,9.999999747378752e-05,-0.11368683725595474
3,task_4,4,18,9.999999747378752e-05,-0.11368683725595474
3,task_4,4,19,9.999999747378752e-05,-0.11368683725595474
3,task_4,4,20,9.999999747378752e-05,-0.11368683725595474
3,task_4,4,21,9.999999747378752e-05,-0.11368683725595474
3,task_4,4,22,9.999999747378752e-05,-0.11368683725595474
3,task_4,4,23,9.999999747378752e-05,-0.11368683725595474
3,task_4,4,24,9.999999747378752e-05,-0.11368683725595474
3,task_4,4,25,9.999999747378752e-05,-0.11368683725595474
3,task_4,4,26,9.999999747378752e-05,-0.11368683725595474
3,task_4,4,27,9.999999747378752e-05,-0.11368683725595474
3,task_4,4,28,9.999999747378752e-05,-0.11368683725595474
3,task_4,4,29,9.999999747378752e-05,-0.11368683725595474
3,task_4,5,0,0.0,-0.3535791039466858
3,task_4,5,1,0.0,-0.3535791039466858
3,task_4,5,2,0.0,-0.3535791039466858
3,task_4,5,3,0.0,-0.3535791039466858
3,task_4,5,4,0.0,-0.3535791039466858
3,task_4,5,5,0.0,-0.3535791039466858
3,task_4,5,6,0.0,-0.3535791039466858
3,task_4,5,7,0.0,-0.3535791039466858
3,task_4,5,8,0.0,-0.3535791039466858
3,task_4,5,9,0.0,-0.3535791039466858
3,task_4,5,10,0.0,-0.3535791039466858
3,task_4,5,11,0.0,-0.3535791039466858
3,task_4,5,12,0.0,-0.3535791039466858
3,task_4,5,13,0.0,-0.3535791039466858
3,task_4,5,14,0.0,-0.3535791039466858
3,task_4,5,15,0.0,-0.3535791039466858
3,task_4,5,16,0.0,-0.3535791039466858
3,task_4,5,17,0.0,-0.3535791039466858
3,task_4,5,18,0.0,-0.3535791039466858
3,task_4,5,19,0.0,-0.3535791039466858
3,task_4,5,20,0.0,-0.3535791039466858
3,task_4,5,21,0.0,-0.3535791039466858
3,task_4,5,22,0.0,-0.3535791039466858
3,task_4,5,23,0.033010274171829224,-0.23366768658161163
3,task_4,5,24,0.10935941338539124,0.05173336714506149
3,task_4,5,25,0.19601255655288696,0.42169710993766785
3,task_4,5,26,0.2832714915275574,0.7516514658927917
3,task_4,5,27,0.3462064862251282,1.0449163913726807
3,task_4,5,28,0.42172616720199585,1.3669071197509766
3,task_4,5,29,1.4493814706802368,4.729081153869629
3,task_4,6,0,0.0,0.6356634497642517
3,task_4,6,1,0.0,0.6356634497642517
3,task_4,6,2,0.0,0.6356634497642517
3,task_4,6,3,0.0,0.6356634497642517
3,task_4,6,4,0.0,0.6356634497642517
3,task_4,6,5,0.0,0.6356634497642517
3,task_4,6,6,0.0,0.6356634497642517
3,task_4,6,7,0.0,0.6356634497642517
3,task_4,6,8,0.0,0.6356634497642517
3,task_4,6,9,0.0,0.6356634497642517
3,task_4,6,10,0.0,0.6356634497642517
3,task_4,6,11,0.09752841293811798,0.5584129691123962
3,task_4,6,12,0.21331210434436798,0.46872153878211975
3,task_4,6,13,0.3225795030593872,0.3879616856575012
3,task_4,6,14,0.44997096061706543,0.292580783367157
3,task_4,6,15,0.5489693284034729,0.1935112178325653
3,task_4,6,16,0.6515002846717834,0.08604719489812851
3,task_4,6,17,0.7385880947113037,0.027368756011128426
3,task_4,6,18,0.8451352715492249,-0.04158111289143562
3,task_4,6,19,0.9381300210952759,-0.13360895216464996
3,task_4,6,20,1.01813805103302,-0.19382351636886597
3,task_4,6,21,1.0965583324432373,-0.27083131670951843
3,task_4,6,22,1.1645960807800293,-0.36711353063583374
3,task_4,6,23,1.2253031730651855,-0.4328426718711853
3,task_4,6,24,1.2829326391220093,-0.5048516988754272
3,task_4,6,25,1.3224951028823853,-0.5551892518997192
3,task_4,6,26,1.3581515550613403,-0.5857639312744141
3,task_4,6,27,1.3793879747390747,-0.6233437657356262
3,task_4,6,28,1.3991942405700684,-0.6539255380630493
3,task_4,6,29,3.8197107315063477,-4.644026279449463
3,task_4,7,0,9.999999747378752e-05,0.22737367451190948
3,task_4,7,1,9.999999747378752e-05,0.22737367451190948
3,task_4,7,2,9.999999747378752e-05,0.22737367451190948
3,task_4,7,3,9.999999747378752e-05,0.22737367451190948
3,task_4,7,4,9.999999747378752e-05,0.22737367451190948
3,task_4,7,5,9.999999747378752e-05,0.22737367451190948
3,task_4,7,6,9.999999747378752e-05,0.22737367451190948
3,task_4,7,7,9.999999747378752e-05,0.22737367451190948
3,task_4,7,8,9.999999747378752e-05,0.22737367451190948
3,task_4,7,9,9.999999747378752e-05,0.22737367451190948
3,task_4,7,10,9.999999747378752e-05,0.22737367451190948
3,task_4,7,11,9.999999747378752e-05,0.22737367451190948
3,task_4,7,12,9.999999747378752e-05,0.22737367451190948
3,task_4,7,13,9.999999747378752e-05,0.22737367451190948
3,task_4,7,14,9.999999747378752e-05,0.22737367451190948
3,task_4,7,15,9.999999747378752e-05,0.22737367451190948
3,task_4,7,16,9.999999747378752e-05,0.22737367451190948
3,task_4,7,17,9.999999747378752e-05,0.22737367451190948
3,task_4,7,18,9.999999747378752e-05,0.22737367451190948
3,task_4,7,19,9.999999747378752e-05,0.22737367451190948
3,task_4,7,20,9.999999747378752e-05,0.22737367451190948
3,task_4,7,21,9.999999747378752e-05,0.22737367451190948
3,task_4,7,22,9.999999747378752e-05,0.22737367451190948
3,task_4,7,23,9.999999747378752e-05,0.22737367451190948
3,task_4,7,24,9.999999747378752e-05,0.22737367451190948
3,task_4,7,25,9.999999747378752e-05,0.22737367451190948
3,task_4,7,26,9.999999747378752e-05,0.22737367451190948
3,task_4,7,27,9.999999747378752e-05,0.22737367451190948
3,task_4,7,28,9.999999747378752e-05,0.22737367451190948
3,task_4,7,29,9.999999747378752e-05,0.22737367451190948
3,task_4,8,0,0.0,5.294651985168457
3,task_4,8,1,1.6492406129837036,-0.182573601603508
3,task_4,8,2,1.6492406129837036,-0.182573601603508
3,task_4,8,3,1.6492406129837036,-0.182573601603508
3,task_4,8,4,1.6492406129837036,-0.182573601603508
3,task_4,8,5,1.6492406129837036,-0.182573601603508
3,task_4,8,6,1.6492406129837036,-0.182573601603508
3,task_4,8,7,1.6492406129837036,-0.182573601603508
3,task_4,8,8,1.6492406129837036,-0.182573601603508
3,task_4,8,9,1.6492406129837036,-0.182573601603508
3,task_4,8,10,1.6492406129837036,-0.182573601603508
3,task_4,8,11,1.6492406129837036,-0.182573601603508
3,task_4,8,12,1.6492406129837036,-0.182573601603508
3,task_4,8,13,1.6492406129837036,-0.182573601603508
3,task_4,8,14,1.6492406129837036,-0.182573601603508
3,task_4,8,15,1.6492406129837036,-0.182573601603508
3,task_4,8,16,1.6492406129837036,-0.182573601603508
3,task_4,8,17,1.6492406129837036,-0.182573601603508
3,task_4,8,18,1.6492406129837036,-0.182573601603508
3,task_4,8,19,1.6492406129837036,-0.182573601603508
3,task_4,8,20,1.6492406129837036,-0.182573601603508
3,task_4,8,21,1.6492406129837036,-0.182573601603508
3,task_4,8,22,1.6492406129837036,-0.182573601603508
3,task_4,8,23,1.6492406129837036,-0.182573601603508
3,task_4,8,24,1.6492406129837036,-0.182573601603508
3,task_4,8,25,1.6492406129837036,-0.182573601603508
3,task_4,8,26,1.6492406129837036,-0.182573601603508
3,task_4,8,27,1.6492406129837036,-0.182573601603508
3,task_4,8,28,1.6492406129837036,-0.182573601603508
3,task_4,8,29,1.6492406129837036,-0.182573601603508
3,task_4,9,0,0.25775542855262756,0.7134047150611877
3,task_4,9,1,0.2683514952659607,0.6699951887130737
3,task_4,9,2,0.27483683824539185,0.6416574716567993
3,task_4,9,3,0.2784896790981293,0.6250594854354858
3,task_4,9,4,0.28381016850471497,0.5969741940498352
3,task_4,9,5,0.28903213143348694,0.5692580342292786
3,task_4,9,6,0.2937547564506531,0.5542704463005066
3,task_4,9,7,0.29724523425102234,0.5303035378456116
3,task_4,9,8,0.3037259578704834,0.5028852224349976
3,task_4,9,9,0.3120134472846985,0.4717108905315399
3,task_4,9,10,0.3169538378715515,0.4553660750389099
3,task_4,9,11,0.3237532079219818,0.43460893630981445
3,task_4,9,12,0.3314720690250397,0.40873637795448303
3,task_4,9,13,0.3397098779678345,0.380235880613327
3,task_4,9,14,0.3456808626651764,0.3442865312099457
3,task_4,9,15,0.3516516089439392,0.30754631757736206
3,task_4,9,16,0.3569885790348053,0.2990128993988037
3,task_4,9,17,0.3614500164985657,0.2809285521507263
3,task_4,9,18,0.36621031165122986,0.2631770670413971
3,task_4,9,19,0.37156328558921814,0.231148824095726
3,task_4,9,20,0.3794223666191101,0.19064803421497345
3,task_4,9,21,0.39133399724960327,0.14860321581363678
3,task_4,9,22,0.41438156366348267,0.04229668527841568
3,task_4,9,23,0.4650989770889282,-0.17328299582004547
3,task_4,9,24,0.513787567615509,-0.3903511166572571
3,task_4,9,25,0.5674354434013367,-0.6435866951942444
3,task_4,9,26,0.6382381319999695,-0.9879748225212097
3,task_4,9,27,0.7264043092727661,-1.568882703781128
3,task_4,9,28,0.7890262007713318,-1.76670503616333
3,task_4,9,29,1.9176108837127686,-4.13132905960083
3,task_4,10,0,0.1533527821302414,0.8235366940498352
3,task_4,10,1,0.17070037126541138,0.8077549934387207
3,task_4,10,2,0.18339988589286804,0.7763091325759888
3,task_4,10,3,0.1973123997449875,0.7573003172874451
3,task_4,10,4,0.20737721025943756,0.7393339276313782
3,task_4,10,5,0.2153698354959488,0.7212938666343689
3,task_4,10,6,0.22384576499462128,0.7176569700241089
3,task_4,10,7,0.23354366421699524,0.7036489248275757
3,task_4,10,8,0.24293026328086853,0.6917495727539062
3,task_4,10,9,0.252813458442688,0.6778531074523926
3,task_4,10,10,0.2640993297100067,0.6609832644462585
3,task_4,10,11,0.27700603008270264,0.6482082605361938
3,task_4,10,12,0.30438220500946045,0.6002451181411743
3,task_4,10,13,0.32557013630867004,0.5648990869522095
3,task_4,10,14,0.3632376790046692,0.5165085792541504
3,task_4,10,15,0.3954954147338867,0.46610450744628906
3,task_4,10,16,0.44933292269706726,0.4123578667640686
3,task_4,10,17,0.49442437291145325,0.36325761675834656
3,task_4,10,18,0.5476375818252563,0.31492701172828674
3,task_4,10,19,0.6166375875473022,0.23675908148288727
3,task_4,10,20,0.6846439838409424,0.1101447120308876
3,task_4,10,21,0.7729406356811523,-0.1846502274274826
3,task_4,10,22,0.8532677888870239,-0.6614739298820496
3,task_4,10,23,0.9393318891525269,-0.9449862837791443
3,task_4,10,24,1.0400322675704956,-1.168923258781433
3,task_4,10,25,1.1412420272827148,-1.411691427230835
3,task_4,10,26,1.2316113710403442,-1.5812339782714844
3,task_4,10,27,1.3543864488601685,-1.8242077827453613
3,task_4,10,28,1.4430798292160034,-1.9846515655517578
3,task_4,10,29,2.0937795639038086,-2.5490150451660156
3,task_4,11,0,0.0,-0.456830769777298
3,task_4,11,1,0.0,-0.456830769777298
3,task_4,11,2,0.0,-0.456830769777298
3,task_4,11,3,0.0,-0.456830769777298
3,task_4,11,4,0.0,-0.456830769777298
3,task_4,11,5,0.0,-0.456830769777298
3,task_4,11,6,0.0,-0.456830769777298
3,task_4,11,7,0.0,-0.456830769777298
3,task_4,11,8,0.0,-0.456830769777298
3,task_4,11,9,0.0,-0.456830769777298
3,task_4,11,10,0.0,-0.456830769777298
3,task_4,11,11,0.0,-0.456830769777298
3,task_4,11,12,0.018519222736358643,-0.3556966483592987
3,task_4,11,13,0.041024014353752136,-0.30965161323547363
3,task_4,11,14,0.05891968309879303,-0.26099810004234314
3,task_4,11,15,0.07871435582637787,-0.1972436010837555
3,task_4,11,16,0.0994822233915329,-0.14683523774147034
3,task_4,11,17,0.12195028364658356,-0.08377398550510406
3,task_4,11,18,0.13891439139842987,-0.03501831367611885
3,task_4,11,19,0.1529700607061386,-0.006749353371560574
3,task_4,11,20,0.1715148240327835,0.046416886150836945
3,task_4,11,21,0.18992634117603302,0.10615481436252594
3,task_4,11,22,0.20228125154972076,0.14242413640022278
3,task_4,11,23,0.2120608240365982,0.17552101612091064
3,task_4,11,24,0.22557659447193146,0.21394921839237213
3,task_4,11,25,0.23648659884929657,0.2521287500858307
3,task_4,11,26,0.24021635949611664,0.2709551155567169
3,task_4,11,27,0.24451811611652374,0.29199448227882385
3,task_4,11,28,0.2481451779603958,0.3079865276813507
3,task_4,11,29,2.809020519256592,5.070403575897217
3,task_4,12,0,0.0,0.028421709313988686
3,task_4,12,1,0.0,0.028421709313988686
3,task_4,12,2,0.0,0.028421709313988686
3,task_4,12,3,0.0,0.028421709313988686
3,task_4,12,4,0.0,0.028421709313988686
3,task_4,12,5,0.0,0.028421709313988686
3,task_4,12,6,0.0,0.028421709313988686
3,task_4,12,7,0.0,0.028421709313988686
3,task_4,12,8,0.0,0.028421709313988686
3,task_4,12,9,0.0,0.028421709313988686
3,task_4,12,10,0.0,0.028421709313988686
3,task_4,12,11,0.0,0.028421709313988686
3,task_4,12,12,0.0,0.028421709313988686
3,task_4,12,13,0.0,0.028421709313988686
3,task_4,12,14,0.0,0.028421709313988686
3,task_4,12,15,0.0,0.028421709313988686
3,task_4,12,16,0.0,0.028421709313988686
3,task_4,12,17,0.0,0.028421709313988686
3,task_4,12,18,0.0,0.028421709313988686
3,task_4,12,19,0.0,0.028421709313988686
3,task_4,12,20,0.0,0.028421709313988686
3,task_4,12,21,0.0,0.028421709313988686
3,task_4,12,22,0.0,0.028421709313988686
3,task_4,12,23,0.0,0.028421709313988686
3,task_4,12,24,0.0,0.028421709313988686
3,task_4,12,25,0.0,0.028421709313988686
3,task_4,12,26,0.0,0.028421709313988686
3,task_4,12,27,0.0,0.028421709313988686
3,task_4,12,28,0.0,0.028421709313988686
3,task_4,12,29,0.03548933565616608,0.028421709313988686
3,task_4,13,0,0.0,0.0
3,task_4,13,1,0.0,0.0
3,task_4,13,2,0.0,0.0
3,task_4,13,3,0.0,0.0
3,task_4,13,4,0.0,0.0
3,task_4,13,5,0.0,0.0
3,task_4,13,6,0.0,0.0
3,task_4,13,7,0.0,0.0
3,task_4,13,8,0.0,0.0
3,task_4,13,9,0.0,0.0
3,task_4,13,10,0.0,0.0
3,task_4,13,11,0.0,0.0
3,task_4,13,12,0.0,0.0
3,task_4,13,13,0.0,0.0
3,task_4,13,14,0.0,0.0
3,task_4,13,15,0.0,0.0
3,task_4,13,16,0.0,0.0
3,task_4,13,17,0.0,0.0
3,task_4,13,18,0.0,0.0
3,task_4,13,19,0.0,0.0
3,task_4,13,20,0.040624648332595825,0.0
3,task_4,13,21,0.09698307514190674,0.0
3,task_4,13,22,0.1365489661693573,0.0
3,task_4,13,23,0.15695589780807495,0.0
3,task_4,13,24,0.17580589652061462,0.0
3,task_4,13,25,0.187050461769104,0.0
3,task_4,13,26,0.19578152894973755,0.0
3,task_4,13,27,0.20808175206184387,0.0
3,task_4,13,28,0.21751150488853455,0.0
3,task_4,13,29,0.24827592074871063,0.0
3,task_4,14,0,0.0,0.6718312501907349
3,task_4,14,1,0.0,0.6718312501907349
3,task_4,14,2,0.0,0.6718312501907349
3,task_4,14,3,0.0,0.6718312501907349
3,task_4,14,4,0.0,0.6718312501907349
3,task_4,14,5,0.0,0.6718312501907349
3,task_4,14,6,0.0,0.6718312501907349
3,task_4,14,7,0.0,0.6718312501907349
3,task_4,14,8,0.0,0.6718312501907349
3,task_4,14,9,0.0,0.6718312501907349
3,task_4,14,10,0.0,0.6718312501907349
3,task_4,14,11,0.0,0.6718312501907349
3,task_4,14,12,0.0,0.6718312501907349
3,task_4,14,13,0.0,0.6718312501907349
3,task_4,14,14,0.025479212403297424,0.5354011058807373
3,task_4,14,15,0.061691392213106155,0.39166051149368286
3,task_4,14,16,0.10307769477367401,0.2304481714963913
3,task_4,14,17,0.1495254784822464,0.05161811038851738
3,task_4,14,18,0.18695852160453796,-0.112793929874897
3,task_4,14,19,0.22530068457126617,-0.22703175246715546
3,task_4,14,20,0.25567713379859924,-0.3545171320438385
3,task_4,14,21,0.2934725284576416,-0.445768803358078
3,task_4,14,22,0.3269304633140564,-0.5449429750442505
3,task_4,14,23,0.3476400077342987,-0.6432904601097107
3,task_4,14,24,0.3697483539581299,-0.7271256446838379
3,task_4,14,25,0.39277374744415283,-0.777069091796875
3,task_4,14,26,0.4068226218223572,-0.8196423649787903
3,task_4,14,27,0.4207404851913452,-0.8674672842025757
3,task_4,14,28,0.4292181730270386,-0.8819079995155334
3,task_4,14,29,1.337992548942566,-4.2132062911987305
3,task_4,15,0,0.0,1.5892716646194458
3,task_4,15,1,0.0,1.5892716646194458
3,task_4,15,2,0.0,1.5892716646194458
3,task_4,15,3,0.03029423952102661,1.5152454376220703
3,task_4,15,4,0.0768561065196991,1.3749946355819702
3,task_4,15,5,0.12089434266090393,1.2052874565124512
3,task_4,15,6,0.16154485940933228,1.0505523681640625
3,task_4,15,7,0.21806353330612183,0.8303831815719604
3,task_4,15,8,0.26296353340148926,0.6942636966705322
3,task_4,15,9,0.3173559308052063,0.43359896540641785
3,task_4,15,10,0.3649890720844269,0.2112399935722351
3,task_4,15,11,0.4181981384754181,0.005935481749475002
3,task_4,15,12,0.4517193138599396,-0.10186691582202911
3,task_4,15,13,0.4961714446544647,-0.28924140334129333
3,task_4,15,14,0.5191606283187866,-0.3654872179031372
3,task_4,15,15,0.5328197479248047,-0.4156825840473175
3,task_4,15,16,0.5454175472259521,-0.450723260641098
3,task_4,15,17,0.5527483224868774,-0.4822641909122467
3,task_4,15,18,0.5656818151473999,-0.5286856889724731
3,task_4,15,19,0.5786571502685547,-0.580710768699646
3,task_4,15,20,0.592064619064331,-0.6087446808815002
3,task_4,15,21,0.6004699468612671,-0.6318804621696472
3,task_4,15,22,0.6060683727264404,-0.6502114534378052
3,task_4,15,23,0.6134741306304932,-0.6591488718986511
3,task_4,15,24,0.6201171875,-0.6728498935699463
3,task_4,15,25,0.628774881362915,-0.6967185139656067
3,task_4,15,26,0.6359339952468872,-0.7126708626747131
3,task_4,15,27,0.6433382034301758,-0.7253614068031311
3,task_4,15,28,0.6549714803695679,-0.7489635944366455
3,task_4,15,29,1.0656416416168213,-2.7681002616882324
3,task_4,16,0,0.0,0.5237967371940613
3,task_4,16,1,0.0,0.5237967371940613
3,task_4,16,2,0.0,0.5237967371940613
3,task_4,16,3,0.0,0.5237967371940613
3,task_4,16,4,0.0,0.5237967371940613
3,task_4,16,5,0.0,0.5237967371940613
3,task_4,16,6,0.0,0.5237967371940613
3,task_4,16,7,0.0,0.5237967371940613
3,task_4,16,8,0.0,0.5237967371940613
3,task_4,16,9,0.0,0.5237967371940613
3,task_4,16,10,0.0,0.5237967371940613
3,task_4,16,11,0.0,0.5237967371940613
3,task_4,16,12,0.0,0.5237967371940613
3,task_4,16,13,0.0,0.5237967371940613
3,task_4,16,14,0.0,0.5237967371940613
3,task_4,16,15,0.0,0.5237967371940613
3,task_4,16,16,0.0,0.5237967371940613
3,task_4,16,17,0.0,0.5237967371940613
3,task_4,16,18,0.04625273495912552,0.45776718854904175
3,task_4,16,19,0.1448066681623459,0.31048116087913513
3,task_4,16,20,0.24003124237060547,0.11796524375677109
3,task_4,16,21,0.3246481120586395,-0.07448695600032806
3,task_4,16,22,0.4101323187351227,-0.3137974739074707
3,task_4,16,23,0.48931002616882324,-0.5597665905952454
3,task_4,16,24,0.5583776831626892,-0.7344913482666016
3,task_4,16,25,0.6137741804122925,-0.917630136013031
3,task_4,16,26,0.6637025475502014,-1.0796350240707397
3,task_4,16,27,0.7023928165435791,-1.1814067363739014
3,task_4,16,28,0.7186070680618286,-1.2246818542480469
3,task_4,16,29,2.311746597290039,-4.228657245635986
3,task_4,17,0,0.0,0.0
3,task_4,17,1,0.0,0.0
3,task_4,17,2,0.0,0.0
3,task_4,17,3,0.0,0.0
3,task_4,17,4,0.0,0.0
3,task_4,17,5,0.0,0.0
3,task_4,17,6,0.0,0.0
3,task_4,17,7,0.0,0.0
3,task_4,17,8,0.0,0.0
3,task_4,17,9,0.0,0.0
3,task_4,17,10,0.0,0.0
3,task_4,17,11,0.0,0.0
3,task_4,17,12,0.0,0.0
3,task_4,17,13,0.0,0.0
3,task_4,17,14,0.0,0.0
3,task_4,17,15,0.0,0.0
3,task_4,17,16,0.0,0.0
3,task_4,17,17,0.0,0.0
3,task_4,17,18,0.0,0.0
3,task_4,17,19,0.0,0.0
3,task_4,17,20,0.013524413108825684,0.0
3,task_4,17,21,0.061766207218170166,0.0
3,task_4,17,22,0.09598609805107117,0.0
3,task_4,17,23,0.14352668821811676,0.0
3,task_4,17,24,0.17722751200199127,0.0
3,task_4,17,25,0.20563772320747375,0.0
3,task_4,17,26,0.22255809605121613,0.0
3,task_4,17,27,0.23906268179416656,0.0
3,task_4,17,28,0.2523515820503235,0.0
3,task_4,17,29,0.2996078431606293,0.0
3,task_4,18,0,0.0,1.0696561336517334
3,task_4,18,1,0.0,1.0696561336517334
3,task_4,18,2,0.0,1.0696561336517334
3,task_4,18,3,0.0,1.0696561336517334
3,task_4,18,4,0.0,1.0696561336517334
3,task_4,18,5,0.0,1.0696561336517334
3,task_4,18,6,0.0,1.0696561336517334
3,task_4,18,7,0.0,1.0696561336517334
3,task_4,18,8,0.0,1.0696561336517334
3,task_4,18,9,0.08556313067674637,0.8809794187545776
3,task_4,18,10,0.1651233434677124,0.7262518405914307
3,task_4,18,11,0.2430911362171173,0.5836400389671326
3,task_4,18,12,0.31647583842277527,0.429979145526886
3,task_4,18,13,0.39377471804618835,0.2617226839065552
3,task_4,18,14,0.4446970820426941,0.15324172377586365
3,task_4,18,15,0.5437480807304382,-0.04994669556617737
3,task_4,18,16,0.6231385469436646,-0.1763872355222702
3,task_4,18,17,0.6921451091766357,-0.29465252161026
3,task_4,18,18,0.7500641345977783,-0.39188262820243835
3,task_4,18,19,0.8167789578437805,-0.521762490272522
3,task_4,18,20,0.8892576694488525,-0.6485950350761414
3,task_4,18,21,0.9483348727226257,-0.7524299621582031
3,task_4,18,22,0.9871451258659363,-0.8106053471565247
3,task_4,18,23,1.0365629196166992,-0.8976240158081055
3,task_4,18,24,1.0716310739517212,-0.9569713473320007
3,task_4,18,25,1.103210210800171,-1.0147720575332642
3,task_4,18,26,1.132842779159546,-1.058824896812439
3,task_4,18,27,1.1521918773651123,-1.0919157266616821
3,task_4,18,28,1.1717355251312256,-1.1203227043151855
3,task_4,18,29,2.0549607276916504,-2.876024007797241
3,task_4,19,0,0.07330411672592163,0.8598604798316956
3,task_4,19,1,0.0803137719631195,0.848735511302948
3,task_4,19,2,0.08830346167087555,0.8311500549316406
3,task_4,19,3,0.0998036339879036,0.8063974976539612
3,task_4,19,4,0.10881322622299194,0.7886649370193481
3,task_4,19,5,0.12256799638271332,0.7540626525878906
3,task_4,19,6,0.145848348736763,0.7125943303108215
3,task_4,19,7,0.16642369329929352,0.6699001789093018
3,task_4,19,8,0.18800489604473114,0.60946124792099
3,task_4,19,9,0.20681938529014587,0.5625059008598328
3,task_4,19,10,0.2338012158870697,0.5094175934791565
3,task_4,19,11,0.25676724314689636,0.4502878189086914
3,task_4,19,12,0.28097522258758545,0.40518462657928467
3,task_4,19,13,0.29311972856521606,0.37727585434913635
3,task_4,19,14,0.3028099834918976,0.36307278275489807
3,task_4,19,15,0.31246405839920044,0.3259877562522888
3,task_4,19,16,0.3196299374103546,0.3126298785209656
3,task_4,19,17,0.32713302969932556,0.2975166141986847
3,task_4,19,18,0.33639416098594666,0.27192172408103943
3,task_4,19,19,0.3447583019733429,0.266610711812973
3,task_4,19,20,0.3600257337093353,0.2323475480079651
3,task_4,19,21,0.4469228982925415,0.03890138119459152
3,task_4,19,22,0.5550110936164856,-0.2155008614063263
3,task_4,19,23,0.6757615804672241,-0.511284589767456
3,task_4,19,24,0.7953221797943115,-0.9295058250427246
3,task_4,19,25,0.9162876605987549,-1.2226897478103638
3,task_4,19,26,1.0560246706008911,-1.522503137588501
3,task_4,19,27,1.1765402555465698,-1.7567917108535767
3,task_4,19,28,1.3004677295684814,-1.9726722240447998
3,task_4,19,29,2.3420212268829346,-3.1635377407073975
3,task_4,20,0,0.0,1.525299072265625
3,task_4,20,1,0.0,1.525299072265625
3,task_4,20,2,0.0,1.525299072265625
3,task_4,20,3,0.0,1.525299072265625
3,task_4,20,4,0.0,1.525299072265625
3,task_4,20,5,0.0,1.525299072265625
3,task_4,20,6,0.0,1.525299072265625
3,task_4,20,7,0.0693165510892868,1.3205567598342896
3,task_4,20,8,0.19324493408203125,0.6539297103881836
3,task_4,20,9,0.2825106978416443,0.15073613822460175
3,task_4,20,10,0.3302372097969055,-0.08381064236164093
3,task_4,20,11,0.37108534574508667,-0.14338456094264984
3,task_4,20,12,0.4104096591472626,-0.2097579389810562
3,task_4,20,13,0.46751585602760315,-0.29050540924072266
3,task_4,20,14,0.5077997446060181,-0.34644290804862976
3,task_4,20,15,0.5639224648475647,-0.420457661151886
3,task_4,20,16,0.6130074262619019,-0.48828065395355225
3,task_4,20,17,0.6538360714912415,-0.5285769104957581
3,task_4,20,18,0.700478732585907,-0.5906458497047424
3,task_4,20,19,0.7478912472724915,-0.6422305703163147
3,task_4,20,20,0.7911102175712585,-0.6871232986450195
3,task_4,20,21,0.8287065029144287,-0.7332764267921448
3,task_4,20,22,0.8592554926872253,-0.7845373153686523
3,task_4,20,23,0.8919180631637573,-0.8210581541061401
3,task_4,20,24,0.9203515648841858,-0.8475769758224487
3,task_4,20,25,0.9399951696395874,-0.8659414052963257
3,task_4,20,26,0.9591706991195679,-0.8905203938484192
3,task_4,20,27,0.9711581468582153,-0.9075769186019897
3,task_4,20,28,0.986322283744812,-0.9234457015991211
3,task_4,20,29,1.4726194143295288,-1.5971606969833374
3,task_4,21,0,0.0,0.6022244095802307
3,task_4,21,1,0.0,0.6022244095802307
3,task_4,21,2,0.0,0.6022244095802307
3,task_4,21,3,0.0,0.6022244095802307
3,task_4,21,4,0.0,0.6022244095802307
3,task_4,21,5,0.0,0.6022244095802307
3,task_4,21,6,0.0,0.6022244095802307
3,task_4,21,7,0.0,0.6022244095802307
3,task_4,21,8,0.0,0.6022244095802307
3,task_4,21,9,0.03406655043363571,0.5425423979759216
3,task_4,21,10,0.08159185200929642,0.46410322189331055
3,task_4,21,11,0.12817206978797913,0.3933098614215851
3,task_4,21,12,0.17985332012176514,0.3043685555458069
3,task_4,21,13,0.23140764236450195,0.23390743136405945
3,task_4,21,14,0.27411288022994995,0.1647026091814041
3,task_4,21,15,0.3222063183784485,0.1005096584558487
3,task_4,21,16,0.356912761926651,0.057190582156181335
3,task_4,21,17,0.3788767457008362,0.030446339398622513
3,task_4,21,18,0.39902448654174805,0.012840263545513153
3,task_4,21,19,0.4117777347564697,0.002247400349006057
3,task_4,21,20,0.4241250455379486,-0.014581859111785889
3,task_4,21,21,0.4380401372909546,-0.06517696380615234
3,task_4,21,22,0.44949498772621155,-0.17386552691459656
3,task_4,21,23,0.46126675605773926,-0.2856184244155884
3,task_4,21,24,0.46810418367385864,-0.3505566418170929
3,task_4,21,25,0.4740138053894043,-0.40671879053115845
3,task_4,21,26,0.4784059226512909,-0.4485984146595001
3,task_4,21,27,0.4852260649204254,-0.5134824514389038
3,task_4,21,28,0.49481308460235596,-0.6047343611717224
3,task_4,21,29,0.977310299873352,-4.862854480743408
3,task_4,22,0,0.0,-2.349560022354126
3,task_4,22,1,0.0,-2.349560022354126
3,task_4,22,2,0.02027922496199608,-2.0505261421203613
3,task_4,22,3,0.05585577338933945,-1.5584673881530762
3,task_4,22,4,0.08616415411233902,-1.1272369623184204
3,task_4,22,5,0.11327346414327621,-0.7348954677581787
3,task_4,22,6,0.1284082978963852,-0.5272084474563599
3,task_4,22,7,0.14269989728927612,-0.3392512798309326
3,task_4,22,8,0.1541370153427124,-0.18747636675834656
3,task_4,22,9,0.1618179827928543,-0.09919712692499161
3,task_4,22,10,0.1726921945810318,0.01527412049472332
3,task_4,22,11,0.18213634192943573,0.09684422612190247
3,task_4,22,12,0.19037917256355286,0.18353286385536194
3,task_4,22,13,0.19840985536575317,0.2635457217693329
3,task_4,22,14,0.2047206163406372,0.3263144791126251
3,task_4,22,15,0.2116895318031311,0.3945513069629669
3,task_4,22,16,0.21665504574775696,0.43856877088546753
3,task_4,22,17,0.22249707579612732,0.4759209454059601
3,task_4,22,18,0.22728228569030762,0.5150136947631836
3,task_4,22,19,0.23126442730426788,0.5429718494415283
3,task_4,22,20,0.2352726310491562,0.5700938701629639
3,task_4,22,21,0.24089528620243073,0.6142510771751404
3,task_4,22,22,0.24459464848041534,0.6432037949562073
3,task_4,22,23,0.247762069106102,0.6614248752593994
3,task_4,22,24,0.25159066915512085,0.6893975138664246
3,task_4,22,25,0.25636470317840576,0.7202692627906799
3,task_4,22,26,0.2603738009929657,0.7462596893310547
3,task_4,22,27,0.2644805610179901,0.7783485054969788
3,task_4,22,28,0.2698652744293213,0.819843053817749
3,task_4,22,29,0.6773830652236938,1.8277461528778076
3,task_4,23,0,0.0,-0.007105427328497171
3,task_4,23,1,0.0,-0.007105427328497171
3,task_4,23,2,0.0,-0.007105427328497171
3,task_4,23,3,0.0,-0.007105427328497171
3,task_4,23,4,0.0,-0.007105427328497171
3,task_4,23,5,0.0,-0.007105427328497171
3,task_4,23,6,0.0,-0.007105427328497171
3,task_4,23,7,0.0,-0.007105427328497171
3,task_4,23,8,0.0,-0.007105427328497171
3,task_4,23,9,0.0,-0.007105427328497171
3,task_4,23,10,0.0,-0.007105427328497171
3,task_4,23,11,0.0,-0.007105427328497171
3,task_4,23,12,0.0,-0.007105427328497171
3,task_4,23,13,0.0,-0.007105427328497171
3,task_4,23,14,0.0,-0.007105427328497171
3,task_4,23,15,0.0,-0.007105427328497171
3,task_4,23,16,0.0,-0.007105427328497171
3,task_4,23,17,0.0,-0.007105427328497171
3,task_4,23,18,0.0,-0.007105427328497171
3,task_4,23,19,0.0,-0.007105427328497171
3,task_4,23,20,0.0,-0.007105427328497171
3,task_4,23,21,0.032325029373168945,-0.007105427328497171
3,task_4,23,22,0.07131573557853699,-0.007105427328497171
3,task_4,23,23,0.09209015965461731,-0.007105427328497171
3,task_4,23,24,0.10717451572418213,-0.007105427328497171
3,task_4,23,25,0.11694350838661194,-0.007105427328497171
3,task_4,23,26,0.1275152862071991,-0.007105427328497171
3,task_4,23,27,0.13482233881950378,-0.007105427328497171
3,task_4,23,28,0.14795401692390442,-0.007105427328497171
3,task_4,23,29,0.18876753747463226,-0.007105427328497171
3,task_4,24,0,0.0,0.9309945106506348
3,task_4,24,1,0.0,0.9309945106506348
3,task_4,24,2,0.0,0.9309945106506348
3,task_4,24,3,0.0,0.9309945106506348
3,task_4,24,4,0.0,0.9309945106506348
3,task_4,24,5,0.0,0.9309945106506348
3,task_4,24,6,0.0,0.9309945106506348
3,task_4,24,7,0.0,0.9309945106506348
3,task_4,24,8,0.0,0.9309945106506348
3,task_4,24,9,0.0,0.9309945106506348
3,task_4,24,10,0.0,0.9309945106506348
3,task_4,24,11,0.009576834738254547,0.8830657601356506
3,task_4,24,12,0.04288271814584732,0.7148022055625916
3,task_4,24,13,0.07800688594579697,0.5370410680770874
3,task_4,24,14,0.10648428648710251,0.39464426040649414
3,task_4,24,15,0.14820599555969238,0.18581092357635498
3,task_4,24,16,0.18362921476364136,0.008136740885674953
3,task_4,24,17,0.21831020712852478,-0.16559229791164398
3,task_4,24,18,0.2508995532989502,-0.32862502336502075
3,task_4,24,19,0.2734527885913849,-0.44176527857780457
3,task_4,24,20,0.3019585907459259,-0.5845444202423096
3,task_4,24,21,0.334566205739975,-0.7483587265014648
3,task_4,24,22,0.3620079755783081,-0.8871323466300964
3,task_4,24,23,0.380437433719635,-0.9809699654579163
3,task_4,24,24,0.3998820185661316,-1.0806328058242798
3,task_4,24,25,0.41900634765625,-1.1784255504608154
3,task_4,24,26,0.43243181705474854,-1.2474842071533203
3,task_4,24,27,0.4443598985671997,-1.309295892715454
3,task_4,24,28,0.4536250829696655,-1.3572722673416138
3,task_4,24,29,0.7467526793479919,-2.654339075088501
3,task_4,25,0,0.0,0.0
3,task_4,25,1,0.0,0.0
3,task_4,25,2,0.0,0.0
3,task_4,25,3,0.0,0.0
3,task_4,25,4,0.0,0.0
3,task_4,25,5,0.0,0.0
3,task_4,25,6,0.0,0.0
3,task_4,25,7,0.0,0.0
3,task_4,25,8,0.0,0.0
3,task_4,25,9,0.0,0.0
3,task_4,25,10,0.0,0.0
3,task_4,25,11,0.019620299339294434,0.0
3,task_4,25,12,0.07598741352558136,0.0
3,task_4,25,13,0.13367962837219238,0.0
3,task_4,25,14,0.1958198845386505,0.0
3,task_4,25,15,0.24358689785003662,0.0
3,task_4,25,16,0.3047247529029846,0.0
3,task_4,25,17,0.35227885842323303,0.0
3,task_4,25,18,0.405190646648407,0.0
3,task_4,25,19,0.447226881980896,0.0
3,task_4,25,20,0.4942941665649414,0.0
3,task_4,25,21,0.5340874791145325,0.0
3,task_4,25,22,0.5802445411682129,0.0
3,task_4,25,23,0.6092069149017334,0.0
3,task_4,25,24,0.6359201073646545,0.0
3,task_4,25,25,0.6602212190628052,0.0
3,task_4,25,26,0.680862545967102,0.0
3,task_4,25,27,0.6935964226722717,0.0
3,task_4,25,28,0.7083869576454163,0.0
3,task_4,25,29,0.7591774463653564,0.0
3,task_4,26,0,0.0,0.8455641865730286
3,task_4,26,1,0.0,0.8455641865730286
3,task_4,26,2,0.0,0.8455641865730286
3,task_4,26,3,0.0,0.8455641865730286
3,task_4,26,4,0.0,0.8455641865730286
3,task_4,26,5,0.0,0.8455641865730286
3,task_4,26,6,0.0,0.8455641865730286
3,task_4,26,7,0.0,0.8455641865730286
3,task_4,26,8,0.010481491684913635,0.7552815079689026
3,task_4,26,9,0.024402707815170288,0.6355701088905334
3,task_4,26,10,0.03316719830036163,0.5404630899429321
3,task_4,26,11,0.04254864156246185,0.458661824464798
3,task_4,26,12,0.04782521724700928,0.4697760343551636
3,task_4,26,13,0.056144192814826965,0.4269121587276459
3,task_4,26,14,0.06739892065525055,0.32183021306991577
3,task_4,26,15,0.07819169759750366,0.2913739085197449
3,task_4,26,16,0.09565212577581406,0.12357576191425323
3,task_4,26,17,0.10869817435741425,0.013505431823432446
3,task_4,26,18,0.12384146451950073,-0.11632099002599716
3,task_4,26,19,0.13892975449562073,-0.1578480750322342
3,task_4,26,20,0.15463757514953613,-0.30376148223876953
3,task_4,26,21,0.1692807972431183,-0.4512653648853302
3,task_4,26,22,0.18532133102416992,-0.5358814597129822
3,task_4,26,23,0.20494207739830017,-0.6879127621650696
3,task_4,26,24,0.21889981627464294,-0.7987014651298523
3,task_4,26,25,0.228375643491745,-0.8834606409072876
3,task_4,26,26,0.24102379381656647,-0.9178377985954285
3,task_4,26,27,0.24775812029838562,-0.9351052641868591
3,task_4,26,28,0.2561349868774414,-1.0235339403152466
3,task_4,26,29,2.551593780517578,-3.9898343086242676
3,task_4,27,0,0.0,-1.2392865419387817
3,task_4,27,1,0.0005317702889442444,-1.2364006042480469
3,task_4,27,2,0.000626884400844574,-1.2364006042480469
3,task_4,27,3,0.0011275410652160645,-1.2335972785949707
3,task_4,27,4,0.0029292702674865723,-1.2192599773406982
3,task_4,27,5,0.003723323345184326,-1.214538812637329
3,task_4,27,6,0.0061658695340156555,-1.1977920532226562
3,task_4,27,7,0.006546139717102051,-1.1941194534301758
3,task_4,27,8,0.00771930068731308,-1.1842257976531982
3,task_4,27,9,0.007884681224822998,-1.1827480792999268
3,task_4,27,10,0.010641772300004959,-1.1614006757736206
3,task_4,27,11,0.012796211987733841,-1.1475155353546143
3,task_4,27,12,0.9994460344314575,0.8026269674301147
3,task_4,27,13,0.9994460344314575,0.8026269674301147
3,task_4,27,14,0.9994460344314575,0.8026269674301147
3,task_4,27,15,0.9994460344314575,0.8026269674301147
3,task_4,27,16,0.9994460344314575,0.8026269674301147
3,task_4,27,17,0.9994460344314575,0.8026269674301147
3,task_4,27,18,0.9994460344314575,0.8026269674301147
3,task_4,27,19,0.9994460344314575,0.8026269674301147
3,task_4,27,20,0.9994460344314575,0.8026269674301147
3,task_4,27,21,0.9994460344314575,0.8026269674301147
3,task_4,27,22,0.9994460344314575,0.8026269674301147
3,task_4,27,23,0.9994460344314575,0.8026269674301147
3,task_4,27,24,0.9994460344314575,0.8026269674301147
3,task_4,27,25,0.9994460344314575,0.8026269674301147
3,task_4,27,26,0.9994460344314575,0.8026269674301147
3,task_4,27,27,0.9994460344314575,0.8026269674301147
3,task_4,27,28,0.9994460344314575,0.8026269674301147
3,task_4,27,29,0.9994460344314575,0.8026269674301147
3,task_4,28,0,9.999999747378752e-05,-0.028421709313988686
3,task_4,28,1,9.999999747378752e-05,-0.028421709313988686
3,task_4,28,2,9.999999747378752e-05,-0.028421709313988686
3,task_4,28,3,9.999999747378752e-05,-0.028421709313988686
3,task_4,28,4,9.999999747378752e-05,-0.028421709313988686
3,task_4,28,5,9.999999747378752e-05,-0.028421709313988686
3,task_4,28,6,9.999999747378752e-05,-0.028421709313988686
3,task_4,28,7,9.999999747378752e-05,-0.028421709313988686
3,task_4,28,8,9.999999747378752e-05,-0.028421709313988686
3,task_4,28,9,9.999999747378752e-05,-0.028421709313988686
3,task_4,28,10,9.999999747378752e-05,-0.028421709313988686
3,task_4,28,11,9.999999747378752e-05,-0.028421709313988686
3,task_4,28,12,9.999999747378752e-05,-0.028421709313988686
3,task_4,28,13,9.999999747378752e-05,-0.028421709313988686
3,task_4,28,14,9.999999747378752e-05,-0.028421709313988686
3,task_4,28,15,9.999999747378752e-05,-0.028421709313988686
3,task_4,28,16,9.999999747378752e-05,-0.028421709313988686
3,task_4,28,17,9.999999747378752e-05,-0.028421709313988686
3,task_4,28,18,9.999999747378752e-05,-0.028421709313988686
3,task_4,28,19,9.999999747378752e-05,-0.028421709313988686
3,task_4,28,20,9.999999747378752e-05,-0.028421709313988686
3,task_4,28,21,9.999999747378752e-05,-0.028421709313988686
3,task_4,28,22,9.999999747378752e-05,-0.028421709313988686
3,task_4,28,23,9.999999747378752e-05,-0.028421709313988686
3,task_4,28,24,9.999999747378752e-05,-0.028421709313988686
3,task_4,28,25,9.999999747378752e-05,-0.028421709313988686
3,task_4,28,26,9.999999747378752e-05,-0.028421709313988686
3,task_4,28,27,9.999999747378752e-05,-0.028421709313988686
3,task_4,28,28,9.999999747378752e-05,-0.028421709313988686
3,task_4,28,29,9.999999747378752e-05,-0.028421709313988686
3,task_4,29,0,0.21417811512947083,0.9890102744102478
3,task_4,29,1,0.22472022473812103,0.9881764650344849
3,task_4,29,2,0.24298672378063202,0.971462070941925
3,task_4,29,3,0.26819825172424316,0.9472700953483582
3,task_4,29,4,0.2986927032470703,0.9084437489509583
3,task_4,29,5,0.3403405547142029,0.8539223074913025
3,task_4,29,6,0.3831433057785034,0.8042851686477661
3,task_4,29,7,0.4293464422225952,0.7459058165550232
3,task_4,29,8,0.4723529815673828,0.6938206553459167
3,task_4,29,9,0.53557288646698,0.6026421189308167
3,task_4,29,10,0.6000142097473145,0.5070846676826477
3,task_4,29,11,0.6408548951148987,0.46113279461860657
3,task_4,29,12,0.7193506360054016,0.3314015567302704
3,task_4,29,13,0.7755840420722961,0.25811368227005005
3,task_4,29,14,0.8460795879364014,0.16289617121219635
3,task_4,29,15,0.9044473171234131,0.06024005636572838
3,task_4,29,16,0.9669570922851562,-0.07262223958969116
3,task_4,29,17,1.0130563974380493,-0.13052108883857727
3,task_4,29,18,1.0506041049957275,-0.19843806326389313
3,task_4,29,19,1.0804128646850586,-0.25351861119270325
3,task_4,29,20,1.1184216737747192,-0.3185969293117523
3,task_4,29,21,1.1457154750823975,-0.36596348881721497
3,task_4,29,22,1.1671234369277954,-0.4196529984474182
3,task_4,29,23,1.1819692850112915,-0.4467692971229553
3,task_4,29,24,1.1999918222427368,-0.5028570294380188
3,task_4,29,25,1.2135910987854004,-0.5411803722381592
3,task_4,29,26,1.2872049808502197,-0.6772997379302979
3,task_4,29,27,1.4435217380523682,-0.9803070425987244
3,task_4,29,28,1.5923582315444946,-1.317692756652832
3,task_4,29,29,3.5757713317871094,-4.060388088226318
3,task_4,30,0,0.0,0.3215605318546295
3,task_4,30,1,0.0,0.3215605318546295
3,task_4,30,2,0.0,0.3215605318546295
3,task_4,30,3,0.0,0.3215605318546295
3,task_4,30,4,0.0,0.3215605318546295
3,task_4,30,5,0.0,0.3215605318546295
3,task_4,30,6,0.0,0.3215605318546295
3,task_4,30,7,0.0,0.3215605318546295
3,task_4,30,8,0.0,0.3215605318546295
3,task_4,30,9,0.0,0.3215605318546295
3,task_4,30,10,0.0,0.3215605318546295
3,task_4,30,11,0.0,0.3215605318546295
3,task_4,30,12,0.0,0.3215605318546295
3,task_4,30,13,0.0,0.3215605318546295
3,task_4,30,14,0.0,0.3215605318546295
3,task_4,30,15,0.0,0.3215605318546295
3,task_4,30,16,0.0,0.3215605318546295
3,task_4,30,17,0.0,0.3215605318546295
3,task_4,30,18,0.0,0.3215605318546295
3,task_4,30,19,0.0,0.3215605318546295
3,task_4,30,20,0.008341148495674133,0.3088778555393219
3,task_4,30,21,0.06332459300756454,0.22378647327423096
3,task_4,30,22,0.1258675456047058,0.10814488679170609
3,task_4,30,23,0.18102183938026428,0.0011721060145646334
3,task_4,30,24,0.2492484152317047,-0.14442011713981628
3,task_4,30,25,0.32098230719566345,-0.29988884925842285
3,task_4,30,26,0.3922944962978363,-0.4461919069290161
3,task_4,30,27,0.42519500851631165,-0.5145689845085144
3,task_4,30,28,0.4486994445323944,-0.5828020572662354
3,task_4,30,29,2.876352310180664,-5.085319519042969
3,task_4,31,0,0.0,1.1507383584976196
3,task_4,31,1,0.0,1.1507383584976196
3,task_4,31,2,0.0,1.1507383584976196
3,task_4,31,3,0.0,1.1507383584976196
3,task_4,31,4,0.0,1.1507383584976196
3,task_4,31,5,0.02736493945121765,1.1133530139923096
3,task_4,31,6,0.10053732246160507,1.0489792823791504
3,task_4,31,7,0.17746740579605103,0.9857187271118164
3,task_4,31,8,0.2637077569961548,0.9047122001647949
3,task_4,31,9,0.350139856338501,0.81885826587677
3,task_4,31,10,0.45269468426704407,0.6662517786026001
3,task_4,31,11,0.5477697849273682,0.5338661670684814
3,task_4,31,12,0.6390239000320435,0.40092042088508606
3,task_4,31,13,0.7250856161117554,0.25226664543151855
3,task_4,31,14,0.8244959115982056,0.10468429327011108
3,task_4,31,15,0.9047761559486389,-0.03764011710882187
3,task_4,31,16,0.9858287572860718,-0.16829842329025269
3,task_4,31,17,1.0609281063079834,-0.3001154065132141
3,task_4,31,18,1.1300928592681885,-0.42683491110801697
3,task_4,31,19,1.1866471767425537,-0.5248734354972839
3,task_4,31,20,1.2370370626449585,-0.6164186596870422
3,task_4,31,21,1.285480260848999,-0.7068897485733032
3,task_4,31,22,1.332774043083191,-0.7889976501464844
3,task_4,31,23,1.3669795989990234,-0.8712403178215027
3,task_4,31,24,1.4006226062774658,-0.9351134896278381
3,task_4,31,25,1.4301929473876953,-0.9978540539741516
3,task_4,31,26,1.4553393125534058,-1.0579731464385986
3,task_4,31,27,1.487106442451477,-1.1281764507293701
3,task_4,31,28,1.5080872774124146,-1.168394923210144
3,task_4,31,29,2.642979860305786,-2.8544814586639404
3,task_4,32,0,0.38843297958374023,1.144095778465271
3,task_4,32,1,0.4016515612602234,1.1082966327667236
3,task_4,32,2,0.41655200719833374,1.0699542760849
3,task_4,32,3,0.4374012351036072,1.0266990661621094
3,task_4,32,4,0.4643898010253906,0.9891440868377686
3,task_4,32,5,0.49782657623291016,0.9406144618988037
3,task_4,32,6,0.5391096472740173,0.8608756065368652
3,task_4,32,7,0.5754594802856445,0.7910016179084778
3,task_4,32,8,0.6173405647277832,0.7028759717941284
3,task_4,32,9,0.6727863550186157,0.5765659809112549
3,task_4,32,10,0.7237446904182434,0.47894415259361267
3,task_4,32,11,0.7813779711723328,0.36670899391174316
3,task_4,32,12,0.8335855603218079,0.2789599299430847
3,task_4,32,13,0.8877868056297302,0.18240928649902344
3,task_4,32,14,0.9546500444412231,0.044480130076408386
3,task_4,32,15,1.0063979625701904,-0.02155166119337082
3,task_4,32,16,1.0466755628585815,-0.08153374493122101
3,task_4,32,17,1.0835363864898682,-0.12816861271858215
3,task_4,32,18,1.1105774641036987,-0.18593469262123108
3,task_4,32,19,1.1370291709899902,-0.21550792455673218
3,task_4,32,20,1.1614601612091064,-0.2663525640964508
3,task_4,32,21,1.177491545677185,-0.28432750701904297
3,task_4,32,22,1.1929773092269897,-0.3079945147037506
3,task_4,32,23,1.2094063758850098,-0.33161336183547974
3,task_4,32,24,1.2273211479187012,-0.3709818720817566
3,task_4,32,25,1.357348918914795,-0.5795994997024536
3,task_4,32,26,1.5557249784469604,-0.9520595669746399
3,task_4,32,27,1.736623764038086,-1.5261372327804565
3,task_4,32,28,1.9094363451004028,-1.7996801137924194
3,task_4,32,29,3.446772575378418,-3.5101799964904785
3,task_4,33,0,0.0,0.5738465189933777
3,task_4,33,1,0.0,0.5738465189933777
3,task_4,33,2,0.0,0.5738465189933777
3,task_4,33,3,0.0,0.5738465189933777
3,task_4,33,4,0.0,0.5738465189933777
3,task_4,33,5,0.0,0.5738465189933777
3,task_4,33,6,0.0,0.5738465189933777
3,task_4,33,7,0.006586849689483643,0.5607067942619324
3,task_4,33,8,0.02999342978000641,0.53239506483078
3,task_4,33,9,0.053839653730392456,0.49411654472351074
3,task_4,33,10,0.0752238929271698,0.4525319039821625
3,task_4,33,11,0.09994004666805267,0.3971666991710663
3,task_4,33,12,0.11880023777484894,0.3511314392089844
3,task_4,33,13,0.13568828999996185,0.3121117949485779
3,task_4,33,14,0.1489887684583664,0.2958293557167053
3,task_4,33,15,0.16326548159122467,0.2604033648967743
3,task_4,33,16,0.17256681621074677,0.24669410288333893
3,task_4,33,17,0.1820734590291977,0.226700559258461
3,task_4,33,18,0.1900174468755722,0.22370950877666473
3,task_4,33,19,0.19671906530857086,0.21546246111392975
3,task_4,33,20,0.20636115968227386,0.19637982547283173
3,task_4,33,21,0.22352148592472076,0.15128426253795624
3,task_4,33,22,0.2818099856376648,0.047993022948503494
3,task_4,33,23,0.3742626905441284,-0.1300349235534668
3,task_4,33,24,0.48441487550735474,-0.3596437871456146
3,task_4,33,25,0.5893616676330566,-0.5814422369003296
3,task_4,33,26,0.703100860118866,-0.9231947064399719
3,task_4,33,27,0.8030093312263489,-1.1733672618865967
3,task_4,33,28,0.9018803238868713,-1.290142297744751
3,task_4,33,29,2.768430471420288,-4.523715496063232
3,task_4,34,0,0.0,0.5934911370277405
3,task_4,34,1,0.0,0.5934911370277405
3,task_4,34,2,0.0,0.5934911370277405
3,task_4,34,3,0.0,0.5934911370277405
3,task_4,34,4,0.0,0.5934911370277405
3,task_4,34,5,0.0,0.5934911370277405
3,task_4,34,6,0.0,0.5934911370277405
3,task_4,34,7,0.0,0.5934911370277405
3,task_4,34,8,0.0,0.5934911370277405
3,task_4,34,9,0.0,0.5934911370277405
3,task_4,34,10,0.0,0.5934911370277405
3,task_4,34,11,0.0,0.5934911370277405
3,task_4,34,12,0.0,0.5934911370277405
3,task_4,34,13,0.0,0.5934911370277405
3,task_4,34,14,0.0,0.5934911370277405
3,task_4,34,15,0.0,0.5934911370277405
3,task_4,34,16,0.0,0.5934911370277405
3,task_4,34,17,0.0,0.5934911370277405
3,task_4,34,18,0.015500381588935852,0.4994870126247406
3,task_4,34,19,0.04617821425199509,0.28789660334587097
3,task_4,34,20,0.08722256869077682,-0.05376678332686424
3,task_4,34,21,0.11818846315145493,-0.28115591406822205
3,task_4,34,22,0.14565253257751465,-0.528208315372467
3,task_4,34,23,0.1763351857662201,-0.7765824198722839
3,task_4,34,24,0.1924564242362976,-0.9440025091171265
3,task_4,34,25,0.20305126905441284,-1.0575717687606812
3,task_4,34,26,0.2135302722454071,-1.2294642925262451
3,task_4,34,27,0.22527682781219482,-1.4102799892425537
3,task_4,34,28,0.2343282699584961,-1.5015474557876587
3,task_4,34,29,1.1207318305969238,-3.68764328956604
3,task_4,35,0,0.0,0.49236294627189636
3,task_4,35,1,0.0,0.49236294627189636
3,task_4,35,2,0.0,0.49236294627189636
3,task_4,35,3,0.0,0.49236294627189636
3,task_4,35,4,0.0,0.49236294627189636
3,task_4,35,5,0.0,0.49236294627189636
3,task_4,35,6,0.0,0.49236294627189636
3,task_4,35,7,0.0,0.49236294627189636
3,task_4,35,8,0.0,0.49236294627189636
3,task_4,35,9,0.0,0.49236294627189636
3,task_4,35,10,0.0,0.49236294627189636
3,task_4,35,11,0.0,0.49236294627189636
3,task_4,35,12,0.0,0.49236294627189636
3,task_4,35,13,0.0,0.49236294627189636
3,task_4,35,14,0.0,0.49236294627189636
3,task_4,35,15,0.0,0.49236294627189636
3,task_4,35,16,0.0,0.49236294627189636
3,task_4,35,17,0.0,0.49236294627189636
3,task_4,35,18,0.0,0.49236294627189636
3,task_4,35,19,0.0,0.49236294627189636
3,task_4,35,20,0.0627080500125885,0.286906361579895
3,task_4,35,21,0.15991459786891937,-0.010831941850483418
3,task_4,35,22,0.24077753722667694,-0.32539406418800354
3,task_4,35,23,0.3318485617637634,-0.6428156495094299
3,task_4,35,24,0.4011837840080261,-0.8099504113197327
3,task_4,35,25,0.4413493871688843,-0.9082891941070557
3,task_4,35,26,0.467068076133728,-0.9838884472846985
3,task_4,35,27,0.4854012727737427,-1.0314667224884033
3,task_4,35,28,0.4992433786392212,-1.076656460762024
3,task_4,35,29,2.0311191082000732,-4.344869613647461
3,task_4,36,0,0.010510817170143127,14.551915168762207
3,task_4,36,1,0.06278903782367706,14.551915168762207
3,task_4,36,2,0.12995700538158417,14.551915168762207
3,task_4,36,3,0.18859173357486725,14.551915168762207
3,task_4,36,4,0.22893311083316803,14.551915168762207
3,task_4,36,5,0.2769503593444824,14.551915168762207
3,task_4,36,6,0.3186211585998535,14.551915168762207
3,task_4,36,7,0.3536369800567627,14.551915168762207
3,task_4,36,8,0.38013046979904175,14.551915168762207
3,task_4,36,9,0.4080011248588562,14.551915168762207
3,task_4,36,10,0.4269713759422302,14.551915168762207
3,task_4,36,11,0.4439030885696411,14.551915168762207
3,task_4,36,12,0.4667893648147583,14.551915168762207
3,task_4,36,13,0.4841158986091614,14.551915168762207
3,task_4,36,14,0.5059451460838318,14.551915168762207
3,task_4,36,15,0.521783173084259,14.551915168762207
3,task_4,36,16,0.5472577214241028,14.551915168762207
3,task_4,36,17,0.5804185271263123,14.551915168762207
3,task_4,36,18,0.6090187430381775,14.551915168762207
3,task_4,36,19,0.6569299697875977,14.551915168762207
3,task_4,36,20,0.702025830745697,14.551915168762207
3,task_4,36,21,0.7557072639465332,14.551915168762207
3,task_4,36,22,0.8118866682052612,14.551915168762207
3,task_4,36,23,0.8702446222305298,14.551915168762207
3,task_4,36,24,0.93473219871521,14.551915168762207
3,task_4,36,25,0.995453953742981,14.551915168762207
3,task_4,36,26,1.066573143005371,14.551915168762207
3,task_4,36,27,1.1398359537124634,14.551915168762207
3,task_4,36,28,1.19855797290802,14.551915168762207
3,task_4,36,29,1.2840073108673096,14.551915168762207
3,task_4,37,0,0.08751744031906128,0.9467157125473022
3,task_4,37,1,0.1065019816160202,0.8883298635482788
3,task_4,37,2,0.12477496266365051,0.857880175113678
3,task_4,37,3,0.1483742743730545,0.7786810398101807
3,task_4,37,4,0.16549266874790192,0.7263006567955017
3,task_4,37,5,0.18059390783309937,0.6668042540550232
3,task_4,37,6,0.20169693231582642,0.5866469740867615
3,task_4,37,7,0.21600541472434998,0.5502527952194214
3,task_4,37,8,0.23178093135356903,0.5111464858055115
3,task_4,37,9,0.248008593916893,0.44683191180229187
3,task_4,37,10,0.2583700120449066,0.4143856465816498
3,task_4,37,11,0.2716023921966553,0.3609515428543091
3,task_4,37,12,0.2870250344276428,0.29335978627204895
3,task_4,37,13,0.2982665002346039,0.2564414441585541
3,task_4,37,14,0.31259727478027344,0.20098166167736053
3,task_4,37,15,0.3246476650238037,0.17481133341789246
3,task_4,37,16,0.34079253673553467,0.13883350789546967
3,task_4,37,17,0.3559303879737854,0.08138035982847214
3,task_4,37,18,0.3706701695919037,0.044591888785362244
3,task_4,37,19,0.38860541582107544,-0.019976725801825523
3,task_4,37,20,0.413335382938385,-0.10729418694972992
3,task_4,37,21,0.44281089305877686,-0.20570148527622223
3,task_4,37,22,0.4685000777244568,-0.27570053935050964
3,task_4,37,23,0.5007009506225586,-0.3714901804924011
3,task_4,37,24,0.5353875160217285,-0.4873867928981781
3,task_4,37,25,0.5715205669403076,-0.5756583213806152
3,task_4,37,26,0.6086176037788391,-0.6701001524925232
3,task_4,37,27,0.6682040095329285,-0.7983929514884949
3,task_4,37,28,0.7026267647743225,-0.8680174350738525
3,task_4,37,29,1.412348747253418,-4.54560661315918
3,task_4,38,0,0.0,-0.413455605506897
3,task_4,38,1,0.0,-0.413455605506897
3,task_4,38,2,0.0,-0.413455605506897
3,task_4,38,3,0.0,-0.413455605506897
3,task_4,38,4,0.007852919399738312,-0.4001770615577698
3,task_4,38,5,0.016832945868372917,-0.38561511039733887
3,task_4,38,6,0.027997121214866638,-0.3624917268753052
3,task_4,38,7,0.03943642973899841,-0.3412688672542572
3,task_4,38,8,0.04951351508498192,-0.3153514862060547
3,task_4,38,9,0.06348475813865662,-0.27847033739089966
3,task_4,38,10,0.07702624797821045,-0.23927287757396698
3,task_4,38,11,0.08690919727087021,-0.22245065867900848
3,task_4,38,12,0.10143996775150299,-0.19020259380340576
3,task_4,38,13,0.10956059396266937,-0.17083221673965454
3,task_4,38,14,0.11981432139873505,-0.14632104337215424
3,task_4,38,15,0.13253243267536163,-0.11571929603815079
3,task_4,38,16,0.14592289924621582,-0.0802212655544281
3,task_4,38,17,0.15593984723091125,-0.06191345676779747
3,task_4,38,18,0.16186675429344177,-0.053051289170980453
3,task_4,38,19,0.17005771398544312,-0.037126459181308746
3,task_4,38,20,0.17996841669082642,-0.030713114887475967
3,task_4,38,21,0.18875470757484436,-0.027551908046007156
3,task_4,38,22,0.19641074538230896,-0.023359794169664383
3,task_4,38,23,0.20128634572029114,-0.022538093850016594
3,task_4,38,24,0.20663639903068542,-0.018089856952428818
3,task_4,38,25,0.21138028800487518,-0.016541248187422752
3,task_4,38,26,0.2140108048915863,-0.013632589019834995
3,task_4,38,27,0.21786996722221375,-0.011411869898438454
3,task_4,38,28,0.22184056043624878,-0.012277930974960327
3,task_4,38,29,2.5970137119293213,5.230423927307129
3,task_4,39,0,9.999999747378752e-05,-0.11368683725595474
3,task_4,39,1,9.999999747378752e-05,-0.11368683725595474
3,task_4,39,2,9.999999747378752e-05,-0.11368683725595474
3,task_4,39,3,9.999999747378752e-05,-0.11368683725595474
3,task_4,39,4,9.999999747378752e-05,-0.11368683725595474
3,task_4,39,5,9.999999747378752e-05,-0.11368683725595474
3,task_4,39,6,9.999999747378752e-05,-0.11368683725595474
3,task_4,39,7,9.999999747378752e-05,-0.11368683725595474
3,task_4,39,8,9.999999747378752e-05,-0.11368683725595474
3,task_4,39,9,9.999999747378752e-05,-0.11368683725595474
3,task_4,39,10,9.999999747378752e-05,-0.11368683725595474
3,task_4,39,11,9.999999747378752e-05,-0.11368683725595474
3,task_4,39,12,9.999999747378752e-05,-0.11368683725595474
3,task_4,39,13,9.999999747378752e-05,-0.11368683725595474
3,task_4,39,14,9.999999747378752e-05,-0.11368683725595474
3,task_4,39,15,9.999999747378752e-05,-0.11368683725595474
3,task_4,39,16,9.999999747378752e-05,-0.11368683725595474
3,task_4,39,17,9.999999747378752e-05,-0.11368683725595474
3,task_4,39,18,9.999999747378752e-05,-0.11368683725595474
3,task_4,39,19,9.999999747378752e-05,-0.11368683725595474
3,task_4,39,20,9.999999747378752e-05,-0.11368683725595474
3,task_4,39,21,9.999999747378752e-05,-0.11368683725595474
3,task_4,39,22,9.999999747378752e-05,-0.11368683725595474
3,task_4,39,23,9.999999747378752e-05,-0.11368683725595474
3,task_4,39,24,9.999999747378752e-05,-0.11368683725595474
3,task_4,39,25,9.999999747378752e-05,-0.11368683725595474
3,task_4,39,26,9.999999747378752e-05,-0.11368683725595474
3,task_4,39,27,9.999999747378752e-05,-0.11368683725595474
3,task_4,39,28,9.999999747378752e-05,-0.11368683725595474
3,task_4,39,29,9.999999747378752e-05,-0.11368683725595474
3,task_4,40,0,0.0,1.1277881860733032
3,task_4,40,1,0.0,1.1277881860733032
3,task_4,40,2,0.0,1.1277881860733032
3,task_4,40,3,0.0,1.1277881860733032
3,task_4,40,4,0.0,1.1277881860733032
3,task_4,40,5,0.0,1.1277881860733032
3,task_4,40,6,0.03829614818096161,1.0848361253738403
3,task_4,40,7,0.19855661690235138,0.9283129572868347
3,task_4,40,8,0.3714134693145752,0.7217941284179688
3,task_4,40,9,0.5361564755439758,0.5286213755607605
3,task_4,40,10,0.5910321474075317,0.46501561999320984
3,task_4,40,11,0.6623896956443787,0.35559600591659546
3,task_4,40,12,0.7331632375717163,0.25819966197013855
3,task_4,40,13,0.7961073517799377,0.17596976459026337
3,task_4,40,14,0.8601109385490417,0.09767188131809235
3,task_4,40,15,0.939058244228363,-0.02000807784497738
3,task_4,40,16,1.0137614011764526,-0.1299731582403183
3,task_4,40,17,1.0744255781173706,-0.21868833899497986
3,task_4,40,18,1.1516281366348267,-0.32009321451187134
3,task_4,40,19,1.2145906686782837,-0.41148075461387634
3,task_4,40,20,1.2697398662567139,-0.4846484363079071
3,task_4,40,21,1.3367478847503662,-0.5912361741065979
3,task_4,40,22,1.3760913610458374,-0.6528358459472656
3,task_4,40,23,1.4276623725891113,-0.7325505614280701
3,task_4,40,24,1.4608787298202515,-0.7762786746025085
3,task_4,40,25,1.4958981275558472,-0.8306138515472412
3,task_4,40,26,1.520465612411499,-0.863230288028717
3,task_4,40,27,1.5415948629379272,-0.8992819786071777
3,task_4,40,28,1.555922508239746,-0.914484441280365
3,task_4,40,29,2.9993715286254883,-3.5373427867889404
3,task_4,41,0,0.0,-0.6145982146263123
3,task_4,41,1,0.0,-0.6145982146263123
3,task_4,41,2,0.0,-0.6145982146263123
3,task_4,41,3,0.0,-0.6145982146263123
3,task_4,41,4,0.0,-0.6145982146263123
3,task_4,41,5,0.0,-0.6145982146263123
3,task_4,41,6,0.0,-0.6145982146263123
3,task_4,41,7,0.0,-0.6145982146263123
3,task_4,41,8,0.0,-0.6145982146263123
3,task_4,41,9,0.0,-0.6145982146263123
3,task_4,41,10,0.0,-0.6145982146263123
3,task_4,41,11,0.0,-0.6145982146263123
3,task_4,41,12,0.0,-0.6145982146263123
3,task_4,41,13,0.0,-0.6145982146263123
3,task_4,41,14,0.0,-0.6145982146263123
3,task_4,41,15,0.0,-0.6145982146263123
3,task_4,41,16,0.0,-0.6145982146263123
3,task_4,41,17,0.0,-0.6145982146263123
3,task_4,41,18,0.0,-0.6145982146263123
3,task_4,41,19,0.0,-0.6145982146263123
3,task_4,41,20,0.025813311338424683,-0.4927556812763214
3,task_4,41,21,0.20016980171203613,0.32139667868614197
3,task_4,41,22,0.3481420874595642,0.8917338848114014
3,task_4,41,23,0.5133521556854248,1.3646094799041748
3,task_4,41,24,0.6412420868873596,1.608053207397461
3,task_4,41,25,0.7551286816596985,1.784092903137207
3,task_4,41,26,0.8595260381698608,1.926590919494629
3,task_4,41,27,0.9410191178321838,2.0099024772644043
3,task_4,41,28,0.9770556688308716,2.063361883163452
3,task_4,41,29,2.6695094108581543,0.814975380897522
3,task_4,42,0,0.0,0.3669533133506775
3,task_4,42,1,0.0,0.3669533133506775
3,task_4,42,2,0.0,0.3669533133506775
3,task_4,42,3,0.0,0.3669533133506775
3,task_4,42,4,0.0,0.3669533133506775
3,task_4,42,5,0.0,0.3669533133506775
3,task_4,42,6,0.0,0.3669533133506775
3,task_4,42,7,0.0,0.3669533133506775
3,task_4,42,8,0.0,0.3669533133506775
3,task_4,42,9,0.0,0.3669533133506775
3,task_4,42,10,0.0,0.3669533133506775
3,task_4,42,11,0.0,0.3669533133506775
3,task_4,42,12,0.0,0.3669533133506775
3,task_4,42,13,0.0,0.3669533133506775
3,task_4,42,14,0.0,0.3669533133506775
3,task_4,42,15,0.0,0.3669533133506775
3,task_4,42,16,0.0,0.3669533133506775
3,task_4,42,17,0.0,0.3669533133506775
3,task_4,42,18,0.0,0.3669533133506775
3,task_4,42,19,0.0,0.3669533133506775
3,task_4,42,20,0.0,0.3669533133506775
3,task_4,42,21,0.0,0.3669533133506775
3,task_4,42,22,0.019307151436805725,0.3251076936721802
3,task_4,42,23,0.148573100566864,-0.16604578495025635
3,task_4,42,24,0.2658121585845947,-0.37936851382255554
3,task_4,42,25,0.3532142639160156,-0.5416256785392761
3,task_4,42,26,0.4558989107608795,-0.73295658826828
3,task_4,42,27,0.5266626477241516,-0.8393064141273499
3,task_4,42,28,0.564617931842804,-0.899794340133667
3,task_4,42,29,2.3595528602600098,-4.838983058929443
3,task_4,43,0,0.0,-0.9291867613792419
3,task_4,43,1,0.0,-0.9291867613792419
3,task_4,43,2,0.0,-0.9291867613792419
3,task_4,43,3,0.0,-0.9291867613792419
3,task_4,43,4,0.0,-0.9291867613792419
3,task_4,43,5,0.0,-0.9291867613792419
3,task_4,43,6,0.0,-0.9291867613792419
3,task_4,43,7,0.0,-0.9291867613792419
3,task_4,43,8,0.0,-0.9291867613792419
3,task_4,43,9,0.0,-0.9291867613792419
3,task_4,43,10,0.0,-0.9291867613792419
3,task_4,43,11,0.0,-0.9291867613792419
3,task_4,43,12,0.012983277440071106,-0.8901811242103577
3,task_4,43,13,0.10311354696750641,-0.603847086429596
3,task_4,43,14,0.17677393555641174,-0.36621537804603577
3,task_4,43,15,0.26605865359306335,-0.0650537982583046
3,task_4,43,16,0.3370960056781769,0.11220954358577728
3,task_4,43,17,0.4166024625301361,0.3775728642940521
3,task_4,43,18,0.4941224753856659,0.5371896624565125
3,task_4,43,19,0.5522760152816772,0.6500639915466309
3,task_4,43,20,0.6140961050987244,0.7284358739852905
3,task_4,43,21,0.6764258146286011,0.8171819448471069
3,task_4,43,22,0.7262076735496521,0.8939524292945862
3,task_4,43,23,0.7746130228042603,0.9369699358940125
3,task_4,43,24,0.8073297142982483,0.974712610244751
3,task_4,43,25,0.8435013294219971,1.0351190567016602
3,task_4,43,26,0.8698585629463196,1.0456945896148682
3,task_4,43,27,0.8861094117164612,1.0406548976898193
3,task_4,43,28,0.9039804935455322,1.0413905382156372
3,task_4,43,29,2.5311977863311768,2.884387731552124
3,task_4,44,0,0.0,0.19034522771835327
3,task_4,44,1,0.0,0.19034522771835327
3,task_4,44,2,0.0,0.19034522771835327
3,task_4,44,3,0.0,0.19034522771835327
3,task_4,44,4,0.0,0.19034522771835327
3,task_4,44,5,0.0,0.19034522771835327
3,task_4,44,6,0.0,0.19034522771835327
3,task_4,44,7,0.0,0.19034522771835327
3,task_4,44,8,0.0,0.19034522771835327
3,task_4,44,9,0.0,0.19034522771835327
3,task_4,44,10,0.0,0.19034522771835327
3,task_4,44,11,0.0,0.19034522771835327
3,task_4,44,12,0.0,0.19034522771835327
3,task_4,44,13,0.0,0.19034522771835327
3,task_4,44,14,0.0,0.19034522771835327
3,task_4,44,15,0.0,0.19034522771835327
3,task_4,44,16,0.0,0.19034522771835327
3,task_4,44,17,0.0,0.19034522771835327
3,task_4,44,18,0.0,0.19034522771835327
3,task_4,44,19,0.0,0.19034522771835327
3,task_4,44,20,0.0,0.19034522771835327
3,task_4,44,21,0.0,0.19034522771835327
3,task_4,44,22,0.0,0.19034522771835327
3,task_4,44,23,0.0,0.19034522771835327
3,task_4,44,24,0.0,0.19034522771835327
3,task_4,44,25,0.0,0.19034522771835327
3,task_4,44,26,0.0,0.19034522771835327
3,task_4,44,27,0.012177320197224617,0.12750880420207977
3,task_4,44,28,0.03910122066736221,0.02513285167515278
3,task_4,44,29,2.1077499389648438,-5.291962146759033
3,task_4,45,0,0.0,0.29857122898101807
3,task_4,45,1,0.0,0.29857122898101807
3,task_4,45,2,0.0,0.29857122898101807
3,task_4,45,3,0.0,0.29857122898101807
3,task_4,45,4,0.0,0.29857122898101807
3,task_4,45,5,0.0,0.29857122898101807
3,task_4,45,6,0.0,0.29857122898101807
3,task_4,45,7,0.0,0.29857122898101807
3,task_4,45,8,0.0,0.29857122898101807
3,task_4,45,9,0.0,0.29857122898101807
3,task_4,45,10,0.0,0.29857122898101807
3,task_4,45,11,0.0,0.29857122898101807
3,task_4,45,12,0.0,0.29857122898101807
3,task_4,45,13,0.0,0.29857122898101807
3,task_4,45,14,0.0,0.29857122898101807
3,task_4,45,15,0.0,0.29857122898101807
3,task_4,45,16,0.0,0.29857122898101807
3,task_4,45,17,0.0,0.29857122898101807
3,task_4,45,18,0.0,0.29857122898101807
3,task_4,45,19,0.0,0.29857122898101807
3,task_4,45,20,0.0,0.29857122898101807
3,task_4,45,21,0.0,0.29857122898101807
3,task_4,45,22,0.0,0.29857122898101807
3,task_4,45,23,0.0,0.29857122898101807
3,task_4,45,24,0.033532798290252686,0.1265142261981964
3,task_4,45,25,0.07155761122703552,-0.0812462866306305
3,task_4,45,26,0.11971721053123474,-0.4447832703590393
3,task_4,45,27,0.15664377808570862,-0.7823922038078308
3,task_4,45,28,0.17369499802589417,-0.9763361215591431
3,task_4,45,29,2.214837074279785,-5.007465839385986
3,task_4,46,0,0.09459991008043289,1.071122407913208
3,task_4,46,1,0.12779879570007324,0.9425748586654663
3,task_4,46,2,0.1645718812942505,0.8225257396697998
3,task_4,46,3,0.20958036184310913,0.6792177557945251
3,task_4,46,4,0.24586717784404755,0.581702470779419
3,task_4,46,5,0.2654363811016083,0.5207654237747192
3,task_4,46,6,0.28398025035858154,0.45263299345970154
3,task_4,46,7,0.2997238039970398,0.40360602736473083
3,task_4,46,8,0.31350046396255493,0.3444269597530365
3,task_4,46,9,0.32855236530303955,0.29687610268592834
3,task_4,46,10,0.33862417936325073,0.2774951159954071
3,task_4,46,11,0.3517947196960449,0.23870620131492615
3,task_4,46,12,0.37122341990470886,0.16036275029182434
3,task_4,46,13,0.3831811547279358,0.11743839830160141
3,task_4,46,14,0.39547330141067505,0.07846522331237793
3,task_4,46,15,0.4047483205795288,0.04269880801439285
3,task_4,46,16,0.4176773428916931,0.011786744929850101
3,task_4,46,17,0.4299570918083191,-0.04650460183620453
3,task_4,46,18,0.44168490171432495,-0.07210329920053482
3,task_4,46,19,0.4497242569923401,-0.10204680263996124
3,task_4,46,20,0.45751941204071045,-0.12145166099071503
3,task_4,46,21,0.4662144184112549,-0.14373131096363068
3,task_4,46,22,0.4752323627471924,-0.16744953393936157
3,task_4,46,23,0.4820765256881714,-0.1754811704158783
3,task_4,46,24,0.4902641177177429,-0.2025870978832245
3,task_4,46,25,0.4980083703994751,-0.2460535317659378
3,task_4,46,26,0.5030660629272461,-0.2625153958797455
3,task_4,46,27,0.5117504000663757,-0.28690221905708313
3,task_4,46,28,0.5174019932746887,-0.31707829236984253
3,task_4,46,29,2.0868966579437256,-4.898496627807617
3,task_4,47,0,0.0,0.6055968403816223
3,task_4,47,1,0.0,0.6055968403816223
3,task_4,47,2,0.0,0.6055968403816223
3,task_4,47,3,0.0,0.6055968403816223
3,task_4,47,4,0.0,0.6055968403816223
3,task_4,47,5,0.0,0.6055968403816223
3,task_4,47,6,0.0,0.6055968403816223
3,task_4,47,7,0.0,0.6055968403816223
3,task_4,47,8,0.0,0.6055968403816223
3,task_4,47,9,0.0,0.6055968403816223
3,task_4,47,10,0.0,0.6055968403816223
3,task_4,47,11,0.020352110266685486,0.5853644609451294
3,task_4,47,12,0.050013184547424316,0.5492768287658691
3,task_4,47,13,0.06884555518627167,0.5352263450622559
3,task_4,47,14,0.08436340093612671,0.5091814994812012
3,task_4,47,15,0.09763425588607788,0.48521700501441956
3,task_4,47,16,0.1065950095653534,0.48496150970458984
3,task_4,47,17,0.11803004145622253,0.47281983494758606
3,task_4,47,18,0.13762947916984558,0.43552833795547485
3,task_4,47,19,0.22704339027404785,0.3099234402179718
3,task_4,47,20,0.3737350404262543,0.12602290511131287
3,task_4,47,21,0.5073279142379761,-0.09555038064718246
3,task_4,47,22,0.6587644815444946,-0.3571220636367798
3,task_4,47,23,0.8324899673461914,-0.7694615721702576
3,task_4,47,24,0.968510627746582,-0.9149274230003357
3,task_4,47,25,1.1397888660430908,-1.0685710906982422
3,task_4,47,26,1.3154027462005615,-1.2279878854751587
3,task_4,47,27,1.442121982574463,-1.3675143718719482
3,task_4,47,28,1.5907984972000122,-1.5902940034866333
3,task_4,47,29,3.555413246154785,-3.7636585235595703
3,task_4,48,0,0.0,1.2040555477142334
3,task_4,48,1,0.0,1.2040555477142334
3,task_4,48,2,0.0,1.2040555477142334
3,task_4,48,3,0.0,1.2040555477142334
3,task_4,48,4,0.0,1.2040555477142334
3,task_4,48,5,0.0,1.2040555477142334
3,task_4,48,6,0.0,1.2040555477142334
3,task_4,48,7,0.0,1.2040555477142334
3,task_4,48,8,0.0,1.2040555477142334
3,task_4,48,9,0.0,1.2040555477142334
3,task_4,48,10,0.0,1.2040555477142334
3,task_4,48,11,0.010686635971069336,0.9839096069335938
3,task_4,48,12,0.05363428592681885,0.09884223341941833
3,task_4,48,13,0.09924754500389099,-0.8427860736846924
3,task_4,48,14,0.13856112957000732,-0.8427860736846924
3,task_4,48,15,0.18104210495948792,-0.8427860736846924
3,task_4,48,16,0.21614179015159607,-0.8427860736846924
3,task_4,48,17,0.255312979221344,-0.8427860736846924
3,task_4,48,18,0.2877562642097473,-0.8427860736846924
3,task_4,48,19,0.3223135471343994,-0.8427860736846924
3,task_4,48,20,0.360029935836792,-0.8427860736846924
3,task_4,48,21,0.3874194025993347,-0.8427860736846924
3,task_4,48,22,0.41155290603637695,-0.8427860736846924
3,task_4,48,23,0.4277980923652649,-0.8427860736846924
3,task_4,48,24,0.44317805767059326,-0.8427860736846924
3,task_4,48,25,0.4647291898727417,-0.8427860736846924
3,task_4,48,26,0.4805554747581482,-0.8427860736846924
3,task_4,48,27,0.48965609073638916,-0.8427860736846924
3,task_4,48,28,0.504700243473053,-0.8427860736846924
3,task_4,48,29,0.54067063331604,-0.8427860736846924
3,task_4,49,0,9.999999747378752e-05,0.0
3,task_4,49,1,9.999999747378752e-05,0.0
3,task_4,49,2,9.999999747378752e-05,0.0
3,task_4,49,3,9.999999747378752e-05,0.0
3,task_4,49,4,9.999999747378752e-05,0.0
3,task_4,49,5,9.999999747378752e-05,0.0
3,task_4,49,6,9.999999747378752e-05,0.0
3,task_4,49,7,9.999999747378752e-05,0.0
3,task_4,49,8,9.999999747378752e-05,0.0
3,task_4,49,9,9.999999747378752e-05,0.0
3,task_4,49,10,9.999999747378752e-05,0.0
3,task_4,49,11,9.999999747378752e-05,0.0
3,task_4,49,12,9.999999747378752e-05,0.0
3,task_4,49,13,9.999999747378752e-05,0.0
3,task_4,49,14,9.999999747378752e-05,0.0
3,task_4,49,15,9.999999747378752e-05,0.0
3,task_4,49,16,9.999999747378752e-05,0.0
3,task_4,49,17,9.999999747378752e-05,0.0
3,task_4,49,18,9.999999747378752e-05,0.0
3,task_4,49,19,9.999999747378752e-05,0.0
3,task_4,49,20,9.999999747378752e-05,0.0
3,task_4,49,21,9.999999747378752e-05,0.0
3,task_4,49,22,9.999999747378752e-05,0.0
3,task_4,49,23,9.999999747378752e-05,0.0
3,task_4,49,24,9.999999747378752e-05,0.0
3,task_4,49,25,9.999999747378752e-05,0.0
3,task_4,49,26,9.999999747378752e-05,0.0
3,task_4,49,27,9.999999747378752e-05,0.0
3,task_4,49,28,9.999999747378752e-05,0.0
3,task_4,49,29,9.999999747378752e-05,0.0
3,task_4,50,0,0.0,0.0
3,task_4,50,1,0.0,0.0
3,task_4,50,2,0.0,0.0
3,task_4,50,3,0.0,0.0
3,task_4,50,4,0.0,0.0
3,task_4,50,5,0.0,0.0
3,task_4,50,6,0.0,0.0
3,task_4,50,7,0.0,0.0
3,task_4,50,8,0.0,0.0
3,task_4,50,9,0.0,0.0
3,task_4,50,10,0.0,0.0
3,task_4,50,11,0.0,0.0
3,task_4,50,12,0.006014972925186157,0.0
3,task_4,50,13,0.018373101949691772,0.0
3,task_4,50,14,0.029980063438415527,0.0
3,task_4,50,15,0.042790234088897705,0.0
3,task_4,50,16,0.056217581033706665,0.0
3,task_4,50,17,0.07231593132019043,0.0
3,task_4,50,18,0.09131714701652527,0.0
3,task_4,50,19,0.11617550253868103,0.0
3,task_4,50,20,0.14375323057174683,0.0
3,task_4,50,21,0.1707390546798706,0.0
3,task_4,50,22,0.20218989253044128,0.0
3,task_4,50,23,0.23132005333900452,0.0
3,task_4,50,24,0.2629410922527313,0.0
3,task_4,50,25,0.2901129424571991,0.0
3,task_4,50,26,0.32137444615364075,0.0
3,task_4,50,27,0.3496188223361969,0.0
3,task_4,50,28,0.3692101538181305,0.0
3,task_4,50,29,0.40613025426864624,0.0
3,task_4,51,0,0.07968206703662872,0.931117832660675
3,task_4,51,1,0.08650298416614532,0.9254456162452698
3,task_4,51,2,0.09971677511930466,0.8964157700538635
3,task_4,51,3,0.12293247878551483,0.8709713220596313
3,task_4,51,4,0.14180976152420044,0.8449616432189941
3,task_4,51,5,0.17104384303092957,0.8009470105171204
3,task_4,51,6,0.19749054312705994,0.7515870928764343
3,task_4,51,7,0.2338520884513855,0.6853840351104736
3,task_4,51,8,0.2724948823451996,0.6349877715110779
3,task_4,51,9,0.31377533078193665,0.5806421637535095
3,task_4,51,10,0.35869717597961426,0.5060391426086426
3,task_4,51,11,0.40365615487098694,0.43858182430267334
3,task_4,51,12,0.4490400552749634,0.3353990316390991
3,task_4,51,13,0.488626629114151,0.2606397867202759
3,task_4,51,14,0.541440486907959,0.18021127581596375
3,task_4,51,15,0.5924773216247559,0.09138211607933044
3,task_4,51,16,0.6429370641708374,0.0017671821406111121
3,task_4,51,17,0.6813309192657471,-0.06467168033123016
3,task_4,51,18,0.7175004482269287,-0.15468135476112366
3,task_4,51,19,0.7475187182426453,-0.20408155024051666
3,task_4,51,20,0.7646781206130981,-0.23296087980270386
3,task_4,51,21,0.7799262404441833,-0.25709933042526245
3,task_4,51,22,0.7940937280654907,-0.2824418544769287
3,task_4,51,23,0.8027198910713196,-0.3031059503555298
3,task_4,51,24,0.8135047554969788,-0.3139602541923523
3,task_4,51,25,0.9314863085746765,-0.5163054466247559
3,task_4,51,26,1.089640736579895,-0.789966344833374
3,task_4,51,27,1.2215008735656738,-1.0692981481552124
3,task_4,51,28,1.3621819019317627,-1.354396939277649
3,task_4,51,29,3.4228127002716064,-4.193508148193359
3,task_4,52,0,0.0,-0.09233634173870087
3,task_4,52,1,0.0,-0.09233634173870087
3,task_4,52,2,0.0,-0.09233634173870087
3,task_4,52,3,0.0,-0.09233634173870087
3,task_4,52,4,0.0,-0.09233634173870087
3,task_4,52,5,0.0,-0.09233634173870087
3,task_4,52,6,0.0,-0.09233634173870087
3,task_4,52,7,0.0,-0.09233634173870087
3,task_4,52,8,0.0,-0.09233634173870087
3,task_4,52,9,0.0,-0.09233634173870087
3,task_4,52,10,0.0,-0.09233634173870087
3,task_4,52,11,0.0,-0.09233634173870087
3,task_4,52,12,0.0,-0.09233634173870087
3,task_4,52,13,0.0,-0.09233634173870087
3,task_4,52,14,0.0,-0.09233634173870087
3,task_4,52,15,0.0,-0.09233634173870087
3,task_4,52,16,0.0,-0.09233634173870087
3,task_4,52,17,0.0,-0.09233634173870087
3,task_4,52,18,0.005654886364936829,-0.011028623208403587
3,task_4,52,19,0.033152252435684204,0.5190710425376892
3,task_4,52,20,0.059998124837875366,1.0976240634918213
3,task_4,52,21,0.10480149835348129,1.5180543661117554
3,task_4,52,22,0.12989497184753418,1.286993384361267
3,task_4,52,23,0.16110801696777344,1.506140112876892
3,task_4,52,24,0.22155244648456573,1.1268924474716187
3,task_4,52,25,0.2741651237010956,0.3937678337097168
3,task_4,52,26,0.3243904411792755,-0.9640213251113892
3,task_4,52,27,0.3619270324707031,-2.543570041656494
3,task_4,52,28,0.37681734561920166,-3.341564416885376
3,task_4,52,29,1.7748483419418335,1.0736953020095825
3,task_4,53,0,0.0,0.21458077430725098
3,task_4,53,1,0.0,0.21458077430725098
3,task_4,53,2,0.0,0.21458077430725098
3,task_4,53,3,0.0,0.21458077430725098
3,task_4,53,4,0.0,0.21458077430725098
3,task_4,53,5,0.0,0.21458077430725098
3,task_4,53,6,0.0,0.21458077430725098
3,task_4,53,7,0.0,0.21458077430725098
3,task_4,53,8,0.0,0.21458077430725098
3,task_4,53,9,0.0,0.21458077430725098
3,task_4,53,10,0.0,0.21458077430725098
3,task_4,53,11,0.0,0.21458077430725098
3,task_4,53,12,0.0,0.21458077430725098
3,task_4,53,13,0.0,0.21458077430725098
3,task_4,53,14,0.0,0.21458077430725098
3,task_4,53,15,0.0,0.21458077430725098
3,task_4,53,16,0.0,0.21458077430725098
3,task_4,53,17,0.05362250655889511,0.2124735713005066
3,task_4,53,18,0.125009685754776,0.2093401551246643
3,task_4,53,19,0.1856541782617569,0.19443084299564362
3,task_4,53,20,0.2605123817920685,0.17897692322731018
3,task_4,53,21,0.3141506016254425,0.15681372582912445
3,task_4,53,22,0.36642158031463623,0.13979537785053253
3,task_4,53,23,0.41913893818855286,0.1295543611049652
3,task_4,53,24,0.46107861399650574,0.11493653804063797
3,task_4,53,25,0.4982481002807617,0.09276457875967026
3,task_4,53,26,0.5252859592437744,0.08370993286371231
3,task_4,53,27,0.5451309680938721,0.06683960556983948
3,task_4,53,28,0.5577967762947083,0.06026863679289818
3,task_4,53,29,3.676116943359375,-5.287777423858643
3,task_4,54,0,0.0,0.32750681042671204
3,task_4,54,1,0.0,0.32750681042671204
3,task_4,54,2,0.0,0.32750681042671204
3,task_4,54,3,0.0,0.32750681042671204
3,task_4,54,4,0.0,0.32750681042671204
3,task_4,54,5,0.0,0.32750681042671204
3,task_4,54,6,0.0,0.32750681042671204
3,task_4,54,7,0.0,0.32750681042671204
3,task_4,54,8,0.0,0.32750681042671204
3,task_4,54,9,0.0,0.32750681042671204
3,task_4,54,10,0.0,0.32750681042671204
3,task_4,54,11,0.0,0.32750681042671204
3,task_4,54,12,0.0,0.32750681042671204
3,task_4,54,13,0.0,0.32750681042671204
3,task_4,54,14,0.0,0.32750681042671204
3,task_4,54,15,0.0,0.32750681042671204
3,task_4,54,16,0.0,0.32750681042671204
3,task_4,54,17,0.0,0.32750681042671204
3,task_4,54,18,0.0,0.32750681042671204
3,task_4,54,19,0.0,0.32750681042671204
3,task_4,54,20,0.0,0.32750681042671204
3,task_4,54,21,0.0,0.32750681042671204
3,task_4,54,22,0.0,0.32750681042671204
3,task_4,54,23,0.0,0.32750681042671204
3,task_4,54,24,0.0,0.32750681042671204
3,task_4,54,25,0.00203656405210495,0.11863455921411514
3,task_4,54,26,0.0081716850399971,-0.5641335844993591
3,task_4,54,27,0.013942264020442963,-1.2134556770324707
3,task_4,54,28,0.020830757915973663,-1.9991272687911987
3,task_4,54,29,0.04239131510257721,-4.52958869934082
3,task_4,55,0,0.5079522132873535,3.5314383506774902
3,task_4,55,1,0.5778935551643372,2.8465416431427
3,task_4,55,2,0.6300833821296692,2.174659013748169
3,task_4,55,3,0.6836472749710083,0.6185253858566284
3,task_4,55,4,0.7350220084190369,-0.10448435693979263
3,task_4,55,5,0.7680341601371765,-0.24117890000343323
3,task_4,55,6,0.7990633845329285,-0.3677264153957367
3,task_4,55,7,0.8238546252250671,-0.3677264153957367
3,task_4,55,8,0.8434526324272156,-0.3677264153957367
3,task_4,55,9,0.857053279876709,-0.3677264153957367
3,task_4,55,10,0.8675162196159363,-0.3677264153957367
3,task_4,55,11,0.8757045865058899,-0.3677264153957367
3,task_4,55,12,0.8796896934509277,-0.3677264153957367
3,task_4,55,13,0.8835176825523376,-0.3677264153957367
3,task_4,55,14,0.8865521550178528,-0.3677264153957367
3,task_4,55,15,0.8900560736656189,-0.3677264153957367
3,task_4,55,16,0.8925555944442749,-0.3677264153957367
3,task_4,55,17,0.8956074118614197,-0.3677264153957367
3,task_4,55,18,0.8976853489875793,-0.3677264153957367
3,task_4,55,19,0.9013228416442871,-0.3677264153957367
3,task_4,55,20,0.9048967957496643,-0.3677264153957367
3,task_4,55,21,0.9072368741035461,-0.3677264153957367
3,task_4,55,22,0.9114736318588257,-0.3677264153957367
3,task_4,55,23,0.9168551564216614,-0.3677264153957367
3,task_4,55,24,0.9233511090278625,-0.3677264153957367
3,task_4,55,25,0.9328998923301697,-0.3677264153957367
3,task_4,55,26,0.9499098062515259,-0.3677264153957367
3,task_4,55,27,0.9608875513076782,-0.3677264153957367
3,task_4,55,28,0.9728232026100159,-0.3677264153957367
3,task_4,55,29,1.0164642333984375,-0.3677264153957367
3,task_4,56,0,0.0,-0.719390332698822
3,task_4,56,1,0.0,-0.719390332698822
3,task_4,56,2,0.0,-0.719390332698822
3,task_4,56,3,0.0,-0.719390332698822
3,task_4,56,4,0.0,-0.719390332698822
3,task_4,56,5,0.0,-0.719390332698822
3,task_4,56,6,0.0,-0.719390332698822
3,task_4,56,7,0.0,-0.719390332698822
3,task_4,56,8,0.0,-0.719390332698822
3,task_4,56,9,0.0,-0.719390332698822
3,task_4,56,10,0.0,-0.719390332698822
3,task_4,56,11,0.0,-0.719390332698822
3,task_4,56,12,0.0247173011302948,-0.6569183468818665
3,task_4,56,13,0.07674555480480194,-0.5499805808067322
3,task_4,56,14,0.15798893570899963,-0.35156378149986267
3,task_4,56,15,0.21813639998435974,-0.24894225597381592
3,task_4,56,16,0.2811356782913208,-0.10294986516237259
3,task_4,56,17,0.3395938277244568,0.008174308575689793
3,task_4,56,18,0.40742170810699463,0.15985214710235596
3,task_4,56,19,0.4579813480377197,0.27285510301589966
3,task_4,56,20,0.5121576189994812,0.3736949563026428
3,task_4,56,21,0.5583223104476929,0.4872763752937317
3,task_4,56,22,0.6180763244628906,0.5841787457466125
3,task_4,56,23,0.643244743347168,0.6278583407402039
3,task_4,56,24,0.6851778030395508,0.6918440461158752
3,task_4,56,25,0.7101197242736816,0.7238297462463379
3,task_4,56,26,0.7372965812683105,0.7813045978546143
3,task_4,56,27,0.7502836585044861,0.8006744980812073
3,task_4,56,28,0.7585633397102356,0.8224028944969177
3,task_4,56,29,2.624412775039673,4.209094047546387
3,task_4,57,0,0.0,-0.007105427328497171
3,task_4,57,1,0.0,-0.007105427328497171
3,task_4,57,2,0.0,-0.007105427328497171
3,task_4,57,3,0.0,-0.007105427328497171
3,task_4,57,4,0.0,-0.007105427328497171
3,task_4,57,5,0.0,-0.007105427328497171
3,task_4,57,6,0.0,-0.007105427328497171
3,task_4,57,7,0.0,-0.007105427328497171
3,task_4,57,8,0.0,-0.007105427328497171
3,task_4,57,9,0.0,-0.007105427328497171
3,task_4,57,10,0.0,-0.007105427328497171
3,task_4,57,11,0.0,-0.007105427328497171
3,task_4,57,12,0.0,-0.007105427328497171
3,task_4,57,13,0.0,-0.007105427328497171
3,task_4,57,14,0.0,-0.007105427328497171
3,task_4,57,15,0.0,-0.007105427328497171
3,task_4,57,16,0.0,-0.007105427328497171
3,task_4,57,17,0.0,-0.007105427328497171
3,task_4,57,18,0.0,-0.007105427328497171
3,task_4,57,19,0.0,-0.007105427328497171
3,task_4,57,20,0.0,-0.007105427328497171
3,task_4,57,21,0.0,-0.007105427328497171
3,task_4,57,22,0.0,-0.007105427328497171
3,task_4,57,23,0.0,-0.007105427328497171
3,task_4,57,24,0.0,-0.007105427328497171
3,task_4,57,25,0.02692815288901329,-0.007105427328497171
3,task_4,57,26,0.0639258474111557,-0.007105427328497171
3,task_4,57,27,0.09250751882791519,-0.007105427328497171
3,task_4,57,28,0.13081374764442444,-0.007105427328497171
3,task_4,57,29,0.18374960124492645,-0.007105427328497171
3,task_4,58,0,0.0,0.5790740251541138
3,task_4,58,1,0.0,0.5790740251541138
3,task_4,58,2,0.0,0.5790740251541138
3,task_4,58,3,0.0,0.5790740251541138
3,task_4,58,4,0.0,0.5790740251541138
3,task_4,58,5,0.0,0.5790740251541138
3,task_4,58,6,0.0,0.5790740251541138
3,task_4,58,7,0.0,0.5790740251541138
3,task_4,58,8,0.0,0.5790740251541138
3,task_4,58,9,0.0,0.5790740251541138
3,task_4,58,10,0.0,0.5790740251541138
3,task_4,58,11,0.0,0.5790740251541138
3,task_4,58,12,0.0,0.5790740251541138
3,task_4,58,13,0.0,0.5790740251541138
3,task_4,58,14,0.0,0.5790740251541138
3,task_4,58,15,0.06558758020401001,0.4614722430706024
3,task_4,58,16,0.12223894149065018,0.3635862171649933
3,task_4,58,17,0.18706712126731873,0.24342671036720276
3,task_4,58,18,0.25531768798828125,0.08223195374011993
3,task_4,58,19,0.3266022205352783,-0.05044471472501755
3,task_4,58,20,0.37502485513687134,-0.13552160561084747
3,task_4,58,21,0.43097853660583496,-0.29118654131889343
3,task_4,58,22,0.494307279586792,-0.4417159855365753
3,task_4,58,23,0.5421321392059326,-0.5222353935241699
3,task_4,58,24,0.5752784609794617,-0.5956042408943176
3,task_4,58,25,0.601514995098114,-0.6573086977005005
3,task_4,58,26,0.6301215291023254,-0.7071316242218018
3,task_4,58,27,0.7267305850982666,-0.8374285101890564
3,task_4,58,28,0.8887474536895752,-1.1670891046524048
3,task_4,58,29,3.410810708999634,-4.431158542633057
3,task_4,59,0,2.1495847702026367,0.0
3,task_4,59,1,2.1495847702026367,0.0
3,task_4,59,2,2.1495847702026367,0.0
3,task_4,59,3,2.1495847702026367,0.0
3,task_4,59,4,2.1495847702026367,0.0
3,task_4,59,5,2.1495847702026367,0.0
3,task_4,59,6,2.1495847702026367,0.0
3,task_4,59,7,2.1495847702026367,0.0
3,task_4,59,8,2.1495847702026367,0.0
3,task_4,59,9,2.1495847702026367,0.0
3,task_4,59,10,2.1495847702026367,0.0
3,task_4,59,11,2.1495847702026367,0.0
3,task_4,59,12,2.1495847702026367,0.0
3,task_4,59,13,2.1495847702026367,0.0
3,task_4,59,14,2.1495847702026367,0.0
3,task_4,59,15,2.1495847702026367,0.0
3,task_4,59,16,2.1495847702026367,0.0
3,task_4,59,17,2.1495847702026367,0.0
3,task_4,59,18,2.1495847702026367,0.0
3,task_4,59,19,2.1495847702026367,0.0
3,task_4,59,20,2.1495847702026367,0.0
3,task_4,59,21,2.1495847702026367,0.0
3,task_4,59,22,2.1495847702026367,0.0
3,task_4,59,23,2.1495847702026367,0.0
3,task_4,59,24,2.1495847702026367,0.0
3,task_4,59,25,2.1495847702026367,0.0
3,task_4,59,26,2.1495847702026367,0.0
3,task_4,59,27,2.1495847702026367,0.0
3,task_4,59,28,2.1495847702026367,0.0
3,task_4,59,29,2.1495847702026367,0.0
3,task_4,60,0,9.999999747378752e-05,0.11368683725595474
3,task_4,60,1,9.999999747378752e-05,0.11368683725595474
3,task_4,60,2,9.999999747378752e-05,0.11368683725595474
3,task_4,60,3,9.999999747378752e-05,0.11368683725595474
3,task_4,60,4,9.999999747378752e-05,0.11368683725595474
3,task_4,60,5,9.999999747378752e-05,0.11368683725595474
3,task_4,60,6,9.999999747378752e-05,0.11368683725595474
3,task_4,60,7,9.999999747378752e-05,0.11368683725595474
3,task_4,60,8,9.999999747378752e-05,0.11368683725595474
3,task_4,60,9,9.999999747378752e-05,0.11368683725595474
3,task_4,60,10,9.999999747378752e-05,0.11368683725595474
3,task_4,60,11,9.999999747378752e-05,0.11368683725595474
3,task_4,60,12,9.999999747378752e-05,0.11368683725595474
3,task_4,60,13,9.999999747378752e-05,0.11368683725595474
3,task_4,60,14,9.999999747378752e-05,0.11368683725595474
3,task_4,60,15,9.999999747378752e-05,0.11368683725595474
3,task_4,60,16,9.999999747378752e-05,0.11368683725595474
3,task_4,60,17,9.999999747378752e-05,0.11368683725595474
3,task_4,60,18,9.999999747378752e-05,0.11368683725595474
3,task_4,60,19,9.999999747378752e-05,0.11368683725595474
3,task_4,60,20,9.999999747378752e-05,0.11368683725595474
3,task_4,60,21,9.999999747378752e-05,0.11368683725595474
3,task_4,60,22,9.999999747378752e-05,0.11368683725595474
3,task_4,60,23,9.999999747378752e-05,0.11368683725595474
3,task_4,60,24,9.999999747378752e-05,0.11368683725595474
3,task_4,60,25,9.999999747378752e-05,0.11368683725595474
3,task_4,60,26,9.999999747378752e-05,0.11368683725595474
3,task_4,60,27,9.999999747378752e-05,0.11368683725595474
3,task_4,60,28,9.999999747378752e-05,0.11368683725595474
3,task_4,60,29,9.999999747378752e-05,0.11368683725595474
3,task_4,61,0,0.0,0.9559478759765625
3,task_4,61,1,0.0,0.9559478759765625
3,task_4,61,2,0.0,0.9559478759765625
3,task_4,61,3,0.024535268545150757,0.8847548365592957
3,task_4,61,4,0.0909711942076683,0.6610336303710938
3,task_4,61,5,0.14981231093406677,0.4545011818408966
3,task_4,61,6,0.19672580063343048,0.3414919376373291
3,task_4,61,7,0.21173831820487976,0.28104132413864136
3,task_4,61,8,0.22059765458106995,0.2582748830318451
3,task_4,61,9,0.22893327474594116,0.24715512990951538
3,task_4,61,10,0.2362075001001358,0.22691285610198975
3,task_4,61,11,0.24228912591934204,0.1998077780008316
3,task_4,61,12,0.25147607922554016,0.17389173805713654
3,task_4,61,13,0.258178174495697,0.15997742116451263
3,task_4,61,14,0.2706955373287201,0.12496756762266159
3,task_4,61,15,0.282694548368454,0.10614782571792603
3,task_4,61,16,0.3006174564361572,0.06337485462427139
3,task_4,61,17,0.31508898735046387,0.05461861565709114
3,task_4,61,18,0.3302089273929596,-0.004977756179869175
3,task_4,61,19,0.34444379806518555,-0.045352935791015625
3,task_4,61,20,0.3591742217540741,-0.07381954789161682
3,task_4,61,21,0.370004802942276,-0.14565229415893555
3,task_4,61,22,0.38445231318473816,-0.19865953922271729
3,task_4,61,23,0.39231061935424805,-0.23744609951972961
3,task_4,61,24,0.3988429009914398,-0.27588310837745667
3,task_4,61,25,0.4067997336387634,-0.289206862449646
3,task_4,61,26,0.4123203754425049,-0.2938576340675354
3,task_4,61,27,0.4209168553352356,-0.3185102641582489
3,task_4,61,28,0.4336468279361725,-0.3508372902870178
3,task_4,61,29,1.9719303846359253,-4.871592044830322
3,task_4,62,0,0.2103310078382492,0.0
3,task_4,62,1,0.2370222955942154,0.0
3,task_4,62,2,0.2462182492017746,0.0
3,task_4,62,3,0.2524792551994324,0.0
3,task_4,62,4,0.25878703594207764,0.0
3,task_4,62,5,0.2638210654258728,0.0
3,task_4,62,6,0.2693130373954773,0.0
3,task_4,62,7,0.2777443528175354,0.0
3,task_4,62,8,0.28687727451324463,0.0
3,task_4,62,9,0.29528069496154785,0.0
3,task_4,62,10,0.3045694828033447,0.0
3,task_4,62,11,0.3134099245071411,0.0
3,task_4,62,12,0.321483850479126,0.0
3,task_4,62,13,0.3304178714752197,0.0
3,task_4,62,14,0.337139368057251,0.0
3,task_4,62,15,0.3427371382713318,0.0
3,task_4,62,16,0.3476372957229614,0.0
3,task_4,62,17,0.35422706604003906,0.0
3,task_4,62,18,0.3650990128517151,0.0
3,task_4,62,19,0.41283220052719116,0.0
3,task_4,62,20,0.4791920781135559,0.0
3,task_4,62,21,0.5655773282051086,0.0
3,task_4,62,22,0.6479082703590393,0.0
3,task_4,62,23,0.7474957704544067,0.0
3,task_4,62,24,0.8434443473815918,0.0
3,task_4,62,25,0.934076189994812,0.0
3,task_4,62,26,1.0406947135925293,0.0
3,task_4,62,27,1.1345232725143433,0.0
3,task_4,62,28,1.2287105321884155,0.0
3,task_4,62,29,1.3246792554855347,0.0
3,task_4,63,0,0.0,0.27461570501327515
3,task_4,63,1,0.0,0.27461570501327515
3,task_4,63,2,0.0,0.27461570501327515
3,task_4,63,3,0.0,0.27461570501327515
3,task_4,63,4,0.0,0.27461570501327515
3,task_4,63,5,0.0,0.27461570501327515
3,task_4,63,6,0.0,0.27461570501327515
3,task_4,63,7,0.0,0.27461570501327515
3,task_4,63,8,0.0,0.27461570501327515
3,task_4,63,9,0.0,0.27461570501327515
3,task_4,63,10,0.0,0.27461570501327515
3,task_4,63,11,0.0,0.27461570501327515
3,task_4,63,12,0.0,0.27461570501327515
3,task_4,63,13,0.0,0.27461570501327515
3,task_4,63,14,0.0,0.27461570501327515
3,task_4,63,15,0.0,0.27461570501327515
3,task_4,63,16,0.0,0.27461570501327515
3,task_4,63,17,0.0,0.27461570501327515
3,task_4,63,18,0.0,0.27461570501327515
3,task_4,63,19,0.0,0.27461570501327515
3,task_4,63,20,0.0,0.27461570501327515
3,task_4,63,21,0.0,0.27461570501327515
3,task_4,63,22,0.1174105703830719,0.5528231263160706
3,task_4,63,23,0.23948928713798523,0.5761546492576599
3,task_4,63,24,0.3411419987678528,0.37727630138397217
3,task_4,63,25,0.43019556999206543,-0.11965372413396835
3,task_4,63,26,0.5014333128929138,-0.7408071160316467
3,task_4,63,27,0.563430666923523,-0.8404436111450195
3,task_4,63,28,0.5952825546264648,-0.8987939953804016
3,task_4,63,29,2.1220521926879883,-4.948100566864014
3,task_4,64,0,0.0,0.47848623991012573
3,task_4,64,1,0.0,0.47848623991012573
3,task_4,64,2,0.0,0.47848623991012573
3,task_4,64,3,0.0,0.47848623991012573
3,task_4,64,4,0.0,0.47848623991012573
3,task_4,64,5,0.0,0.47848623991012573
3,task_4,64,6,0.0,0.47848623991012573
3,task_4,64,7,0.0,0.47848623991012573
3,task_4,64,8,0.0,0.47848623991012573
3,task_4,64,9,0.0,0.47848623991012573
3,task_4,64,10,0.0,0.47848623991012573
3,task_4,64,11,0.0,0.47848623991012573
3,task_4,64,12,0.0,0.47848623991012573
3,task_4,64,13,0.0,0.47848623991012573
3,task_4,64,14,0.0,0.47848623991012573
3,task_4,64,15,0.06263653934001923,0.38520631194114685
3,task_4,64,16,0.1232132539153099,0.27674853801727295
3,task_4,64,17,0.17459726333618164,0.19396273791790009
3,task_4,64,18,0.23169532418251038,0.0900200679898262
3,task_4,64,19,0.2804953157901764,0.01786067709326744
3,task_4,64,20,0.3323083519935608,-0.08934631198644638
3,task_4,64,21,0.3797934055328369,-0.15790311992168427
3,task_4,64,22,0.4179372191429138,-0.26598554849624634
3,task_4,64,23,0.44909152388572693,-0.34241318702697754
3,task_4,64,24,0.48170238733291626,-0.3998991847038269
3,task_4,64,25,0.5073313117027283,-0.45232102274894714
3,task_4,64,26,0.5273029208183289,-0.47790613770484924
3,task_4,64,27,0.5388872623443604,-0.5107115507125854
3,task_4,64,28,0.5561277866363525,-0.554558277130127
3,task_4,64,29,2.5817208290100098,-4.890047550201416
3,task_4,65,0,0.0,-0.3202139139175415
3,task_4,65,1,0.0,-0.3202139139175415
3,task_4,65,2,0.0,-0.3202139139175415
3,task_4,65,3,0.0,-0.3202139139175415
3,task_4,65,4,0.0,-0.3202139139175415
3,task_4,65,5,0.0,-0.3202139139175415
3,task_4,65,6,0.0,-0.3202139139175415
3,task_4,65,7,0.0,-0.3202139139175415
3,task_4,65,8,0.0,-0.3202139139175415
3,task_4,65,9,0.0,-0.3202139139175415
3,task_4,65,10,0.0,-0.3202139139175415
3,task_4,65,11,0.0,-0.3202139139175415
3,task_4,65,12,0.0,-0.3202139139175415
3,task_4,65,13,0.0,-0.3202139139175415
3,task_4,65,14,0.0,-0.3202139139175415
3,task_4,65,15,0.0,-0.3202139139175415
3,task_4,65,16,0.0,-0.3202139139175415
3,task_4,65,17,0.0,-0.3202139139175415
3,task_4,65,18,0.0,-0.3202139139175415
3,task_4,65,19,0.0,-0.3202139139175415
3,task_4,65,20,0.0,-0.3202139139175415
3,task_4,65,21,0.0,-0.3202139139175415
3,task_4,65,22,0.0,-0.3202139139175415
3,task_4,65,23,0.0,-0.3202139139175415
3,task_4,65,24,0.01175527274608612,-0.09571591764688492
3,task_4,65,25,0.04657597839832306,0.4224286377429962
3,task_4,65,26,0.08099247515201569,0.6826090812683105
3,task_4,65,27,0.10675619542598724,0.8295536637306213
3,task_4,65,28,0.12850992381572723,0.9096716642379761
3,task_4,65,29,1.4707239866256714,4.936586380004883
3,task_4,66,0,0.0,0.6387879252433777
3,task_4,66,1,0.0,0.6387879252433777
3,task_4,66,2,0.0,0.6387879252433777
3,task_4,66,3,0.0,0.6387879252433777
3,task_4,66,4,0.0,0.6387879252433777
3,task_4,66,5,0.0,0.6387879252433777
3,task_4,66,6,0.0,0.6387879252433777
3,task_4,66,7,0.0,0.6387879252433777
3,task_4,66,8,0.0,0.6387879252433777
3,task_4,66,9,0.0,0.6387879252433777
3,task_4,66,10,0.0,0.6387879252433777
3,task_4,66,11,0.0,0.6387879252433777
3,task_4,66,12,0.0,0.6387879252433777
3,task_4,66,13,0.0,0.6387879252433777
3,task_4,66,14,0.0,0.6387879252433777
3,task_4,66,15,0.018478408455848694,0.6109877228736877
3,task_4,66,16,0.08499105274677277,0.5468981266021729
3,task_4,66,17,0.18276964128017426,0.40539562702178955
3,task_4,66,18,0.28515639901161194,0.291414350271225
3,task_4,66,19,0.39312565326690674,0.12842831015586853
3,task_4,66,20,0.49844813346862793,-0.09467890858650208
3,task_4,66,21,0.5891666412353516,-0.3856545686721802
3,task_4,66,22,0.6622839570045471,-0.667888343334198
3,task_4,66,23,0.7129766345024109,-0.8748787045478821
3,task_4,66,24,0.7435193061828613,-1.0179901123046875
3,task_4,66,25,0.7657046318054199,-1.1051462888717651
3,task_4,66,26,0.7872847318649292,-1.170483946800232
3,task_4,66,27,0.8006289601325989,-1.2551594972610474
3,task_4,66,28,0.8087074756622314,-1.2916525602340698
3,task_4,66,29,1.5919917821884155,-3.7014083862304688
3,task_4,67,0,0.3443419933319092,1.0003917217254639
3,task_4,67,1,0.3947370648384094,0.7944796681404114
3,task_4,67,2,0.4173354506492615,0.7035602331161499
3,task_4,67,3,0.42784035205841064,0.6271912455558777
3,task_4,67,4,0.4373016953468323,0.5813314318656921
3,task_4,67,5,0.44544947147369385,0.5575528740882874
3,task_4,67,6,0.45387691259384155,0.5246066451072693
3,task_4,67,7,0.46259605884552,0.4990444779396057
3,task_4,67,8,0.474981427192688,0.4663875699043274
3,task_4,67,9,0.48612236976623535,0.4176432490348816
3,task_4,67,10,0.5039580464363098,0.3423025906085968
3,task_4,67,11,0.5189383029937744,0.2813098728656769
3,task_4,67,12,0.531760036945343,0.2376851737499237
3,task_4,67,13,0.5430772304534912,0.1831020563840866
3,task_4,67,14,0.5614000558853149,0.1211632713675499
3,task_4,67,15,0.5793386697769165,0.07464364171028137
3,task_4,67,16,0.5942013263702393,0.013965711928904057
3,task_4,67,17,0.6118231415748596,-0.03431958705186844
3,task_4,67,18,0.6256086826324463,-0.05656922236084938
3,task_4,67,19,0.6375754475593567,-0.08975806087255478
3,task_4,67,20,0.649949312210083,-0.13430552184581757
3,task_4,67,21,0.6631539463996887,-0.1706579327583313
3,task_4,67,22,0.6723983287811279,-0.1940474808216095
3,task_4,67,23,0.6825966238975525,-0.26007717847824097
3,task_4,67,24,0.6892519593238831,-0.2776385545730591
3,task_4,67,25,0.6957669854164124,-0.30535998940467834
3,task_4,67,26,0.7019553780555725,-0.32741373777389526
3,task_4,67,27,0.7069417238235474,-0.33172932267189026
3,task_4,67,28,0.7166825532913208,-0.3525370657444
3,task_4,67,29,1.6964454650878906,-4.891944408416748
3,task_4,68,0,0.0,0.0
3,task_4,68,1,0.0,0.0
3,task_4,68,2,0.0,0.0
3,task_4,68,3,0.0,0.0
3,task_4,68,4,0.0,0.0
3,task_4,68,5,0.0,0.0
3,task_4,68,6,0.0,0.0
3,task_4,68,7,0.0,0.0
3,task_4,68,8,0.0,0.0
3,task_4,68,9,0.0,0.0
3,task_4,68,10,0.0,0.0
3,task_4,68,11,0.0,0.0
3,task_4,68,12,0.0,0.0
3,task_4,68,13,0.0,0.0
3,task_4,68,14,0.0,0.0
3,task_4,68,15,0.00010911375284194946,0.0
3,task_4,68,16,0.009991250932216644,0.0
3,task_4,68,17,0.020527318120002747,0.0
3,task_4,68,18,0.03331407159566879,0.0
3,task_4,68,19,0.04411346837878227,0.0
3,task_4,68,20,0.05363503843545914,0.0
3,task_4,68,21,0.060195744037628174,0.0
3,task_4,68,22,0.06965484470129013,0.0
3,task_4,68,23,0.07779569923877716,0.0
3,task_4,68,24,0.08255638927221298,0.0
3,task_4,68,25,0.08852101117372513,0.0
3,task_4,68,26,0.09418351948261261,0.0
3,task_4,68,27,0.09946909546852112,0.0
3,task_4,68,28,0.11174125224351883,0.0
3,task_4,68,29,0.1384655088186264,0.0
3,task_4,69,0,0.0,0.9483464956283569
3,task_4,69,1,0.0,0.9483464956283569
3,task_4,69,2,0.0,0.9483464956283569
3,task_4,69,3,0.0,0.9483464956283569
3,task_4,69,4,0.0,0.9483464956283569
3,task_4,69,5,0.0,0.9483464956283569
3,task_4,69,6,0.0,0.9483464956283569
3,task_4,69,7,0.0,0.9483464956283569
3,task_4,69,8,0.022014319896697998,0.9093017578125
3,task_4,69,9,0.08501242846250534,0.817436695098877
3,task_4,69,10,0.1577303409576416,0.7040500640869141
3,task_4,69,11,0.22593098878860474,0.6174442172050476
3,task_4,69,12,0.3008454144001007,0.4811290502548218
3,task_4,69,13,0.3935707211494446,0.33980676531791687
3,task_4,69,14,0.4737887382507324,0.2214883267879486
3,task_4,69,15,0.5497561097145081,0.09704799205064774
3,task_4,69,16,0.6450508832931519,-0.026811223477125168
3,task_4,69,17,0.7191681861877441,-0.1290617287158966
3,task_4,69,18,0.7961214780807495,-0.22565583884716034
3,task_4,69,19,0.8812108039855957,-0.38334786891937256
3,task_4,69,20,0.9600086212158203,-0.5431596040725708
3,task_4,69,21,1.0272128582000732,-0.687981367111206
3,task_4,69,22,1.0762723684310913,-0.7387667894363403
3,task_4,69,23,1.113923192024231,-0.77821284532547
3,task_4,69,24,1.1391388177871704,-0.8241771459579468
3,task_4,69,25,1.1571660041809082,-0.8312806487083435
3,task_4,69,26,1.175423502922058,-0.8588972687721252
3,task_4,69,27,1.2790132761001587,-0.9596940279006958
3,task_4,69,28,1.4824177026748657,-1.297360897064209
3,task_4,69,29,3.866222381591797,-3.49006986618042
3,task_4,70,0,0.0,0.49594762921333313
3,task_4,70,1,0.0,0.49594762921333313
3,task_4,70,2,0.0,0.49594762921333313
3,task_4,70,3,0.0,0.49594762921333313
3,task_4,70,4,0.0,0.49594762921333313
3,task_4,70,5,0.0,0.49594762921333313
3,task_4,70,6,0.0,0.49594762921333313
3,task_4,70,7,0.0,0.49594762921333313
3,task_4,70,8,0.0,0.49594762921333313
3,task_4,70,9,0.0,0.49594762921333313
3,task_4,70,10,0.0,0.49594762921333313
3,task_4,70,11,0.0,0.49594762921333313
3,task_4,70,12,0.0,0.49594762921333313
3,task_4,70,13,0.04360058903694153,0.45826050639152527
3,task_4,70,14,0.09393700957298279,0.3861958384513855
3,task_4,70,15,0.15221703052520752,0.2995917797088623
3,task_4,70,16,0.20382185280323029,0.24989953637123108
3,task_4,70,17,0.26097169518470764,0.1522711217403412
3,task_4,70,18,0.3168826699256897,0.09467006474733353
3,task_4,70,19,0.377429336309433,-0.003930730279535055
3,task_4,70,20,0.43128469586372375,-0.11264187842607498
3,task_4,70,21,0.47467297315597534,-0.16657383739948273
3,task_4,70,22,0.5149430632591248,-0.21170103549957275
3,task_4,70,23,0.560232937335968,-0.275847464799881
3,task_4,70,24,0.6023806929588318,-0.36916688084602356
3,task_4,70,25,0.6281697154045105,-0.41497960686683655
3,task_4,70,26,0.6448640823364258,-0.4492650032043457
3,task_4,70,27,0.6577011346817017,-0.4884716868400574
3,task_4,70,28,0.7481499314308167,-0.7129703164100647
3,task_4,70,29,3.247356653213501,-4.882657527923584
3,task_4,71,0,0.0,0.6340965628623962
3,task_4,71,1,0.0,0.6340965628623962
3,task_4,71,2,0.0,0.6340965628623962
3,task_4,71,3,0.0,0.6340965628623962
3,task_4,71,4,0.0,0.6340965628623962
3,task_4,71,5,0.0,0.6340965628623962
3,task_4,71,6,0.0,0.6340965628623962
3,task_4,71,7,0.0,0.6340965628623962
3,task_4,71,8,0.0,0.6340965628623962
3,task_4,71,9,0.0,0.6340965628623962
3,task_4,71,10,0.0,0.6340965628623962
3,task_4,71,11,0.0,0.6340965628623962
3,task_4,71,12,0.0,0.6340965628623962
3,task_4,71,13,0.0,0.6340965628623962
3,task_4,71,14,0.0,0.6340965628623962
3,task_4,71,15,0.006728604435920715,0.6006120443344116
3,task_4,71,16,0.04583772271871567,0.4291028678417206
3,task_4,71,17,0.07372661679983139,0.2757119834423065
3,task_4,71,18,0.0987287312746048,0.13370774686336517
3,task_4,71,19,0.12244847416877747,-0.015058454126119614
3,task_4,71,20,0.15361298620700836,-0.2457468956708908
3,task_4,71,21,0.18151745200157166,-0.43104472756385803
3,task_4,71,22,0.20163565874099731,-0.5804005861282349
3,task_4,71,23,0.21966741979122162,-0.7327621579170227
3,task_4,71,24,0.2332942634820938,-0.7860192060470581
3,task_4,71,25,0.2471008598804474,-0.8887202143669128
3,task_4,71,26,0.2622947096824646,-0.9832888245582581
3,task_4,71,27,0.27196380496025085,-1.0803295373916626
3,task_4,71,28,0.28325754404067993,-1.1699556112289429
3,task_4,71,29,2.058560371398926,-4.037254333496094
3,task_4,72,0,0.0,0.8946434855461121
3,task_4,72,1,0.0,0.8946434855461121
3,task_4,72,2,0.0,0.8946434855461121
3,task_4,72,3,0.0,0.8946434855461121
3,task_4,72,4,0.03116792067885399,0.8728695511817932
3,task_4,72,5,0.07548479735851288,0.8361865282058716
3,task_4,72,6,0.12601599097251892,0.802430272102356
3,task_4,72,7,0.17614580690860748,0.7659085392951965
3,task_4,72,8,0.23659686744213104,0.7288230657577515
3,task_4,72,9,0.30704164505004883,0.6840611696243286
3,task_4,72,10,0.365227073431015,0.652519941329956
3,task_4,72,11,0.4324939548969269,0.6155808568000793
3,task_4,72,12,0.4899872839450836,0.5364068150520325
3,task_4,72,13,0.5569837689399719,0.34954994916915894
3,task_4,72,14,0.6165637969970703,0.3006911277770996
3,task_4,72,15,0.6728898882865906,0.2676069438457489
3,task_4,72,16,0.7263715863227844,0.23848779499530792
3,task_4,72,17,0.7687179446220398,0.2056715190410614
3,task_4,72,18,0.819548487663269,-0.03501720353960991
3,task_4,72,19,0.8530287146568298,-0.19363297522068024
3,task_4,72,20,0.8801200985908508,-0.32191529870033264
3,task_4,72,21,0.9150548577308655,-0.48724451661109924
3,task_4,72,22,0.9376509189605713,-0.5939910411834717
3,task_4,72,23,0.9691187143325806,-0.7425410151481628
3,task_4,72,24,0.9908062815666199,-0.8446663022041321
3,task_4,72,25,1.0131789445877075,-0.9498407244682312
3,task_4,72,26,1.0382602214813232,-1.0668320655822754
3,task_4,72,27,1.066216230392456,-1.197730541229248
3,task_4,72,28,1.098720908164978,-1.3499383926391602
3,task_4,72,29,1.6226601600646973,-3.652017593383789
3,task_4,73,0,0.23866063356399536,0.4389863610267639
3,task_4,73,1,0.24797461926937103,0.40210187435150146
3,task_4,73,2,0.2539328336715698,0.3698659837245941
3,task_4,73,3,0.25823289155960083,0.3577271103858948
3,task_4,73,4,0.26142051815986633,0.34130027890205383
3,task_4,73,5,0.2655610740184784,0.33590996265411377
3,task_4,73,6,0.2693784832954407,0.3210330307483673
3,task_4,73,7,0.27407586574554443,0.3060148060321808
3,task_4,73,8,0.279188334941864,0.2934791147708893
3,task_4,73,9,0.2860555052757263,0.2522488832473755
3,task_4,73,10,0.29354923963546753,0.23139716684818268
3,task_4,73,11,0.30205535888671875,0.19255603849887848
3,task_4,73,12,0.3072275221347809,0.16919249296188354
3,task_4,73,13,0.3118877708911896,0.13514535129070282
3,task_4,73,14,0.31563737988471985,0.1311522126197815
3,task_4,73,15,0.31993043422698975,0.11846446245908737
3,task_4,73,16,0.3224574327468872,0.10551832616329193
3,task_4,73,17,0.32567161321640015,0.09542664885520935
3,task_4,73,18,0.32800352573394775,0.09263315796852112
3,task_4,73,19,0.3306688666343689,0.08503232151269913
3,task_4,73,20,0.3330792784690857,0.08150031417608261
3,task_4,73,21,0.33581873774528503,0.07353731989860535
3,task_4,73,22,0.33791598677635193,0.07152900844812393
3,task_4,73,23,0.34064704179763794,0.06857819110155106
3,task_4,73,24,0.3426724076271057,0.06654701381921768
3,task_4,73,25,0.3458758592605591,0.044414542615413666
3,task_4,73,26,0.3487389087677002,0.040829919278621674
3,task_4,73,27,0.3524031639099121,0.02126189135015011
3,task_4,73,28,0.35768550634384155,0.007313946262001991
3,task_4,73,29,2.4368302822113037,-5.25069522857666
3,task_4,74,0,0.0,1.2656948566436768
3,task_4,74,1,0.0,1.2656948566436768
3,task_4,74,2,0.0,1.2656948566436768
3,task_4,74,3,0.010829910635948181,1.2272381782531738
3,task_4,74,4,0.0327935516834259,1.1729627847671509
3,task_4,74,5,0.05916067957878113,1.097710371017456
3,task_4,74,6,0.07767298817634583,1.0382415056228638
3,task_4,74,7,0.10375432670116425,0.962070882320404
3,task_4,74,8,0.1322595626115799,0.8744010925292969
3,task_4,74,9,0.17601792514324188,0.7418144941329956
3,task_4,74,10,0.20816001296043396,0.640731930732727
3,task_4,74,11,0.25092801451683044,0.5225189328193665
3,task_4,74,12,0.2900044322013855,0.3939521014690399
3,task_4,74,13,0.3253331184387207,0.2573745846748352
3,task_4,74,14,0.3579281270503998,0.14734496176242828
3,task_4,74,15,0.4003602862358093,0.006841926835477352
3,task_4,74,16,0.44247347116470337,-0.12172897905111313
3,task_4,74,17,0.4829603433609009,-0.2747740149497986
3,task_4,74,18,0.5127445459365845,-0.4037501811981201
3,task_4,74,19,0.5442905426025391,-0.5126848220825195
3,task_4,74,20,0.5780689716339111,-0.6384596228599548
3,task_4,74,21,0.6071429252624512,-0.7683238983154297
3,task_4,74,22,0.6400575041770935,-0.8867357969284058
3,task_4,74,23,0.6663482785224915,-0.9731473922729492
3,task_4,74,24,0.6840143203735352,-1.0581849813461304
3,task_4,74,25,0.7061550617218018,-1.1508597135543823
3,task_4,74,26,0.7207909226417542,-1.2132114171981812
3,task_4,74,27,0.7320370674133301,-1.2465671300888062
3,task_4,74,28,0.7437589764595032,-1.2918702363967896
3,task_4,74,29,0.9964965581893921,-2.3399887084960938
3,task_4,75,0,9.999999747378752e-05,0.0
3,task_4,75,1,9.999999747378752e-05,0.0
3,task_4,75,2,9.999999747378752e-05,0.0
3,task_4,75,3,9.999999747378752e-05,0.0
3,task_4,75,4,9.999999747378752e-05,0.0
3,task_4,75,5,9.999999747378752e-05,0.0
3,task_4,75,6,9.999999747378752e-05,0.0
3,task_4,75,7,9.999999747378752e-05,0.0
3,task_4,75,8,9.999999747378752e-05,0.0
3,task_4,75,9,9.999999747378752e-05,0.0
3,task_4,75,10,9.999999747378752e-05,0.0
3,task_4,75,11,9.999999747378752e-05,0.0
3,task_4,75,12,9.999999747378752e-05,0.0
3,task_4,75,13,9.999999747378752e-05,0.0
3,task_4,75,14,9.999999747378752e-05,0.0
3,task_4,75,15,9.999999747378752e-05,0.0
3,task_4,75,16,9.999999747378752e-05,0.0
3,task_4,75,17,9.999999747378752e-05,0.0
3,task_4,75,18,9.999999747378752e-05,0.0
3,task_4,75,19,9.999999747378752e-05,0.0
3,task_4,75,20,9.999999747378752e-05,0.0
3,task_4,75,21,9.999999747378752e-05,0.0
3,task_4,75,22,9.999999747378752e-05,0.0
3,task_4,75,23,9.999999747378752e-05,0.0
3,task_4,75,24,9.999999747378752e-05,0.0
3,task_4,75,25,9.999999747378752e-05,0.0
3,task_4,75,26,9.999999747378752e-05,0.0
3,task_4,75,27,9.999999747378752e-05,0.0
3,task_4,75,28,9.999999747378752e-05,0.0
3,task_4,75,29,9.999999747378752e-05,0.0
3,task_4,76,0,0.0,-0.5007450580596924
3,task_4,76,1,0.0,-0.5007450580596924
3,task_4,76,2,0.0,-0.5007450580596924
3,task_4,76,3,0.0,-0.5007450580596924
3,task_4,76,4,0.0,-0.5007450580596924
3,task_4,76,5,0.0,-0.5007450580596924
3,task_4,76,6,0.0,-0.5007450580596924
3,task_4,76,7,0.0,-0.5007450580596924
3,task_4,76,8,0.0,-0.5007450580596924
3,task_4,76,9,0.0,-0.5007450580596924
3,task_4,76,10,0.0,-0.5007450580596924
3,task_4,76,11,0.0,-0.5007450580596924
3,task_4,76,12,0.0,-0.5007450580596924
3,task_4,76,13,0.0,-0.5007450580596924
3,task_4,76,14,0.0,-0.5007450580596924
3,task_4,76,15,0.0,-0.5007450580596924
3,task_4,76,16,0.0,-0.5007450580596924
3,task_4,76,17,0.0,-0.5007450580596924
3,task_4,76,18,0.0,-0.5007450580596924
3,task_4,76,19,0.0,-0.5007450580596924
3,task_4,76,20,0.0,-0.5007450580596924
3,task_4,76,21,0.04523131996393204,-0.3415912687778473
3,task_4,76,22,0.13574151694774628,0.045821160078048706
3,task_4,76,23,0.20863638818264008,0.3144536316394806
3,task_4,76,24,0.2752830982208252,0.6295439600944519
3,task_4,76,25,0.3467482924461365,1.1662191152572632
3,task_4,76,26,0.40271085500717163,1.515704870223999
3,task_4,76,27,0.43799588084220886,1.6588258743286133
3,task_4,76,28,0.4755360186100006,1.9150418043136597
3,task_4,76,29,1.4184448719024658,3.6116247177124023
3,task_4,77,0,0.0,-0.11368683725595474
3,task_4,77,1,0.0007558763027191162,-0.11368683725595474
3,task_4,77,2,0.0016813874244689941,-0.11368683725595474
3,task_4,77,3,0.0018498897552490234,-0.11368683725595474
3,task_4,77,4,0.0024438798427581787,-0.11368683725595474
3,task_4,77,5,0.004227876663208008,-0.11368683725595474
3,task_4,77,6,0.004354551434516907,-0.11368683725595474
3,task_4,77,7,0.004812106490135193,-0.11368683725595474
3,task_4,77,8,0.005302637815475464,-0.11368683725595474
3,task_4,77,9,0.005575507879257202,-0.11368683725595474
3,task_4,77,10,0.00593392550945282,-0.11368683725595474
3,task_4,77,11,0.006043881177902222,-0.11368683725595474
3,task_4,77,12,0.008906856179237366,-0.11368683725595474
3,task_4,77,13,0.009167805314064026,-0.11368683725595474
3,task_4,77,14,0.015550404787063599,-0.11368683725595474
3,task_4,77,15,0.023754477500915527,-0.11368683725595474
3,task_4,77,16,0.026313086971640587,-0.11368683725595474
3,task_4,77,17,0.026313086971640587,-0.11368683725595474
3,task_4,77,18,0.026313086971640587,-0.11368683725595474
3,task_4,77,19,0.026313086971640587,-0.11368683725595474
3,task_4,77,20,0.026313086971640587,-0.11368683725595474
3,task_4,77,21,0.026313086971640587,-0.11368683725595474
3,task_4,77,22,0.026313086971640587,-0.11368683725595474
3,task_4,77,23,0.026313086971640587,-0.11368683725595474
3,task_4,77,24,0.026313086971640587,-0.11368683725595474
3,task_4,77,25,0.026313086971640587,-0.11368683725595474
3,task_4,77,26,0.026313086971640587,-0.11368683725595474
3,task_4,77,27,0.026313086971640587,-0.11368683725595474
3,task_4,77,28,0.026313086971640587,-0.11368683725595474
3,task_4,77,29,0.026313086971640587,-0.11368683725595474
3,task_4,78,0,0.0,0.389570951461792
3,task_4,78,1,0.0,0.389570951461792
3,task_4,78,2,0.0,0.389570951461792
3,task_4,78,3,0.0,0.389570951461792
3,task_4,78,4,0.0,0.389570951461792
3,task_4,78,5,0.0,0.389570951461792
3,task_4,78,6,0.0,0.389570951461792
3,task_4,78,7,0.0,0.389570951461792
3,task_4,78,8,0.0,0.389570951461792
3,task_4,78,9,0.0,0.389570951461792
3,task_4,78,10,0.0,0.389570951461792
3,task_4,78,11,0.0,0.389570951461792
3,task_4,78,12,0.0,0.389570951461792
3,task_4,78,13,0.0,0.389570951461792
3,task_4,78,14,0.0,0.389570951461792
3,task_4,78,15,0.0,0.389570951461792
3,task_4,78,16,0.0,0.389570951461792
3,task_4,78,17,0.0,0.389570951461792
3,task_4,78,18,0.0,0.389570951461792
3,task_4,78,19,0.021115943789482117,0.34444141387939453
3,task_4,78,20,0.04686211794614792,0.26609450578689575
3,task_4,78,21,0.0609191432595253,0.21261347830295563
3,task_4,78,22,0.08219674974679947,0.1481189876794815
3,task_4,78,23,0.10490677505731583,0.04171783849596977
3,task_4,78,24,0.17238150537014008,-0.14398714900016785
3,task_4,78,25,0.2629692554473877,-0.4731099009513855
3,task_4,78,26,0.34221744537353516,-0.7166033387184143
3,task_4,78,27,0.438141405582428,-1.0641103982925415
3,task_4,78,28,0.5153127908706665,-1.2959965467453003
3,task_4,78,29,2.9476828575134277,-4.721027851104736
3,task_4,79,0,0.0,0.6812777519226074
3,task_4,79,1,0.0,0.6812777519226074
3,task_4,79,2,0.0,0.6812777519226074
3,task_4,79,3,0.0,0.6812777519226074
3,task_4,79,4,0.0,0.6812777519226074
3,task_4,79,5,0.0,0.6812777519226074
3,task_4,79,6,0.0,0.6812777519226074
3,task_4,79,7,0.0,0.6812777519226074
3,task_4,79,8,0.0,0.6812777519226074
3,task_4,79,9,0.0,0.6812777519226074
3,task_4,79,10,0.023165322840213776,0.6163768172264099
3,task_4,79,11,0.04941079020500183,0.5609377026557922
3,task_4,79,12,0.08126115798950195,0.47047659754753113
3,task_4,79,13,0.12312842160463333,0.37246960401535034
3,task_4,79,14,0.14979222416877747,0.304496169090271
3,task_4,79,15,0.18017913401126862,0.2198592722415924
3,task_4,79,16,0.21701541543006897,0.12073205411434174
3,task_4,79,17,0.24793872237205505,-0.005177073646336794
3,task_4,79,18,0.2796698212623596,-0.10279849916696548
3,task_4,79,19,0.3055248260498047,-0.1925305724143982
3,task_4,79,20,0.3311595320701599,-0.25579357147216797
3,task_4,79,21,0.3583645522594452,-0.3757586181163788
3,task_4,79,22,0.3775330185890198,-0.40406590700149536
3,task_4,79,23,0.40033963322639465,-0.46205011010169983
3,task_4,79,24,0.4192461669445038,-0.542679488658905
3,task_4,79,25,0.4327995777130127,-0.601266622543335
3,task_4,79,26,0.44645676016807556,-0.6392447352409363
3,task_4,79,27,0.4554893374443054,-0.672829270362854
3,task_4,79,28,0.46509453654289246,-0.6942570805549622
3,task_4,79,29,1.810102105140686,-4.529671669006348
3,task_4,80,0,0.0,-0.8847787380218506
3,task_4,80,1,0.0,-0.8847787380218506
3,task_4,80,2,0.0,-0.8847787380218506
3,task_4,80,3,0.0,-0.8847787380218506
3,task_4,80,4,0.0,-0.8847787380218506
3,task_4,80,5,0.0,-0.8847787380218506
3,task_4,80,6,0.0,-0.8847787380218506
3,task_4,80,7,0.0,-0.8847787380218506
3,task_4,80,8,0.0,-0.8847787380218506
3,task_4,80,9,0.0,-0.8847787380218506
3,task_4,80,10,0.0,-0.8847787380218506
3,task_4,80,11,0.0,-0.8847787380218506
3,task_4,80,12,0.0,-0.8847787380218506
3,task_4,80,13,0.0,-0.8847787380218506
3,task_4,80,14,0.031688421964645386,-0.5750738382339478
3,task_4,80,15,0.06251418590545654,-0.3496626615524292
3,task_4,80,16,0.10429192334413528,-0.021342523396015167
3,task_4,80,17,0.14004376530647278,0.16445501148700714
3,task_4,80,18,0.17328505218029022,0.34763121604919434
3,task_4,80,19,0.2039213627576828,0.5035427808761597
3,task_4,80,20,0.2282944917678833,0.6603823900222778
3,task_4,80,21,0.2468193620443344,0.7733324766159058
3,task_4,80,22,0.26343944668769836,0.8548527359962463
3,task_4,80,23,0.2735397517681122,0.93889981508255
3,task_4,80,24,0.2867177128791809,1.045716404914856
3,task_4,80,25,0.3047012686729431,1.2038451433181763
3,task_4,80,26,0.3597733974456787,1.4840929508209229
3,task_4,80,27,0.4142078161239624,1.7468537092208862
3,task_4,80,28,0.48186731338500977,2.142627716064453
3,task_4,80,29,1.990944504737854,1.4667489528656006
3,task_4,81,0,0.0,-0.5010173320770264
3,task_4,81,1,0.0,-0.5010173320770264
3,task_4,81,2,0.0,-0.5010173320770264
3,task_4,81,3,0.0,-0.5010173320770264
3,task_4,81,4,0.0,-0.5010173320770264
3,task_4,81,5,0.0,-0.5010173320770264
3,task_4,81,6,0.0,-0.5010173320770264
3,task_4,81,7,0.0,-0.5010173320770264
3,task_4,81,8,0.0,-0.5010173320770264
3,task_4,81,9,0.0,-0.5010173320770264
3,task_4,81,10,0.0,-0.5010173320770264
3,task_4,81,11,0.0,-0.5010173320770264
3,task_4,81,12,0.0,-0.5010173320770264
3,task_4,81,13,0.0,-0.5010173320770264
3,task_4,81,14,0.0,-0.5010173320770264
3,task_4,81,15,0.0,-0.5010173320770264
3,task_4,81,16,0.0,-0.5010173320770264
3,task_4,81,17,0.0,-0.5010173320770264
3,task_4,81,18,0.0,-0.5010173320770264
3,task_4,81,19,0.0,-0.5010173320770264
3,task_4,81,20,0.0,-0.5010173320770264
3,task_4,81,21,0.0,-0.5010173320770264
3,task_4,81,22,0.0,-0.5010173320770264
3,task_4,81,23,0.11081662029027939,0.531258225440979
3,task_4,81,24,0.23378071188926697,0.9860413670539856
3,task_4,81,25,0.34235814213752747,1.507757306098938
3,task_4,81,26,0.45137038826942444,1.6432090997695923
3,task_4,81,27,0.5370996594429016,1.8331308364868164
3,task_4,81,28,0.5978519916534424,1.7940689325332642
3,task_4,81,29,3.4546170234680176,3.2279319763183594
3,task_4,82,0,0.0,1.0671677589416504
3,task_4,82,1,0.0,1.0671677589416504
3,task_4,82,2,0.0,1.0671677589416504
3,task_4,82,3,0.0,1.0671677589416504
3,task_4,82,4,0.0,1.0671677589416504
3,task_4,82,5,0.0,1.0671677589416504
3,task_4,82,6,0.0,1.0671677589416504
3,task_4,82,7,0.0,1.0671677589416504
3,task_4,82,8,0.0,1.0671677589416504
3,task_4,82,9,0.0,1.0671677589416504
3,task_4,82,10,0.0,1.0671677589416504
3,task_4,82,11,0.02802707627415657,0.9140573740005493
3,task_4,82,12,0.0851094126701355,0.6016950011253357
3,task_4,82,13,0.1392153948545456,0.305988073348999
3,task_4,82,14,0.19533753395080566,-0.0008158892160281539
3,task_4,82,15,0.23425458371639252,-0.21308524906635284
3,task_4,82,16,0.2789880335330963,-0.45735350251197815
3,task_4,82,17,0.3037678599357605,-0.5932794213294983
3,task_4,82,18,0.3290218710899353,-0.7331539988517761
3,task_4,82,19,0.3449591398239136,-0.8210727572441101
3,task_4,82,20,0.3540618419647217,-0.8713183403015137
3,task_4,82,21,0.35947680473327637,-0.9009621143341064
3,task_4,82,22,0.3633700907230377,-0.922261655330658
3,task_4,82,23,0.3667198419570923,-0.9406042098999023
3,task_4,82,24,0.36958304047584534,-0.9406042098999023
3,task_4,82,25,0.3724723160266876,-0.9406042098999023
3,task_4,82,26,0.3760249614715576,-0.9406042098999023
3,task_4,82,27,0.38065198063850403,-0.965900182723999
3,task_4,82,28,0.3845796287059784,-0.965900182723999
3,task_4,82,29,0.675396203994751,-2.353064775466919
3,task_4,83,0,0.0,-0.028421709313988686
3,task_4,83,1,0.0,-0.028421709313988686
3,task_4,83,2,0.0,-0.028421709313988686
3,task_4,83,3,0.0,-0.028421709313988686
3,task_4,83,4,0.0,-0.028421709313988686
3,task_4,83,5,0.0,-0.028421709313988686
3,task_4,83,6,0.0,-0.028421709313988686
3,task_4,83,7,0.0,-0.028421709313988686
3,task_4,83,8,0.0,-0.028421709313988686
3,task_4,83,9,0.0,-0.028421709313988686
3,task_4,83,10,0.0,-0.028421709313988686
3,task_4,83,11,0.0,-0.028421709313988686
3,task_4,83,12,0.0,-0.028421709313988686
3,task_4,83,13,0.0,-0.028421709313988686
3,task_4,83,14,0.0,-0.028421709313988686
3,task_4,83,15,0.0,-0.028421709313988686
3,task_4,83,16,0.0,-0.028421709313988686
3,task_4,83,17,0.0,-0.028421709313988686
3,task_4,83,18,0.0,-0.028421709313988686
3,task_4,83,19,0.0,-0.028421709313988686
3,task_4,83,20,0.0,-0.028421709313988686
3,task_4,83,21,0.0,-0.028421709313988686
3,task_4,83,22,0.003016233444213867,-0.028421709313988686
3,task_4,83,23,0.011940047144889832,-0.028421709313988686
3,task_4,83,24,0.02055908739566803,-0.028421709313988686
3,task_4,83,25,0.02654390037059784,-0.028421709313988686
3,task_4,83,26,0.032673195004463196,-0.028421709313988686
3,task_4,83,27,0.04098010063171387,-0.028421709313988686
3,task_4,83,28,0.04988691955804825,-0.028421709313988686
3,task_4,83,29,0.06460446119308472,-0.028421709313988686
3,task_4,84,0,2.5244834423065186,-465.6612854003906
3,task_4,84,1,2.5244834423065186,-465.6612854003906
3,task_4,84,2,2.5244834423065186,-465.6612854003906
3,task_4,84,3,2.5244834423065186,-465.6612854003906
3,task_4,84,4,2.5244834423065186,-465.6612854003906
3,task_4,84,5,2.5244834423065186,-465.6612854003906
3,task_4,84,6,2.5244834423065186,-465.6612854003906
3,task_4,84,7,2.5244834423065186,-465.6612854003906
3,task_4,84,8,2.5244834423065186,-465.6612854003906
3,task_4,84,9,2.5244834423065186,-465.6612854003906
3,task_4,84,10,2.5244834423065186,-465.6612854003906
3,task_4,84,11,2.5244834423065186,-465.6612854003906
3,task_4,84,12,2.5244834423065186,-465.6612854003906
3,task_4,84,13,2.5244834423065186,-465.6612854003906
3,task_4,84,14,2.5244834423065186,-465.6612854003906
3,task_4,84,15,2.5244834423065186,-465.6612854003906
3,task_4,84,16,2.5244834423065186,-465.6612854003906
3,task_4,84,17,2.5244834423065186,-465.6612854003906
3,task_4,84,18,2.5244834423065186,-465.6612854003906
3,task_4,84,19,2.5244834423065186,-465.6612854003906
3,task_4,84,20,2.5244834423065186,-465.6612854003906
3,task_4,84,21,2.5244834423065186,-465.6612854003906
3,task_4,84,22,2.5244834423065186,-465.6612854003906
3,task_4,84,23,2.5244834423065186,-465.6612854003906
3,task_4,84,24,2.5244834423065186,-465.6612854003906
3,task_4,84,25,2.5244834423065186,-465.6612854003906
3,task_4,84,26,2.5244834423065186,-465.6612854003906
3,task_4,84,27,2.5244834423065186,-465.6612854003906
3,task_4,84,28,2.5244834423065186,-465.6612854003906
3,task_4,84,29,2.5244834423065186,-465.6612854003906
3,task_4,85,0,0.0,0.0
3,task_4,85,1,0.0006303340196609497,0.0
3,task_4,85,2,0.0013367384672164917,0.0
3,task_4,85,3,0.009440556168556213,0.0
3,task_4,85,4,0.010219082236289978,0.0
3,task_4,85,5,0.014317378401756287,0.0
3,task_4,85,6,0.016459599137306213,0.0
3,task_4,85,7,0.022767052054405212,0.0
3,task_4,85,8,0.023255452513694763,0.0
3,task_4,85,9,0.02384747564792633,0.0
3,task_4,85,10,0.024676993489265442,0.0
3,task_4,85,11,0.025824889540672302,0.0
3,task_4,85,12,0.026841387152671814,0.0
3,task_4,85,13,0.027437791228294373,0.0
3,task_4,85,14,0.02919544279575348,0.0
3,task_4,85,15,0.034078821539878845,0.0
3,task_4,85,16,0.03826911747455597,0.0
3,task_4,85,17,0.040329232811927795,0.0
3,task_4,85,18,0.04741443693637848,0.0
3,task_4,85,19,0.05178673565387726,0.0
3,task_4,85,20,0.07752728462219238,0.0
3,task_4,85,21,0.07752728462219238,0.0
3,task_4,85,22,0.07752728462219238,0.0
3,task_4,85,23,0.07752728462219238,0.0
3,task_4,85,24,0.07752728462219238,0.0
3,task_4,85,25,0.07752728462219238,0.0
3,task_4,85,26,0.07752728462219238,0.0
3,task_4,85,27,0.07752728462219238,0.0
3,task_4,85,28,0.07752728462219238,0.0
3,task_4,85,29,0.07752728462219238,0.0
3,task_4,86,0,0.0,1.0582836866378784
3,task_4,86,1,0.0,1.0582836866378784
3,task_4,86,2,0.0,1.0582836866378784
3,task_4,86,3,0.0,1.0582836866378784
3,task_4,86,4,0.0,1.0582836866378784
3,task_4,86,5,0.0,1.0582836866378784
3,task_4,86,6,0.0,1.0582836866378784
3,task_4,86,7,0.0,1.0582836866378784
3,task_4,86,8,0.0,1.0582836866378784
3,task_4,86,9,0.0,1.0582836866378784
3,task_4,86,10,0.0,1.0582836866378784
3,task_4,86,11,0.0,1.0582836866378784
3,task_4,86,12,0.0,1.0582836866378784
3,task_4,86,13,0.03869415074586868,0.5430712103843689
3,task_4,86,14,0.08350923657417297,-0.06735645979642868
3,task_4,86,15,0.11463189870119095,-0.430923730134964
3,task_4,86,16,0.14731186628341675,-0.7767912149429321
3,task_4,86,17,0.16668102145195007,-0.8995085954666138
3,task_4,86,18,0.18301963806152344,-0.9209845662117004
3,task_4,86,19,0.19557994604110718,-0.9368214011192322
3,task_4,86,20,0.2052866816520691,-0.9504188299179077
3,task_4,86,21,0.20964786410331726,-0.9565735459327698
3,task_4,86,22,0.2131165862083435,-0.9613893032073975
3,task_4,86,23,0.21664932370185852,-0.9663193821907043
3,task_4,86,24,0.22211378812789917,-0.9732932448387146
3,task_4,86,25,0.22505724430084229,-0.9772224426269531
3,task_4,86,26,0.22989824414253235,-0.9826506972312927
3,task_4,86,27,0.23354727029800415,-0.9867363572120667
3,task_4,86,28,0.23864352703094482,-0.9927493929862976
3,task_4,86,29,0.8248120546340942,-1.521018624305725
3,task_4,87,0,0.24947494268417358,1.2283750772476196
3,task_4,87,1,0.25814440846443176,1.213417410850525
3,task_4,87,2,0.2651052176952362,1.1857125759124756
3,task_4,87,3,0.2702104449272156,1.1730962991714478
3,task_4,87,4,0.2759494185447693,1.1567848920822144
3,task_4,87,5,0.2905610501766205,1.1049243211746216
3,task_4,87,6,0.30599212646484375,1.0366262197494507
3,task_4,87,7,0.3225333094596863,0.9589175581932068
3,task_4,87,8,0.3478838801383972,0.8829417824745178
3,task_4,87,9,0.37901315093040466,0.8020126223564148
3,task_4,87,10,0.4097980260848999,0.7026558518409729
3,task_4,87,11,0.44889798760414124,0.5448710322380066
3,task_4,87,12,0.48814499378204346,0.4147345721721649
3,task_4,87,13,0.5292643308639526,0.265097975730896
3,task_4,87,14,0.5779039859771729,0.053109947592020035
3,task_4,87,15,0.6092414855957031,-0.07669802010059357
3,task_4,87,16,0.6352038383483887,-0.21581365168094635
3,task_4,87,17,0.6597208380699158,-0.2891320586204529
3,task_4,87,18,0.6816791296005249,-0.4129459261894226
3,task_4,87,19,0.696101188659668,-0.4982004761695862
3,task_4,87,20,0.7180280685424805,-0.6205896139144897
3,task_4,87,21,0.7380940914154053,-0.7373472452163696
3,task_4,87,22,0.7554981708526611,-0.8773348331451416
3,task_4,87,23,0.7682524919509888,-0.954721987247467
3,task_4,87,24,0.7782291173934937,-1.012007474899292
3,task_4,87,25,0.7872436046600342,-1.0454879999160767
3,task_4,87,26,0.7961341142654419,-1.077344536781311
3,task_4,87,27,0.802963137626648,-1.0853075981140137
3,task_4,87,28,0.8121105432510376,-1.101806640625
3,task_4,87,29,1.752126932144165,-2.718536376953125
3,task_4,88,0,0.0,0.25271016359329224
3,task_4,88,1,0.0,0.25271016359329224
3,task_4,88,2,0.0,0.25271016359329224
3,task_4,88,3,0.0,0.25271016359329224
3,task_4,88,4,0.0,0.25271016359329224
3,task_4,88,5,0.0,0.25271016359329224
3,task_4,88,6,0.0,0.25271016359329224
3,task_4,88,7,0.0,0.25271016359329224
3,task_4,88,8,0.0,0.25271016359329224
3,task_4,88,9,0.0,0.25271016359329224
3,task_4,88,10,0.0,0.25271016359329224
3,task_4,88,11,0.0,0.25271016359329224
3,task_4,88,12,0.0,0.25271016359329224
3,task_4,88,13,0.0,0.25271016359329224
3,task_4,88,14,0.0,0.25271016359329224
3,task_4,88,15,0.0,0.25271016359329224
3,task_4,88,16,0.0,0.25271016359329224
3,task_4,88,17,0.0,0.25271016359329224
3,task_4,88,18,0.0,0.25271016359329224
3,task_4,88,19,0.027512505650520325,0.23457735776901245
3,task_4,88,20,0.10312977433204651,0.18168093264102936
3,task_4,88,21,0.1485653519630432,0.1479550451040268
3,task_4,88,22,0.21323680877685547,0.09975537657737732
3,task_4,88,23,0.2624305486679077,0.0523541234433651
3,task_4,88,24,0.3115079402923584,0.009603304788470268
3,task_4,88,25,0.34465673565864563,-0.030266376212239265
3,task_4,88,26,0.36749255657196045,-0.05304313078522682
3,task_4,88,27,0.39212659001350403,-0.0847938135266304
3,task_4,88,28,0.4048609435558319,-0.10168907046318054
3,task_4,88,29,3.1448111534118652,-5.257627487182617
3,task_4,89,0,0.1059357076883316,0.0
3,task_4,89,1,0.11277632415294647,0.0
3,task_4,89,2,0.11603458225727081,0.0
3,task_4,89,3,0.11980033665895462,0.0
3,task_4,89,4,0.12212253361940384,0.0
3,task_4,89,5,0.12434441596269608,0.0
3,task_4,89,6,0.1268097162246704,0.0
3,task_4,89,7,0.12944744527339935,0.0
3,task_4,89,8,0.13241297006607056,0.0
3,task_4,89,9,0.13434995710849762,0.0
3,task_4,89,10,0.1363910436630249,0.0
3,task_4,89,11,0.1384771466255188,0.0
3,task_4,89,12,0.14031042158603668,0.0
3,task_4,89,13,0.1423342525959015,0.0
3,task_4,89,14,0.14427635073661804,0.0
3,task_4,89,15,0.14673671126365662,0.0
3,task_4,89,16,0.14917626976966858,0.0
3,task_4,89,17,0.15087392926216125,0.0
3,task_4,89,18,0.15321917831897736,0.0
3,task_4,89,19,0.15537938475608826,0.0
3,task_4,89,20,0.15773403644561768,0.0
3,task_4,89,21,0.1593790352344513,0.0
3,task_4,89,22,0.16193395853042603,0.0
3,task_4,89,23,0.16543865203857422,0.0
3,task_4,89,24,0.16961070895195007,0.0
3,task_4,89,25,0.1743135154247284,0.0
3,task_4,89,26,0.17891556024551392,0.0
3,task_4,89,27,0.18929609656333923,0.0
3,task_4,89,28,0.20117485523223877,0.0
3,task_4,89,29,0.2605748474597931,0.0
3,task_4,90,0,0.0,0.1918688863515854
3,task_4,90,1,0.0,0.1918688863515854
3,task_4,90,2,0.0,0.1918688863515854
3,task_4,90,3,0.0,0.1918688863515854
3,task_4,90,4,0.0,0.1918688863515854
3,task_4,90,5,0.0,0.1918688863515854
3,task_4,90,6,0.0,0.1918688863515854
3,task_4,90,7,0.0,0.1918688863515854
3,task_4,90,8,0.0,0.1918688863515854
3,task_4,90,9,0.0,0.1918688863515854
3,task_4,90,10,0.0,0.1918688863515854
3,task_4,90,11,0.0,0.1918688863515854
3,task_4,90,12,0.0,0.1918688863515854
3,task_4,90,13,0.0,0.1918688863515854
3,task_4,90,14,0.0,0.1918688863515854
3,task_4,90,15,0.0,0.1918688863515854
3,task_4,90,16,0.0,0.1918688863515854
3,task_4,90,17,0.0,0.1918688863515854
3,task_4,90,18,0.0,0.1918688863515854
3,task_4,90,19,0.0,0.1918688863515854
3,task_4,90,20,0.0,0.1918688863515854
3,task_4,90,21,0.0,0.1918688863515854
3,task_4,90,22,0.0,0.1918688863515854
3,task_4,90,23,0.0,0.1918688863515854
3,task_4,90,24,0.0,0.1918688863515854
3,task_4,90,25,0.0,0.1918688863515854
3,task_4,90,26,0.00048013031482696533,0.1918688863515854
3,task_4,90,27,0.008391164243221283,0.10766525566577911
3,task_4,90,28,0.024491295218467712,0.0028513618744909763
3,task_4,90,29,0.45602288842201233,-5.290976524353027
3,task_4,91,0,0.0,1.1909610033035278
3,task_4,91,1,0.0,1.1909610033035278
3,task_4,91,2,0.0,1.1909610033035278
3,task_4,91,3,0.0,1.1909610033035278
3,task_4,91,4,0.0,1.1909610033035278
3,task_4,91,5,0.0,1.1909610033035278
3,task_4,91,6,0.0,1.1909610033035278
3,task_4,91,7,0.03211137652397156,1.1423206329345703
3,task_4,91,8,0.17288047075271606,0.8337951302528381
3,task_4,91,9,0.30328482389450073,0.5605480670928955
3,task_4,91,10,0.44007810950279236,0.2936221659183502
3,task_4,91,11,0.5411675572395325,0.1293012797832489
3,task_4,91,12,0.593481719493866,0.06424592435359955
3,task_4,91,13,0.6488485336303711,-0.023625342175364494
3,task_4,91,14,0.6960304379463196,-0.10524492710828781
3,task_4,91,15,0.7441130876541138,-0.17745766043663025
3,task_4,91,16,0.8050114512443542,-0.2678757905960083
3,task_4,91,17,0.8471208214759827,-0.32621490955352783
3,task_4,91,18,0.8985852599143982,-0.40344059467315674
3,task_4,91,19,0.9360620379447937,-0.46202585101127625
3,task_4,91,20,0.9865694046020508,-0.5315225124359131
3,task_4,91,21,1.0244441032409668,-0.5865285992622375
3,task_4,91,22,1.0494203567504883,-0.6189889311790466
3,task_4,91,23,1.0835918188095093,-0.6711862087249756
3,task_4,91,24,1.105294108390808,-0.7011831998825073
3,task_4,91,25,1.1263670921325684,-0.7375997304916382
3,task_4,91,26,1.1436480283737183,-0.7550259232521057
3,task_4,91,27,1.154389500617981,-0.7698459029197693
3,task_4,91,28,1.1695804595947266,-0.7927253246307373
3,task_4,91,29,2.6570067405700684,-3.430065155029297
3,task_4,92,0,0.25783705711364746,1.0591133832931519
3,task_4,92,1,0.2721967101097107,1.0176842212677002
3,task_4,92,2,0.2799527943134308,0.989593505859375
3,task_4,92,3,0.2893480658531189,0.978826642036438
3,task_4,92,4,0.3002052903175354,0.9635149836540222
3,task_4,92,5,0.31087109446525574,0.9395906329154968
3,task_4,92,6,0.32381877303123474,0.8914978504180908
3,task_4,92,7,0.34242191910743713,0.8475509881973267
3,task_4,92,8,0.3600468933582306,0.7863680124282837
3,task_4,92,9,0.37958380579948425,0.739011287689209
3,task_4,92,10,0.40035390853881836,0.703210175037384
3,task_4,92,11,0.42871248722076416,0.6003226041793823
3,task_4,92,12,0.45186227560043335,0.5517893433570862
3,task_4,92,13,0.4702262282371521,0.47450557351112366
3,task_4,92,14,0.5009802579879761,0.3693980574607849
3,task_4,92,15,0.5283095836639404,0.23362557590007782
3,task_4,92,16,0.556357204914093,0.08416517823934555
3,task_4,92,17,0.5856815576553345,-0.04665544629096985
3,task_4,92,18,0.613703191280365,-0.20459263026714325
3,task_4,92,19,0.6434902548789978,-0.3080301880836487
3,task_4,92,20,0.6703330278396606,-0.42691171169281006
3,task_4,92,21,0.6913860440254211,-0.5795254707336426
3,task_4,92,22,0.7202892303466797,-0.7496311068534851
3,task_4,92,23,0.7411836385726929,-0.878155529499054
3,task_4,92,24,0.7605400681495667,-1.0040744543075562
3,task_4,92,25,0.7731387615203857,-1.0932891368865967
3,task_4,92,26,0.7848710417747498,-1.1763525009155273
3,task_4,92,27,0.7968817949295044,-1.264478325843811
3,task_4,92,28,0.8094648718833923,-1.3712037801742554
3,task_4,92,29,1.9592548608779907,-3.126862049102783
3,task_4,93,0,9.999999747378752e-05,-0.014210854656994343
3,task_4,93,1,9.999999747378752e-05,-0.014210854656994343
3,task_4,93,2,9.999999747378752e-05,-0.014210854656994343
3,task_4,93,3,9.999999747378752e-05,-0.014210854656994343
3,task_4,93,4,9.999999747378752e-05,-0.014210854656994343
3,task_4,93,5,9.999999747378752e-05,-0.014210854656994343
3,task_4,93,6,9.999999747378752e-05,-0.014210854656994343
3,task_4,93,7,9.999999747378752e-05,-0.014210854656994343
3,task_4,93,8,9.999999747378752e-05,-0.014210854656994343
3,task_4,93,9,9.999999747378752e-05,-0.014210854656994343
3,task_4,93,10,9.999999747378752e-05,-0.014210854656994343
3,task_4,93,11,9.999999747378752e-05,-0.014210854656994343
3,task_4,93,12,9.999999747378752e-05,-0.014210854656994343
3,task_4,93,13,9.999999747378752e-05,-0.014210854656994343
3,task_4,93,14,9.999999747378752e-05,-0.014210854656994343
3,task_4,93,15,9.999999747378752e-05,-0.014210854656994343
3,task_4,93,16,9.999999747378752e-05,-0.014210854656994343
3,task_4,93,17,9.999999747378752e-05,-0.014210854656994343
3,task_4,93,18,9.999999747378752e-05,-0.014210854656994343
3,task_4,93,19,9.999999747378752e-05,-0.014210854656994343
3,task_4,93,20,9.999999747378752e-05,-0.014210854656994343
3,task_4,93,21,9.999999747378752e-05,-0.014210854656994343
3,task_4,93,22,9.999999747378752e-05,-0.014210854656994343
3,task_4,93,23,9.999999747378752e-05,-0.014210854656994343
3,task_4,93,24,9.999999747378752e-05,-0.014210854656994343
3,task_4,93,25,9.999999747378752e-05,-0.014210854656994343
3,task_4,93,26,9.999999747378752e-05,-0.014210854656994343
3,task_4,93,27,9.999999747378752e-05,-0.014210854656994343
3,task_4,93,28,9.999999747378752e-05,-0.014210854656994343
3,task_4,93,29,9.999999747378752e-05,-0.014210854656994343
3,task_4,94,0,0.0,0.3627484142780304
3,task_4,94,1,0.0,0.3627484142780304
3,task_4,94,2,0.0,0.3627484142780304
3,task_4,94,3,0.0,0.3627484142780304
3,task_4,94,4,0.0,0.3627484142780304
3,task_4,94,5,0.0,0.3627484142780304
3,task_4,94,6,0.0,0.3627484142780304
3,task_4,94,7,0.0,0.3627484142780304
3,task_4,94,8,0.0,0.3627484142780304
3,task_4,94,9,0.0,0.3627484142780304
3,task_4,94,10,0.0,0.3627484142780304
3,task_4,94,11,0.0,0.3627484142780304
3,task_4,94,12,0.0,0.3627484142780304
3,task_4,94,13,0.0,0.3627484142780304
3,task_4,94,14,0.0,0.3627484142780304
3,task_4,94,15,0.0,0.3627484142780304
3,task_4,94,16,0.0,0.3627484142780304
3,task_4,94,17,0.09626347571611404,0.37649956345558167
3,task_4,94,18,0.20426833629608154,0.32412323355674744
3,task_4,94,19,0.32603174448013306,0.15229852497577667
3,task_4,94,20,0.4372938275337219,0.027010999619960785
3,task_4,94,21,0.5403017997741699,-0.04013136774301529
3,task_4,94,22,0.6337593793869019,-0.13201233744621277
3,task_4,94,23,0.7020239233970642,-0.204839289188385
3,task_4,94,24,0.7342200875282288,-0.2690297067165375
3,task_4,94,25,0.7572067975997925,-0.29772326350212097
3,task_4,94,26,0.779437243938446,-0.3179401755332947
3,task_4,94,27,0.7938343286514282,-0.3389391601085663
3,task_4,94,28,0.805401623249054,-0.35398584604263306
3,task_4,94,29,2.675189256668091,-5.0920538902282715
3,task_4,95,0,9.999999747378752e-05,-0.22737367451190948
3,task_4,95,1,9.999999747378752e-05,-0.22737367451190948
3,task_4,95,2,9.999999747378752e-05,-0.22737367451190948
3,task_4,95,3,9.999999747378752e-05,-0.22737367451190948
3,task_4,95,4,9.999999747378752e-05,-0.22737367451190948
3,task_4,95,5,9.999999747378752e-05,-0.22737367451190948
3,task_4,95,6,9.999999747378752e-05,-0.22737367451190948
3,task_4,95,7,9.999999747378752e-05,-0.22737367451190948
3,task_4,95,8,9.999999747378752e-05,-0.22737367451190948
3,task_4,95,9,9.999999747378752e-05,-0.22737367451190948
3,task_4,95,10,9.999999747378752e-05,-0.22737367451190948
3,task_4,95,11,9.999999747378752e-05,-0.22737367451190948
3,task_4,95,12,9.999999747378752e-05,-0.22737367451190948
3,task_4,95,13,9.999999747378752e-05,-0.22737367451190948
3,task_4,95,14,9.999999747378752e-05,-0.22737367451190948
3,task_4,95,15,9.999999747378752e-05,-0.22737367451190948
3,task_4,95,16,9.999999747378752e-05,-0.22737367451190948
3,task_4,95,17,9.999999747378752e-05,-0.22737367451190948
3,task_4,95,18,9.999999747378752e-05,-0.22737367451190948
3,task_4,95,19,9.999999747378752e-05,-0.22737367451190948
3,task_4,95,20,9.999999747378752e-05,-0.22737367451190948
3,task_4,95,21,9.999999747378752e-05,-0.22737367451190948
3,task_4,95,22,9.999999747378752e-05,-0.22737367451190948
3,task_4,95,23,9.999999747378752e-05,-0.22737367451190948
3,task_4,95,24,9.999999747378752e-05,-0.22737367451190948
3,task_4,95,25,9.999999747378752e-05,-0.22737367451190948
3,task_4,95,26,9.999999747378752e-05,-0.22737367451190948
3,task_4,95,27,9.999999747378752e-05,-0.22737367451190948
3,task_4,95,28,9.999999747378752e-05,-0.22737367451190948
3,task_4,95,29,9.999999747378752e-05,-0.22737367451190948
3,task_4,96,0,0.0,0.39733025431632996
3,task_4,96,1,0.0,0.39733025431632996
3,task_4,96,2,0.0,0.39733025431632996
3,task_4,96,3,0.0,0.39733025431632996
3,task_4,96,4,0.0,0.39733025431632996
3,task_4,96,5,0.0,0.39733025431632996
3,task_4,96,6,0.0,0.39733025431632996
3,task_4,96,7,0.0,0.39733025431632996
3,task_4,96,8,0.0,0.39733025431632996
3,task_4,96,9,0.0,0.39733025431632996
3,task_4,96,10,0.0,0.39733025431632996
3,task_4,96,11,0.0,0.39733025431632996
3,task_4,96,12,0.0,0.39733025431632996
3,task_4,96,13,0.0,0.39733025431632996
3,task_4,96,14,0.0,0.39733025431632996
3,task_4,96,15,0.0,0.39733025431632996
3,task_4,96,16,0.0038754716515541077,0.3929711878299713
3,task_4,96,17,0.047351062297821045,0.3647099435329437
3,task_4,96,18,0.09866867959499359,0.3069632947444916
3,task_4,96,19,0.13176001608371735,0.21308255195617676
3,task_4,96,20,0.17339766025543213,0.035554174333810806
3,task_4,96,21,0.2117706835269928,-0.08527786284685135
3,task_4,96,22,0.24532611668109894,-0.17252117395401
3,task_4,96,23,0.28032833337783813,-0.27515944838523865
3,task_4,96,24,0.30552995204925537,-0.32742735743522644
3,task_4,96,25,0.32826876640319824,-0.39329323172569275
3,task_4,96,26,0.34704500436782837,-0.44281306862831116
3,task_4,96,27,0.35910922288894653,-0.47313106060028076
3,task_4,96,28,0.3688945770263672,-0.5009200572967529
3,task_4,96,29,2.4844415187835693,-5.0000224113464355
3,task_4,97,0,0.007224660366773605,0.8430941104888916
3,task_4,97,1,0.019328434020280838,0.8312011361122131
3,task_4,97,2,0.029921507462859154,0.8123677372932434
3,task_4,97,3,0.03983376547694206,0.8024545907974243
3,task_4,97,4,0.05626581609249115,0.7817519903182983
3,task_4,97,5,0.07493554055690765,0.7480226159095764
3,task_4,97,6,0.10107910633087158,0.7129057049751282
3,task_4,97,7,0.12543195486068726,0.6823394298553467
3,task_4,97,8,0.15472494065761566,0.6363469362258911
3,task_4,97,9,0.189007967710495,0.5833485126495361
3,task_4,97,10,0.21293872594833374,0.5565780401229858
3,task_4,97,11,0.25097739696502686,0.4821784198284149
3,task_4,97,12,0.27992790937423706,0.4304308593273163
3,task_4,97,13,0.3147329092025757,0.3641507923603058
3,task_4,97,14,0.3426719307899475,0.29489028453826904
3,task_4,97,15,0.3609669804573059,0.2642688751220703
3,task_4,97,16,0.3768942952156067,0.23513653874397278
3,task_4,97,17,0.3880738615989685,0.20951442420482635
3,task_4,97,18,0.396406888961792,0.19072213768959045
3,task_4,97,19,0.40719109773635864,0.1590786725282669
3,task_4,97,20,0.41650813817977905,0.1479029655456543
3,task_4,97,21,0.44281214475631714,0.08539440482854843
3,task_4,97,22,0.5544092655181885,-0.14577549695968628
3,task_4,97,23,0.6928189992904663,-0.46095559000968933
3,task_4,97,24,0.8230139017105103,-0.7527188062667847
3,task_4,97,25,0.9560143947601318,-1.1477103233337402
3,task_4,97,26,1.1115351915359497,-1.4247214794158936
3,task_4,97,27,1.236303448677063,-1.6042896509170532
3,task_4,97,28,1.366237759590149,-1.8414794206619263
3,task_4,97,29,3.7084927558898926,-3.4764246940612793
3,task_4,98,0,0.37210118770599365,1.4599363803863525
3,task_4,98,1,0.4315621256828308,1.1159863471984863
3,task_4,98,2,0.4743194580078125,0.7960887551307678
3,task_4,98,3,0.5121325850486755,0.5379770994186401
3,task_4,98,4,0.5273463129997253,0.46544089913368225
3,task_4,98,5,0.5334256291389465,0.4447384774684906
3,task_4,98,6,0.5371522903442383,0.42636507749557495
3,task_4,98,7,0.5404649376869202,0.41232427954673767
3,task_4,98,8,0.5425193309783936,0.4096459150314331
3,task_4,98,9,0.5455217361450195,0.3792021870613098
3,task_4,98,10,0.5486886501312256,0.3447495698928833
3,task_4,98,11,0.5535904169082642,0.31682655215263367
3,task_4,98,12,0.5570549964904785,0.31142473220825195
3,task_4,98,13,0.5597503185272217,0.2953811585903168
3,task_4,98,14,0.5622187852859497,0.2926732301712036
3,task_4,98,15,0.5644620656967163,0.27917957305908203
3,task_4,98,16,0.5671751499176025,0.25840190052986145
3,task_4,98,17,0.5705152153968811,0.23764647543430328
3,task_4,98,18,0.5755249857902527,0.2001752406358719
3,task_4,98,19,0.581758439540863,0.15832550823688507
3,task_4,98,20,0.5948570370674133,0.06078227236866951
3,task_4,98,21,0.6163027882575989,-0.034785982221364975
3,task_4,98,22,0.6410435438156128,-0.13840074837207794
3,task_4,98,23,0.6685321927070618,-0.22961828112602234
3,task_4,98,24,0.6934000849723816,-0.3862749934196472
3,task_4,98,25,0.7214494347572327,-0.4773215055465698
3,task_4,98,26,0.7491994500160217,-0.7110875844955444
3,task_4,98,27,0.7681449055671692,-1.1214401721954346
3,task_4,98,28,0.790708601474762,-2.0476691722869873
3,task_4,98,29,0.838412880897522,-4.056680202484131
3,task_4,99,0,0.0,0.0
3,task_4,99,1,0.0,0.0
3,task_4,99,2,0.0,0.0
3,task_4,99,3,0.0,0.0
3,task_4,99,4,0.0,0.0
3,task_4,99,5,0.0,0.0
3,task_4,99,6,0.0,0.0
3,task_4,99,7,0.0,0.0
3,task_4,99,8,0.0,0.0
3,task_4,99,9,0.0,0.0
3,task_4,99,10,0.0,0.0
3,task_4,99,11,0.0,0.0
3,task_4,99,12,0.0,0.0
3,task_4,99,13,0.0,0.0
3,task_4,99,14,0.0,0.0
3,task_4,99,15,0.021120375022292137,0.0
3,task_4,99,16,0.06301009654998779,0.0
3,task_4,99,17,0.10202309489250183,0.0
3,task_4,99,18,0.1403365433216095,0.0
3,task_4,99,19,0.17200513184070587,0.0
3,task_4,99,20,0.20075979828834534,0.0
3,task_4,99,21,0.23432272672653198,0.0
3,task_4,99,22,0.26744315028190613,0.0
3,task_4,99,23,0.2930830419063568,0.0
3,task_4,99,24,0.309453547000885,0.0
3,task_4,99,25,0.327779620885849,0.0
3,task_4,99,26,0.3423033654689789,0.0
3,task_4,99,27,0.35355666279792786,0.0
3,task_4,99,28,0.3644109070301056,0.0
3,task_4,99,29,0.3972598910331726,0.0
3,task_4,100,0,9.999999747378752e-05,-0.028421709313988686
3,task_4,100,1,9.999999747378752e-05,-0.028421709313988686
3,task_4,100,2,9.999999747378752e-05,-0.028421709313988686
3,task_4,100,3,9.999999747378752e-05,-0.028421709313988686
3,task_4,100,4,9.999999747378752e-05,-0.028421709313988686
3,task_4,100,5,9.999999747378752e-05,-0.028421709313988686
3,task_4,100,6,9.999999747378752e-05,-0.028421709313988686
3,task_4,100,7,9.999999747378752e-05,-0.028421709313988686
3,task_4,100,8,9.999999747378752e-05,-0.028421709313988686
3,task_4,100,9,9.999999747378752e-05,-0.028421709313988686
3,task_4,100,10,9.999999747378752e-05,-0.028421709313988686
3,task_4,100,11,9.999999747378752e-05,-0.028421709313988686
3,task_4,100,12,9.999999747378752e-05,-0.028421709313988686
3,task_4,100,13,9.999999747378752e-05,-0.028421709313988686
3,task_4,100,14,9.999999747378752e-05,-0.028421709313988686
3,task_4,100,15,9.999999747378752e-05,-0.028421709313988686
3,task_4,100,16,9.999999747378752e-05,-0.028421709313988686
3,task_4,100,17,9.999999747378752e-05,-0.028421709313988686
3,task_4,100,18,9.999999747378752e-05,-0.028421709313988686
3,task_4,100,19,9.999999747378752e-05,-0.028421709313988686
3,task_4,100,20,9.999999747378752e-05,-0.028421709313988686
3,task_4,100,21,9.999999747378752e-05,-0.028421709313988686
3,task_4,100,22,9.999999747378752e-05,-0.028421709313988686
3,task_4,100,23,9.999999747378752e-05,-0.028421709313988686
3,task_4,100,24,9.999999747378752e-05,-0.028421709313988686
3,task_4,100,25,9.999999747378752e-05,-0.028421709313988686
3,task_4,100,26,9.999999747378752e-05,-0.028421709313988686
3,task_4,100,27,9.999999747378752e-05,-0.028421709313988686
3,task_4,100,28,9.999999747378752e-05,-0.028421709313988686
3,task_4,100,29,9.999999747378752e-05,-0.028421709313988686
3,task_4,101,0,0.0,0.5987470149993896
3,task_4,101,1,0.0,0.5987470149993896
3,task_4,101,2,0.0,0.5987470149993896
3,task_4,101,3,0.0,0.5987470149993896
3,task_4,101,4,0.0,0.5987470149993896
3,task_4,101,5,0.0,0.5987470149993896
3,task_4,101,6,0.0,0.5987470149993896
3,task_4,101,7,0.0,0.5987470149993896
3,task_4,101,8,0.0,0.5987470149993896
3,task_4,101,9,0.0,0.5987470149993896
3,task_4,101,10,0.0,0.5987470149993896
3,task_4,101,11,0.0087166428565979,0.5855880379676819
3,task_4,101,12,0.05951106548309326,0.506373405456543
3,task_4,101,13,0.10461351275444031,0.4284243583679199
3,task_4,101,14,0.15596365928649902,0.32752010226249695
3,task_4,101,15,0.20880132913589478,0.21944433450698853
3,task_4,101,16,0.26665037870407104,0.11504963785409927
3,task_4,101,17,0.31433069705963135,0.04093363508582115
3,task_4,101,18,0.3636402487754822,-0.06152469292283058
3,task_4,101,19,0.4063464403152466,-0.12859684228897095
3,task_4,101,20,0.4495801329612732,-0.20602886378765106
3,task_4,101,21,0.48279571533203125,-0.2658112943172455
3,task_4,101,22,0.5262558460235596,-0.3620365560054779
3,task_4,101,23,0.5551480054855347,-0.4152644872665405
3,task_4,101,24,0.5825612545013428,-0.45637646317481995
3,task_4,101,25,0.6037293076515198,-0.5025935173034668
3,task_4,101,26,0.6208635568618774,-0.5298697352409363
3,task_4,101,27,0.6343939304351807,-0.56639564037323
3,task_4,101,28,0.6447727680206299,-0.5985152721405029
3,task_4,101,29,2.7714736461639404,-4.716534614562988
3,task_4,102,0,0.0,1.6433123350143433
3,task_4,102,1,0.0,1.6433123350143433
3,task_4,102,2,0.0,1.6433123350143433
3,task_4,102,3,0.0,1.6433123350143433
3,task_4,102,4,0.0,1.6433123350143433
3,task_4,102,5,0.019903630018234253,1.6209917068481445
3,task_4,102,6,0.17198200523853302,1.339468240737915
3,task_4,102,7,0.3222729563713074,0.9639207124710083
3,task_4,102,8,0.46794915199279785,0.6293696761131287
3,task_4,102,9,0.6222752332687378,0.287645161151886
3,task_4,102,10,0.6752546429634094,0.09661569446325302
3,task_4,102,11,0.7266009449958801,-0.11670763790607452
3,task_4,102,12,0.7830354571342468,-0.35043463110923767
3,task_4,102,13,0.8245373368263245,-0.5225142240524292
3,task_4,102,14,0.8812909126281738,-0.7603067755699158
3,task_4,102,15,0.9289488196372986,-0.7603067755699158
3,task_4,102,16,0.9987520575523376,-0.7603067755699158
3,task_4,102,17,1.043507695198059,-0.7603067755699158
3,task_4,102,18,1.0936404466629028,-0.7603067755699158
3,task_4,102,19,1.1409128904342651,-0.7603067755699158
3,task_4,102,20,1.1936490535736084,-0.7603067755699158
3,task_4,102,21,1.2348383665084839,-0.7603067755699158
3,task_4,102,22,1.2661842107772827,-0.7603067755699158
3,task_4,102,23,1.297398567199707,-0.7603067755699158
3,task_4,102,24,1.3266266584396362,-0.7603067755699158
3,task_4,102,25,1.3474653959274292,-0.7603067755699158
3,task_4,102,26,1.3646416664123535,-0.7603067755699158
3,task_4,102,27,1.3817354440689087,-0.7603067755699158
3,task_4,102,28,1.3968266248703003,-0.7603067755699158
3,task_4,102,29,1.4352085590362549,-0.7603067755699158
3,task_4,103,0,0.0,-0.894557774066925
3,task_4,103,1,0.0,-0.894557774066925
3,task_4,103,2,0.0,-0.894557774066925
3,task_4,103,3,0.0,-0.894557774066925
3,task_4,103,4,0.0,-0.894557774066925
3,task_4,103,5,0.0,-0.894557774066925
3,task_4,103,6,0.0,-0.894557774066925
3,task_4,103,7,0.0,-0.894557774066925
3,task_4,103,8,0.06576429307460785,-0.6612339019775391
3,task_4,103,9,0.16719187796115875,-0.29368945956230164
3,task_4,103,10,0.2570854425430298,-0.04459524527192116
3,task_4,103,11,0.3000490069389343,0.11186741292476654
3,task_4,103,12,0.3339201807975769,0.22360271215438843
3,task_4,103,13,0.3723953664302826,0.32232969999313354
3,task_4,103,14,0.40909865498542786,0.40033411979675293
3,task_4,103,15,0.435333788394928,0.47479248046875
3,task_4,103,16,0.4679202735424042,0.5190673470497131
3,task_4,103,17,0.49583324790000916,0.5620571970939636
3,task_4,103,18,0.5286773443222046,0.6592506766319275
3,task_4,103,19,0.555780291557312,0.707602858543396
3,task_4,103,20,0.5803660154342651,0.7381178140640259
3,task_4,103,21,0.5988601446151733,0.7784514427185059
3,task_4,103,22,0.6229395866394043,0.8058278560638428
3,task_4,103,23,0.643398642539978,0.8693669438362122
3,task_4,103,24,0.6547772884368896,0.8880818486213684
3,task_4,103,25,0.6673362255096436,0.9047778844833374
3,task_4,103,26,0.6758484840393066,0.9219372868537903
3,task_4,103,27,0.6838635206222534,0.9405907988548279
3,task_4,103,28,0.6970738172531128,0.9587318301200867
3,task_4,103,29,2.8476510047912598,-3.6308095455169678
3,task_4,104,0,0.098372682929039,2.6188430786132812
3,task_4,104,1,0.17930077016353607,2.495175361633301
3,task_4,104,2,0.2625149190425873,2.3784334659576416
3,task_4,104,3,0.3444633483886719,2.0048437118530273
3,task_4,104,4,0.4141359329223633,1.1210047006607056
3,task_4,104,5,0.48364341259002686,0.2490129917860031
3,task_4,104,6,0.5398094654083252,-0.4528043568134308
3,task_4,104,7,0.609787106513977,-0.4528043568134308
3,task_4,104,8,0.6615780591964722,-0.4528043568134308
3,task_4,104,9,0.7135632038116455,-0.4528043568134308
3,task_4,104,10,0.764428973197937,-0.4528043568134308
3,task_4,104,11,0.7975280284881592,-0.4528043568134308
3,task_4,104,12,0.8465704917907715,-0.4528043568134308
3,task_4,104,13,0.8723395466804504,-0.4528043568134308
3,task_4,104,14,0.9098036289215088,-0.4528043568134308
3,task_4,104,15,0.9355781674385071,-0.4528043568134308
3,task_4,104,16,0.9652115702629089,-0.4528043568134308
3,task_4,104,17,0.9904822111129761,-0.4528043568134308
3,task_4,104,18,1.0085327625274658,-0.4528043568134308
3,task_4,104,19,1.0368304252624512,-0.4528043568134308
3,task_4,104,20,1.0614054203033447,-0.4528043568134308
3,task_4,104,21,1.0863386392593384,-0.4528043568134308
3,task_4,104,22,1.1066926717758179,-0.4528043568134308
3,task_4,104,23,1.127724528312683,-0.4528043568134308
3,task_4,104,24,1.148589015007019,-0.4528043568134308
3,task_4,104,25,1.167780876159668,-0.4528043568134308
3,task_4,104,26,1.1792840957641602,-0.4528043568134308
3,task_4,104,27,1.2043304443359375,-0.4528043568134308
3,task_4,104,28,1.2179445028305054,-0.4528043568134308
3,task_4,104,29,1.248234510421753,-0.4528043568134308
3,task_4,105,0,0.0,1.6937717199325562
3,task_4,105,1,0.0008041709661483765,1.72549569606781
3,task_4,105,2,0.0017149895429611206,1.7613739967346191
3,task_4,105,3,0.00813041627407074,1.7866028547286987
3,task_4,105,4,0.008765146136283875,1.812284231185913
3,task_4,105,5,0.009636715054512024,1.8466517925262451
3,task_4,105,6,0.01456478238105774,1.8447281122207642
3,task_4,105,7,0.9842702746391296,-0.5422134399414062
3,task_4,105,8,0.9842702746391296,-0.5422134399414062
3,task_4,105,9,0.9842702746391296,-0.5422134399414062
3,task_4,105,10,0.9842702746391296,-0.5422134399414062
3,task_4,105,11,0.9842702746391296,-0.5422134399414062
3,task_4,105,12,0.9842702746391296,-0.5422134399414062
3,task_4,105,13,0.9842702746391296,-0.5422134399414062
3,task_4,105,14,0.9842702746391296,-0.5422134399414062
3,task_4,105,15,0.9842702746391296,-0.5422134399414062
3,task_4,105,16,0.9842702746391296,-0.5422134399414062
3,task_4,105,17,0.9842702746391296,-0.5422134399414062
3,task_4,105,18,0.9842702746391296,-0.5422134399414062
3,task_4,105,19,0.9842702746391296,-0.5422134399414062
3,task_4,105,20,0.9842702746391296,-0.5422134399414062
3,task_4,105,21,0.9842702746391296,-0.5422134399414062
3,task_4,105,22,0.9842702746391296,-0.5422134399414062
3,task_4,105,23,0.9842702746391296,-0.5422134399414062
3,task_4,105,24,0.9842702746391296,-0.5422134399414062
3,task_4,105,25,0.9842702746391296,-0.5422134399414062
3,task_4,105,26,0.9842702746391296,-0.5422134399414062
3,task_4,105,27,0.9842702746391296,-0.5422134399414062
3,task_4,105,28,0.9842702746391296,-0.5422134399414062
3,task_4,105,29,0.9842702746391296,-0.5422134399414062
3,task_4,106,0,9.999999747378752e-05,0.0
3,task_4,106,1,9.999999747378752e-05,0.0
3,task_4,106,2,9.999999747378752e-05,0.0
3,task_4,106,3,9.999999747378752e-05,0.0
3,task_4,106,4,9.999999747378752e-05,0.0
3,task_4,106,5,9.999999747378752e-05,0.0
3,task_4,106,6,9.999999747378752e-05,0.0
3,task_4,106,7,9.999999747378752e-05,0.0
3,task_4,106,8,9.999999747378752e-05,0.0
3,task_4,106,9,9.999999747378752e-05,0.0
3,task_4,106,10,9.999999747378752e-05,0.0
3,task_4,106,11,9.999999747378752e-05,0.0
3,task_4,106,12,9.999999747378752e-05,0.0
3,task_4,106,13,9.999999747378752e-05,0.0
3,task_4,106,14,9.999999747378752e-05,0.0
3,task_4,106,15,9.999999747378752e-05,0.0
3,task_4,106,16,9.999999747378752e-05,0.0
3,task_4,106,17,9.999999747378752e-05,0.0
3,task_4,106,18,9.999999747378752e-05,0.0
3,task_4,106,19,9.999999747378752e-05,0.0
3,task_4,106,20,9.999999747378752e-05,0.0
3,task_4,106,21,9.999999747378752e-05,0.0
3,task_4,106,22,9.999999747378752e-05,0.0
3,task_4,106,23,9.999999747378752e-05,0.0
3,task_4,106,24,9.999999747378752e-05,0.0
3,task_4,106,25,9.999999747378752e-05,0.0
3,task_4,106,26,9.999999747378752e-05,0.0
3,task_4,106,27,9.999999747378752e-05,0.0
3,task_4,106,28,9.999999747378752e-05,0.0
3,task_4,106,29,9.999999747378752e-05,0.0
3,task_4,107,0,0.0,1.0117650032043457
3,task_4,107,1,0.014529705047607422,0.983515202999115
3,task_4,107,2,0.030148878693580627,0.9404065012931824
3,task_4,107,3,0.04976896941661835,0.8889259099960327
3,task_4,107,4,0.06170876324176788,0.8547300696372986
3,task_4,107,5,0.06987245380878448,0.8252391219139099
3,task_4,107,6,0.0763692706823349,0.7974649667739868
3,task_4,107,7,0.08409248292446136,0.7571752667427063
3,task_4,107,8,0.09093178808689117,0.7372248768806458
3,task_4,107,9,0.09995819628238678,0.7044593095779419
3,task_4,107,10,0.1115553230047226,0.6480118036270142
3,task_4,107,11,0.12467582523822784,0.5907915234565735
3,task_4,107,12,0.1411644071340561,0.5134067535400391
3,task_4,107,13,0.16236652433872223,0.4131847023963928
3,task_4,107,14,0.18940241634845734,0.35114189982414246
3,task_4,107,15,0.22632767260074615,0.2700097858905792
3,task_4,107,16,0.2665802836418152,0.18726013600826263
3,task_4,107,17,0.3081524968147278,0.11626624315977097
3,task_4,107,18,0.36839210987091064,-0.019001370295882225
3,task_4,107,19,0.42905193567276,-0.13249503076076508
3,task_4,107,20,0.5080883502960205,-0.25998610258102417
3,task_4,107,21,0.5872527360916138,-0.4291958510875702
3,task_4,107,22,0.6657859086990356,-0.5651425719261169
3,task_4,107,23,0.7617980241775513,-0.7452868223190308
3,task_4,107,24,0.8529290556907654,-0.8925010561943054
3,task_4,107,25,0.9415087103843689,-1.0716845989227295
3,task_4,107,26,1.0410186052322388,-1.2261991500854492
3,task_4,107,27,1.1429741382598877,-1.3679252862930298
3,task_4,107,28,1.239323377609253,-1.4798945188522339
3,task_4,107,29,1.879860758781433,-3.4016647338867188
3,task_4,108,0,0.452151358127594,0.5554609894752502
3,task_4,108,1,0.4960300326347351,0.5186782479286194
3,task_4,108,2,0.5360514521598816,0.4848593473434448
3,task_4,108,3,0.5653038024902344,0.4596094787120819
3,task_4,108,4,0.593171238899231,0.43663257360458374
3,task_4,108,5,0.614642322063446,0.428056925535202
3,task_4,108,6,0.635853111743927,0.41107428073883057
3,task_4,108,7,0.6499221324920654,0.4009568691253662
3,task_4,108,8,0.6641510128974915,0.39343246817588806
3,task_4,108,9,0.6746915578842163,0.38685908913612366
3,task_4,108,10,0.6857494711875916,0.38112011551856995
3,task_4,108,11,0.6942378282546997,0.37657609581947327
3,task_4,108,12,0.7051254510879517,0.36959582567214966
3,task_4,108,13,0.7153476476669312,0.36563026905059814
3,task_4,108,14,0.7279558777809143,0.35949596762657166
3,task_4,108,15,0.7400908470153809,0.35457751154899597
3,task_4,108,16,0.7525478601455688,0.3490123450756073
3,task_4,108,17,0.7720472812652588,0.3395058810710907
3,task_4,108,18,0.7896076440811157,0.2598409056663513
3,task_4,108,19,0.8085644841194153,0.2038271576166153
3,task_4,108,20,0.8277363777160645,0.09693905711174011
3,task_4,108,21,0.8451564311981201,-0.0001009355837595649
3,task_4,108,22,0.865416944026947,-0.11266183853149414
3,task_4,108,23,0.8857170343399048,-0.2262507677078247
3,task_4,108,24,0.8998560905456543,-0.3055514991283417
3,task_4,108,25,0.9258001446723938,-0.4502776861190796
3,task_4,108,26,0.9436529278755188,-0.5501758456230164
3,task_4,108,27,0.9577252268791199,-0.6287671327590942
3,task_4,108,28,0.9774872660636902,-0.7390090227127075
3,task_4,108,29,1.781248927116394,-4.918944358825684
3,task_4,109,0,0.0,0.0
3,task_4,109,1,0.0,0.0
3,task_4,109,2,0.0,0.0
3,task_4,109,3,0.0,0.0
3,task_4,109,4,0.0,0.0
3,task_4,109,5,0.0,0.0
3,task_4,109,6,0.0,0.0
3,task_4,109,7,0.0,0.0
3,task_4,109,8,0.0,0.0
3,task_4,109,9,0.0,0.0
3,task_4,109,10,0.0,0.0
3,task_4,109,11,0.0,0.0
3,task_4,109,12,0.0,0.0
3,task_4,109,13,0.0,0.0
3,task_4,109,14,0.0,0.0
3,task_4,109,15,0.0,0.0
3,task_4,109,16,0.0,0.0
3,task_4,109,17,0.0,0.0
3,task_4,109,18,0.0,0.0
3,task_4,109,19,0.06021374464035034,0.0
3,task_4,109,20,0.13954979181289673,0.0
3,task_4,109,21,0.21106615662574768,0.0
3,task_4,109,22,0.27988600730895996,0.0
3,task_4,109,23,0.3558443784713745,0.0
3,task_4,109,24,0.39918482303619385,0.0
3,task_4,109,25,0.4476822018623352,0.0
3,task_4,109,26,0.4776599407196045,0.0
3,task_4,109,27,0.5059410929679871,0.0
3,task_4,109,28,0.5215306878089905,0.0
3,task_4,109,29,0.5649333000183105,0.0
3,task_4,110,0,0.0,0.0
3,task_4,110,1,0.0,0.0
3,task_4,110,2,0.0,0.0
3,task_4,110,3,0.0,0.0
3,task_4,110,4,0.0,0.0
3,task_4,110,5,0.0,0.0
3,task_4,110,6,0.0,0.0
3,task_4,110,7,0.0,0.0
3,task_4,110,8,0.0,0.0
3,task_4,110,9,0.0,0.0
3,task_4,110,10,0.0,0.0
3,task_4,110,11,0.0,0.0
3,task_4,110,12,0.0,0.0
3,task_4,110,13,0.0,0.0
3,task_4,110,14,0.0,0.0
3,task_4,110,15,0.0,0.0
3,task_4,110,16,0.0,0.0
3,task_4,110,17,0.0,0.0
3,task_4,110,18,0.0,0.0
3,task_4,110,19,0.0,0.0
3,task_4,110,20,0.0,0.0
3,task_4,110,21,0.0,0.0
3,task_4,110,22,0.0,0.0
3,task_4,110,23,0.0,0.0
3,task_4,110,24,0.0,0.0
3,task_4,110,25,0.023354381322860718,0.0
3,task_4,110,26,0.09430921077728271,0.0
3,task_4,110,27,0.13442286849021912,0.0
3,task_4,110,28,0.15807318687438965,0.0
3,task_4,110,29,0.20081309974193573,0.0
3,task_4,111,0,0.0,0.0
3,task_4,111,1,0.0,0.0
3,task_4,111,2,0.0,0.0
3,task_4,111,3,0.0,0.0
3,task_4,111,4,0.0,0.0
3,task_4,111,5,0.0,0.0
3,task_4,111,6,0.0,0.0
3,task_4,111,7,0.0,0.0
3,task_4,111,8,0.0,0.0
3,task_4,111,9,0.0,0.0
3,task_4,111,10,0.0,0.0
3,task_4,111,11,0.0,0.0
3,task_4,111,12,0.0,0.0
3,task_4,111,13,0.0,0.0
3,task_4,111,14,0.0,0.0
3,task_4,111,15,0.0,0.0
3,task_4,111,16,0.0,0.0
3,task_4,111,17,0.0,0.0
3,task_4,111,18,0.0,0.0
3,task_4,111,19,0.0,0.0
3,task_4,111,20,0.0,0.0
3,task_4,111,21,0.0,0.0
3,task_4,111,22,0.030060945078730583,0.0
3,task_4,111,23,0.061632297933101654,0.0
3,task_4,111,24,0.07857969403266907,0.0
3,task_4,111,25,0.09228207916021347,0.0
3,task_4,111,26,0.10999087244272232,0.0
3,task_4,111,27,0.19549119472503662,0.0
3,task_4,111,28,0.2976455092430115,0.0
3,task_4,111,29,0.3938349783420563,0.0
3,task_4,112,0,0.0,0.8127927780151367
3,task_4,112,1,0.0,0.8127927780151367
3,task_4,112,2,0.0,0.8127927780151367
3,task_4,112,3,0.0,0.8127927780151367
3,task_4,112,4,0.0,0.8127927780151367
3,task_4,112,5,0.0,0.8127927780151367
3,task_4,112,6,0.0,0.8127927780151367
3,task_4,112,7,0.0,0.8127927780151367
3,task_4,112,8,0.0,0.8127927780151367
3,task_4,112,9,0.0,0.8127927780151367
3,task_4,112,10,0.0,0.8127927780151367
3,task_4,112,11,0.0,0.8127927780151367
3,task_4,112,12,0.0,0.8127927780151367
3,task_4,112,13,0.07615438103675842,0.6387401819229126
3,task_4,112,14,0.16062122583389282,0.5000725388526917
3,task_4,112,15,0.24835896492004395,0.3579419255256653
3,task_4,112,16,0.3451436758041382,0.1704801768064499
3,task_4,112,17,0.41809454560279846,0.03646760433912277
3,task_4,112,18,0.5026090145111084,-0.1546306163072586
3,task_4,112,19,0.5796040892601013,-0.29335805773735046
3,task_4,112,20,0.6454277038574219,-0.4348757863044739
3,task_4,112,21,0.7180403470993042,-0.6303410530090332
3,task_4,112,22,0.7798048257827759,-0.7729544043540955
3,task_4,112,23,0.8409432172775269,-0.9149638414382935
3,task_4,112,24,0.8903206586837769,-1.0260463953018188
3,task_4,112,25,0.9290271997451782,-1.111767053604126
3,task_4,112,26,0.9573312997817993,-1.1730563640594482
3,task_4,112,27,0.9758989214897156,-1.223252773284912
3,task_4,112,28,0.9885025024414062,-1.2621568441390991
3,task_4,112,29,1.9345062971115112,-3.2726023197174072
3,task_4,113,0,0.0,0.0
3,task_4,113,1,0.0,0.0
3,task_4,113,2,0.0,0.0
3,task_4,113,3,0.0,0.0
3,task_4,113,4,0.0,0.0
3,task_4,113,5,0.0,0.0
3,task_4,113,6,0.0,0.0
3,task_4,113,7,0.01555379293859005,0.0
3,task_4,113,8,0.03193072974681854,0.0
3,task_4,113,9,0.04490381106734276,0.0
3,task_4,113,10,0.056588880717754364,0.0
3,task_4,113,11,0.06341186165809631,0.0
3,task_4,113,12,0.07341709733009338,0.0
3,task_4,113,13,0.08859609067440033,0.0
3,task_4,113,14,0.10142238438129425,0.0
3,task_4,113,15,0.11201054602861404,0.0
3,task_4,113,16,0.12249021232128143,0.0
3,task_4,113,17,0.13206955790519714,0.0
3,task_4,113,18,0.1405021846294403,0.0
3,task_4,113,19,0.1492060422897339,0.0
3,task_4,113,20,0.162921741604805,0.0
3,task_4,113,21,0.170561745762825,0.0
3,task_4,113,22,0.1756875216960907,0.0
3,task_4,113,23,0.18477921187877655,0.0
3,task_4,113,24,0.18987317383289337,0.0
3,task_4,113,25,0.19553178548812866,0.0
3,task_4,113,26,0.20033752918243408,0.0
3,task_4,113,27,0.2045712023973465,0.0
3,task_4,113,28,0.20998023450374603,0.0
3,task_4,113,29,0.2262694239616394,0.0
3,task_4,114,0,0.0,-0.5057243704795837
3,task_4,114,1,0.0,-0.5057243704795837
3,task_4,114,2,0.0,-0.5057243704795837
3,task_4,114,3,0.0,-0.5057243704795837
3,task_4,114,4,0.0,-0.5057243704795837
3,task_4,114,5,0.0,-0.5057243704795837
3,task_4,114,6,0.0,-0.5057243704795837
3,task_4,114,7,0.0,-0.5057243704795837
3,task_4,114,8,0.0,-0.5057243704795837
3,task_4,114,9,0.0,-0.5057243704795837
3,task_4,114,10,0.0,-0.5057243704795837
3,task_4,114,11,0.0,-0.5057243704795837
3,task_4,114,12,0.0,-0.5057243704795837
3,task_4,114,13,0.0,-0.5057243704795837
3,task_4,114,14,0.0,-0.5057243704795837
3,task_4,114,15,0.0,-0.5057243704795837
3,task_4,114,16,0.0,-0.5057243704795837
3,task_4,114,17,0.0,-0.5057243704795837
3,task_4,114,18,0.0,-0.5057243704795837
3,task_4,114,19,0.0,-0.5057243704795837
3,task_4,114,20,0.0,-0.5057243704795837
3,task_4,114,21,0.0,-0.5057243704795837
3,task_4,114,22,0.030197113752365112,-0.208060622215271
3,task_4,114,23,0.1308520883321762,0.8017644286155701
3,task_4,114,24,0.2176542431116104,1.8580302000045776
3,task_4,114,25,0.27600163221359253,2.1636993885040283
3,task_4,114,26,0.3324611783027649,2.173748731613159
3,task_4,114,27,0.3550506830215454,2.186976432800293
3,task_4,114,28,0.37200891971588135,2.2441906929016113
3,task_4,114,29,2.2042224407196045,-0.09441345185041428
3,task_4,115,0,0.0,0.0
3,task_4,115,1,0.0,0.0
3,task_4,115,2,0.0,0.0
3,task_4,115,3,0.0,0.0
3,task_4,115,4,0.0,0.0
3,task_4,115,5,0.0,0.0
3,task_4,115,6,0.0,0.0
3,task_4,115,7,0.0,0.0
3,task_4,115,8,0.0,0.0
3,task_4,115,9,0.0,0.0
3,task_4,115,10,0.0,0.0
3,task_4,115,11,0.0,0.0
3,task_4,115,12,0.0,0.0
3,task_4,115,13,0.0,0.0
3,task_4,115,14,0.0,0.0
3,task_4,115,15,0.0,0.0
3,task_4,115,16,0.0,0.0
3,task_4,115,17,0.0,0.0
3,task_4,115,18,0.0,0.0
3,task_4,115,19,0.0,0.0
3,task_4,115,20,0.0,0.0
3,task_4,115,21,0.0,0.0
3,task_4,115,22,0.0,0.0
3,task_4,115,23,0.0,0.0
3,task_4,115,24,0.0,0.0
3,task_4,115,25,0.015971839427947998,0.0
3,task_4,115,26,0.10817402601242065,0.0
3,task_4,115,27,0.19595718383789062,0.0
3,task_4,115,28,0.23833495378494263,0.0
3,task_4,115,29,0.28340139985084534,0.0
3,task_4,116,0,0.0,0.32161763310432434
3,task_4,116,1,0.0,0.32161763310432434
3,task_4,116,2,0.0,0.32161763310432434
3,task_4,116,3,0.0,0.32161763310432434
3,task_4,116,4,0.0,0.32161763310432434
3,task_4,116,5,0.0,0.32161763310432434
3,task_4,116,6,0.0,0.32161763310432434
3,task_4,116,7,0.0,0.32161763310432434
3,task_4,116,8,0.0,0.32161763310432434
3,task_4,116,9,0.0,0.32161763310432434
3,task_4,116,10,0.0,0.32161763310432434
3,task_4,116,11,0.0,0.32161763310432434
3,task_4,116,12,0.0,0.32161763310432434
3,task_4,116,13,0.0,0.32161763310432434
3,task_4,116,14,0.0,0.32161763310432434
3,task_4,116,15,0.0,0.32161763310432434
3,task_4,116,16,0.0,0.32161763310432434
3,task_4,116,17,0.0,0.32161763310432434
3,task_4,116,18,0.0,0.32161763310432434
3,task_4,116,19,0.0,0.32161763310432434
3,task_4,116,20,0.0,0.32161763310432434
3,task_4,116,21,0.0,0.32161763310432434
3,task_4,116,22,0.058430250734090805,0.25883516669273376
3,task_4,116,23,0.20719391107559204,0.05011040344834328
3,task_4,116,24,0.3462696671485901,-0.15442076325416565
3,task_4,116,25,0.45684924721717834,-0.28378280997276306
3,task_4,116,26,0.5627039074897766,-0.4881080985069275
3,task_4,116,27,0.6297852396965027,-0.6607592105865479
3,task_4,116,28,0.6774359941482544,-0.769136369228363
3,task_4,116,29,2.2530324459075928,-5.028326034545898
3,task_4,117,0,0.0,0.5096534490585327
3,task_4,117,1,0.0,0.5096534490585327
3,task_4,117,2,0.0,0.5096534490585327
3,task_4,117,3,0.0,0.5096534490585327
3,task_4,117,4,0.0,0.5096534490585327
3,task_4,117,5,0.0,0.5096534490585327
3,task_4,117,6,0.0,0.5096534490585327
3,task_4,117,7,0.0,0.5096534490585327
3,task_4,117,8,0.0,0.5096534490585327
3,task_4,117,9,0.0,0.5096534490585327
3,task_4,117,10,0.0,0.5096534490585327
3,task_4,117,11,0.0,0.5096534490585327
3,task_4,117,12,0.0,0.5096534490585327
3,task_4,117,13,0.0,0.5096534490585327
3,task_4,117,14,0.0,0.5096534490585327
3,task_4,117,15,0.0,0.5096534490585327
3,task_4,117,16,0.028157219290733337,0.4541768431663513
3,task_4,117,17,0.07835023105144501,0.30252784490585327
3,task_4,117,18,0.1287223845720291,0.15194816887378693
3,task_4,117,19,0.17684413492679596,0.02568032220005989
3,task_4,117,20,0.21789486706256866,-0.09881080687046051
3,task_4,117,21,0.26483845710754395,-0.1941913366317749
3,task_4,117,22,0.3050995469093323,-0.3050212860107422
3,task_4,117,23,0.34715718030929565,-0.42104265093803406
3,task_4,117,24,0.3733910918235779,-0.5022776126861572
3,task_4,117,25,0.4081776738166809,-0.6351546049118042
3,task_4,117,26,0.4395768642425537,-0.7180793881416321
3,task_4,117,27,0.4524015188217163,-0.7518957853317261
3,task_4,117,28,0.46649885177612305,-0.7882730960845947
3,task_4,117,29,2.7251973152160645,-4.6740403175354
3,task_4,118,0,0.0,0.6328158378601074
3,task_4,118,1,0.0,0.6328158378601074
3,task_4,118,2,0.0,0.6328158378601074
3,task_4,118,3,0.0,0.6328158378601074
3,task_4,118,4,0.0,0.6328158378601074
3,task_4,118,5,0.0,0.6328158378601074
3,task_4,118,6,0.0,0.6328158378601074
3,task_4,118,7,0.0,0.6328158378601074
3,task_4,118,8,0.0,0.6328158378601074
3,task_4,118,9,0.0,0.6328158378601074
3,task_4,118,10,0.0,0.6328158378601074
3,task_4,118,11,0.0,0.6328158378601074
3,task_4,118,12,0.01844760775566101,0.6081762313842773
3,task_4,118,13,0.04868677631020546,0.5116034746170044
3,task_4,118,14,0.09045568108558655,0.394888699054718
3,task_4,118,15,0.11690683662891388,0.2846720814704895
3,task_4,118,16,0.16317223012447357,0.15837113559246063
3,task_4,118,17,0.19286447763442993,0.07739102840423584
3,task_4,118,18,0.22441454231739044,0.004243665374815464
3,task_4,118,19,0.25890788435935974,-0.06452203541994095
3,task_4,118,20,0.29148954153060913,-0.1750676929950714
3,task_4,118,21,0.3253357410430908,-0.27116909623146057
3,task_4,118,22,0.34930866956710815,-0.33118128776550293
3,task_4,118,23,0.36886438727378845,-0.3941788375377655
3,task_4,118,24,0.3766796886920929,-0.40909042954444885
3,task_4,118,25,0.39254462718963623,-0.4465618133544922
3,task_4,118,26,0.4908812940120697,-0.7910957932472229
3,task_4,118,27,0.5624678134918213,-1.0302784442901611
3,task_4,118,28,0.657819926738739,-1.3586256504058838
3,task_4,118,29,2.753108263015747,-4.36136531829834
3,task_4,119,0,9.999999747378752e-05,0.0
3,task_4,119,1,9.999999747378752e-05,0.0
3,task_4,119,2,9.999999747378752e-05,0.0
3,task_4,119,3,9.999999747378752e-05,0.0
3,task_4,119,4,9.999999747378752e-05,0.0
3,task_4,119,5,9.999999747378752e-05,0.0
3,task_4,119,6,9.999999747378752e-05,0.0
3,task_4,119,7,9.999999747378752e-05,0.0
3,task_4,119,8,9.999999747378752e-05,0.0
3,task_4,119,9,9.999999747378752e-05,0.0
3,task_4,119,10,9.999999747378752e-05,0.0
3,task_4,119,11,9.999999747378752e-05,0.0
3,task_4,119,12,9.999999747378752e-05,0.0
3,task_4,119,13,9.999999747378752e-05,0.0
3,task_4,119,14,9.999999747378752e-05,0.0
3,task_4,119,15,9.999999747378752e-05,0.0
3,task_4,119,16,9.999999747378752e-05,0.0
3,task_4,119,17,9.999999747378752e-05,0.0
3,task_4,119,18,9.999999747378752e-05,0.0
3,task_4,119,19,9.999999747378752e-05,0.0
3,task_4,119,20,9.999999747378752e-05,0.0
3,task_4,119,21,9.999999747378752e-05,0.0
3,task_4,119,22,9.999999747378752e-05,0.0
3,task_4,119,23,9.999999747378752e-05,0.0
3,task_4,119,24,9.999999747378752e-05,0.0
3,task_4,119,25,9.999999747378752e-05,0.0
3,task_4,119,26,9.999999747378752e-05,0.0
3,task_4,119,27,9.999999747378752e-05,0.0
3,task_4,119,28,9.999999747378752e-05,0.0
3,task_4,119,29,9.999999747378752e-05,0.0
3,task_4,120,0,0.0,0.0
3,task_4,120,1,0.0,0.0
3,task_4,120,2,0.0,0.0
3,task_4,120,3,0.0,0.0
3,task_4,120,4,0.0,0.0
3,task_4,120,5,0.0,0.0
3,task_4,120,6,0.0,0.0
3,task_4,120,7,0.0,0.0
3,task_4,120,8,0.0,0.0
3,task_4,120,9,0.0,0.0
3,task_4,120,10,0.0,0.0
3,task_4,120,11,0.0,0.0
3,task_4,120,12,0.0,0.0
3,task_4,120,13,0.0,0.0
3,task_4,120,14,0.0,0.0
3,task_4,120,15,0.0,0.0
3,task_4,120,16,0.0,0.0
3,task_4,120,17,0.0,0.0
3,task_4,120,18,0.0,0.0
3,task_4,120,19,0.0,0.0
3,task_4,120,20,0.0,0.0
3,task_4,120,21,0.0,0.0
3,task_4,120,22,0.0,0.0
3,task_4,120,23,0.0,0.0
3,task_4,120,24,0.0,0.0
3,task_4,120,25,0.012009717524051666,0.0
3,task_4,120,26,0.05733786150813103,0.0
3,task_4,120,27,0.08526459336280823,0.0
3,task_4,120,28,0.10967247933149338,0.0
3,task_4,120,29,0.14013513922691345,0.0
3,task_4,121,0,0.0,0.7590042948722839
3,task_4,121,1,0.0,0.7590042948722839
3,task_4,121,2,0.0,0.7590042948722839
3,task_4,121,3,0.0,0.7590042948722839
3,task_4,121,4,0.0,0.7590042948722839
3,task_4,121,5,0.0,0.7590042948722839
3,task_4,121,6,0.0,0.7590042948722839
3,task_4,121,7,0.0,0.7590042948722839
3,task_4,121,8,0.0,0.7590042948722839
3,task_4,121,9,0.0,0.7590042948722839
3,task_4,121,10,0.0,0.7590042948722839
3,task_4,121,11,0.0,0.7590042948722839
3,task_4,121,12,0.010591670870780945,0.699978232383728
3,task_4,121,13,0.03762581944465637,0.5957643389701843
3,task_4,121,14,0.07066769897937775,0.4235665500164032
3,task_4,121,15,0.10663869976997375,0.27984002232551575
3,task_4,121,16,0.13696730136871338,0.13955633342266083
3,task_4,121,17,0.17594841122627258,0.015408210456371307
3,task_4,121,18,0.21002984046936035,-0.14337004721164703
3,task_4,121,19,0.24551713466644287,-0.2648713290691376
3,task_4,121,20,0.28131017088890076,-0.3730786442756653
3,task_4,121,21,0.30130600929260254,-0.4318167269229889
3,task_4,121,22,0.3390335142612457,-0.5478537678718567
3,task_4,121,23,0.3780098259449005,-0.7019986510276794
3,task_4,121,24,0.40406033396720886,-0.8584325313568115
3,task_4,121,25,0.4209141433238983,-0.9300885796546936
3,task_4,121,26,0.43245282769203186,-0.986923336982727
3,task_4,121,27,0.44206687808036804,-1.0431865453720093
3,task_4,121,28,0.45444735884666443,-1.1323045492172241
3,task_4,121,29,1.6080362796783447,-3.8482420444488525
3,task_4,122,0,0.23704084753990173,1.4976232051849365
3,task_4,122,1,0.2415890395641327,1.3804259300231934
3,task_4,122,2,0.24641606211662292,1.2843891382217407
3,task_4,122,3,0.250927209854126,1.1802138090133667
3,task_4,122,4,0.25405141711235046,1.0988267660140991
3,task_4,122,5,0.25737571716308594,1.016371488571167
3,task_4,122,6,0.2618314027786255,0.9252179861068726
3,task_4,122,7,0.26473069190979004,0.8470864295959473
3,task_4,122,8,0.2694839537143707,0.7298890948295593
3,task_4,122,9,0.2739475965499878,0.6178802251815796
3,task_4,122,10,0.27769434452056885,0.5267267227172852
3,task_4,122,11,0.28083980083465576,0.461617112159729
3,task_4,122,12,0.28527694940567017,0.3574416935443878
3,task_4,122,13,0.28892600536346436,0.26628822088241577
3,task_4,122,14,0.29155856370925903,0.19466762244701385
3,task_4,122,15,0.29553845524787903,0.09700317680835724
3,task_4,122,16,0.2982069253921509,0.028638062998652458
3,task_4,122,17,0.30212050676345825,-0.06251541525125504
3,task_4,122,18,0.30562177300453186,-0.16017986834049225
3,task_4,122,19,0.31011730432510376,-0.27218878269195557
3,task_4,122,20,0.3160492777824402,-0.3662416636943817
3,task_4,122,21,0.32354849576950073,-0.4997164011001587
3,task_4,122,22,0.3459068536758423,-0.8643303513526917
3,task_4,122,23,0.36839795112609863,-1.4691377878189087
3,task_4,122,24,0.40427958965301514,-1.4691377878189087
3,task_4,122,25,0.4369462728500366,-1.4691377878189087
3,task_4,122,26,0.4676090180873871,-1.4691377878189087
3,task_4,122,27,0.5111222863197327,-1.4691377878189087
3,task_4,122,28,0.5467605590820312,-1.4691377878189087
3,task_4,122,29,0.5930490493774414,-1.4691377878189087
3,task_4,123,0,0.0,1.6005183458328247
3,task_4,123,1,0.0,1.6005183458328247
3,task_4,123,2,0.0,1.6005183458328247
3,task_4,123,3,0.0,1.6005183458328247
3,task_4,123,4,0.0,1.6005183458328247
3,task_4,123,5,0.0,1.6005183458328247
3,task_4,123,6,0.01673184335231781,1.5048977136611938
3,task_4,123,7,0.07809795439243317,1.1546719074249268
3,task_4,123,8,0.15071646869182587,0.7413186430931091
3,task_4,123,9,0.22463802993297577,0.3208526372909546
3,task_4,123,10,0.2880955934524536,-0.03915204480290413
3,task_4,123,11,0.3538430333137512,-0.41043955087661743
3,task_4,123,12,0.4081343412399292,-0.7152921557426453
3,task_4,123,13,0.4700191020965576,-0.7152921557426453
3,task_4,123,14,0.5194887518882751,-0.7152921557426453
3,task_4,123,15,0.542466402053833,-0.7152921557426453
3,task_4,123,16,0.5554656982421875,-0.7152921557426453
3,task_4,123,17,0.5689617991447449,-0.7152921557426453
3,task_4,123,18,0.579503059387207,-0.7152921557426453
3,task_4,123,19,0.5959399938583374,-0.7152921557426453
3,task_4,123,20,0.6068706512451172,-0.7152921557426453
3,task_4,123,21,0.6150196194648743,-0.7152921557426453
3,task_4,123,22,0.6252309679985046,-0.7152921557426453
3,task_4,123,23,0.635161817073822,-0.7152921557426453
3,task_4,123,24,0.643673837184906,-0.7152921557426453
3,task_4,123,25,0.6502656936645508,-0.7152921557426453
3,task_4,123,26,0.6551392674446106,-0.7152921557426453
3,task_4,123,27,0.6610527038574219,-0.7152921557426453
3,task_4,123,28,0.6671823263168335,-0.7152921557426453
3,task_4,123,29,0.6892919540405273,-0.7152921557426453
3,task_4,124,0,0.0,0.40903764963150024
3,task_4,124,1,0.0,0.40903764963150024
3,task_4,124,2,0.0,0.40903764963150024
3,task_4,124,3,0.0,0.40903764963150024
3,task_4,124,4,0.0,0.40903764963150024
3,task_4,124,5,0.0,0.40903764963150024
3,task_4,124,6,0.0,0.40903764963150024
3,task_4,124,7,0.0,0.40903764963150024
3,task_4,124,8,0.0,0.40903764963150024
3,task_4,124,9,0.0,0.40903764963150024
3,task_4,124,10,0.002593277022242546,0.40949946641921997
3,task_4,124,11,0.021783072501420975,0.46182146668434143
3,task_4,124,12,0.03484955057501793,0.5010974407196045
3,task_4,124,13,0.04222770780324936,0.5160627961158752
3,task_4,124,14,0.052307866513729095,0.5261651873588562
3,task_4,124,15,0.06338419020175934,0.5264623761177063
3,task_4,124,16,0.07097534835338593,0.548436164855957
3,task_4,124,17,0.07810287922620773,0.6172950863838196
3,task_4,124,18,0.088228739798069,0.6302305459976196
3,task_4,124,19,0.10801909863948822,0.6559306383132935
3,task_4,124,20,0.16725561022758484,0.45762547850608826
3,task_4,124,21,0.23507662117481232,0.17579691112041473
3,task_4,124,22,0.31647592782974243,-0.09963634610176086
3,task_4,124,23,0.40312623977661133,-0.45402607321739197
3,task_4,124,24,0.46438688039779663,-0.6496336460113525
3,task_4,124,25,0.5528009533882141,-0.9342542290687561
3,task_4,124,26,0.6382968425750732,-1.1443630456924438
3,task_4,124,27,0.682336151599884,-1.2548922300338745
3,task_4,124,28,0.745913028717041,-1.3475209474563599
3,task_4,124,29,1.3849207162857056,-4.232472896575928
3,task_4,125,0,0.0,0.7082711458206177
3,task_4,125,1,0.0,0.7082711458206177
3,task_4,125,2,0.0,0.7082711458206177
3,task_4,125,3,0.0,0.7082711458206177
3,task_4,125,4,0.0,0.7082711458206177
3,task_4,125,5,0.0,0.7082711458206177
3,task_4,125,6,0.0,0.7082711458206177
3,task_4,125,7,0.0,0.7082711458206177
3,task_4,125,8,0.0,0.7082711458206177
3,task_4,125,9,0.0,0.7082711458206177
3,task_4,125,10,0.0,0.7082711458206177
3,task_4,125,11,0.0,0.7082711458206177
3,task_4,125,12,0.0,0.7082711458206177
3,task_4,125,13,0.0,0.7082711458206177
3,task_4,125,14,0.0,0.7082711458206177
3,task_4,125,15,0.055372413247823715,0.5442082285881042
3,task_4,125,16,0.13291575014591217,0.3498915731906891
3,task_4,125,17,0.1964002549648285,0.19695913791656494
3,task_4,125,18,0.26435407996177673,0.03369445726275444
3,task_4,125,19,0.3241707682609558,-0.12049856781959534
3,task_4,125,20,0.38370728492736816,-0.27204039692878723
3,task_4,125,21,0.45136988162994385,-0.44385069608688354
3,task_4,125,22,0.5106063485145569,-0.5918610095977783
3,task_4,125,23,0.570584774017334,-0.8048467040061951
3,task_4,125,24,0.6484764814376831,-1.002172827720642
3,task_4,125,25,0.7160248160362244,-1.141249418258667
3,task_4,125,26,0.7794232964515686,-1.2403838634490967
3,task_4,125,27,0.7999696731567383,-1.2839335203170776
3,task_4,125,28,0.8144719004631042,-1.3086745738983154
3,task_4,125,29,3.0837223529815674,-3.539306879043579
3,task_4,126,0,0.0,0.11368683725595474
3,task_4,126,1,0.0,0.11368683725595474
3,task_4,126,2,0.0,0.11368683725595474
3,task_4,126,3,0.0,0.11368683725595474
3,task_4,126,4,0.0,0.11368683725595474
3,task_4,126,5,0.0,0.11368683725595474
3,task_4,126,6,0.0,0.11368683725595474
3,task_4,126,7,0.0,0.11368683725595474
3,task_4,126,8,0.0,0.11368683725595474
3,task_4,126,9,0.0,0.11368683725595474
3,task_4,126,10,0.0,0.11368683725595474
3,task_4,126,11,0.0,0.11368683725595474
3,task_4,126,12,0.0,0.11368683725595474
3,task_4,126,13,0.0,0.11368683725595474
3,task_4,126,14,0.0,0.11368683725595474
3,task_4,126,15,0.0,0.11368683725595474
3,task_4,126,16,0.0,0.11368683725595474
3,task_4,126,17,0.0,0.11368683725595474
3,task_4,126,18,0.0,0.11368683725595474
3,task_4,126,19,0.0,0.11368683725595474
3,task_4,126,20,0.0,0.11368683725595474
3,task_4,126,21,0.0,0.11368683725595474
3,task_4,126,22,0.0,0.11368683725595474
3,task_4,126,23,0.0,0.11368683725595474
3,task_4,126,24,0.0,0.11368683725595474
3,task_4,126,25,0.0025722533464431763,0.11368683725595474
3,task_4,126,26,0.0220821350812912,0.11368683725595474
3,task_4,126,27,0.037928640842437744,0.11368683725595474
3,task_4,126,28,0.047862276434898376,0.11368683725595474
3,task_4,126,29,0.09597146511077881,0.11368683725595474
3,task_4,127,0,0.0,-0.8506036400794983
3,task_4,127,1,0.0,-0.8506036400794983
3,task_4,127,2,0.0,-0.8506036400794983
3,task_4,127,3,0.0,-0.8506036400794983
3,task_4,127,4,0.0,-0.8506036400794983
3,task_4,127,5,0.0,-0.8506036400794983
3,task_4,127,6,0.0,-0.8506036400794983
3,task_4,127,7,0.0,-0.8506036400794983
3,task_4,127,8,0.0,-0.8506036400794983
3,task_4,127,9,0.0,-0.8506036400794983
3,task_4,127,10,0.0,-0.8506036400794983
3,task_4,127,11,0.0,-0.8506036400794983
3,task_4,127,12,0.0,-0.8506036400794983
3,task_4,127,13,0.0,-0.8506036400794983
3,task_4,127,14,0.0,-0.8506036400794983
3,task_4,127,15,0.003173843026161194,-0.7721354961395264
3,task_4,127,16,0.05416838824748993,0.43723422288894653
3,task_4,127,17,0.0986328199505806,1.0146026611328125
3,task_4,127,18,0.13974535465240479,1.3316876888275146
3,task_4,127,19,0.17636938393115997,1.3811355829238892
3,task_4,127,20,0.20371340215206146,1.313700556755066
3,task_4,127,21,0.21650464832782745,1.2545446157455444
3,task_4,127,22,0.22815778851509094,1.2182481288909912
3,task_4,127,23,0.23491515219211578,1.1458220481872559
3,task_4,127,24,0.2408078908920288,1.114530324935913
3,task_4,127,25,0.24871394038200378,1.0777390003204346
3,task_4,127,26,0.25790518522262573,1.0435090065002441
3,task_4,127,27,0.2654400169849396,1.0595778226852417
3,task_4,127,28,0.2755018472671509,1.0511881113052368
3,task_4,127,29,0.6951317191123962,-0.9123308658599854
4,task_5,0,0,0.0,-0.8297949433326721
4,task_5,0,1,0.0,-0.8297949433326721
4,task_5,0,2,0.0,-0.8297949433326721
4,task_5,0,3,0.0,-0.8297949433326721
4,task_5,0,4,0.0,-0.8297949433326721
4,task_5,0,5,0.0,-0.8297949433326721
4,task_5,0,6,0.0,-0.8297949433326721
4,task_5,0,7,0.0,-0.8297949433326721
4,task_5,0,8,0.0,-0.8297949433326721
4,task_5,0,9,0.0,-0.8297949433326721
4,task_5,0,10,0.0,-0.8297949433326721
4,task_5,0,11,0.0,-0.8297949433326721
4,task_5,0,12,0.0,-0.8297949433326721
4,task_5,0,13,0.04971279948949814,-0.7286325097084045
4,task_5,0,14,0.1288088858127594,-0.5465867519378662
4,task_5,0,15,0.21892563998699188,-0.33821770548820496
4,task_5,0,16,0.31833821535110474,-0.10853030532598495
4,task_5,0,17,0.4038541913032532,0.07564906775951385
4,task_5,0,18,0.495731383562088,0.2615582346916199
4,task_5,0,19,0.5668296217918396,0.3716588318347931
4,task_5,0,20,0.6433475017547607,0.5303760170936584
4,task_5,0,21,0.7146949768066406,0.6917648911476135
4,task_5,0,22,0.7728790044784546,0.828272819519043
4,task_5,0,23,0.8164525032043457,0.9324763417243958
4,task_5,0,24,0.8600128889083862,1.0350937843322754
4,task_5,0,25,0.8817834854125977,1.0876792669296265
4,task_5,0,26,0.8970212936401367,1.1280689239501953
4,task_5,0,27,0.9120490550994873,1.162684679031372
4,task_5,0,28,0.9289983510971069,1.2048320770263672
4,task_5,0,29,1.817063808441162,3.1991844177246094
4,task_5,1,0,0.0,-0.32300806045532227
4,task_5,1,1,0.0,-0.32300806045532227
4,task_5,1,2,0.0,-0.32300806045532227
4,task_5,1,3,0.0,-0.32300806045532227
4,task_5,1,4,0.0,-0.32300806045532227
4,task_5,1,5,0.0,-0.32300806045532227
4,task_5,1,6,0.0,-0.32300806045532227
4,task_5,1,7,0.0,-0.32300806045532227
4,task_5,1,8,0.0,-0.32300806045532227
4,task_5,1,9,0.0,-0.32300806045532227
4,task_5,1,10,0.0,-0.32300806045532227
4,task_5,1,11,0.0,-0.32300806045532227
4,task_5,1,12,0.0,-0.32300806045532227
4,task_5,1,13,0.0,-0.32300806045532227
4,task_5,1,14,0.0,-0.32300806045532227
4,task_5,1,15,0.0,-0.32300806045532227
4,task_5,1,16,0.0,-0.32300806045532227
4,task_5,1,17,0.0,-0.32300806045532227
4,task_5,1,18,0.0,-0.32300806045532227
4,task_5,1,19,0.0,-0.32300806045532227
4,task_5,1,20,0.0,-0.32300806045532227
4,task_5,1,21,0.0,-0.32300806045532227
4,task_5,1,22,0.0,-0.32300806045532227
4,task_5,1,23,0.0,-0.32300806045532227
4,task_5,1,24,0.0,-0.32300806045532227
4,task_5,1,25,0.012800723314285278,-0.17447683215141296
4,task_5,1,26,0.05466587841510773,0.5741326212882996
4,task_5,1,27,0.08375662565231323,1.1379038095474243
4,task_5,1,28,0.12467004358768463,1.9714460372924805
4,task_5,1,29,0.9373835325241089,4.566195487976074
4,task_5,2,0,0.7476050853729248,-0.9306095242500305
4,task_5,2,1,0.753007173538208,-0.9156619906425476
4,task_5,2,2,0.7607460021972656,-0.9085519909858704
4,task_5,2,3,0.7691225409507751,-0.8865490555763245
4,task_5,2,4,0.7840681076049805,-0.8518129587173462
4,task_5,2,5,0.7962193489074707,-0.8163646459579468
4,task_5,2,6,0.8162999153137207,-0.7617695927619934
4,task_5,2,7,0.8347283005714417,-0.7071484327316284
4,task_5,2,8,0.846846878528595,-0.6806303262710571
4,task_5,2,9,0.8630831241607666,-0.6320335865020752
4,task_5,2,10,0.8813364505767822,-0.573982834815979
4,task_5,2,11,0.8958466053009033,-0.5317307114601135
4,task_5,2,12,0.9105504155158997,-0.4784237742424011
4,task_5,2,13,0.9220656156539917,-0.4297987222671509
4,task_5,2,14,0.9361127614974976,-0.37734898924827576
4,task_5,2,15,0.9472582936286926,-0.32945263385772705
4,task_5,2,16,0.9567112326622009,-0.28342482447624207
4,task_5,2,17,0.963990330696106,-0.24603183567523956
4,task_5,2,18,0.9696706533432007,-0.21428745985031128
4,task_5,2,19,0.9779223203659058,-0.1712520271539688
4,task_5,2,20,1.02595055103302,0.07953471690416336
4,task_5,2,21,1.0893381834030151,0.3538406789302826
4,task_5,2,22,1.1392079591751099,0.5855863690376282
4,task_5,2,23,1.1997790336608887,0.840319812297821
4,task_5,2,24,1.250023365020752,1.0493844747543335
4,task_5,2,25,1.2907612323760986,1.2229537963867188
4,task_5,2,26,1.3246855735778809,1.3474884033203125
4,task_5,2,27,1.3499712944030762,1.437214732170105
4,task_5,2,28,1.3698129653930664,1.5033879280090332
4,task_5,2,29,2.253516912460327,3.307150363922119
4,task_5,3,0,0.0,-0.26938897371292114
4,task_5,3,1,0.0,-0.26938897371292114
4,task_5,3,2,0.0,-0.26938897371292114
4,task_5,3,3,0.0,-0.26938897371292114
4,task_5,3,4,0.0,-0.26938897371292114
4,task_5,3,5,0.0,-0.26938897371292114
4,task_5,3,6,0.0,-0.26938897371292114
4,task_5,3,7,0.0,-0.26938897371292114
4,task_5,3,8,0.0,-0.26938897371292114
4,task_5,3,9,0.03519372269511223,-0.2631106674671173
4,task_5,3,10,0.07329227030277252,-0.2555450201034546
4,task_5,3,11,0.12308891862630844,-0.25356990098953247
4,task_5,3,12,0.16414432227611542,-0.252168208360672
4,task_5,3,13,0.21421848237514496,-0.25187522172927856
4,task_5,3,14,0.26238152384757996,-0.2508748471736908
4,task_5,3,15,0.3107195198535919,-0.248966783285141
4,task_5,3,16,0.3575785458087921,-0.2425234019756317
4,task_5,3,17,0.39613839983940125,-0.23679715394973755
4,task_5,3,18,0.43929383158683777,-0.22797279059886932
4,task_5,3,19,0.47218677401542664,-0.21540865302085876
4,task_5,3,20,0.499357670545578,-0.20782925188541412
4,task_5,3,21,0.5627212524414062,-0.1793084442615509
4,task_5,3,22,0.6411418318748474,-0.13166411221027374
4,task_5,3,23,0.7366142272949219,-0.04090794175863266
4,task_5,3,24,0.7969955801963806,0.02511320635676384
4,task_5,3,25,0.8334036469459534,0.0732201635837555
4,task_5,3,26,0.8498052954673767,0.09438899159431458
4,task_5,3,27,0.8595465421676636,0.11378230899572372
4,task_5,3,28,0.873567521572113,0.12826399505138397
4,task_5,3,29,3.624936580657959,5.248254299163818
4,task_5,4,0,9.999999747378752e-05,-0.05684341862797737
4,task_5,4,1,9.999999747378752e-05,-0.05684341862797737
4,task_5,4,2,9.999999747378752e-05,-0.05684341862797737
4,task_5,4,3,9.999999747378752e-05,-0.05684341862797737
4,task_5,4,4,9.999999747378752e-05,-0.05684341862797737
4,task_5,4,5,9.999999747378752e-05,-0.05684341862797737
4,task_5,4,6,9.999999747378752e-05,-0.05684341862797737
4,task_5,4,7,9.999999747378752e-05,-0.05684341862797737
4,task_5,4,8,9.999999747378752e-05,-0.05684341862797737
4,task_5,4,9,9.999999747378752e-05,-0.05684341862797737
4,task_5,4,10,9.999999747378752e-05,-0.05684341862797737
4,task_5,4,11,9.999999747378752e-05,-0.05684341862797737
4,task_5,4,12,9.999999747378752e-05,-0.05684341862797737
4,task_5,4,13,9.999999747378752e-05,-0.05684341862797737
4,task_5,4,14,9.999999747378752e-05,-0.05684341862797737
4,task_5,4,15,9.999999747378752e-05,-0.05684341862797737
4,task_5,4,16,9.999999747378752e-05,-0.05684341862797737
4,task_5,4,17,9.999999747378752e-05,-0.05684341862797737
4,task_5,4,18,9.999999747378752e-05,-0.05684341862797737
4,task_5,4,19,9.999999747378752e-05,-0.05684341862797737
4,task_5,4,20,9.999999747378752e-05,-0.05684341862797737
4,task_5,4,21,9.999999747378752e-05,-0.05684341862797737
4,task_5,4,22,9.999999747378752e-05,-0.05684341862797737
4,task_5,4,23,9.999999747378752e-05,-0.05684341862797737
4,task_5,4,24,9.999999747378752e-05,-0.05684341862797737
4,task_5,4,25,9.999999747378752e-05,-0.05684341862797737
4,task_5,4,26,9.999999747378752e-05,-0.05684341862797737
4,task_5,4,27,9.999999747378752e-05,-0.05684341862797737
4,task_5,4,28,9.999999747378752e-05,-0.05684341862797737
4,task_5,4,29,9.999999747378752e-05,-0.05684341862797737
4,task_5,5,0,0.0,-0.30352577567100525
4,task_5,5,1,0.0,-0.30352577567100525
4,task_5,5,2,0.0,-0.30352577567100525
4,task_5,5,3,0.0,-0.30352577567100525
4,task_5,5,4,0.0,-0.30352577567100525
4,task_5,5,5,0.0,-0.30352577567100525
4,task_5,5,6,0.0,-0.30352577567100525
4,task_5,5,7,0.0,-0.30352577567100525
4,task_5,5,8,0.0,-0.30352577567100525
4,task_5,5,9,0.0,-0.30352577567100525
4,task_5,5,10,0.0,-0.30352577567100525
4,task_5,5,11,0.0,-0.30352577567100525
4,task_5,5,12,0.0,-0.30352577567100525
4,task_5,5,13,0.0,-0.30352577567100525
4,task_5,5,14,0.0,-0.30352577567100525
4,task_5,5,15,0.0,-0.30352577567100525
4,task_5,5,16,0.0,-0.30352577567100525
4,task_5,5,17,0.0,-0.30352577567100525
4,task_5,5,18,0.0,-0.30352577567100525
4,task_5,5,19,0.0,-0.30352577567100525
4,task_5,5,20,0.0,-0.30352577567100525
4,task_5,5,21,0.0,-0.30352577567100525
4,task_5,5,22,0.0,-0.30352577567100525
4,task_5,5,23,0.0,-0.30352577567100525
4,task_5,5,24,0.08079427480697632,-0.16179116070270538
4,task_5,5,25,0.17732834815979004,0.171016663312912
4,task_5,5,26,0.2804112732410431,0.49982890486717224
4,task_5,5,27,0.36651697754859924,0.7874395251274109
4,task_5,5,28,0.4450209140777588,1.0022295713424683
4,task_5,5,29,1.6286834478378296,4.98589563369751
4,task_5,6,0,0.0,0.9214115738868713
4,task_5,6,1,0.0,0.9214115738868713
4,task_5,6,2,0.0,0.9214115738868713
4,task_5,6,3,0.0,0.9214115738868713
4,task_5,6,4,0.0,0.9214115738868713
4,task_5,6,5,0.0,0.9214115738868713
4,task_5,6,6,0.0,0.9214115738868713
4,task_5,6,7,0.0,0.9214115738868713
4,task_5,6,8,0.0,0.9214115738868713
4,task_5,6,9,0.0,0.9214115738868713
4,task_5,6,10,0.0,0.9214115738868713
4,task_5,6,11,0.0,0.9214115738868713
4,task_5,6,12,0.0,0.9214115738868713
4,task_5,6,13,0.09457758069038391,0.7418270707130432
4,task_5,6,14,0.24209783971309662,0.46624118089675903
4,task_5,6,15,0.38185054063796997,0.22387808561325073
4,task_5,6,16,0.5437136888504028,-0.03202233836054802
4,task_5,6,17,0.6607634425163269,-0.20656462013721466
4,task_5,6,18,0.7935774922370911,-0.3947809636592865
4,task_5,6,19,0.9459633827209473,-0.6024776101112366
4,task_5,6,20,1.0520142316818237,-0.745583713054657
4,task_5,6,21,1.166469931602478,-0.8783734440803528
4,task_5,6,22,1.2633061408996582,-0.9820689558982849
4,task_5,6,23,1.3417872190475464,-1.0729467868804932
4,task_5,6,24,1.425194263458252,-1.1516804695129395
4,task_5,6,25,1.4780458211898804,-1.2003145217895508
4,task_5,6,26,1.5346877574920654,-1.2415417432785034
4,task_5,6,27,1.5609210729599,-1.25606107711792
4,task_5,6,28,1.588899850845337,-1.2719783782958984
4,task_5,6,29,4.244926452636719,-2.3739001750946045
4,task_5,7,0,9.999999747378752e-05,-0.11368683725595474
4,task_5,7,1,9.999999747378752e-05,-0.11368683725595474
4,task_5,7,2,9.999999747378752e-05,-0.11368683725595474
4,task_5,7,3,9.999999747378752e-05,-0.11368683725595474
4,task_5,7,4,9.999999747378752e-05,-0.11368683725595474
4,task_5,7,5,9.999999747378752e-05,-0.11368683725595474
4,task_5,7,6,9.999999747378752e-05,-0.11368683725595474
4,task_5,7,7,9.999999747378752e-05,-0.11368683725595474
4,task_5,7,8,9.999999747378752e-05,-0.11368683725595474
4,task_5,7,9,9.999999747378752e-05,-0.11368683725595474
4,task_5,7,10,9.999999747378752e-05,-0.11368683725595474
4,task_5,7,11,9.999999747378752e-05,-0.11368683725595474
4,task_5,7,12,9.999999747378752e-05,-0.11368683725595474
4,task_5,7,13,9.999999747378752e-05,-0.11368683725595474
4,task_5,7,14,9.999999747378752e-05,-0.11368683725595474
4,task_5,7,15,9.999999747378752e-05,-0.11368683725595474
4,task_5,7,16,9.999999747378752e-05,-0.11368683725595474
4,task_5,7,17,9.999999747378752e-05,-0.11368683725595474
4,task_5,7,18,9.999999747378752e-05,-0.11368683725595474
4,task_5,7,19,9.999999747378752e-05,-0.11368683725595474
4,task_5,7,20,9.999999747378752e-05,-0.11368683725595474
4,task_5,7,21,9.999999747378752e-05,-0.11368683725595474
4,task_5,7,22,9.999999747378752e-05,-0.11368683725595474
4,task_5,7,23,9.999999747378752e-05,-0.11368683725595474
4,task_5,7,24,9.999999747378752e-05,-0.11368683725595474
4,task_5,7,25,9.999999747378752e-05,-0.11368683725595474
4,task_5,7,26,9.999999747378752e-05,-0.11368683725595474
4,task_5,7,27,9.999999747378752e-05,-0.11368683725595474
4,task_5,7,28,9.999999747378752e-05,-0.11368683725595474
4,task_5,7,29,9.999999747378752e-05,-0.11368683725595474
4,task_5,8,0,0.0,-0.18300892412662506
4,task_5,8,1,0.0,-0.18300892412662506
4,task_5,8,2,0.0,-0.18300892412662506
4,task_5,8,3,0.0,-0.18300892412662506
4,task_5,8,4,0.0,-0.18300892412662506
4,task_5,8,5,0.0,-0.18300892412662506
4,task_5,8,6,0.0,-0.18300892412662506
4,task_5,8,7,0.0,-0.18300892412662506
4,task_5,8,8,0.0,-0.18300892412662506
4,task_5,8,9,0.0,-0.18300892412662506
4,task_5,8,10,0.0,-0.18300892412662506
4,task_5,8,11,0.0,-0.18300892412662506
4,task_5,8,12,0.0,-0.18300892412662506
4,task_5,8,13,0.0,-0.18300892412662506
4,task_5,8,14,0.0,-0.18300892412662506
4,task_5,8,15,0.0,-0.18300892412662506
4,task_5,8,16,0.0,-0.18300892412662506
4,task_5,8,17,0.0,-0.18300892412662506
4,task_5,8,18,0.0,-0.18300892412662506
4,task_5,8,19,0.0,-0.18300892412662506
4,task_5,8,20,0.0,-0.18300892412662506
4,task_5,8,21,0.0,-0.18300892412662506
4,task_5,8,22,0.0,-0.18300892412662506
4,task_5,8,23,0.0,-0.18300892412662506
4,task_5,8,24,0.0,-0.18300892412662506
4,task_5,8,25,0.0,-0.18300892412662506
4,task_5,8,26,0.0,-0.18300892412662506
4,task_5,8,27,0.0,-0.18300892412662506
4,task_5,8,28,0.0032830089330673218,-0.1703881174325943
4,task_5,8,29,2.286177158355713,5.294637680053711
4,task_5,9,0,0.2017076015472412,0.79808109998703
4,task_5,9,1,0.2133459895849228,0.7639550566673279
4,task_5,9,2,0.22120866179466248,0.7425919771194458
4,task_5,9,3,0.22603411972522736,0.724033534526825
4,task_5,9,4,0.23569174110889435,0.6847584843635559
4,task_5,9,5,0.2430412769317627,0.6616312861442566
4,task_5,9,6,0.25086885690689087,0.6337352395057678
4,task_5,9,7,0.2605804204940796,0.6037757396697998
4,task_5,9,8,0.26868271827697754,0.583492636680603
4,task_5,9,9,0.2778955101966858,0.5561663508415222
4,task_5,9,10,0.2897675931453705,0.5196373462677002
4,task_5,9,11,0.30243366956710815,0.48141318559646606
4,task_5,9,12,0.31696340441703796,0.4317609965801239
4,task_5,9,13,0.33472755551338196,0.35141411423683167
4,task_5,9,14,0.34454596042633057,0.3085009455680847
4,task_5,9,15,0.35454121232032776,0.26680997014045715
4,task_5,9,16,0.36407363414764404,0.22510066628456116
4,task_5,9,17,0.3726820945739746,0.18486173450946808
4,task_5,9,18,0.38016781210899353,0.153257817029953
4,task_5,9,19,0.38777393102645874,0.11610176414251328
4,task_5,9,20,0.3958546221256256,0.07767098397016525
4,task_5,9,21,0.40337756276130676,0.04304712638258934
4,task_5,9,22,0.4149714410305023,-0.010884283110499382
4,task_5,9,23,0.4565552771091461,-0.2001250982284546
4,task_5,9,24,0.5384103655815125,-0.5485439300537109
4,task_5,9,25,0.6117134690284729,-0.843127965927124
4,task_5,9,26,0.7031891942024231,-1.1863127946853638
4,task_5,9,27,0.7855712175369263,-1.446492314338684
4,task_5,9,28,0.8762428164482117,-1.6954506635665894
4,task_5,9,29,1.494922161102295,-3.9808614253997803
4,task_5,10,0,0.12741154432296753,0.7480559349060059
4,task_5,10,1,0.13768619298934937,0.7386046051979065
4,task_5,10,2,0.1453542709350586,0.7274284362792969
4,task_5,10,3,0.1518435925245285,0.719892680644989
4,task_5,10,4,0.1592150777578354,0.7100183963775635
4,task_5,10,5,0.1651822030544281,0.7033085227012634
4,task_5,10,6,0.1734292060136795,0.6970669627189636
4,task_5,10,7,0.18023830652236938,0.6889175176620483
4,task_5,10,8,0.1878224015235901,0.6860920786857605
4,task_5,10,9,0.19272156059741974,0.6818466186523438
4,task_5,10,10,0.1998022496700287,0.6771230697631836
4,task_5,10,11,0.20711666345596313,0.669255256652832
4,task_5,10,12,0.21466554701328278,0.6627770066261292
4,task_5,10,13,0.2231949418783188,0.6545025706291199
4,task_5,10,14,0.24922128021717072,0.6269269585609436
4,task_5,10,15,0.30999141931533813,0.5355978012084961
4,task_5,10,16,0.35587939620018005,0.466819167137146
4,task_5,10,17,0.44149675965309143,0.38730567693710327
4,task_5,10,18,0.5284605026245117,0.3456626832485199
4,task_5,10,19,0.6266182065010071,0.18518653512001038
4,task_5,10,20,0.7400177717208862,-0.0320461243391037
4,task_5,10,21,0.847374677658081,-0.2567537724971771
4,task_5,10,22,0.9868483543395996,-0.5593206286430359
4,task_5,10,23,1.0910004377365112,-0.8092254996299744
4,task_5,10,24,1.2197891473770142,-1.1228270530700684
4,task_5,10,25,1.3413506746292114,-1.4266917705535889
4,task_5,10,26,1.4495186805725098,-1.6995508670806885
4,task_5,10,27,1.5533020496368408,-1.9571774005889893
4,task_5,10,28,1.6228713989257812,-2.099526882171631
4,task_5,10,29,2.338554620742798,-2.3492674827575684
4,task_5,11,0,0.0,0.4867289662361145
4,task_5,11,1,0.0,0.4867289662361145
4,task_5,11,2,0.0,0.4867289662361145
4,task_5,11,3,0.0,0.4867289662361145
4,task_5,11,4,0.0,0.4867289662361145
4,task_5,11,5,0.0,0.4867289662361145
4,task_5,11,6,0.0,0.4867289662361145
4,task_5,11,7,0.0,0.4867289662361145
4,task_5,11,8,0.0,0.4867289662361145
4,task_5,11,9,0.0,0.4867289662361145
4,task_5,11,10,0.0,0.4867289662361145
4,task_5,11,11,0.0,0.4867289662361145
4,task_5,11,12,0.0,0.4867289662361145
4,task_5,11,13,0.0,0.4867289662361145
4,task_5,11,14,0.03342984616756439,0.33968082070350647
4,task_5,11,15,0.056105777621269226,0.2490367740392685
4,task_5,11,16,0.08603675663471222,0.13068978488445282
4,task_5,11,17,0.11212252080440521,0.06675053387880325
4,task_5,11,18,0.13501550257205963,0.009571836329996586
4,task_5,11,19,0.1641736775636673,-0.04364200308918953
4,task_5,11,20,0.18855176866054535,-0.10622342675924301
4,task_5,11,21,0.20742656290531158,-0.15554672479629517
4,task_5,11,22,0.23479656875133514,-0.2366754412651062
4,task_5,11,23,0.24662770330905914,-0.26571086049079895
4,task_5,11,24,0.2634214758872986,-0.305029958486557
4,task_5,11,25,0.2813735008239746,-0.3568507134914398
4,task_5,11,26,0.2888337969779968,-0.37467721104621887
4,task_5,11,27,0.29463231563568115,-0.38870882987976074
4,task_5,11,28,0.30233174562454224,-0.4132350981235504
4,task_5,11,29,3.080172061920166,-4.963634967803955
4,task_5,12,0,9.999999747378752e-05,0.11368683725595474
4,task_5,12,1,9.999999747378752e-05,0.11368683725595474
4,task_5,12,2,9.999999747378752e-05,0.11368683725595474
4,task_5,12,3,9.999999747378752e-05,0.11368683725595474
4,task_5,12,4,9.999999747378752e-05,0.11368683725595474
4,task_5,12,5,9.999999747378752e-05,0.11368683725595474
4,task_5,12,6,9.999999747378752e-05,0.11368683725595474
4,task_5,12,7,9.999999747378752e-05,0.11368683725595474
4,task_5,12,8,9.999999747378752e-05,0.11368683725595474
4,task_5,12,9,9.999999747378752e-05,0.11368683725595474
4,task_5,12,10,9.999999747378752e-05,0.11368683725595474
4,task_5,12,11,9.999999747378752e-05,0.11368683725595474
4,task_5,12,12,9.999999747378752e-05,0.11368683725595474
4,task_5,12,13,9.999999747378752e-05,0.11368683725595474
4,task_5,12,14,9.999999747378752e-05,0.11368683725595474
4,task_5,12,15,9.999999747378752e-05,0.11368683725595474
4,task_5,12,16,9.999999747378752e-05,0.11368683725595474
4,task_5,12,17,9.999999747378752e-05,0.11368683725595474
4,task_5,12,18,9.999999747378752e-05,0.11368683725595474
4,task_5,12,19,9.999999747378752e-05,0.11368683725595474
4,task_5,12,20,9.999999747378752e-05,0.11368683725595474
4,task_5,12,21,9.999999747378752e-05,0.11368683725595474
4,task_5,12,22,9.999999747378752e-05,0.11368683725595474
4,task_5,12,23,9.999999747378752e-05,0.11368683725595474
4,task_5,12,24,9.999999747378752e-05,0.11368683725595474
4,task_5,12,25,9.999999747378752e-05,0.11368683725595474
4,task_5,12,26,9.999999747378752e-05,0.11368683725595474
4,task_5,12,27,9.999999747378752e-05,0.11368683725595474
4,task_5,12,28,9.999999747378752e-05,0.11368683725595474
4,task_5,12,29,9.999999747378752e-05,0.11368683725595474
4,task_5,13,0,0.0,0.0
4,task_5,13,1,0.0,0.0
4,task_5,13,2,0.0,0.0
4,task_5,13,3,0.0,0.0
4,task_5,13,4,0.0,0.0
4,task_5,13,5,0.0,0.0
4,task_5,13,6,0.0,0.0
4,task_5,13,7,0.0,0.0
4,task_5,13,8,0.0,0.0
4,task_5,13,9,0.0,0.0
4,task_5,13,10,0.0,0.0
4,task_5,13,11,0.0,0.0
4,task_5,13,12,0.0,0.0
4,task_5,13,13,0.0,0.0
4,task_5,13,14,0.0,0.0
4,task_5,13,15,0.0,0.0
4,task_5,13,16,0.0,0.0
4,task_5,13,17,0.0,0.0
4,task_5,13,18,0.0,0.0
4,task_5,13,19,0.0,0.0
4,task_5,13,20,0.0,0.0
4,task_5,13,21,0.0,0.0
4,task_5,13,22,0.0,0.0
4,task_5,13,23,0.028201937675476074,0.0
4,task_5,13,24,0.08385953307151794,0.0
4,task_5,13,25,0.14146077632904053,0.0
4,task_5,13,26,0.181736558675766,0.0
4,task_5,13,27,0.20730724930763245,0.0
4,task_5,13,28,0.22589021921157837,0.0
4,task_5,13,29,0.24460457265377045,0.0
4,task_5,14,0,0.0,0.7507278919219971
4,task_5,14,1,0.0,0.7507278919219971
4,task_5,14,2,0.0,0.7507278919219971
4,task_5,14,3,0.0,0.7507278919219971
4,task_5,14,4,0.0,0.7507278919219971
4,task_5,14,5,0.0,0.7507278919219971
4,task_5,14,6,0.0,0.7507278919219971
4,task_5,14,7,0.0,0.7507278919219971
4,task_5,14,8,0.0,0.7507278919219971
4,task_5,14,9,0.0,0.7507278919219971
4,task_5,14,10,0.0,0.7507278919219971
4,task_5,14,11,0.0,0.7507278919219971
4,task_5,14,12,0.0,0.7507278919219971
4,task_5,14,13,0.0,0.7507278919219971
4,task_5,14,14,0.0,0.7507278919219971
4,task_5,14,15,0.03041897714138031,0.5412998795509338
4,task_5,14,16,0.08701589703559875,0.27901363372802734
4,task_5,14,17,0.15037527680397034,0.02741037681698799
4,task_5,14,18,0.20588834583759308,-0.1321798712015152
4,task_5,14,19,0.26304927468299866,-0.2642105221748352
4,task_5,14,20,0.3223453462123871,-0.3950009346008301
4,task_5,14,21,0.3715190291404724,-0.5169685482978821
4,task_5,14,22,0.4219937324523926,-0.6913332939147949
4,task_5,14,23,0.4620458483695984,-0.8447962999343872
4,task_5,14,24,0.4938991069793701,-0.9755125045776367
4,task_5,14,25,0.523070216178894,-1.1080217361450195
4,task_5,14,26,0.5484887957572937,-1.2276887893676758
4,task_5,14,27,0.5632665753364563,-1.2716706991195679
4,task_5,14,28,0.5726681351661682,-1.2890710830688477
4,task_5,14,29,1.5354422330856323,-3.3921852111816406
4,task_5,15,0,0.0,-1.3263030052185059
4,task_5,15,1,0.0,-1.3263030052185059
4,task_5,15,2,0.0,-1.3263030052185059
4,task_5,15,3,0.01329454779624939,-1.3363125324249268
4,task_5,15,4,0.07626321911811829,-1.3535183668136597
4,task_5,15,5,0.13759157061576843,-1.2642091512680054
4,task_5,15,6,0.20718520879745483,-1.0755491256713867
4,task_5,15,7,0.26235586404800415,-0.8662599921226501
4,task_5,15,8,0.3427066504955292,-0.5250791907310486
4,task_5,15,9,0.3905504643917084,-0.2823852002620697
4,task_5,15,10,0.41636529564857483,-0.16883115470409393
4,task_5,15,11,0.4281574785709381,-0.10479140281677246
4,task_5,15,12,0.437917023897171,-0.06030729040503502
4,task_5,15,13,0.4476076662540436,-0.01246153749525547
4,task_5,15,14,0.4583980143070221,0.04182292893528938
4,task_5,15,15,0.47128400206565857,0.10669348388910294
4,task_5,15,16,0.4828624427318573,0.1615043580532074
4,task_5,15,17,0.5035567283630371,0.26497209072113037
4,task_5,15,18,0.5154519081115723,0.3274248540401459
4,task_5,15,19,0.5281209945678711,0.39079907536506653
4,task_5,15,20,0.5467320680618286,0.4809923768043518
4,task_5,15,21,0.5610637664794922,0.5526812076568604
4,task_5,15,22,0.5762292146682739,0.623814046382904
4,task_5,15,23,0.5844459533691406,0.6596057415008545
4,task_5,15,24,0.5972163677215576,0.7274099588394165
4,task_5,15,25,0.6027182340621948,0.7626562118530273
4,task_5,15,26,0.6139650344848633,0.8132481575012207
4,task_5,15,27,0.6224536895751953,0.856904923915863
4,task_5,15,28,0.634587287902832,0.9252175092697144
4,task_5,15,29,1.1643601655960083,3.332866907119751
4,task_5,16,0,0.0,-0.3357289731502533
4,task_5,16,1,0.0,-0.3357289731502533
4,task_5,16,2,0.0,-0.3357289731502533
4,task_5,16,3,0.0,-0.3357289731502533
4,task_5,16,4,0.0,-0.3357289731502533
4,task_5,16,5,0.0,-0.3357289731502533
4,task_5,16,6,0.0,-0.3357289731502533
4,task_5,16,7,0.0,-0.3357289731502533
4,task_5,16,8,0.0,-0.3357289731502533
4,task_5,16,9,0.0,-0.3357289731502533
4,task_5,16,10,0.0,-0.3357289731502533
4,task_5,16,11,0.0,-0.3357289731502533
4,task_5,16,12,0.0,-0.3357289731502533
4,task_5,16,13,0.0,-0.3357289731502533
4,task_5,16,14,0.0,-0.3357289731502533
4,task_5,16,15,0.015895500779151917,-0.32198604941368103
4,task_5,16,16,0.03169764205813408,-0.31010258197784424
4,task_5,16,17,0.04075610265135765,-0.30461639165878296
4,task_5,16,18,0.04736033082008362,-0.29811617732048035
4,task_5,16,19,0.05292528122663498,-0.29352712631225586
4,task_5,16,20,0.0643855556845665,-0.2840188443660736
4,task_5,16,21,0.09926110506057739,-0.257485568523407
4,task_5,16,22,0.208431214094162,-0.15954408049583435
4,task_5,16,23,0.31060877442359924,-0.044743046164512634
4,task_5,16,24,0.4073706269264221,0.09773772209882736
4,task_5,16,25,0.5082899928092957,0.27715030312538147
4,task_5,16,26,0.597200334072113,0.46989279985427856
4,task_5,16,27,0.6684063673019409,0.6356141567230225
4,task_5,16,28,0.7334654927253723,0.7978306412696838
4,task_5,16,29,2.5119223594665527,5.031848907470703
4,task_5,17,0,0.0,0.0
4,task_5,17,1,0.0,0.0
4,task_5,17,2,0.0,0.0
4,task_5,17,3,0.0,0.0
4,task_5,17,4,0.0,0.0
4,task_5,17,5,0.0,0.0
4,task_5,17,6,0.0,0.0
4,task_5,17,7,0.0,0.0
4,task_5,17,8,0.0,0.0
4,task_5,17,9,0.0,0.0
4,task_5,17,10,0.0,0.0
4,task_5,17,11,0.0,0.0
4,task_5,17,12,0.0,0.0
4,task_5,17,13,0.0,0.0
4,task_5,17,14,0.0,0.0
4,task_5,17,15,0.0,0.0
4,task_5,17,16,0.0,0.0
4,task_5,17,17,0.0,0.0
4,task_5,17,18,0.0,0.0
4,task_5,17,19,0.057594045996665955,0.0
4,task_5,17,20,0.12724138796329498,0.0
4,task_5,17,21,0.2102346420288086,0.0
4,task_5,17,22,0.2665660083293915,0.0
4,task_5,17,23,0.3175204396247864,0.0
4,task_5,17,24,0.3765850067138672,0.0
4,task_5,17,25,0.40636399388313293,0.0
4,task_5,17,26,0.43763241171836853,0.0
4,task_5,17,27,0.46208861470222473,0.0
4,task_5,17,28,0.4814871549606323,0.0
4,task_5,17,29,0.5345674753189087,0.0
4,task_5,18,0,0.0,0.8723745942115784
4,task_5,18,1,0.0,0.8723745942115784
4,task_5,18,2,0.0,0.8723745942115784
4,task_5,18,3,0.0,0.8723745942115784
4,task_5,18,4,0.0,0.8723745942115784
4,task_5,18,5,0.0,0.8723745942115784
4,task_5,18,6,0.0,0.8723745942115784
4,task_5,18,7,0.0,0.8723745942115784
4,task_5,18,8,0.0,0.8723745942115784
4,task_5,18,9,0.0,0.8723745942115784
4,task_5,18,10,0.0,0.8723745942115784
4,task_5,18,11,0.0,0.8723745942115784
4,task_5,18,12,0.0,0.8723745942115784
4,task_5,18,13,0.09804495424032211,0.6717336177825928
4,task_5,18,14,0.17450332641601562,0.5194852352142334
4,task_5,18,15,0.2880619168281555,0.25739869475364685
4,task_5,18,16,0.37199053168296814,0.07275670766830444
4,task_5,18,17,0.474348783493042,-0.12162738293409348
4,task_5,18,18,0.5625946521759033,-0.28087443113327026
4,task_5,18,19,0.6509915590286255,-0.4316439628601074
4,task_5,18,20,0.7414016723632812,-0.5883565545082092
4,task_5,18,21,0.8265628814697266,-0.7330945134162903
4,task_5,18,22,0.8967476487159729,-0.8519095778465271
4,task_5,18,23,0.9561423659324646,-0.9555241465568542
4,task_5,18,24,1.0218465328216553,-1.0741127729415894
4,task_5,18,25,1.06613028049469,-1.1536495685577393
4,task_5,18,26,1.1043473482131958,-1.2212026119232178
4,task_5,18,27,1.1336597204208374,-1.2760515213012695
4,task_5,18,28,1.1554912328720093,-1.3140255212783813
4,task_5,18,29,2.1793460845947266,-2.860170364379883
4,task_5,19,0,0.0,-0.7231172323226929
4,task_5,19,1,0.0,-0.7231172323226929
4,task_5,19,2,0.0,-0.7231172323226929
4,task_5,19,3,0.0,-0.7231172323226929
4,task_5,19,4,0.0,-0.7231172323226929
4,task_5,19,5,0.0,-0.7231172323226929
4,task_5,19,6,0.0,-0.7231172323226929
4,task_5,19,7,0.00988752767443657,-0.7181365489959717
4,task_5,19,8,0.05192527920007706,-0.6915146112442017
4,task_5,19,9,0.09393617510795593,-0.6543234586715698
4,task_5,19,10,0.1350603848695755,-0.6249284744262695
4,task_5,19,11,0.17396345734596252,-0.5960937142372131
4,task_5,19,12,0.21930377185344696,-0.5612983107566833
4,task_5,19,13,0.2652070224285126,-0.5114027261734009
4,task_5,19,14,0.2989969849586487,-0.4732501804828644
4,task_5,19,15,0.3308742344379425,-0.43742257356643677
4,task_5,19,16,0.36376744508743286,-0.3920193910598755
4,task_5,19,17,0.3787325620651245,-0.3726584017276764
4,task_5,19,18,0.3873615860939026,-0.3619668185710907
4,task_5,19,19,0.48595258593559265,-0.22621580958366394
4,task_5,19,20,0.6343913078308105,-0.0028695985674858093
4,task_5,19,21,0.7845711708068848,0.2396203875541687
4,task_5,19,22,0.9294134974479675,0.4856911897659302
4,task_5,19,23,1.086289644241333,0.7567633986473083
4,task_5,19,24,1.2151033878326416,0.9845948219299316
4,task_5,19,25,1.3343799114227295,1.205793857574463
4,task_5,19,26,1.4430216550827026,1.4101588726043701
4,task_5,19,27,1.5322966575622559,1.582279920578003
4,task_5,19,28,1.5931682586669922,1.6986266374588013
4,task_5,19,29,2.7105672359466553,3.3223915100097656
4,task_5,20,0,0.0,0.9505363702774048
4,task_5,20,1,0.0,0.9505363702774048
4,task_5,20,2,0.0,0.9505363702774048
4,task_5,20,3,0.0,0.9505363702774048
4,task_5,20,4,0.0,0.9505363702774048
4,task_5,20,5,0.0,0.9505363702774048
4,task_5,20,6,0.0,0.9505363702774048
4,task_5,20,7,0.0,0.9505363702774048
4,task_5,20,8,0.0,0.9505363702774048
4,task_5,20,9,0.0,0.9505363702774048
4,task_5,20,10,0.02003205567598343,0.9148045182228088
4,task_5,20,11,0.08803916722536087,0.8062619566917419
4,task_5,20,12,0.15729281306266785,0.6955597400665283
4,task_5,20,13,0.23023498058319092,0.5618332624435425
4,task_5,20,14,0.31549209356307983,0.4174044132232666
4,task_5,20,15,0.38172051310539246,0.32595714926719666
4,task_5,20,16,0.46616503596305847,0.12473233789205551
4,task_5,20,17,0.534651517868042,-0.05653080344200134
4,task_5,20,18,0.6215804219245911,-0.28828829526901245
4,task_5,20,19,0.6923153400421143,-0.47282615303993225
4,task_5,20,20,0.7553288340568542,-0.645817220211029
4,task_5,20,21,0.8244026303291321,-0.8450829982757568
4,task_5,20,22,0.8751890063285828,-0.9935628771781921
4,task_5,20,23,0.9237290620803833,-1.1257952451705933
4,task_5,20,24,0.9705129861831665,-1.2436987161636353
4,task_5,20,25,1.0024020671844482,-1.3177076578140259
4,task_5,20,26,1.034213662147522,-1.3952590227127075
4,task_5,20,27,1.0521937608718872,-1.4429469108581543
4,task_5,20,28,1.0691003799438477,-1.4758391380310059
4,task_5,20,29,1.7163814306259155,-2.0485610961914062
4,task_5,21,0,0.0,1.1079614162445068
4,task_5,21,1,0.0,1.1079614162445068
4,task_5,21,2,0.0,1.1079614162445068
4,task_5,21,3,0.0,1.1079614162445068
4,task_5,21,4,0.0,1.1079614162445068
4,task_5,21,5,0.0,1.1079614162445068
4,task_5,21,6,0.0,1.1079614162445068
4,task_5,21,7,0.0,1.1079614162445068
4,task_5,21,8,0.03926178067922592,0.9173418879508972
4,task_5,21,9,0.0950046256184578,0.6789117455482483
4,task_5,21,10,0.15342512726783752,0.4632887542247772
4,task_5,21,11,0.20307490229606628,0.2726077139377594
4,task_5,21,12,0.24818429350852966,0.08218590915203094
4,task_5,21,13,0.27725622057914734,-0.03734730929136276
4,task_5,21,14,0.29211294651031494,-0.10398528724908829
4,task_5,21,15,0.30322161316871643,-0.15108203887939453
4,task_5,21,16,0.31864607334136963,-0.22062072157859802
4,task_5,21,17,0.33644866943359375,-0.29625022411346436
4,task_5,21,18,0.3505389392375946,-0.3574450612068176
4,task_5,21,19,0.3628779351711273,-0.413117915391922
4,task_5,21,20,0.37509605288505554,-0.4711069166660309
4,task_5,21,21,0.39113649725914,-0.5573551654815674
4,task_5,21,22,0.4038134217262268,-0.6216137409210205
4,task_5,21,23,0.41219621896743774,-0.6622679829597473
4,task_5,21,24,0.4198298156261444,-0.6937478184700012
4,task_5,21,25,0.4291212856769562,-0.7325664758682251
4,task_5,21,26,0.4352029263973236,-0.7573239207267761
4,task_5,21,27,0.44298914074897766,-0.7901867628097534
4,task_5,21,28,0.4512753486633301,-0.8267002105712891
4,task_5,21,29,0.9610315561294556,-3.5853068828582764
4,task_5,22,0,0.0,-2.0798532962799072
4,task_5,22,1,0.0,-2.0798532962799072
4,task_5,22,2,0.0,-2.0798532962799072
4,task_5,22,3,0.050041552633047104,-1.5600007772445679
4,task_5,22,4,0.09430356323719025,-1.0356000661849976
4,task_5,22,5,0.11563955247402191,-0.7898827195167542
4,task_5,22,6,0.126451313495636,-0.6662257313728333
4,task_5,22,7,0.1359076201915741,-0.5601682066917419
4,task_5,22,8,0.14640426635742188,-0.4254038631916046
4,task_5,22,9,0.15522241592407227,-0.3212845027446747
4,task_5,22,10,0.16599604487419128,-0.20876659452915192
4,task_5,22,11,0.17603495717048645,-0.09436272084712982
4,task_5,22,12,0.18755176663398743,-0.00417483551427722
4,task_5,22,13,0.1966940313577652,0.07820957899093628
4,task_5,22,14,0.20641539990901947,0.16101591289043427
4,task_5,22,15,0.2152949720621109,0.2408858835697174
4,task_5,22,16,0.22468790411949158,0.31890350580215454
4,task_5,22,17,0.2374328225851059,0.44416823983192444
4,task_5,22,18,0.2453339397907257,0.5271134376525879
4,task_5,22,19,0.2535474896430969,0.6254670023918152
4,task_5,22,20,0.25924503803253174,0.7045851349830627
4,task_5,22,21,0.26761215925216675,0.8132049441337585
4,task_5,22,22,0.2731838524341583,0.8978212475776672
4,task_5,22,23,0.2778949737548828,0.9683200120925903
4,task_5,22,24,0.2829023599624634,1.0278570652008057
4,task_5,22,25,0.28849661350250244,1.0971497297286987
4,task_5,22,26,0.29408663511276245,1.1576238870620728
4,task_5,22,27,0.29983198642730713,1.2187138795852661
4,task_5,22,28,0.30681872367858887,1.2779343128204346
4,task_5,22,29,0.6802074909210205,0.3464500904083252
4,task_5,23,0,0.0,-0.05684341862797737
4,task_5,23,1,0.0,-0.05684341862797737
4,task_5,23,2,0.0,-0.05684341862797737
4,task_5,23,3,0.0,-0.05684341862797737
4,task_5,23,4,0.0,-0.05684341862797737
4,task_5,23,5,0.0,-0.05684341862797737
4,task_5,23,6,0.0,-0.05684341862797737
4,task_5,23,7,0.0,-0.05684341862797737
4,task_5,23,8,0.0,-0.05684341862797737
4,task_5,23,9,0.0,-0.05684341862797737
4,task_5,23,10,0.0,-0.05684341862797737
4,task_5,23,11,0.0,-0.05684341862797737
4,task_5,23,12,0.0,-0.05684341862797737
4,task_5,23,13,0.0,-0.05684341862797737
4,task_5,23,14,0.0,-0.05684341862797737
4,task_5,23,15,0.0,-0.05684341862797737
4,task_5,23,16,0.0,-0.05684341862797737
4,task_5,23,17,0.0,-0.05684341862797737
4,task_5,23,18,0.0,-0.05684341862797737
4,task_5,23,19,0.0,-0.05684341862797737
4,task_5,23,20,0.0,-0.05684341862797737
4,task_5,23,21,0.0,-0.05684341862797737
4,task_5,23,22,0.0,-0.05684341862797737
4,task_5,23,23,0.044519633054733276,-0.05684341862797737
4,task_5,23,24,0.09547737240791321,-0.05684341862797737
4,task_5,23,25,0.13815227150917053,-0.05684341862797737
4,task_5,23,26,0.16006556153297424,-0.05684341862797737
4,task_5,23,27,0.1740143597126007,-0.05684341862797737
4,task_5,23,28,0.18739086389541626,-0.05684341862797737
4,task_5,23,29,0.23052959144115448,-0.05684341862797737
4,task_5,24,0,0.0,-0.7513054609298706
4,task_5,24,1,0.0,-0.7513054609298706
4,task_5,24,2,0.0,-0.7513054609298706
4,task_5,24,3,0.0,-0.7513054609298706
4,task_5,24,4,0.0,-0.7513054609298706
4,task_5,24,5,0.0,-0.7513054609298706
4,task_5,24,6,0.0,-0.7513054609298706
4,task_5,24,7,0.0,-0.7513054609298706
4,task_5,24,8,0.0,-0.7513054609298706
4,task_5,24,9,0.0,-0.7513054609298706
4,task_5,24,10,0.0,-0.7513054609298706
4,task_5,24,11,0.0,-0.7513054609298706
4,task_5,24,12,0.0,-0.7513054609298706
4,task_5,24,13,0.0,-0.7513054609298706
4,task_5,24,14,0.03090929239988327,-0.700099766254425
4,task_5,24,15,0.08562149852514267,-0.634495735168457
4,task_5,24,16,0.13850966095924377,-0.4857979118824005
4,task_5,24,17,0.19544795155525208,-0.29341790080070496
4,task_5,24,18,0.25042277574539185,-0.0721932202577591
4,task_5,24,19,0.2937610447406769,0.1410759687423706
4,task_5,24,20,0.352080762386322,0.4245065152645111
4,task_5,24,21,0.3977571129798889,0.6320606470108032
4,task_5,24,22,0.445250928401947,0.8508260846138
4,task_5,24,23,0.4824274182319641,1.0253087282180786
4,task_5,24,24,0.5072886943817139,1.1477867364883423
4,task_5,24,25,0.532476544380188,1.2702659368515015
4,task_5,24,26,0.5581244230270386,1.3850575685501099
4,task_5,24,27,0.5733014345169067,1.4427711963653564
4,task_5,24,28,0.5882890820503235,1.4997204542160034
4,task_5,24,29,0.9522755742073059,2.884897470474243
4,task_5,25,0,0.0,-0.9782652854919434
4,task_5,25,1,0.0,-0.9782652854919434
4,task_5,25,2,0.0,-0.9782652854919434
4,task_5,25,3,0.0,-0.9782652854919434
4,task_5,25,4,0.0,-0.9782652854919434
4,task_5,25,5,0.0,-0.9782652854919434
4,task_5,25,6,0.0,-0.9782652854919434
4,task_5,25,7,0.0,-0.9782652854919434
4,task_5,25,8,0.0,-0.9782652854919434
4,task_5,25,9,0.0,-0.9782652854919434
4,task_5,25,10,0.0,-0.9782652854919434
4,task_5,25,11,0.0,-0.9782652854919434
4,task_5,25,12,0.0,-0.9782652854919434
4,task_5,25,13,0.0,-0.9782652854919434
4,task_5,25,14,0.04845317825675011,-0.6386750936508179
4,task_5,25,15,0.12825103104114532,-0.07947926968336105
4,task_5,25,16,0.2043996900320053,0.46129950881004333
4,task_5,25,17,0.2916872501373291,1.0732746124267578
4,task_5,25,18,0.37900328636169434,1.0732746124267578
4,task_5,25,19,0.4558427929878235,1.0732746124267578
4,task_5,25,20,0.5342565774917603,1.0732746124267578
4,task_5,25,21,0.5898916721343994,1.0732746124267578
4,task_5,25,22,0.647878110408783,1.0732746124267578
4,task_5,25,23,0.7094908356666565,1.0732746124267578
4,task_5,25,24,0.7420201301574707,1.0732746124267578
4,task_5,25,25,0.7886270880699158,1.0732746124267578
4,task_5,25,26,0.8141003251075745,1.0732746124267578
4,task_5,25,27,0.8344681859016418,1.0732746124267578
4,task_5,25,28,0.8522191047668457,1.0732746124267578
4,task_5,25,29,0.8986483812332153,1.0732746124267578
4,task_5,26,0,0.0,0.8672292828559875
4,task_5,26,1,0.0,0.8672292828559875
4,task_5,26,2,0.0,0.8672292828559875
4,task_5,26,3,0.0,0.8672292828559875
4,task_5,26,4,0.0,0.8672292828559875
4,task_5,26,5,0.0,0.8672292828559875
4,task_5,26,6,0.0,0.8672292828559875
4,task_5,26,7,0.0,0.8672292828559875
4,task_5,26,8,0.0,0.8672292828559875
4,task_5,26,9,0.0,0.8672292828559875
4,task_5,26,10,0.0,0.8672292828559875
4,task_5,26,11,0.03687259554862976,0.6388869285583496
4,task_5,26,12,0.05266775190830231,0.5506324768066406
4,task_5,26,13,0.06592634320259094,0.47815701365470886
4,task_5,26,14,0.09137790650129318,0.3431342840194702
4,task_5,26,15,0.125840961933136,0.16746795177459717
4,task_5,26,16,0.16642029583454132,0.0031933675054460764
4,task_5,26,17,0.21128827333450317,-0.17640437185764313
4,task_5,26,18,0.2569216787815094,-0.33848151564598083
4,task_5,26,19,0.2998350262641907,-0.4641890525817871
4,task_5,26,20,0.34513360261917114,-0.5736560821533203
4,task_5,26,21,0.39077067375183105,-0.649047315120697
4,task_5,26,22,0.43005985021591187,-0.7152785062789917
4,task_5,26,23,0.4575856328010559,-0.7530909776687622
4,task_5,26,24,0.4972079396247864,-0.8111108541488647
4,task_5,26,25,0.5245071649551392,-0.8503959774971008
4,task_5,26,26,0.54376620054245,-0.8816884160041809
4,task_5,26,27,0.5567039251327515,-0.8991519212722778
4,task_5,26,28,0.5677828788757324,-0.9141169190406799
4,task_5,26,29,3.0352675914764404,-3.6943790912628174
4,task_5,27,0,0.0,-2.9528818130493164
4,task_5,27,1,0.0018135160207748413,-2.948791265487671
4,task_5,27,2,0.003512047231197357,-2.9470529556274414
4,task_5,27,3,1.0762500762939453,0.32773053646087646
4,task_5,27,4,1.0762500762939453,0.32773053646087646
4,task_5,27,5,1.0762500762939453,0.32773053646087646
4,task_5,27,6,1.0762500762939453,0.32773053646087646
4,task_5,27,7,1.0762500762939453,0.32773053646087646
4,task_5,27,8,1.0762500762939453,0.32773053646087646
4,task_5,27,9,1.0762500762939453,0.32773053646087646
4,task_5,27,10,1.0762500762939453,0.32773053646087646
4,task_5,27,11,1.0762500762939453,0.32773053646087646
4,task_5,27,12,1.0762500762939453,0.32773053646087646
4,task_5,27,13,1.0762500762939453,0.32773053646087646
4,task_5,27,14,1.0762500762939453,0.32773053646087646
4,task_5,27,15,1.0762500762939453,0.32773053646087646
4,task_5,27,16,1.0762500762939453,0.32773053646087646
4,task_5,27,17,1.0762500762939453,0.32773053646087646
4,task_5,27,18,1.0762500762939453,0.32773053646087646
4,task_5,27,19,1.0762500762939453,0.32773053646087646
4,task_5,27,20,1.0762500762939453,0.32773053646087646
4,task_5,27,21,1.0762500762939453,0.32773053646087646
4,task_5,27,22,1.0762500762939453,0.32773053646087646
4,task_5,27,23,1.0762500762939453,0.32773053646087646
4,task_5,27,24,1.0762500762939453,0.32773053646087646
4,task_5,27,25,1.0762500762939453,0.32773053646087646
4,task_5,27,26,1.0762500762939453,0.32773053646087646
4,task_5,27,27,1.0762500762939453,0.32773053646087646
4,task_5,27,28,1.0762500762939453,0.32773053646087646
4,task_5,27,29,1.0762500762939453,0.32773053646087646
4,task_5,28,0,0.0,0.18257421255111694
4,task_5,28,1,0.0,0.18257421255111694
4,task_5,28,2,0.0,0.18257421255111694
4,task_5,28,3,0.0,0.18257421255111694
4,task_5,28,4,0.0,0.18257421255111694
4,task_5,28,5,0.0,0.18257421255111694
4,task_5,28,6,0.0,0.18257421255111694
4,task_5,28,7,0.0,0.18257421255111694
4,task_5,28,8,0.0,0.18257421255111694
4,task_5,28,9,0.0,0.18257421255111694
4,task_5,28,10,0.0,0.18257421255111694
4,task_5,28,11,0.0,0.18257421255111694
4,task_5,28,12,0.0,0.18257421255111694
4,task_5,28,13,0.0,0.18257421255111694
4,task_5,28,14,0.0,0.18257421255111694
4,task_5,28,15,0.0,0.18257421255111694
4,task_5,28,16,0.0,0.18257421255111694
4,task_5,28,17,0.0,0.18257421255111694
4,task_5,28,18,0.0,0.18257421255111694
4,task_5,28,19,0.0,0.18257421255111694
4,task_5,28,20,0.0,0.18257421255111694
4,task_5,28,21,0.0,0.18257421255111694
4,task_5,28,22,0.0,0.18257421255111694
4,task_5,28,23,0.0,0.18257421255111694
4,task_5,28,24,0.0,0.18257421255111694
4,task_5,28,25,0.0,0.18257421255111694
4,task_5,28,26,0.0,0.18257421255111694
4,task_5,28,27,0.0,0.18257421255111694
4,task_5,28,28,0.0,0.18257421255111694
4,task_5,28,29,0.012763721868395805,-5.294651508331299
4,task_5,29,0,0.0,-0.5874701738357544
4,task_5,29,1,0.0,-0.5874701738357544
4,task_5,29,2,0.0,-0.5874701738357544
4,task_5,29,3,0.0,-0.5874701738357544
4,task_5,29,4,0.026563778519630432,-0.5893692970275879
4,task_5,29,5,0.08906098455190659,-0.5899798274040222
4,task_5,29,6,0.1554906815290451,-0.5908163189888
4,task_5,29,7,0.2244568169116974,-0.5909759402275085
4,task_5,29,8,0.31632405519485474,-0.5924320220947266
4,task_5,29,9,0.3960449695587158,-0.5901417136192322
4,task_5,29,10,0.49267318844795227,-0.5847827196121216
4,task_5,29,11,0.5900436639785767,-0.571479320526123
4,task_5,29,12,0.6792675852775574,-0.5587100386619568
4,task_5,29,13,0.7788054347038269,-0.5257074236869812
4,task_5,29,14,0.8667253851890564,-0.4896804988384247
4,task_5,29,15,0.9574225544929504,-0.4408506751060486
4,task_5,29,16,1.0293262004852295,-0.3868003785610199
4,task_5,29,17,1.1101911067962646,-0.3207657039165497
4,task_5,29,18,1.170141577720642,-0.2663083076477051
4,task_5,29,19,1.19853937625885,-0.24105200171470642
4,task_5,29,20,1.2170157432556152,-0.2235155552625656
4,task_5,29,21,1.399519443511963,-0.014618583023548126
4,task_5,29,22,1.6099153757095337,0.28495240211486816
4,task_5,29,23,1.8192267417907715,0.598163366317749
4,task_5,29,24,1.9952725172042847,0.8562812805175781
4,task_5,29,25,2.1265196800231934,1.0549616813659668
4,task_5,29,26,2.2090189456939697,1.1749378442764282
4,task_5,29,27,2.2342684268951416,1.2130143642425537
4,task_5,29,28,2.2588350772857666,1.2478355169296265
4,task_5,29,29,4.115078926086426,4.08772087097168
4,task_5,30,0,0.0,-0.34954148530960083
4,task_5,30,1,0.0,-0.34954148530960083
4,task_5,30,2,0.0,-0.34954148530960083
4,task_5,30,3,0.0,-0.34954148530960083
4,task_5,30,4,0.0,-0.34954148530960083
4,task_5,30,5,0.0,-0.34954148530960083
4,task_5,30,6,0.0,-0.34954148530960083
4,task_5,30,7,0.0,-0.34954148530960083
4,task_5,30,8,0.0,-0.34954148530960083
4,task_5,30,9,0.0,-0.34954148530960083
4,task_5,30,10,0.0,-0.34954148530960083
4,task_5,30,11,0.0,-0.34954148530960083
4,task_5,30,12,0.0,-0.34954148530960083
4,task_5,30,13,0.0,-0.34954148530960083
4,task_5,30,14,0.0,-0.34954148530960083
4,task_5,30,15,0.0,-0.34954148530960083
4,task_5,30,16,0.0,-0.34954148530960083
4,task_5,30,17,0.010341465473175049,-0.3420479893684387
4,task_5,30,18,0.0995376780629158,-0.2636232078075409
4,task_5,30,19,0.17846742272377014,-0.18243299424648285
4,task_5,30,20,0.24822404980659485,-0.1056692898273468
4,task_5,30,21,0.3162035048007965,-0.021047765389084816
4,task_5,30,22,0.3833760917186737,0.07169030606746674
4,task_5,30,23,0.4427300989627838,0.1569126397371292
4,task_5,30,24,0.4875650703907013,0.22601430118083954
4,task_5,30,25,0.5201277136802673,0.27671927213668823
4,task_5,30,26,0.5439796447753906,0.3079916536808014
4,task_5,30,27,0.5575689077377319,0.33311769366264343
4,task_5,30,28,0.5782016515731812,0.36657771468162537
4,task_5,30,29,3.2401394844055176,5.118002414703369
4,task_5,31,0,0.0,0.7379571199417114
4,task_5,31,1,0.0,0.7379571199417114
4,task_5,31,2,0.0,0.7379571199417114
4,task_5,31,3,0.0,0.7379571199417114
4,task_5,31,4,0.049742355942726135,0.5861832499504089
4,task_5,31,5,0.13727645576000214,0.5139346122741699
4,task_5,31,6,0.22953324019908905,0.4927017092704773
4,task_5,31,7,0.32295382022857666,0.48793360590934753
4,task_5,31,8,0.4245854914188385,0.4685680568218231
4,task_5,31,9,0.5147964954376221,0.3929084837436676
4,task_5,31,10,0.6047400236129761,0.3009380102157593
4,task_5,31,11,0.6909022331237793,0.19851054251194
4,task_5,31,12,0.7656551599502563,0.10517621785402298
4,task_5,31,13,0.8289942145347595,0.03138687461614609
4,task_5,31,14,0.883670449256897,-0.015053526498377323
4,task_5,31,15,0.9316124320030212,-0.06848976016044617
4,task_5,31,16,0.9664844274520874,-0.09043464064598083
4,task_5,31,17,0.9948719143867493,-0.11312676966190338
4,task_5,31,18,1.0191395282745361,-0.1296248435974121
4,task_5,31,19,1.0370852947235107,-0.13437245786190033
4,task_5,31,20,1.0568170547485352,-0.14316552877426147
4,task_5,31,21,1.0741820335388184,-0.14174139499664307
4,task_5,31,22,1.098299503326416,-0.13812044262886047
4,task_5,31,23,1.123339295387268,-0.14744815230369568
4,task_5,31,24,1.1559550762176514,-0.1414397656917572
4,task_5,31,25,1.1986290216445923,-0.12402478605508804
4,task_5,31,26,1.2409206628799438,-0.08184508979320526
4,task_5,31,27,1.3024674654006958,-0.03747415915131569
4,task_5,31,28,1.3598763942718506,-0.02060098946094513
4,task_5,31,29,3.035036563873291,-5.00310754776001
4,task_5,32,0,0.1031409502029419,-0.8525044918060303
4,task_5,32,1,0.11728604882955551,-0.848193883895874
4,task_5,32,2,0.13829576969146729,-0.8415805697441101
4,task_5,32,3,0.17213237285614014,-0.8313567042350769
4,task_5,32,4,0.2082129716873169,-0.8213373422622681
4,task_5,32,5,0.26289600133895874,-0.8069751858711243
4,task_5,32,6,0.3090243935585022,-0.7905436158180237
4,task_5,32,7,0.3738604485988617,-0.7667975425720215
4,task_5,32,8,0.44789600372314453,-0.7451445460319519
4,task_5,32,9,0.5186538100242615,-0.7154954671859741
4,task_5,32,10,0.602575421333313,-0.6566128134727478
4,task_5,32,11,0.6833159923553467,-0.5927971601486206
4,task_5,32,12,0.7575069069862366,-0.5343335866928101
4,task_5,32,13,0.8440553545951843,-0.4542903006076813
4,task_5,32,14,0.9272977709770203,-0.3708198070526123
4,task_5,32,15,1.0037391185760498,-0.3024545907974243
4,task_5,32,16,1.0697726011276245,-0.24385987222194672
4,task_5,32,17,1.1375079154968262,-0.16744881868362427
4,task_5,32,18,1.1893173456192017,-0.11230377852916718
4,task_5,32,19,1.2144325971603394,-0.07993735373020172
4,task_5,32,20,1.2437005043029785,-0.042768172919750214
4,task_5,32,21,1.4160300493240356,0.16107423603534698
4,task_5,32,22,1.6233311891555786,0.43117475509643555
4,task_5,32,23,1.8407719135284424,0.7342578768730164
4,task_5,32,24,2.03926944732666,1.0304752588272095
4,task_5,32,25,2.1952261924743652,1.2798216342926025
4,task_5,32,26,2.3269119262695312,1.4832899570465088
4,task_5,32,27,2.419119119644165,1.630170226097107
4,task_5,32,28,2.4784598350524902,1.7147465944290161
4,task_5,32,29,3.4667062759399414,3.1125450134277344
4,task_5,33,0,0.0,-0.4787116050720215
4,task_5,33,1,0.0,-0.4787116050720215
4,task_5,33,2,0.0,-0.4787116050720215
4,task_5,33,3,0.0,-0.4787116050720215
4,task_5,33,4,0.0,-0.4787116050720215
4,task_5,33,5,0.0,-0.4787116050720215
4,task_5,33,6,0.0,-0.4787116050720215
4,task_5,33,7,0.0,-0.4787116050720215
4,task_5,33,8,0.0,-0.4787116050720215
4,task_5,33,9,0.0,-0.4787116050720215
4,task_5,33,10,0.0,-0.4787116050720215
4,task_5,33,11,0.013585761189460754,-0.4675813615322113
4,task_5,33,12,0.06294505298137665,-0.4302142262458801
4,task_5,33,13,0.1027006059885025,-0.39820846915245056
4,task_5,33,14,0.1416873186826706,-0.35952311754226685
4,task_5,33,15,0.1712430864572525,-0.334577351808548
4,task_5,33,16,0.20017410814762115,-0.30441519618034363
4,task_5,33,17,0.2175305336713791,-0.29445216059684753
4,task_5,33,18,0.23159019649028778,-0.29154717922210693
4,task_5,33,19,0.2782480716705322,-0.2830330431461334
4,task_5,33,20,0.42698973417282104,-0.21097341179847717
4,task_5,33,21,0.5596333146095276,-0.061056844890117645
4,task_5,33,22,0.690986692905426,0.09390853345394135
4,task_5,33,23,0.8288031220436096,0.27656248211860657
4,task_5,33,24,0.9494050145149231,0.4112407863140106
4,task_5,33,25,1.0473252534866333,0.5983285307884216
4,task_5,33,26,1.129209280014038,0.7504789233207703
4,task_5,33,27,1.1903302669525146,0.8766636848449707
4,task_5,33,28,1.2240619659423828,0.9594300389289856
4,task_5,33,29,2.8900258541107178,4.734796524047852
4,task_5,34,0,0.0,-0.23982670903205872
4,task_5,34,1,0.0,-0.23982670903205872
4,task_5,34,2,0.0,-0.23982670903205872
4,task_5,34,3,0.0,-0.23982670903205872
4,task_5,34,4,0.0,-0.23982670903205872
4,task_5,34,5,0.0,-0.23982670903205872
4,task_5,34,6,0.0,-0.23982670903205872
4,task_5,34,7,0.0,-0.23982670903205872
4,task_5,34,8,0.0,-0.23982670903205872
4,task_5,34,9,0.0,-0.23982670903205872
4,task_5,34,10,0.0,-0.23982670903205872
4,task_5,34,11,0.0,-0.23982670903205872
4,task_5,34,12,0.0,-0.23982670903205872
4,task_5,34,13,0.0,-0.23982670903205872
4,task_5,34,14,0.000606343150138855,-0.23933449387550354
4,task_5,34,15,0.010141812264919281,-0.22974392771720886
4,task_5,34,16,0.019764132797718048,-0.2178807407617569
4,task_5,34,17,0.026568762958049774,-0.21004122495651245
4,task_5,34,18,0.03236670047044754,-0.2026883214712143
4,task_5,34,19,0.03967485576868057,-0.19255664944648743
4,task_5,34,20,0.04443318396806717,-0.18478451669216156
4,task_5,34,21,0.05292866379022598,-0.17487700283527374
4,task_5,34,22,0.05931659787893295,-0.165883868932724
4,task_5,34,23,0.06677847355604172,-0.15600141882896423
4,task_5,34,24,0.08919612318277359,-0.11862290650606155
4,task_5,34,25,0.12367082387208939,-0.05543069913983345
4,task_5,34,26,0.15928012132644653,0.020753195509314537
4,task_5,34,27,0.18226206302642822,0.07652758061885834
4,task_5,34,28,0.2065746784210205,0.13979896903038025
4,task_5,34,29,1.2769876718521118,5.268339157104492
4,task_5,35,0,0.0,-0.39809730648994446
4,task_5,35,1,0.0,-0.39809730648994446
4,task_5,35,2,0.0,-0.39809730648994446
4,task_5,35,3,0.0,-0.39809730648994446
4,task_5,35,4,0.0,-0.39809730648994446
4,task_5,35,5,0.0,-0.39809730648994446
4,task_5,35,6,0.0,-0.39809730648994446
4,task_5,35,7,0.0,-0.39809730648994446
4,task_5,35,8,0.0,-0.39809730648994446
4,task_5,35,9,0.0,-0.39809730648994446
4,task_5,35,10,0.0,-0.39809730648994446
4,task_5,35,11,0.0,-0.39809730648994446
4,task_5,35,12,0.0,-0.39809730648994446
4,task_5,35,13,0.0,-0.39809730648994446
4,task_5,35,14,0.0,-0.39809730648994446
4,task_5,35,15,0.0,-0.39809730648994446
4,task_5,35,16,0.04052509367465973,-0.32524970173835754
4,task_5,35,17,0.08285878598690033,-0.23313544690608978
4,task_5,35,18,0.11165700852870941,-0.1729019284248352
4,task_5,35,19,0.14829735457897186,-0.09644284844398499
4,task_5,35,20,0.16853491961956024,-0.0488814078271389
4,task_5,35,21,0.18369503319263458,-0.01766441948711872
4,task_5,35,22,0.20407043397426605,0.03280071169137955
4,task_5,35,23,0.2167174369096756,0.0638592466711998
4,task_5,35,24,0.23027293384075165,0.09194115549325943
4,task_5,35,25,0.2787834405899048,0.20941421389579773
4,task_5,35,26,0.3884298801422119,0.45609042048454285
4,task_5,35,27,0.4715362787246704,0.6441875696182251
4,task_5,35,28,0.5299015641212463,0.7660406231880188
4,task_5,35,29,2.2269344329833984,4.999497890472412
4,task_5,36,0,0.06762568652629852,-14.551915168762207
4,task_5,36,1,0.13006998598575592,-14.551915168762207
4,task_5,36,2,0.1675238162279129,-14.551915168762207
4,task_5,36,3,0.21247880160808563,-14.551915168762207
4,task_5,36,4,0.2370203286409378,-14.551915168762207
4,task_5,36,5,0.25561636686325073,-14.551915168762207
4,task_5,36,6,0.26705849170684814,-14.551915168762207
4,task_5,36,7,0.278301477432251,-14.551915168762207
4,task_5,36,8,0.288058340549469,-14.551915168762207
4,task_5,36,9,0.29440176486968994,-14.551915168762207
4,task_5,36,10,0.3032635450363159,-14.551915168762207
4,task_5,36,11,0.3144024610519409,-14.551915168762207
4,task_5,36,12,0.3314196467399597,-14.551915168762207
4,task_5,36,13,0.35058021545410156,-14.551915168762207
4,task_5,36,14,0.3791530728340149,-14.551915168762207
4,task_5,36,15,0.4380910396575928,-14.551915168762207
4,task_5,36,16,0.47864747047424316,-14.551915168762207
4,task_5,36,17,0.5490555167198181,-14.551915168762207
4,task_5,36,18,0.6144639849662781,-14.551915168762207
4,task_5,36,19,0.6907306909561157,-14.551915168762207
4,task_5,36,20,0.7773144841194153,-14.551915168762207
4,task_5,36,21,0.8484154939651489,-14.551915168762207
4,task_5,36,22,0.9443827867507935,-14.551915168762207
4,task_5,36,23,1.0276390314102173,-14.551915168762207
4,task_5,36,24,1.10567307472229,-14.551915168762207
4,task_5,36,25,1.187326431274414,-14.551915168762207
4,task_5,36,26,1.2582207918167114,-14.551915168762207
4,task_5,36,27,1.324479341506958,-14.551915168762207
4,task_5,36,28,1.3665319681167603,-14.551915168762207
4,task_5,36,29,1.4758816957473755,-14.551915168762207
4,task_5,37,0,0.14074333012104034,0.558636486530304
4,task_5,37,1,0.16879312694072723,0.4597477912902832
4,task_5,37,2,0.18557360768318176,0.4274898171424866
4,task_5,37,3,0.1959359347820282,0.4232984185218811
4,task_5,37,4,0.20446087419986725,0.43810325860977173
4,task_5,37,5,0.20925372838974,0.4490296542644501
4,task_5,37,6,0.21272441744804382,0.45119377970695496
4,task_5,37,7,0.21757501363754272,0.4570271968841553
4,task_5,37,8,0.2203955352306366,0.46510523557662964
4,task_5,37,9,0.22329667210578918,0.47179168462753296
4,task_5,37,10,0.22626398503780365,0.4825632870197296
4,task_5,37,11,0.22897490859031677,0.4753468632698059
4,task_5,37,12,0.23228028416633606,0.476646363735199
4,task_5,37,13,0.23569805920124054,0.4836704730987549
4,task_5,37,14,0.2397707998752594,0.4847237765789032
4,task_5,37,15,0.24528607726097107,0.4859159588813782
4,task_5,37,16,0.2519378066062927,0.4809577465057373
4,task_5,37,17,0.2614339590072632,0.4670732617378235
4,task_5,37,18,0.2797194719314575,0.3982434868812561
4,task_5,37,19,0.30944904685020447,0.2767632305622101
4,task_5,37,20,0.34932971000671387,0.13970813155174255
4,task_5,37,21,0.38999295234680176,-0.07437648624181747
4,task_5,37,22,0.4575963616371155,-0.37643304467201233
4,task_5,37,23,0.501334547996521,-0.6269586086273193
4,task_5,37,24,0.5664032697677612,-1.025217890739441
4,task_5,37,25,0.6277936697006226,-1.37093985080719
4,task_5,37,26,0.6996421217918396,-1.9021055698394775
4,task_5,37,27,0.7632601857185364,-2.4994096755981445
4,task_5,37,28,0.8077862858772278,-2.978959321975708
4,task_5,37,29,1.517775058746338,1.6013693809509277
4,task_5,38,0,0.0,0.41818639636039734
4,task_5,38,1,0.0,0.41818639636039734
4,task_5,38,2,0.0,0.41818639636039734
4,task_5,38,3,0.0,0.41818639636039734
4,task_5,38,4,0.0,0.41818639636039734
4,task_5,38,5,0.0,0.41818639636039734
4,task_5,38,6,0.0,0.41818639636039734
4,task_5,38,7,0.0,0.41818639636039734
4,task_5,38,8,0.01116080954670906,0.3797166049480438
4,task_5,38,9,0.025178000330924988,0.32951536774635315
4,task_5,38,10,0.03679409623146057,0.29527315497398376
4,task_5,38,11,0.052357226610183716,0.23390665650367737
4,task_5,38,12,0.06910794973373413,0.19411242008209229
4,task_5,38,13,0.08399228751659393,0.16845354437828064
4,task_5,38,14,0.10027983784675598,0.14034415781497955
4,task_5,38,15,0.11271943151950836,0.13702882826328278
4,task_5,38,16,0.12975943088531494,0.1301892250776291
4,task_5,38,17,0.1419568955898285,0.11602362990379333
4,task_5,38,18,0.1587924063205719,0.09321939945220947
4,task_5,38,19,0.17263460159301758,0.06767375022172928
4,task_5,38,20,0.18578752875328064,0.049841687083244324
4,task_5,38,21,0.19687773287296295,0.012210988439619541
4,task_5,38,22,0.2077605277299881,-0.013219352811574936
4,task_5,38,23,0.2140999585390091,-0.03253224119544029
4,task_5,38,24,0.221430242061615,-0.0592149943113327
4,task_5,38,25,0.22631533443927765,-0.07572830468416214
4,task_5,38,26,0.23048090934753418,-0.08981882780790329
4,task_5,38,27,0.2355290651321411,-0.1047784835100174
4,task_5,38,28,0.23968179523944855,-0.12045575678348541
4,task_5,38,29,3.1560275554656982,-5.197251796722412
4,task_5,39,0,9.999999747378752e-05,-0.05684341862797737
4,task_5,39,1,9.999999747378752e-05,-0.05684341862797737
4,task_5,39,2,9.999999747378752e-05,-0.05684341862797737
4,task_5,39,3,9.999999747378752e-05,-0.05684341862797737
4,task_5,39,4,9.999999747378752e-05,-0.05684341862797737
4,task_5,39,5,9.999999747378752e-05,-0.05684341862797737
4,task_5,39,6,9.999999747378752e-05,-0.05684341862797737
4,task_5,39,7,9.999999747378752e-05,-0.05684341862797737
4,task_5,39,8,9.999999747378752e-05,-0.05684341862797737
4,task_5,39,9,9.999999747378752e-05,-0.05684341862797737
4,task_5,39,10,9.999999747378752e-05,-0.05684341862797737
4,task_5,39,11,9.999999747378752e-05,-0.05684341862797737
4,task_5,39,12,9.999999747378752e-05,-0.05684341862797737
4,task_5,39,13,9.999999747378752e-05,-0.05684341862797737
4,task_5,39,14,9.999999747378752e-05,-0.05684341862797737
4,task_5,39,15,9.999999747378752e-05,-0.05684341862797737
4,task_5,39,16,9.999999747378752e-05,-0.05684341862797737
4,task_5,39,17,9.999999747378752e-05,-0.05684341862797737
4,task_5,39,18,9.999999747378752e-05,-0.05684341862797737
4,task_5,39,19,9.999999747378752e-05,-0.05684341862797737
4,task_5,39,20,9.999999747378752e-05,-0.05684341862797737
4,task_5,39,21,9.999999747378752e-05,-0.05684341862797737
4,task_5,39,22,9.999999747378752e-05,-0.05684341862797737
4,task_5,39,23,9.999999747378752e-05,-0.05684341862797737
4,task_5,39,24,9.999999747378752e-05,-0.05684341862797737
4,task_5,39,25,9.999999747378752e-05,-0.05684341862797737
4,task_5,39,26,9.999999747378752e-05,-0.05684341862797737
4,task_5,39,27,9.999999747378752e-05,-0.05684341862797737
4,task_5,39,28,9.999999747378752e-05,-0.05684341862797737
4,task_5,39,29,9.999999747378752e-05,-0.05684341862797737
4,task_5,40,0,0.0,1.181762456893921
4,task_5,40,1,0.0,1.181762456893921
4,task_5,40,2,0.0,1.181762456893921
4,task_5,40,3,0.0,1.181762456893921
4,task_5,40,4,0.0,1.181762456893921
4,task_5,40,5,0.0,1.181762456893921
4,task_5,40,6,0.0,1.181762456893921
4,task_5,40,7,0.0,1.181762456893921
4,task_5,40,8,0.023846924304962158,1.1294898986816406
4,task_5,40,9,0.0622582733631134,1.0475292205810547
4,task_5,40,10,0.15142479538917542,0.8498433828353882
4,task_5,40,11,0.24856480956077576,0.63319331407547
4,task_5,40,12,0.352085679769516,0.40120455622673035
4,task_5,40,13,0.43511372804641724,0.20863127708435059
4,task_5,40,14,0.556634783744812,-0.08019080013036728
4,task_5,40,15,0.6684476733207703,-0.3092819154262543
4,task_5,40,16,0.7694272398948669,-0.49475157260894775
4,task_5,40,17,0.8760082721710205,-0.6169574856758118
4,task_5,40,18,0.986632764339447,-0.7116656303405762
4,task_5,40,19,1.0917937755584717,-0.7909926772117615
4,task_5,40,20,1.1823956966400146,-0.854369580745697
4,task_5,40,21,1.2843905687332153,-0.9064413905143738
4,task_5,40,22,1.3604183197021484,-0.9474287033081055
4,task_5,40,23,1.4331318140029907,-0.9725270867347717
4,task_5,40,24,1.4960805177688599,-0.9954115748405457
4,task_5,40,25,1.5509073734283447,-1.0196640491485596
4,task_5,40,26,1.5936875343322754,-1.0352274179458618
4,task_5,40,27,1.6264556646347046,-1.0472519397735596
4,task_5,40,28,1.6419923305511475,-1.055011510848999
4,task_5,40,29,4.104321479797363,-1.8868179321289062
4,task_5,41,0,0.0,-0.36645376682281494
4,task_5,41,1,0.0,-0.36645376682281494
4,task_5,41,2,0.0,-0.36645376682281494
4,task_5,41,3,0.0,-0.36645376682281494
4,task_5,41,4,0.0,-0.36645376682281494
4,task_5,41,5,0.0,-0.36645376682281494
4,task_5,41,6,0.0,-0.36645376682281494
4,task_5,41,7,0.0,-0.36645376682281494
4,task_5,41,8,0.0,-0.36645376682281494
4,task_5,41,9,0.0,-0.36645376682281494
4,task_5,41,10,0.0,-0.36645376682281494
4,task_5,41,11,0.0,-0.36645376682281494
4,task_5,41,12,0.0,-0.36645376682281494
4,task_5,41,13,0.0,-0.36645376682281494
4,task_5,41,14,0.0,-0.36645376682281494
4,task_5,41,15,0.0,-0.36645376682281494
4,task_5,41,16,0.0,-0.36645376682281494
4,task_5,41,17,0.0,-0.36645376682281494
4,task_5,41,18,0.0,-0.36645376682281494
4,task_5,41,19,0.0,-0.36645376682281494
4,task_5,41,20,0.0,-0.36645376682281494
4,task_5,41,21,0.0,-0.36645376682281494
4,task_5,41,22,0.0,-0.36645376682281494
4,task_5,41,23,0.15406253933906555,-0.14285244047641754
4,task_5,41,24,0.3622469902038574,0.17611122131347656
4,task_5,41,25,0.5635544657707214,0.4921112656593323
4,task_5,41,26,0.7549559473991394,0.8134034276008606
4,task_5,41,27,0.8974213004112244,1.0695922374725342
4,task_5,41,28,1.040380597114563,1.3231000900268555
4,task_5,41,29,2.9691402912139893,4.696969985961914
4,task_5,42,0,0.0,-0.258461058139801
4,task_5,42,1,0.0,-0.258461058139801
4,task_5,42,2,0.0,-0.258461058139801
4,task_5,42,3,0.0,-0.258461058139801
4,task_5,42,4,0.0,-0.258461058139801
4,task_5,42,5,0.0,-0.258461058139801
4,task_5,42,6,0.0,-0.258461058139801
4,task_5,42,7,0.0,-0.258461058139801
4,task_5,42,8,0.0,-0.258461058139801
4,task_5,42,9,0.0,-0.258461058139801
4,task_5,42,10,0.0,-0.258461058139801
4,task_5,42,11,0.0,-0.258461058139801
4,task_5,42,12,0.0,-0.258461058139801
4,task_5,42,13,0.0,-0.258461058139801
4,task_5,42,14,0.0,-0.258461058139801
4,task_5,42,15,0.0,-0.258461058139801
4,task_5,42,16,0.0,-0.258461058139801
4,task_5,42,17,0.0,-0.258461058139801
4,task_5,42,18,0.0,-0.258461058139801
4,task_5,42,19,0.0,-0.258461058139801
4,task_5,42,20,0.0,-0.258461058139801
4,task_5,42,21,0.0,-0.258461058139801
4,task_5,42,22,0.0,-0.258461058139801
4,task_5,42,23,0.0,-0.258461058139801
4,task_5,42,24,0.0042427703738212585,-0.2524264454841614
4,task_5,42,25,0.16887027025222778,-0.0137601587921381
4,task_5,42,26,0.3362433910369873,0.23517733812332153
4,task_5,42,27,0.4679238498210907,0.4466196298599243
4,task_5,42,28,0.5910173654556274,0.6209816336631775
4,task_5,42,29,2.6160969734191895,5.166473388671875
4,task_5,43,0,0.0,0.8396883010864258
4,task_5,43,1,0.0,0.8396883010864258
4,task_5,43,2,0.0,0.8396883010864258
4,task_5,43,3,0.0,0.8396883010864258
4,task_5,43,4,0.0,0.8396883010864258
4,task_5,43,5,0.0,0.8396883010864258
4,task_5,43,6,0.0,0.8396883010864258
4,task_5,43,7,0.0,0.8396883010864258
4,task_5,43,8,0.0,0.8396883010864258
4,task_5,43,9,0.0,0.8396883010864258
4,task_5,43,10,0.0,0.8396883010864258
4,task_5,43,11,0.0,0.8396883010864258
4,task_5,43,12,0.0,0.8396883010864258
4,task_5,43,13,0.0,0.8396883010864258
4,task_5,43,14,0.0426463708281517,0.6541403532028198
4,task_5,43,15,0.13864260911941528,0.3573375344276428
4,task_5,43,16,0.248002827167511,-0.013796075247228146
4,task_5,43,17,0.33867838978767395,-0.20572035014629364
4,task_5,43,18,0.45529720187187195,-0.4187093675136566
4,task_5,43,19,0.5416190028190613,-0.5354557037353516
4,task_5,43,20,0.6265620589256287,-0.6445717811584473
4,task_5,43,21,0.7082067131996155,-0.7485926747322083
4,task_5,43,22,0.7812925577163696,-0.8350666165351868
4,task_5,43,23,0.838643491268158,-0.9036536812782288
4,task_5,43,24,0.905518651008606,-0.9811558723449707
4,task_5,43,25,0.9450646638870239,-1.0331816673278809
4,task_5,43,26,0.9780547618865967,-1.071302890777588
4,task_5,43,27,1.0069347620010376,-1.0990371704101562
4,task_5,43,28,1.0247864723205566,-1.1266287565231323
4,task_5,43,29,2.6888341903686523,-3.1502397060394287
4,task_5,44,0,1.6323039531707764,931.3225708007812
4,task_5,44,1,1.6323039531707764,931.3225708007812
4,task_5,44,2,1.6323039531707764,931.3225708007812
4,task_5,44,3,1.6323039531707764,931.3225708007812
4,task_5,44,4,1.6323039531707764,931.3225708007812
4,task_5,44,5,1.6323039531707764,931.3225708007812
4,task_5,44,6,1.6323039531707764,931.3225708007812
4,task_5,44,7,1.6323039531707764,931.3225708007812
4,task_5,44,8,1.6323039531707764,931.3225708007812
4,task_5,44,9,1.6323039531707764,931.3225708007812
4,task_5,44,10,1.6323039531707764,931.3225708007812
4,task_5,44,11,1.6323039531707764,931.3225708007812
4,task_5,44,12,1.6323039531707764,931.3225708007812
4,task_5,44,13,1.6323039531707764,931.3225708007812
4,task_5,44,14,1.6323039531707764,931.3225708007812
4,task_5,44,15,1.6323039531707764,931.3225708007812
4,task_5,44,16,1.6323039531707764,931.3225708007812
4,task_5,44,17,1.6323039531707764,931.3225708007812
4,task_5,44,18,1.6323039531707764,931.3225708007812
4,task_5,44,19,1.6323039531707764,931.3225708007812
4,task_5,44,20,1.6323039531707764,931.3225708007812
4,task_5,44,21,1.6323039531707764,931.3225708007812
4,task_5,44,22,1.6323039531707764,931.3225708007812
4,task_5,44,23,1.6323039531707764,931.3225708007812
4,task_5,44,24,1.6323039531707764,931.3225708007812
4,task_5,44,25,1.6323039531707764,931.3225708007812
4,task_5,44,26,1.6323039531707764,931.3225708007812
4,task_5,44,27,1.6323039531707764,931.3225708007812
4,task_5,44,28,1.6323039531707764,931.3225708007812
4,task_5,44,29,1.6323039531707764,931.3225708007812
4,task_5,45,0,0.0,-0.1900322586297989
4,task_5,45,1,0.0,-0.1900322586297989
4,task_5,45,2,0.0,-0.1900322586297989
4,task_5,45,3,0.0,-0.1900322586297989
4,task_5,45,4,0.0,-0.1900322586297989
4,task_5,45,5,0.0,-0.1900322586297989
4,task_5,45,6,0.0,-0.1900322586297989
4,task_5,45,7,0.0,-0.1900322586297989
4,task_5,45,8,0.0,-0.1900322586297989
4,task_5,45,9,0.0,-0.1900322586297989
4,task_5,45,10,0.0,-0.1900322586297989
4,task_5,45,11,0.0,-0.1900322586297989
4,task_5,45,12,0.0,-0.1900322586297989
4,task_5,45,13,0.0,-0.1900322586297989
4,task_5,45,14,0.0,-0.1900322586297989
4,task_5,45,15,0.0,-0.1900322586297989
4,task_5,45,16,0.0,-0.1900322586297989
4,task_5,45,17,0.0,-0.1900322586297989
4,task_5,45,18,0.0,-0.1900322586297989
4,task_5,45,19,0.0,-0.1900322586297989
4,task_5,45,20,0.0,-0.1900322586297989
4,task_5,45,21,0.0,-0.1900322586297989
4,task_5,45,22,0.0,-0.1900322586297989
4,task_5,45,23,0.0,-0.1900322586297989
4,task_5,45,24,0.0,-0.1900322586297989
4,task_5,45,25,0.0,-0.1900322586297989
4,task_5,45,26,0.05039803683757782,-0.15860117971897125
4,task_5,45,27,0.10525767505168915,-0.12141662836074829
4,task_5,45,28,0.1701226830482483,-0.07215665280818939
4,task_5,45,29,2.7022745609283447,5.2930121421813965
4,task_5,46,0,0.10715688765048981,1.4012789726257324
4,task_5,46,1,0.16384567320346832,1.0925045013427734
4,task_5,46,2,0.2071673572063446,0.8662753105163574
4,task_5,46,3,0.24982011318206787,0.6203863620758057
4,task_5,46,4,0.27247947454452515,0.5057772397994995
4,task_5,46,5,0.2822203040122986,0.4599737524986267
4,task_5,46,6,0.29200732707977295,0.4053283631801605
4,task_5,46,7,0.2989806532859802,0.36711686849594116
4,task_5,46,8,0.30465441942214966,0.33888810873031616
4,task_5,46,9,0.31395286321640015,0.30028581619262695
4,task_5,46,10,0.3247351050376892,0.2563245892524719
4,task_5,46,11,0.3332759141921997,0.22506612539291382
4,task_5,46,12,0.34432581067085266,0.1650993973016739
4,task_5,46,13,0.3542559742927551,0.125238299369812
4,task_5,46,14,0.36298254132270813,0.09338662028312683
4,task_5,46,15,0.3777008652687073,0.033144086599349976
4,task_5,46,16,0.390192449092865,0.005205579102039337
4,task_5,46,17,0.4027252793312073,-0.045287132263183594
4,task_5,46,18,0.4142111539840698,-0.08403918892145157
4,task_5,46,19,0.4247845411300659,-0.12135861068964005
4,task_5,46,20,0.43645358085632324,-0.15576806664466858
4,task_5,46,21,0.4477788805961609,-0.18050457537174225
4,task_5,46,22,0.4563559889793396,-0.2044374644756317
4,task_5,46,23,0.4618580937385559,-0.22783198952674866
4,task_5,46,24,0.46982496976852417,-0.24793657660484314
4,task_5,46,25,0.4753294587135315,-0.2661474049091339
4,task_5,46,26,0.4837425947189331,-0.28959381580352783
4,task_5,46,27,0.49130409955978394,-0.31072285771369934
4,task_5,46,28,0.5010628700256348,-0.33521226048469543
4,task_5,46,29,2.2414021492004395,-4.792436122894287
4,task_5,47,0,0.0,-0.5875574946403503
4,task_5,47,1,0.0,-0.5875574946403503
4,task_5,47,2,0.0,-0.5875574946403503
4,task_5,47,3,0.0,-0.5875574946403503
4,task_5,47,4,0.0,-0.5875574946403503
4,task_5,47,5,0.0,-0.5875574946403503
4,task_5,47,6,0.0,-0.5875574946403503
4,task_5,47,7,0.0,-0.5875574946403503
4,task_5,47,8,0.0,-0.5875574946403503
4,task_5,47,9,0.0,-0.5875574946403503
4,task_5,47,10,0.0,-0.5875574946403503
4,task_5,47,11,0.0,-0.5875574946403503
4,task_5,47,12,0.0,-0.5875574946403503
4,task_5,47,13,0.01606932282447815,-0.5790830850601196
4,task_5,47,14,0.0629996508359909,-0.5533987879753113
4,task_5,47,15,0.11299669742584229,-0.5191080570220947
4,task_5,47,16,0.14788436889648438,-0.4976229667663574
4,task_5,47,17,0.21925973892211914,-0.4506358802318573
4,task_5,47,18,0.4222930371761322,-0.31310027837753296
4,task_5,47,19,0.6312756538391113,-0.21279935538768768
4,task_5,47,20,0.8334449529647827,-0.02302933856844902
4,task_5,47,21,1.0494117736816406,0.18331538140773773
4,task_5,47,22,1.1999778747558594,0.3915776014328003
4,task_5,47,23,1.38262140750885,0.6447940468788147
4,task_5,47,24,1.5349303483963013,0.8616476058959961
4,task_5,47,25,1.642667531967163,1.019726276397705
4,task_5,47,26,1.7352339029312134,1.1474332809448242
4,task_5,47,27,1.8025739192962646,1.2279380559921265
4,task_5,47,28,1.8532302379608154,1.2959058284759521
4,task_5,47,29,3.67465877532959,4.01468563079834
4,task_5,48,0,0.0,0.9684700965881348
4,task_5,48,1,0.0,0.9684700965881348
4,task_5,48,2,0.0,0.9684700965881348
4,task_5,48,3,0.0,0.9684700965881348
4,task_5,48,4,0.0,0.9684700965881348
4,task_5,48,5,0.0,0.9684700965881348
4,task_5,48,6,0.0,0.9684700965881348
4,task_5,48,7,0.0,0.9684700965881348
4,task_5,48,8,0.0,0.9684700965881348
4,task_5,48,9,0.0,0.9684700965881348
4,task_5,48,10,0.0,0.9684700965881348
4,task_5,48,11,0.0,0.9684700965881348
4,task_5,48,12,0.0,0.9684700965881348
4,task_5,48,13,0.05228206515312195,0.12072699517011642
4,task_5,48,14,0.11208629608154297,-1.6322039365768433
4,task_5,48,15,0.17450988292694092,-2.8224685192108154
4,task_5,48,16,0.22994369268417358,-1.6854594945907593
4,task_5,48,17,0.2925869822502136,-0.5054388642311096
4,task_5,48,18,0.3335472345352173,-0.5054388642311096
4,task_5,48,19,0.3905826210975647,-0.5054388642311096
4,task_5,48,20,0.44054120779037476,-0.5054388642311096
4,task_5,48,21,0.4969497323036194,-0.5054388642311096
4,task_5,48,22,0.5224700570106506,-0.5054388642311096
4,task_5,48,23,0.5532605051994324,-0.5054388642311096
4,task_5,48,24,0.5946769118309021,-0.5054388642311096
4,task_5,48,25,0.6138778328895569,-0.5054388642311096
4,task_5,48,26,0.6308304071426392,-0.5054388642311096
4,task_5,48,27,0.6436046957969666,-0.5054388642311096
4,task_5,48,28,0.6578763723373413,-0.5054388642311096
4,task_5,48,29,0.6819071173667908,-0.5054388642311096
4,task_5,49,0,9.999999747378752e-05,-0.05684341862797737
4,task_5,49,1,9.999999747378752e-05,-0.05684341862797737
4,task_5,49,2,9.999999747378752e-05,-0.05684341862797737
4,task_5,49,3,9.999999747378752e-05,-0.05684341862797737
4,task_5,49,4,9.999999747378752e-05,-0.05684341862797737
4,task_5,49,5,9.999999747378752e-05,-0.05684341862797737
4,task_5,49,6,9.999999747378752e-05,-0.05684341862797737
4,task_5,49,7,9.999999747378752e-05,-0.05684341862797737
4,task_5,49,8,9.999999747378752e-05,-0.05684341862797737
4,task_5,49,9,9.999999747378752e-05,-0.05684341862797737
4,task_5,49,10,9.999999747378752e-05,-0.05684341862797737
4,task_5,49,11,9.999999747378752e-05,-0.05684341862797737
4,task_5,49,12,9.999999747378752e-05,-0.05684341862797737
4,task_5,49,13,9.999999747378752e-05,-0.05684341862797737
4,task_5,49,14,9.999999747378752e-05,-0.05684341862797737
4,task_5,49,15,9.999999747378752e-05,-0.05684341862797737
4,task_5,49,16,9.999999747378752e-05,-0.05684341862797737
4,task_5,49,17,9.999999747378752e-05,-0.05684341862797737
4,task_5,49,18,9.999999747378752e-05,-0.05684341862797737
4,task_5,49,19,9.999999747378752e-05,-0.05684341862797737
4,task_5,49,20,9.999999747378752e-05,-0.05684341862797737
4,task_5,49,21,9.999999747378752e-05,-0.05684341862797737
4,task_5,49,22,9.999999747378752e-05,-0.05684341862797737
4,task_5,49,23,9.999999747378752e-05,-0.05684341862797737
4,task_5,49,24,9.999999747378752e-05,-0.05684341862797737
4,task_5,49,25,9.999999747378752e-05,-0.05684341862797737
4,task_5,49,26,9.999999747378752e-05,-0.05684341862797737
4,task_5,49,27,9.999999747378752e-05,-0.05684341862797737
4,task_5,49,28,9.999999747378752e-05,-0.05684341862797737
4,task_5,49,29,9.999999747378752e-05,-0.05684341862797737
4,task_5,50,0,0.0,0.028421709313988686
4,task_5,50,1,0.0,0.028421709313988686
4,task_5,50,2,0.0,0.028421709313988686
4,task_5,50,3,0.0,0.028421709313988686
4,task_5,50,4,0.0,0.028421709313988686
4,task_5,50,5,0.0,0.028421709313988686
4,task_5,50,6,0.0,0.028421709313988686
4,task_5,50,7,0.0,0.028421709313988686
4,task_5,50,8,0.0,0.028421709313988686
4,task_5,50,9,0.0,0.028421709313988686
4,task_5,50,10,0.0,0.028421709313988686
4,task_5,50,11,0.0,0.028421709313988686
4,task_5,50,12,0.0,0.028421709313988686
4,task_5,50,13,0.0,0.028421709313988686
4,task_5,50,14,0.0,0.028421709313988686
4,task_5,50,15,0.0,0.028421709313988686
4,task_5,50,16,0.0005703568458557129,0.028421709313988686
4,task_5,50,17,0.046415895223617554,0.028421709313988686
4,task_5,50,18,0.09811848402023315,0.028421709313988686
4,task_5,50,19,0.15015915036201477,0.028421709313988686
4,task_5,50,20,0.20715203881263733,0.028421709313988686
4,task_5,50,21,0.26077112555503845,0.028421709313988686
4,task_5,50,22,0.3163970410823822,0.028421709313988686
4,task_5,50,23,0.3606022894382477,0.028421709313988686
4,task_5,50,24,0.41167792677879333,0.028421709313988686
4,task_5,50,25,0.4426616132259369,0.028421709313988686
4,task_5,50,26,0.4708997309207916,0.028421709313988686
4,task_5,50,27,0.49902012944221497,0.028421709313988686
4,task_5,50,28,0.5139846801757812,0.028421709313988686
4,task_5,50,29,0.5767585039138794,0.028421709313988686
4,task_5,51,0,0.0,-0.6136401891708374
4,task_5,51,1,0.0,-0.6136401891708374
4,task_5,51,2,0.0,-0.6136401891708374
4,task_5,51,3,0.0,-0.6136401891708374
4,task_5,51,4,0.0,-0.6136401891708374
4,task_5,51,5,0.0,-0.6136401891708374
4,task_5,51,6,0.03407856076955795,-0.6160179376602173
4,task_5,51,7,0.09215591102838516,-0.6204230189323425
4,task_5,51,8,0.1458110809326172,-0.6148457527160645
4,task_5,51,9,0.2097652107477188,-0.6022369861602783
4,task_5,51,10,0.2770671546459198,-0.5729676485061646
4,task_5,51,11,0.34251344203948975,-0.539921760559082
4,task_5,51,12,0.4073610305786133,-0.4985613524913788
4,task_5,51,13,0.4783364236354828,-0.42802494764328003
4,task_5,51,14,0.5476021766662598,-0.3460807204246521
4,task_5,51,15,0.6164087653160095,-0.2856137454509735
4,task_5,51,16,0.6794927716255188,-0.25877776741981506
4,task_5,51,17,0.7381822466850281,-0.21199582517147064
4,task_5,51,18,0.7872328162193298,-0.16557589173316956
4,task_5,51,19,0.834292471408844,-0.1359594464302063
4,task_5,51,20,0.860295295715332,-0.1125526875257492
4,task_5,51,21,0.9448139667510986,-0.031072374433279037
4,task_5,51,22,1.1110901832580566,0.15023908019065857
4,task_5,51,23,1.2715932130813599,0.3934069573879242
4,task_5,51,24,1.4338088035583496,0.6193753480911255
4,task_5,51,25,1.5492539405822754,0.8301131129264832
4,task_5,51,26,1.647373080253601,1.0082590579986572
4,task_5,51,27,1.7172328233718872,1.155802607536316
4,task_5,51,28,1.7656430006027222,1.2459931373596191
4,task_5,51,29,3.2443621158599854,4.319277763366699
4,task_5,52,0,0.0,-0.4108186960220337
4,task_5,52,1,0.0,-0.4108186960220337
4,task_5,52,2,0.0,-0.4108186960220337
4,task_5,52,3,0.0,-0.4108186960220337
4,task_5,52,4,0.0,-0.4108186960220337
4,task_5,52,5,0.0,-0.4108186960220337
4,task_5,52,6,0.0,-0.4108186960220337
4,task_5,52,7,0.0,-0.4108186960220337
4,task_5,52,8,0.0,-0.4108186960220337
4,task_5,52,9,0.0,-0.4108186960220337
4,task_5,52,10,0.0,-0.4108186960220337
4,task_5,52,11,0.0,-0.4108186960220337
4,task_5,52,12,0.0,-0.4108186960220337
4,task_5,52,13,0.0,-0.4108186960220337
4,task_5,52,14,0.0,-0.4108186960220337
4,task_5,52,15,0.01406446099281311,-0.3885873556137085
4,task_5,52,16,0.07063934206962585,-0.3006660044193268
4,task_5,52,17,0.13271638751029968,-0.20277942717075348
4,task_5,52,18,0.18332235515117645,-0.12244810163974762
4,task_5,52,19,0.222557932138443,-0.05518954619765282
4,task_5,52,20,0.2860863506793976,0.051615335047245026
4,task_5,52,21,0.3245309591293335,0.11999233067035675
4,task_5,52,22,0.35718509554862976,0.1867423802614212
4,task_5,52,23,0.3789348900318146,0.22786131501197815
4,task_5,52,24,0.3994241952896118,0.2681450843811035
4,task_5,52,25,0.41579365730285645,0.2997146248817444
4,task_5,52,26,0.42630481719970703,0.32015761733055115
4,task_5,52,27,0.437252402305603,0.34530532360076904
4,task_5,52,28,0.4431394636631012,0.35744062066078186
4,task_5,52,29,2.3089423179626465,5.054975509643555
4,task_5,53,0,0.0,0.7675275206565857
4,task_5,53,1,0.0,0.7675275206565857
4,task_5,53,2,0.0,0.7675275206565857
4,task_5,53,3,0.0,0.7675275206565857
4,task_5,53,4,0.0,0.7675275206565857
4,task_5,53,5,0.0,0.7675275206565857
4,task_5,53,6,0.0,0.7675275206565857
4,task_5,53,7,0.0,0.7675275206565857
4,task_5,53,8,0.0,0.7675275206565857
4,task_5,53,9,0.0,0.7675275206565857
4,task_5,53,10,0.0,0.7675275206565857
4,task_5,53,11,0.0,0.7675275206565857
4,task_5,53,12,0.0,0.7675275206565857
4,task_5,53,13,0.0,0.7675275206565857
4,task_5,53,14,0.0,0.7675275206565857
4,task_5,53,15,0.0,0.7675275206565857
4,task_5,53,16,0.0,0.7675275206565857
4,task_5,53,17,0.09705796837806702,0.4551723599433899
4,task_5,53,18,0.21556031703948975,0.06883154064416885
4,task_5,53,19,0.3268232047557831,-0.2897385060787201
4,task_5,53,20,0.4159836769104004,-0.6086397171020508
4,task_5,53,21,0.527518630027771,-0.9427974224090576
4,task_5,53,22,0.6057734489440918,-1.1883903741836548
4,task_5,53,23,0.6779943108558655,-1.3445003032684326
4,task_5,53,24,0.7514280080795288,-1.4757144451141357
4,task_5,53,25,0.7953794598579407,-1.5550061464309692
4,task_5,53,26,0.8328582644462585,-1.5987589359283447
4,task_5,53,27,0.872788667678833,-1.6405274868011475
4,task_5,53,28,0.8930881023406982,-1.6649006605148315
4,task_5,53,29,4.4145588874816895,-1.2629976272583008
4,task_5,54,0,0.0,0.47222575545310974
4,task_5,54,1,0.0,0.47222575545310974
4,task_5,54,2,0.0,0.47222575545310974
4,task_5,54,3,0.0,0.47222575545310974
4,task_5,54,4,0.0,0.47222575545310974
4,task_5,54,5,0.0,0.47222575545310974
4,task_5,54,6,0.0,0.47222575545310974
4,task_5,54,7,0.0,0.47222575545310974
4,task_5,54,8,0.0,0.47222575545310974
4,task_5,54,9,0.0,0.47222575545310974
4,task_5,54,10,0.0,0.47222575545310974
4,task_5,54,11,0.0,0.47222575545310974
4,task_5,54,12,0.0,0.47222575545310974
4,task_5,54,13,0.0,0.47222575545310974
4,task_5,54,14,0.0,0.47222575545310974
4,task_5,54,15,0.0,0.47222575545310974
4,task_5,54,16,0.0,0.47222575545310974
4,task_5,54,17,0.0,0.47222575545310974
4,task_5,54,18,0.0,0.47222575545310974
4,task_5,54,19,0.007218502461910248,0.5323975682258606
4,task_5,54,20,0.035101063549518585,0.8787710666656494
4,task_5,54,21,0.06479121744632721,0.5659503936767578
4,task_5,54,22,0.09254170954227448,0.10715080797672272
4,task_5,54,23,0.11707797646522522,-0.3681264817714691
4,task_5,54,24,0.1363542675971985,-0.7311633825302124
4,task_5,54,25,0.15337148308753967,-1.1001148223876953
4,task_5,54,26,0.1667238026857376,-1.4933563470840454
4,task_5,54,27,0.17611460387706757,-1.85377836227417
4,task_5,54,28,0.1843591183423996,-2.185603618621826
4,task_5,54,29,0.21265479922294617,-3.3244168758392334
4,task_5,55,0,0.509628415107727,-3.0355260372161865
4,task_5,55,1,0.559410572052002,-2.445840358734131
4,task_5,55,2,0.6027119755744934,-1.8652461767196655
4,task_5,55,3,0.640225350856781,-1.396748423576355
4,task_5,55,4,0.6752830147743225,-1.1372791528701782
4,task_5,55,5,0.7032657861709595,-0.7578508257865906
4,task_5,55,6,0.7298274636268616,-0.40065997838974
4,task_5,55,7,0.7444174885749817,-0.2516430914402008
4,task_5,55,8,0.7701026201248169,-0.02295578457415104
4,task_5,55,9,0.789620578289032,0.16729900240898132
4,task_5,55,10,0.8085271120071411,0.35965248942375183
4,task_5,55,11,0.8277777433395386,0.567725658416748
4,task_5,55,12,0.8429900407791138,0.567725658416748
4,task_5,55,13,0.8619151711463928,0.567725658416748
4,task_5,55,14,0.8782612681388855,0.567725658416748
4,task_5,55,15,0.8926069140434265,0.567725658416748
4,task_5,55,16,0.909759521484375,0.567725658416748
4,task_5,55,17,0.9278421998023987,0.567725658416748
4,task_5,55,18,0.9446098804473877,0.567725658416748
4,task_5,55,19,0.9591237306594849,0.567725658416748
4,task_5,55,20,0.9779996871948242,0.567725658416748
4,task_5,55,21,0.9925749897956848,0.567725658416748
4,task_5,55,22,1.00428307056427,0.567725658416748
4,task_5,55,23,1.0159730911254883,0.567725658416748
4,task_5,55,24,1.0229828357696533,0.567725658416748
4,task_5,55,25,1.0275171995162964,0.567725658416748
4,task_5,55,26,1.0334631204605103,0.567725658416748
4,task_5,55,27,1.0408354997634888,0.567725658416748
4,task_5,55,28,1.046332836151123,0.567725658416748
4,task_5,55,29,1.0785332918167114,0.567725658416748
4,task_5,56,0,0.0,0.8942344784736633
4,task_5,56,1,0.0,0.8942344784736633
4,task_5,56,2,0.0,0.8942344784736633
4,task_5,56,3,0.0,0.8942344784736633
4,task_5,56,4,0.0,0.8942344784736633
4,task_5,56,5,0.0,0.8942344784736633
4,task_5,56,6,0.0,0.8942344784736633
4,task_5,56,7,0.0,0.8942344784736633
4,task_5,56,8,0.0,0.8942344784736633
4,task_5,56,9,0.0,0.8942344784736633
4,task_5,56,10,0.0,0.8942344784736633
4,task_5,56,11,0.0,0.8942344784736633
4,task_5,56,12,0.0,0.8942344784736633
4,task_5,56,13,0.016080409288406372,0.8521592617034912
4,task_5,56,14,0.10634024441242218,0.6098558306694031
4,task_5,56,15,0.19308587908744812,0.37839069962501526
4,task_5,56,16,0.2851012051105499,0.13337726891040802
4,task_5,56,17,0.36815768480300903,-0.09022057801485062
4,task_5,56,18,0.462077796459198,-0.3359605371952057
4,task_5,56,19,0.5475204586982727,-0.5522833466529846
4,task_5,56,20,0.6188899874687195,-0.7272577881813049
4,task_5,56,21,0.7038148045539856,-0.9157080054283142
4,task_5,56,22,0.7676292061805725,-1.0460096597671509
4,task_5,56,23,0.8237840533256531,-1.1566015481948853
4,task_5,56,24,0.8799765706062317,-1.2629495859146118
4,task_5,56,25,0.9136380553245544,-1.3218424320220947
4,task_5,56,26,0.9454317092895508,-1.3799716234207153
4,task_5,56,27,0.9754125475883484,-1.4280160665512085
4,task_5,56,28,0.9901719689369202,-1.4509576559066772
4,task_5,56,29,2.930288553237915,-1.9310519695281982
4,task_5,57,0,0.0,0.0
4,task_5,57,1,0.0,0.0
4,task_5,57,2,0.0,0.0
4,task_5,57,3,0.0,0.0
4,task_5,57,4,0.0,0.0
4,task_5,57,5,0.0,0.0
4,task_5,57,6,0.0,0.0
4,task_5,57,7,0.0,0.0
4,task_5,57,8,0.0,0.0
4,task_5,57,9,0.0,0.0
4,task_5,57,10,0.0,0.0
4,task_5,57,11,0.0,0.0
4,task_5,57,12,0.0,0.0
4,task_5,57,13,0.0,0.0
4,task_5,57,14,0.0,0.0
4,task_5,57,15,0.0,0.0
4,task_5,57,16,0.0,0.0
4,task_5,57,17,0.0,0.0
4,task_5,57,18,0.0,0.0
4,task_5,57,19,0.0,0.0
4,task_5,57,20,0.0,0.0
4,task_5,57,21,0.017910771071910858,0.0
4,task_5,57,22,0.049758922308683395,0.0
4,task_5,57,23,0.08164798468351364,0.0
4,task_5,57,24,0.09893824905157089,0.0
4,task_5,57,25,0.1092812716960907,0.0
4,task_5,57,26,0.11878973245620728,0.0
4,task_5,57,27,0.12849146127700806,0.0
4,task_5,57,28,0.13896964490413666,0.0
4,task_5,57,29,0.18235085904598236,0.0
4,task_5,58,0,0.0,-0.47945258021354675
4,task_5,58,1,0.0,-0.47945258021354675
4,task_5,58,2,0.0,-0.47945258021354675
4,task_5,58,3,0.0,-0.47945258021354675
4,task_5,58,4,0.0,-0.47945258021354675
4,task_5,58,5,0.0,-0.47945258021354675
4,task_5,58,6,0.0,-0.47945258021354675
4,task_5,58,7,0.0,-0.47945258021354675
4,task_5,58,8,0.0,-0.47945258021354675
4,task_5,58,9,0.0,-0.47945258021354675
4,task_5,58,10,0.0,-0.47945258021354675
4,task_5,58,11,0.0,-0.47945258021354675
4,task_5,58,12,0.0,-0.47945258021354675
4,task_5,58,13,0.0,-0.47945258021354675
4,task_5,58,14,0.058901749551296234,-0.4567783772945404
4,task_5,58,15,0.14919674396514893,-0.41177263855934143
4,task_5,58,16,0.2344256043434143,-0.3465341329574585
4,task_5,58,17,0.32194948196411133,-0.28058555722236633
4,task_5,58,18,0.40998196601867676,-0.21315450966358185
4,task_5,58,19,0.4850350022315979,-0.13198578357696533
4,task_5,58,20,0.5715970396995544,-0.04731476679444313
4,task_5,58,21,0.64272141456604,0.037753209471702576
4,task_5,58,22,0.6910523176193237,0.09423117339611053
4,task_5,58,23,0.8323391079902649,0.2678802013397217
4,task_5,58,24,0.9753751158714294,0.44050493836402893
4,task_5,58,25,1.081424593925476,0.5979413390159607
4,task_5,58,26,1.1711894273757935,0.7328045964241028
4,task_5,58,27,1.2246252298355103,0.8174150586128235
4,task_5,58,28,1.2522315979003906,0.8625211119651794
4,task_5,58,29,3.4754064083099365,4.749409198760986
4,task_5,59,0,1.6905642747879028,0.0
4,task_5,59,1,1.6905642747879028,0.0
4,task_5,59,2,1.6905642747879028,0.0
4,task_5,59,3,1.6905642747879028,0.0
4,task_5,59,4,1.6905642747879028,0.0
4,task_5,59,5,1.6905642747879028,0.0
4,task_5,59,6,1.6905642747879028,0.0
4,task_5,59,7,1.6905642747879028,0.0
4,task_5,59,8,1.6905642747879028,0.0
4,task_5,59,9,1.6905642747879028,0.0
4,task_5,59,10,1.6905642747879028,0.0
4,task_5,59,11,1.6905642747879028,0.0
4,task_5,59,12,1.6905642747879028,0.0
4,task_5,59,13,1.6905642747879028,0.0
4,task_5,59,14,1.6905642747879028,0.0
4,task_5,59,15,1.6905642747879028,0.0
4,task_5,59,16,1.6905642747879028,0.0
4,task_5,59,17,1.6905642747879028,0.0
4,task_5,59,18,1.6905642747879028,0.0
4,task_5,59,19,1.6905642747879028,0.0
4,task_5,59,20,1.6905642747879028,0.0
4,task_5,59,21,1.6905642747879028,0.0
4,task_5,59,22,1.6905642747879028,0.0
4,task_5,59,23,1.6905642747879028,0.0
4,task_5,59,24,1.6905642747879028,0.0
4,task_5,59,25,1.6905642747879028,0.0
4,task_5,59,26,1.6905642747879028,0.0
4,task_5,59,27,1.6905642747879028,0.0
4,task_5,59,28,1.6905642747879028,0.0
4,task_5,59,29,1.6905642747879028,0.0
4,task_5,60,0,9.999999747378752e-05,0.007105427328497171
4,task_5,60,1,9.999999747378752e-05,0.007105427328497171
4,task_5,60,2,9.999999747378752e-05,0.007105427328497171
4,task_5,60,3,9.999999747378752e-05,0.007105427328497171
4,task_5,60,4,9.999999747378752e-05,0.007105427328497171
4,task_5,60,5,9.999999747378752e-05,0.007105427328497171
4,task_5,60,6,9.999999747378752e-05,0.007105427328497171
4,task_5,60,7,9.999999747378752e-05,0.007105427328497171
4,task_5,60,8,9.999999747378752e-05,0.007105427328497171
4,task_5,60,9,9.999999747378752e-05,0.007105427328497171
4,task_5,60,10,9.999999747378752e-05,0.007105427328497171
4,task_5,60,11,9.999999747378752e-05,0.007105427328497171
4,task_5,60,12,9.999999747378752e-05,0.007105427328497171
4,task_5,60,13,9.999999747378752e-05,0.007105427328497171
4,task_5,60,14,9.999999747378752e-05,0.007105427328497171
4,task_5,60,15,9.999999747378752e-05,0.007105427328497171
4,task_5,60,16,9.999999747378752e-05,0.007105427328497171
4,task_5,60,17,9.999999747378752e-05,0.007105427328497171
4,task_5,60,18,9.999999747378752e-05,0.007105427328497171
4,task_5,60,19,9.999999747378752e-05,0.007105427328497171
4,task_5,60,20,9.999999747378752e-05,0.007105427328497171
4,task_5,60,21,9.999999747378752e-05,0.007105427328497171
4,task_5,60,22,9.999999747378752e-05,0.007105427328497171
4,task_5,60,23,9.999999747378752e-05,0.007105427328497171
4,task_5,60,24,9.999999747378752e-05,0.007105427328497171
4,task_5,60,25,9.999999747378752e-05,0.007105427328497171
4,task_5,60,26,9.999999747378752e-05,0.007105427328497171
4,task_5,60,27,9.999999747378752e-05,0.007105427328497171
4,task_5,60,28,9.999999747378752e-05,0.007105427328497171
4,task_5,60,29,9.999999747378752e-05,0.007105427328497171
4,task_5,61,0,0.0,1.3647195100784302
4,task_5,61,1,0.0,1.3647195100784302
4,task_5,61,2,0.0,1.3647195100784302
4,task_5,61,3,0.0,1.3647195100784302
4,task_5,61,4,0.0,1.3647195100784302
4,task_5,61,5,0.0,1.3647195100784302
4,task_5,61,6,0.0,1.3647195100784302
4,task_5,61,7,0.05644124746322632,1.0792595148086548
4,task_5,61,8,0.13983449339866638,0.6738114953041077
4,task_5,61,9,0.17259947955608368,0.5046581625938416
4,task_5,61,10,0.18755774199962616,0.4314706325531006
4,task_5,61,11,0.20585063099861145,0.3532771170139313
4,task_5,61,12,0.22699353098869324,0.25907883048057556
4,task_5,61,13,0.2529759705066681,0.12860070168972015
4,task_5,61,14,0.27629491686820984,0.014852924272418022
4,task_5,61,15,0.30465278029441833,-0.12880922853946686
4,task_5,61,16,0.333438903093338,-0.25331437587738037
4,task_5,61,17,0.3616337776184082,-0.3996894955635071
4,task_5,61,18,0.3876330852508545,-0.5119184851646423
4,task_5,61,19,0.4144149422645569,-0.6270690560340881
4,task_5,61,20,0.4463981091976166,-0.7800784707069397
4,task_5,61,21,0.4709007740020752,-0.8677577376365662
4,task_5,61,22,0.4866812825202942,-0.9351953864097595
4,task_5,61,23,0.5052862763404846,-1.0059869289398193
4,task_5,61,24,0.5273521542549133,-1.0945749282836914
4,task_5,61,25,0.5397382974624634,-1.142029047012329
4,task_5,61,26,0.5484094023704529,-1.1657114028930664
4,task_5,61,27,0.5571410655975342,-1.1952930688858032
4,task_5,61,28,0.5678508877754211,-1.2418941259384155
4,task_5,61,29,2.2688140869140625,-1.6487210988998413
4,task_5,62,0,0.0,2.439861297607422
4,task_5,62,1,0.0,2.439861297607422
4,task_5,62,2,0.009561583399772644,2.17629075050354
4,task_5,62,3,0.025415420532226562,1.5610265731811523
4,task_5,62,4,0.043495118618011475,1.417262077331543
4,task_5,62,5,0.068764328956604,1.1323635578155518
4,task_5,62,6,0.09428815543651581,0.6208342909812927
4,task_5,62,7,0.12217633426189423,-0.07109379768371582
4,task_5,62,8,0.14631108939647675,-0.5296559929847717
4,task_5,62,9,0.1785418838262558,-0.5327022671699524
4,task_5,62,10,0.20464546978473663,-0.5327022671699524
4,task_5,62,11,0.2307649701833725,-0.5327022671699524
4,task_5,62,12,0.2484852522611618,-0.5327022671699524
4,task_5,62,13,0.2606580853462219,-0.5327022671699524
4,task_5,62,14,0.2701556086540222,-0.5327022671699524
4,task_5,62,15,0.2801339626312256,-0.5327022671699524
4,task_5,62,16,0.2955566644668579,-0.5327022671699524
4,task_5,62,17,0.3854115605354309,-0.5327022671699524
4,task_5,62,18,0.5117501616477966,-0.5327022671699524
4,task_5,62,19,0.6567088961601257,-0.5327022671699524
4,task_5,62,20,0.7893133163452148,-0.5327022671699524
4,task_5,62,21,0.9286441802978516,-0.5327022671699524
4,task_5,62,22,1.0494376420974731,-0.5327022671699524
4,task_5,62,23,1.1765198707580566,-0.5327022671699524
4,task_5,62,24,1.2907133102416992,-0.5327022671699524
4,task_5,62,25,1.3756556510925293,-0.5327022671699524
4,task_5,62,26,1.4461288452148438,-0.5327022671699524
4,task_5,62,27,1.4936705827713013,-0.5327022671699524
4,task_5,62,28,1.5256156921386719,-0.5327022671699524
4,task_5,62,29,1.5701745748519897,-0.5327022671699524
4,task_5,63,0,0.0,-0.3181746006011963
4,task_5,63,1,0.0,-0.3181746006011963
4,task_5,63,2,0.0,-0.3181746006011963
4,task_5,63,3,0.0,-0.3181746006011963
4,task_5,63,4,0.0,-0.3181746006011963
4,task_5,63,5,0.0,-0.3181746006011963
4,task_5,63,6,0.0,-0.3181746006011963
4,task_5,63,7,0.0,-0.3181746006011963
4,task_5,63,8,0.0,-0.3181746006011963
4,task_5,63,9,0.0,-0.3181746006011963
4,task_5,63,10,0.0,-0.3181746006011963
4,task_5,63,11,0.0,-0.3181746006011963
4,task_5,63,12,0.0,-0.3181746006011963
4,task_5,63,13,0.0,-0.3181746006011963
4,task_5,63,14,0.0,-0.3181746006011963
4,task_5,63,15,0.0,-0.3181746006011963
4,task_5,63,16,0.0,-0.3181746006011963
4,task_5,63,17,0.0,-0.3181746006011963
4,task_5,63,18,0.0,-0.3181746006011963
4,task_5,63,19,0.0,-0.3181746006011963
4,task_5,63,20,0.0,-0.3181746006011963
4,task_5,63,21,0.0,-0.3181746006011963
4,task_5,63,22,0.0,-0.3181746006011963
4,task_5,63,23,0.0,-0.3181746006011963
4,task_5,63,24,0.12834413349628448,-0.06552500277757645
4,task_5,63,25,0.2921752631664276,0.2818642258644104
4,task_5,63,26,0.43966221809387207,0.5908449292182922
4,task_5,63,27,0.5603252053260803,0.8497799038887024
4,task_5,63,28,0.6528700590133667,1.047987937927246
4,task_5,63,29,2.3642187118530273,4.931238651275635
4,task_5,64,0,0.0,0.6235272884368896
4,task_5,64,1,0.0,0.6235272884368896
4,task_5,64,2,0.0,0.6235272884368896
4,task_5,64,3,0.0,0.6235272884368896
4,task_5,64,4,0.0,0.6235272884368896
4,task_5,64,5,0.0,0.6235272884368896
4,task_5,64,6,0.0,0.6235272884368896
4,task_5,64,7,0.0,0.6235272884368896
4,task_5,64,8,0.0,0.6235272884368896
4,task_5,64,9,0.0,0.6235272884368896
4,task_5,64,10,0.0,0.6235272884368896
4,task_5,64,11,0.0,0.6235272884368896
4,task_5,64,12,0.0,0.6235272884368896
4,task_5,64,13,0.0,0.6235272884368896
4,task_5,64,14,0.0,0.6235272884368896
4,task_5,64,15,0.0,0.6235272884368896
4,task_5,64,16,0.0,0.6235272884368896
4,task_5,64,17,0.07025974988937378,0.3912988305091858
4,task_5,64,18,0.14746034145355225,0.11206305027008057
4,task_5,64,19,0.2176186740398407,-0.1433470994234085
4,task_5,64,20,0.2860570251941681,-0.32725435495376587
4,task_5,64,21,0.35117384791374207,-0.5109495520591736
4,task_5,64,22,0.41063880920410156,-0.6436737179756165
4,task_5,64,23,0.4578310549259186,-0.743004322052002
4,task_5,64,24,0.5160318613052368,-0.8487850427627563
4,task_5,64,25,0.5444042086601257,-0.9080232381820679
4,task_5,64,26,0.5693174600601196,-0.9428650736808777
4,task_5,64,27,0.596545934677124,-0.9783045649528503
4,task_5,64,28,0.6113901138305664,-0.9969519972801208
4,task_5,64,29,2.8349199295043945,-4.0601654052734375
4,task_5,65,0,0.0,-0.21029847860336304
4,task_5,65,1,0.0,-0.21029847860336304
4,task_5,65,2,0.0,-0.21029847860336304
4,task_5,65,3,0.0,-0.21029847860336304
4,task_5,65,4,0.0,-0.21029847860336304
4,task_5,65,5,0.0,-0.21029847860336304
4,task_5,65,6,0.0,-0.21029847860336304
4,task_5,65,7,0.0,-0.21029847860336304
4,task_5,65,8,0.0,-0.21029847860336304
4,task_5,65,9,0.0,-0.21029847860336304
4,task_5,65,10,0.0,-0.21029847860336304
4,task_5,65,11,0.0,-0.21029847860336304
4,task_5,65,12,0.0,-0.21029847860336304
4,task_5,65,13,0.0,-0.21029847860336304
4,task_5,65,14,0.0,-0.21029847860336304
4,task_5,65,15,0.0,-0.21029847860336304
4,task_5,65,16,0.0,-0.21029847860336304
4,task_5,65,17,0.0,-0.21029847860336304
4,task_5,65,18,0.0,-0.21029847860336304
4,task_5,65,19,0.0,-0.21029847860336304
4,task_5,65,20,0.0,-0.21029847860336304
4,task_5,65,21,0.0,-0.21029847860336304
4,task_5,65,22,0.0,-0.21029847860336304
4,task_5,65,23,0.0,-0.21029847860336304
4,task_5,65,24,0.0,-0.21029847860336304
4,task_5,65,25,0.01405450701713562,-0.17959871888160706
4,task_5,65,26,0.06704486906528473,-0.04709434136748314
4,task_5,65,27,0.10692928731441498,0.05985068157315254
4,task_5,65,28,0.14252538979053497,0.14848656952381134
4,task_5,65,29,1.4996029138565063,5.27581787109375
4,task_5,66,0,0.0,-0.8284035921096802
4,task_5,66,1,0.0,-0.8284035921096802
4,task_5,66,2,0.0,-0.8284035921096802
4,task_5,66,3,0.0,-0.8284035921096802
4,task_5,66,4,0.0,-0.8284035921096802
4,task_5,66,5,0.0,-0.8284035921096802
4,task_5,66,6,0.0,-0.8284035921096802
4,task_5,66,7,0.0,-0.8284035921096802
4,task_5,66,8,0.0,-0.8284035921096802
4,task_5,66,9,0.006997067481279373,-0.8120969533920288
4,task_5,66,10,0.05251256376504898,-0.7130012512207031
4,task_5,66,11,0.10441620647907257,-0.585409939289093
4,task_5,66,12,0.15612421929836273,-0.45907172560691833
4,task_5,66,13,0.21456468105316162,-0.31950831413269043
4,task_5,66,14,0.2627204656600952,-0.20217637717723846
4,task_5,66,15,0.3126679062843323,-0.08004675060510635
4,task_5,66,16,0.3390922248363495,-0.012322730384767056
4,task_5,66,17,0.36876845359802246,0.06528929620981216
4,task_5,66,18,0.3935184180736542,0.12954506278038025
4,task_5,66,19,0.41434454917907715,0.1836143583059311
4,task_5,66,20,0.4329240322113037,0.23390987515449524
4,task_5,66,21,0.4463404417037964,0.27082881331443787
4,task_5,66,22,0.45632705092430115,0.2970624268054962
4,task_5,66,23,0.46793484687805176,0.327962726354599
4,task_5,66,24,0.5558092594146729,0.5817720890045166
4,task_5,66,25,0.6649035811424255,0.9097141623497009
4,task_5,66,26,0.7470477819442749,1.155922532081604
4,task_5,66,27,0.7989981174468994,1.308699607849121
4,task_5,66,28,0.8210441470146179,1.3690004348754883
4,task_5,66,29,1.7236995697021484,3.805943250656128
4,task_5,67,0,0.3858455419540405,1.39665949344635
4,task_5,67,1,0.4597432613372803,0.9638656973838806
4,task_5,67,2,0.5019074082374573,0.6259338855743408
4,task_5,67,3,0.515779972076416,0.5275911092758179
4,task_5,67,4,0.5219666361808777,0.4841146767139435
4,task_5,67,5,0.528133749961853,0.43656694889068604
4,task_5,67,6,0.5318492650985718,0.4140640199184418
4,task_5,67,7,0.5353424549102783,0.3897826671600342
4,task_5,67,8,0.5395268797874451,0.35839688777923584
4,task_5,67,9,0.5425092577934265,0.3354656398296356
4,task_5,67,10,0.546931266784668,0.3019145429134369
4,task_5,67,11,0.5516316890716553,0.2633243203163147
4,task_5,67,12,0.5555901527404785,0.22301998734474182
4,task_5,67,13,0.5594088435173035,0.19027702510356903
4,task_5,67,14,0.564807116985321,0.1701516956090927
4,task_5,67,15,0.5688146352767944,0.12477420270442963
4,task_5,67,16,0.5726802945137024,0.09312167763710022
4,task_5,67,17,0.5779822468757629,0.04628945514559746
4,task_5,67,18,0.5824360847473145,0.013950295746326447
4,task_5,67,19,0.5885613560676575,-0.022862855345010757
4,task_5,67,20,0.5955008268356323,-0.07268381863832474
4,task_5,67,21,0.6062221527099609,-0.1281956434249878
4,task_5,67,22,0.6129199862480164,-0.17160043120384216
4,task_5,67,23,0.6198049187660217,-0.24193553626537323
4,task_5,67,24,0.6272730827331543,-0.30406978726387024
4,task_5,67,25,0.6314547657966614,-0.3330221176147461
4,task_5,67,26,0.6391555070877075,-0.3777990937232971
4,task_5,67,27,0.6450545191764832,-0.41621384024620056
4,task_5,67,28,0.6544171571731567,-0.4622507095336914
4,task_5,67,29,1.888693928718567,-4.8286285400390625
4,task_5,68,0,0.0,0.0
4,task_5,68,1,0.0,0.0
4,task_5,68,2,0.0,0.0
4,task_5,68,3,0.0,0.0
4,task_5,68,4,0.0,0.0
4,task_5,68,5,0.0,0.0
4,task_5,68,6,0.0,0.0
4,task_5,68,7,0.0,0.0
4,task_5,68,8,0.0,0.0
4,task_5,68,9,0.0,0.0
4,task_5,68,10,0.0,0.0
4,task_5,68,11,0.0,0.0
4,task_5,68,12,0.0,0.0
4,task_5,68,13,0.0,0.0
4,task_5,68,14,0.0,0.0
4,task_5,68,15,0.007814496755599976,0.0
4,task_5,68,16,0.0217585526406765,0.0
4,task_5,68,17,0.03432257100939751,0.0
4,task_5,68,18,0.05166694521903992,0.0
4,task_5,68,19,0.07054391503334045,0.0
4,task_5,68,20,0.08501957356929779,0.0
4,task_5,68,21,0.09762729704380035,0.0
4,task_5,68,22,0.11085846275091171,0.0
4,task_5,68,23,0.11927768588066101,0.0
4,task_5,68,24,0.12774249911308289,0.0
4,task_5,68,25,0.13523581624031067,0.0
4,task_5,68,26,0.1423279345035553,0.0
4,task_5,68,27,0.15127301216125488,0.0
4,task_5,68,28,0.16322897374629974,0.0
4,task_5,68,29,0.19349415600299835,0.0
4,task_5,69,0,0.0,-0.5617741942405701
4,task_5,69,1,0.0,-0.5617741942405701
4,task_5,69,2,0.0,-0.5617741942405701
4,task_5,69,3,0.0,-0.5617741942405701
4,task_5,69,4,0.0,-0.5617741942405701
4,task_5,69,5,0.0,-0.5617741942405701
4,task_5,69,6,0.0,-0.5617741942405701
4,task_5,69,7,0.0,-0.5617741942405701
4,task_5,69,8,0.0,-0.5617741942405701
4,task_5,69,9,0.0,-0.5617741942405701
4,task_5,69,10,0.08790601789951324,-0.5791513323783875
4,task_5,69,11,0.19814661145210266,-0.5982059836387634
4,task_5,69,12,0.32080331444740295,-0.595003604888916
4,task_5,69,13,0.4347912669181824,-0.5624479651451111
4,task_5,69,14,0.5342698097229004,-0.5162089467048645
4,task_5,69,15,0.6528329253196716,-0.43609800934791565
4,task_5,69,16,0.7651174068450928,-0.34609654545783997
4,task_5,69,17,0.8709056377410889,-0.2596176564693451
4,task_5,69,18,0.9874647855758667,-0.16739298403263092
4,task_5,69,19,1.0765414237976074,-0.09508631378412247
4,task_5,69,20,1.153759241104126,-0.024167943745851517
4,task_5,69,21,1.2451932430267334,0.038728978484869
4,task_5,69,22,1.298068881034851,0.11142094433307648
4,task_5,69,23,1.4497357606887817,0.30543166399002075
4,task_5,69,24,1.668570876121521,0.6135009527206421
4,task_5,69,25,1.8394216299057007,0.8732591867446899
4,task_5,69,26,1.9717020988464355,1.0738756656646729
4,task_5,69,27,2.060882091522217,1.2142252922058105
4,task_5,69,28,2.1121344566345215,1.2949726581573486
4,task_5,69,29,3.8600914478302,4.2718024253845215
4,task_5,70,0,0.0,-0.5053161382675171
4,task_5,70,1,0.0,-0.5053161382675171
4,task_5,70,2,0.0,-0.5053161382675171
4,task_5,70,3,0.0,-0.5053161382675171
4,task_5,70,4,0.0,-0.5053161382675171
4,task_5,70,5,0.0,-0.5053161382675171
4,task_5,70,6,0.0,-0.5053161382675171
4,task_5,70,7,0.0,-0.5053161382675171
4,task_5,70,8,0.0,-0.5053161382675171
4,task_5,70,9,0.0,-0.5053161382675171
4,task_5,70,10,0.0,-0.5053161382675171
4,task_5,70,11,0.0,-0.5053161382675171
4,task_5,70,12,0.002308681607246399,-0.5051347613334656
4,task_5,70,13,0.07934829592704773,-0.4552256464958191
4,task_5,70,14,0.14635516703128815,-0.40850090980529785
4,task_5,70,15,0.22631412744522095,-0.34970685839653015
4,task_5,70,16,0.30011850595474243,-0.2945708632469177
4,task_5,70,17,0.3761793375015259,-0.2237573117017746
4,task_5,70,18,0.4560072720050812,-0.1427106410264969
4,task_5,70,19,0.529668390750885,-0.061226021498441696
4,task_5,70,20,0.5896064639091492,0.01153163518756628
4,task_5,70,21,0.6528450846672058,0.09194014966487885
4,task_5,70,22,0.7133777737617493,0.17421001195907593
4,task_5,70,23,0.7528623342514038,0.2273862510919571
4,task_5,70,24,0.8579473495483398,0.3846336901187897
4,task_5,70,25,0.9663649797439575,0.5527247786521912
4,task_5,70,26,1.0565049648284912,0.6917709112167358
4,task_5,70,27,1.1096470355987549,0.7803001403808594
4,task_5,70,28,1.140091896057129,0.8243938088417053
4,task_5,70,29,3.455996513366699,4.765734672546387
4,task_5,71,0,0.0,0.40059933066368103
4,task_5,71,1,0.0,0.40059933066368103
4,task_5,71,2,0.0,0.40059933066368103
4,task_5,71,3,0.0,0.40059933066368103
4,task_5,71,4,0.0,0.40059933066368103
4,task_5,71,5,0.0,0.40059933066368103
4,task_5,71,6,0.0,0.40059933066368103
4,task_5,71,7,0.0,0.40059933066368103
4,task_5,71,8,0.0,0.40059933066368103
4,task_5,71,9,0.0,0.40059933066368103
4,task_5,71,10,0.0,0.40059933066368103
4,task_5,71,11,0.0,0.40059933066368103
4,task_5,71,12,0.0,0.40059933066368103
4,task_5,71,13,0.0,0.40059933066368103
4,task_5,71,14,0.0,0.40059933066368103
4,task_5,71,15,0.0,0.40059933066368103
4,task_5,71,16,0.0,0.40059933066368103
4,task_5,71,17,0.0,0.40059933066368103
4,task_5,71,18,0.016508527100086212,0.3529719412326813
4,task_5,71,19,0.06846832484006882,0.1846967488527298
4,task_5,71,20,0.1076580286026001,0.07034512609243393
4,task_5,71,21,0.1624954491853714,-0.0807870402932167
4,task_5,71,22,0.1964084655046463,-0.17734462022781372
4,task_5,71,23,0.24196311831474304,-0.2924564778804779
4,task_5,71,24,0.26748743653297424,-0.3595217168331146
4,task_5,71,25,0.28460070490837097,-0.40677136182785034
4,task_5,71,26,0.30484169721603394,-0.4571365416049957
4,task_5,71,27,0.326961487531662,-0.5166876912117004
4,task_5,71,28,0.34110012650489807,-0.5534364581108093
4,task_5,71,29,2.007221221923828,-4.974660873413086
4,task_5,72,0,0.0,-1.4661197662353516
4,task_5,72,1,0.0,-1.4661197662353516
4,task_5,72,2,0.0,-1.4661197662353516
4,task_5,72,3,0.049928031861782074,-1.3834878206253052
4,task_5,72,4,0.12263721227645874,-1.231199026107788
4,task_5,72,5,0.18905259668827057,-1.069895625114441
4,task_5,72,6,0.2645021975040436,-0.8740701675415039
4,task_5,72,7,0.3302455246448517,-0.6907402276992798
4,task_5,72,8,0.4091319441795349,-0.46789583563804626
4,task_5,72,9,0.4663912057876587,-0.29837921261787415
4,task_5,72,10,0.5275123119354248,-0.11517035216093063
4,task_5,72,11,0.5841320753097534,0.03172371909022331
4,task_5,72,12,0.6236311197280884,0.1323757767677307
4,task_5,72,13,0.6588694453239441,0.22450128197669983
4,task_5,72,14,0.6747539043426514,0.2656582295894623
4,task_5,72,15,0.6839694380760193,0.29023393988609314
4,task_5,72,16,0.6901710033416748,0.30629265308380127
4,task_5,72,17,0.6936783194541931,0.3154758810997009
4,task_5,72,18,0.6970098614692688,0.3237246870994568
4,task_5,72,19,0.7010793089866638,0.3344334363937378
4,task_5,72,20,0.7060437202453613,0.34739434719085693
4,task_5,72,21,0.7093902826309204,0.35615622997283936
4,task_5,72,22,0.7147701978683472,0.370545357465744
4,task_5,72,23,0.7214629054069519,0.38804954290390015
4,task_5,72,24,0.739693284034729,0.4364358186721802
4,task_5,72,25,0.7674424052238464,0.5128729343414307
4,task_5,72,26,0.816267728805542,0.6156934499740601
4,task_5,72,27,0.8766133189201355,0.7415552735328674
4,task_5,72,28,0.9437126517295837,0.9310717582702637
4,task_5,72,29,1.8266797065734863,3.60500168800354
4,task_5,73,0,0.2138727754354477,-0.29298314452171326
4,task_5,73,1,0.2212437242269516,-0.28219881653785706
4,task_5,73,2,0.227603018283844,-0.27282950282096863
4,task_5,73,3,0.23302346467971802,-0.2652956247329712
4,task_5,73,4,0.23779328167438507,-0.2581036686897278
4,task_5,73,5,0.24342605471611023,-0.2517140507698059
4,task_5,73,6,0.2471015900373459,-0.24534252285957336
4,task_5,73,7,0.2514130771160126,-0.23938007652759552
4,task_5,73,8,0.2555346190929413,-0.23347514867782593
4,task_5,73,9,0.2601386606693268,-0.22907154262065887
4,task_5,73,10,0.2654447555541992,-0.22314496338367462
4,task_5,73,11,0.2714901268482208,-0.21365508437156677
4,task_5,73,12,0.2761915326118469,-0.20728717744350433
4,task_5,73,13,0.28181275725364685,-0.19784915447235107
4,task_5,73,14,0.2876071035861969,-0.18882392346858978
4,task_5,73,15,0.29362261295318604,-0.18145929276943207
4,task_5,73,16,0.29918259382247925,-0.17127592861652374
4,task_5,73,17,0.30469247698783875,-0.16179516911506653
4,task_5,73,18,0.3104575276374817,-0.15313012897968292
4,task_5,73,19,0.31694546341896057,-0.14610056579113007
4,task_5,73,20,0.324060320854187,-0.13772623240947723
4,task_5,73,21,0.33157220482826233,-0.12644018232822418
4,task_5,73,22,0.3378991484642029,-0.11778892576694489
4,task_5,73,23,0.3462739586830139,-0.10538922250270844
4,task_5,73,24,0.3540014624595642,-0.09105724096298218
4,task_5,73,25,0.35794103145599365,-0.08617986738681793
4,task_5,73,26,0.36450260877609253,-0.07564126700162888
4,task_5,73,27,0.3685654401779175,-0.06841917335987091
4,task_5,73,28,0.3743354380130768,-0.058425240218639374
4,task_5,73,29,2.6860339641571045,5.281982421875
4,task_5,74,0,0.0,1.0392435789108276
4,task_5,74,1,0.0,1.0392435789108276
4,task_5,74,2,0.0,1.0392435789108276
4,task_5,74,3,0.0,1.0392435789108276
4,task_5,74,4,0.0,1.0392435789108276
4,task_5,74,5,0.0,1.0392435789108276
4,task_5,74,6,0.0,1.0392435789108276
4,task_5,74,7,0.0,1.0392435789108276
4,task_5,74,8,0.0,1.0392435789108276
4,task_5,74,9,0.012837588787078857,1.0010534524917603
4,task_5,74,10,0.06956028938293457,0.8201947212219238
4,task_5,74,11,0.1139003112912178,0.684186577796936
4,task_5,74,12,0.17788994312286377,0.5180449485778809
4,task_5,74,13,0.22742308676242828,0.4037853479385376
4,task_5,74,14,0.2942814230918884,0.20811085402965546
4,task_5,74,15,0.3515264391899109,0.05195959284901619
4,task_5,74,16,0.4141537845134735,-0.10770455002784729
4,task_5,74,17,0.473776638507843,-0.2515372931957245
4,task_5,74,18,0.5349311232566833,-0.4002850651741028
4,task_5,74,19,0.5917422771453857,-0.5342578291893005
4,task_5,74,20,0.6444169878959656,-0.659992516040802
4,task_5,74,21,0.692025899887085,-0.7671622633934021
4,task_5,74,22,0.7486714124679565,-0.9000388383865356
4,task_5,74,23,0.7901078462600708,-0.9898380041122437
4,task_5,74,24,0.8216321468353271,-1.0700161457061768
4,task_5,74,25,0.8505924344062805,-1.13692307472229
4,task_5,74,26,0.8729496598243713,-1.1914730072021484
4,task_5,74,27,0.8936293125152588,-1.2434265613555908
4,task_5,74,28,0.9084178805351257,-1.282516598701477
4,task_5,74,29,1.520611047744751,-2.5053517818450928
4,task_5,75,0,9.999999747378752e-05,0.0
4,task_5,75,1,9.999999747378752e-05,0.0
4,task_5,75,2,9.999999747378752e-05,0.0
4,task_5,75,3,9.999999747378752e-05,0.0
4,task_5,75,4,9.999999747378752e-05,0.0
4,task_5,75,5,9.999999747378752e-05,0.0
4,task_5,75,6,9.999999747378752e-05,0.0
4,task_5,75,7,9.999999747378752e-05,0.0
4,task_5,75,8,9.999999747378752e-05,0.0
4,task_5,75,9,9.999999747378752e-05,0.0
4,task_5,75,10,9.999999747378752e-05,0.0
4,task_5,75,11,9.999999747378752e-05,0.0
4,task_5,75,12,9.999999747378752e-05,0.0
4,task_5,75,13,9.999999747378752e-05,0.0
4,task_5,75,14,9.999999747378752e-05,0.0
4,task_5,75,15,9.999999747378752e-05,0.0
4,task_5,75,16,9.999999747378752e-05,0.0
4,task_5,75,17,9.999999747378752e-05,0.0
4,task_5,75,18,9.999999747378752e-05,0.0
4,task_5,75,19,9.999999747378752e-05,0.0
4,task_5,75,20,9.999999747378752e-05,0.0
4,task_5,75,21,9.999999747378752e-05,0.0
4,task_5,75,22,9.999999747378752e-05,0.0
4,task_5,75,23,9.999999747378752e-05,0.0
4,task_5,75,24,9.999999747378752e-05,0.0
4,task_5,75,25,9.999999747378752e-05,0.0
4,task_5,75,26,9.999999747378752e-05,0.0
4,task_5,75,27,9.999999747378752e-05,0.0
4,task_5,75,28,9.999999747378752e-05,0.0
4,task_5,75,29,9.999999747378752e-05,0.0
4,task_5,76,0,0.0,-0.39303267002105713
4,task_5,76,1,0.0,-0.39303267002105713
4,task_5,76,2,0.0,-0.39303267002105713
4,task_5,76,3,0.0,-0.39303267002105713
4,task_5,76,4,0.0,-0.39303267002105713
4,task_5,76,5,0.0,-0.39303267002105713
4,task_5,76,6,0.0,-0.39303267002105713
4,task_5,76,7,0.0,-0.39303267002105713
4,task_5,76,8,0.0,-0.39303267002105713
4,task_5,76,9,0.0,-0.39303267002105713
4,task_5,76,10,0.0,-0.39303267002105713
4,task_5,76,11,0.0,-0.39303267002105713
4,task_5,76,12,0.0,-0.39303267002105713
4,task_5,76,13,0.0,-0.39303267002105713
4,task_5,76,14,0.0,-0.39303267002105713
4,task_5,76,15,0.0,-0.39303267002105713
4,task_5,76,16,0.0,-0.39303267002105713
4,task_5,76,17,0.0,-0.39303267002105713
4,task_5,76,18,0.0,-0.39303267002105713
4,task_5,76,19,0.0,-0.39303267002105713
4,task_5,76,20,0.0,-0.39303267002105713
4,task_5,76,21,0.0,-0.39303267002105713
4,task_5,76,22,0.00962798297405243,-0.3640604317188263
4,task_5,76,23,0.11487875878810883,-0.026156367734074593
4,task_5,76,24,0.2185569852590561,0.32688233256340027
4,task_5,76,25,0.3175475597381592,0.6734901070594788
4,task_5,76,26,0.3931756019592285,0.9353182315826416
4,task_5,76,27,0.4736122786998749,1.1914862394332886
4,task_5,76,28,0.5241441130638123,1.3500717878341675
4,task_5,76,29,1.6145896911621094,4.559686183929443
4,task_5,77,0,0.0,-0.6052033305168152
4,task_5,77,1,0.0,-0.6052033305168152
4,task_5,77,2,0.0,-0.6052033305168152
4,task_5,77,3,0.0,-0.6052033305168152
4,task_5,77,4,0.0,-0.6052033305168152
4,task_5,77,5,0.0,-0.6052033305168152
4,task_5,77,6,0.0,-0.6052033305168152
4,task_5,77,7,0.0,-0.6052033305168152
4,task_5,77,8,0.0,-0.6052033305168152
4,task_5,77,9,0.0,-0.6052033305168152
4,task_5,77,10,0.0,-0.6052033305168152
4,task_5,77,11,0.0,-0.6052033305168152
4,task_5,77,12,0.0,-0.6052033305168152
4,task_5,77,13,0.0,-0.6052033305168152
4,task_5,77,14,0.0,-0.6052033305168152
4,task_5,77,15,0.0,-0.6052033305168152
4,task_5,77,16,0.0,-0.6052033305168152
4,task_5,77,17,0.0,-0.6052033305168152
4,task_5,77,18,0.0,-0.6052033305168152
4,task_5,77,19,0.002709120512008667,-0.5813548564910889
4,task_5,77,20,0.031719692051410675,-0.38572683930397034
4,task_5,77,21,0.05667770653963089,-0.03122095577418804
4,task_5,77,22,0.08959318697452545,0.5667200088500977
4,task_5,77,23,0.11296971887350082,0.988917887210846
4,task_5,77,24,0.13427592813968658,1.3657350540161133
4,task_5,77,25,0.1540072113275528,1.7159912586212158
4,task_5,77,26,0.16788309812545776,1.964950680732727
4,task_5,77,27,0.17771878838539124,1.964950680732727
4,task_5,77,28,0.18758562207221985,1.964950680732727
4,task_5,77,29,0.20881104469299316,1.964950680732727
4,task_5,78,0,0.0,-0.32702404260635376
4,task_5,78,1,0.0,-0.32702404260635376
4,task_5,78,2,0.0,-0.32702404260635376
4,task_5,78,3,0.0,-0.32702404260635376
4,task_5,78,4,0.0,-0.32702404260635376
4,task_5,78,5,0.0,-0.32702404260635376
4,task_5,78,6,0.0,-0.32702404260635376
4,task_5,78,7,0.0,-0.32702404260635376
4,task_5,78,8,0.0,-0.32702404260635376
4,task_5,78,9,0.0,-0.32702404260635376
4,task_5,78,10,0.0,-0.32702404260635376
4,task_5,78,11,0.0,-0.32702404260635376
4,task_5,78,12,0.0,-0.32702404260635376
4,task_5,78,13,0.0,-0.32702404260635376
4,task_5,78,14,0.0,-0.32702404260635376
4,task_5,78,15,0.0,-0.32702404260635376
4,task_5,78,16,0.0,-0.32702404260635376
4,task_5,78,17,0.03687568008899689,-0.3014824688434601
4,task_5,78,18,0.08288166671991348,-0.269802987575531
4,task_5,78,19,0.11920537054538727,-0.24574528634548187
4,task_5,78,20,0.14619353413581848,-0.22637547552585602
4,task_5,78,21,0.19079703092575073,-0.18119873106479645
4,task_5,78,22,0.27928251028060913,-0.09079931676387787
4,task_5,78,23,0.3963445723056793,0.03754422441124916
4,task_5,78,24,0.48872292041778564,0.15712037682533264
4,task_5,78,25,0.5878881216049194,0.277891606092453
4,task_5,78,26,0.6603456139564514,0.37012118101119995
4,task_5,78,27,0.7075831890106201,0.4289381504058838
4,task_5,78,28,0.7514841556549072,0.4839130640029907
4,task_5,78,29,3.392364740371704,5.119284629821777
4,task_5,79,0,0.0,0.861802875995636
4,task_5,79,1,0.0,0.861802875995636
4,task_5,79,2,0.0,0.861802875995636
4,task_5,79,3,0.0,0.861802875995636
4,task_5,79,4,0.0,0.861802875995636
4,task_5,79,5,0.0,0.861802875995636
4,task_5,79,6,0.0,0.861802875995636
4,task_5,79,7,0.0,0.861802875995636
4,task_5,79,8,0.0,0.861802875995636
4,task_5,79,9,0.0,0.861802875995636
4,task_5,79,10,0.0,0.861802875995636
4,task_5,79,11,0.0,0.861802875995636
4,task_5,79,12,0.0,0.861802875995636
4,task_5,79,13,0.042895399034023285,0.6921042799949646
4,task_5,79,14,0.08945468068122864,0.48507001996040344
4,task_5,79,15,0.1274821162223816,0.32559654116630554
4,task_5,79,16,0.1839555948972702,0.06377235800027847
4,task_5,79,17,0.22835904359817505,-0.129179909825325
4,task_5,79,18,0.27272215485572815,-0.3222654461860657
4,task_5,79,19,0.3160673975944519,-0.49756014347076416
4,task_5,79,20,0.3521263003349304,-0.6289668679237366
4,task_5,79,21,0.3945366442203522,-0.7684104442596436
4,task_5,79,22,0.4310440719127655,-0.8614069819450378
4,task_5,79,23,0.4606216251850128,-0.9623079299926758
4,task_5,79,24,0.4939670264720917,-1.0368013381958008
4,task_5,79,25,0.514740526676178,-1.0827239751815796
4,task_5,79,26,0.5248754024505615,-1.1027276515960693
4,task_5,79,27,0.5426394939422607,-1.1445674896240234
4,task_5,79,28,0.5558066368103027,-1.1769710779190063
4,task_5,79,29,2.1171910762786865,-3.056091070175171
4,task_5,80,0,0.0,-0.6317676901817322
4,task_5,80,1,0.0,-0.6317676901817322
4,task_5,80,2,0.0,-0.6317676901817322
4,task_5,80,3,0.0,-0.6317676901817322
4,task_5,80,4,0.0,-0.6317676901817322
4,task_5,80,5,0.0,-0.6317676901817322
4,task_5,80,6,0.0,-0.6317676901817322
4,task_5,80,7,0.0,-0.6317676901817322
4,task_5,80,8,0.0,-0.6317676901817322
4,task_5,80,9,0.0,-0.6317676901817322
4,task_5,80,10,0.0,-0.6317676901817322
4,task_5,80,11,0.0,-0.6317676901817322
4,task_5,80,12,0.0,-0.6317676901817322
4,task_5,80,13,0.0,-0.6317676901817322
4,task_5,80,14,0.05033975839614868,-0.54722660779953
4,task_5,80,15,0.11769235134124756,-0.42697182297706604
4,task_5,80,16,0.17207348346710205,-0.33025065064430237
4,task_5,80,17,0.23010706901550293,-0.23226891458034515
4,task_5,80,18,0.27553290128707886,-0.15314942598342896
4,task_5,80,19,0.3245040774345398,-0.06730645149946213
4,task_5,80,20,0.3728017807006836,0.01800796389579773
4,task_5,80,21,0.5308861136436462,0.3015746772289276
4,task_5,80,22,0.6437059640884399,0.5236871242523193
4,task_5,80,23,0.7516834735870361,0.7407522201538086
4,task_5,80,24,0.8024138808250427,0.8473999500274658
4,task_5,80,25,0.8466106057167053,0.9395697116851807
4,task_5,80,26,0.8717519640922546,0.991293728351593
4,task_5,80,27,0.8932828307151794,1.037768840789795
4,task_5,80,28,0.9124855399131775,1.078602910041809
4,task_5,80,29,2.5222978591918945,4.123262405395508
4,task_5,81,0,0.0,-0.275497704744339
4,task_5,81,1,0.0,-0.275497704744339
4,task_5,81,2,0.0,-0.275497704744339
4,task_5,81,3,0.0,-0.275497704744339
4,task_5,81,4,0.0,-0.275497704744339
4,task_5,81,5,0.0,-0.275497704744339
4,task_5,81,6,0.0,-0.275497704744339
4,task_5,81,7,0.0,-0.275497704744339
4,task_5,81,8,0.0,-0.275497704744339
4,task_5,81,9,0.0,-0.275497704744339
4,task_5,81,10,0.0,-0.275497704744339
4,task_5,81,11,0.0,-0.275497704744339
4,task_5,81,12,0.0,-0.275497704744339
4,task_5,81,13,0.0,-0.275497704744339
4,task_5,81,14,0.0,-0.275497704744339
4,task_5,81,15,0.0,-0.275497704744339
4,task_5,81,16,0.0,-0.275497704744339
4,task_5,81,17,0.0,-0.275497704744339
4,task_5,81,18,0.0,-0.275497704744339
4,task_5,81,19,0.0,-0.275497704744339
4,task_5,81,20,0.0,-0.275497704744339
4,task_5,81,21,0.0,-0.275497704744339
4,task_5,81,22,0.0,-0.275497704744339
4,task_5,81,23,0.0,-0.275497704744339
4,task_5,81,24,0.021170541644096375,-0.25368767976760864
4,task_5,81,25,0.19955307245254517,0.01501452550292015
4,task_5,81,26,0.3605822026729584,0.3057757019996643
4,task_5,81,27,0.5003430843353271,0.5918641686439514
4,task_5,81,28,0.6416621804237366,0.8609411716461182
4,task_5,81,29,3.4729013442993164,5.092035293579102
4,task_5,82,0,0.0,1.0327361822128296
4,task_5,82,1,0.0,1.0327361822128296
4,task_5,82,2,0.0,1.0327361822128296
4,task_5,82,3,0.0,1.0327361822128296
4,task_5,82,4,0.0,1.0327361822128296
4,task_5,82,5,0.0,1.0327361822128296
4,task_5,82,6,0.0,1.0327361822128296
4,task_5,82,7,0.0,1.0327361822128296
4,task_5,82,8,0.0,1.0327361822128296
4,task_5,82,9,0.005821648985147476,1.0385857820510864
4,task_5,82,10,0.01781480386853218,0.8777581453323364
4,task_5,82,11,0.02612285129725933,0.7291488647460938
4,task_5,82,12,0.040254753082990646,0.49547144770622253
4,task_5,82,13,0.056096401065588,0.20472095906734467
4,task_5,82,14,0.07121153175830841,-0.06932908296585083
4,task_5,82,15,0.08883753418922424,-0.4044429659843445
4,task_5,82,16,0.10725776851177216,-0.7600150108337402
4,task_5,82,17,0.12626734375953674,-1.1273411512374878
4,task_5,82,18,0.1422126293182373,-1.144040822982788
4,task_5,82,19,0.159465491771698,-1.1550506353378296
4,task_5,82,20,0.17954692244529724,-1.1258658170700073
4,task_5,82,21,0.1971065104007721,-1.1082440614700317
4,task_5,82,22,0.21690699458122253,-1.0712919235229492
4,task_5,82,23,0.22863441705703735,-1.0874345302581787
4,task_5,82,24,0.2391643077135086,-1.0724642276763916
4,task_5,82,25,0.25794175267219543,-1.0299228429794312
4,task_5,82,26,0.26632773876190186,-1.0161842107772827
4,task_5,82,27,0.2747202515602112,-0.9838101267814636
4,task_5,82,28,0.2835537791252136,-0.9472128748893738
4,task_5,82,29,1.2001900672912598,1.462342619895935
4,task_5,83,0,0.0,0.0
4,task_5,83,1,0.0,0.0
4,task_5,83,2,0.0,0.0
4,task_5,83,3,0.0,0.0
4,task_5,83,4,0.0,0.0
4,task_5,83,5,0.0,0.0
4,task_5,83,6,0.0,0.0
4,task_5,83,7,0.0,0.0
4,task_5,83,8,0.0,0.0
4,task_5,83,9,0.0,0.0
4,task_5,83,10,0.0,0.0
4,task_5,83,11,0.0,0.0
4,task_5,83,12,0.0,0.0
4,task_5,83,13,0.0,0.0
4,task_5,83,14,0.0,0.0
4,task_5,83,15,0.0,0.0
4,task_5,83,16,0.0,0.0
4,task_5,83,17,0.0,0.0
4,task_5,83,18,0.0,0.0
4,task_5,83,19,0.0,0.0
4,task_5,83,20,0.0,0.0
4,task_5,83,21,0.0,0.0
4,task_5,83,22,0.0,0.0
4,task_5,83,23,0.0,0.0
4,task_5,83,24,0.012904107570648193,0.0
4,task_5,83,25,0.029335111379623413,0.0
4,task_5,83,26,0.03838363289833069,0.0
4,task_5,83,27,0.046383172273635864,0.0
4,task_5,83,28,0.06059274077415466,0.0
4,task_5,83,29,0.09949363768100739,0.0
4,task_5,84,0,0.0,0.1737440675497055
4,task_5,84,1,0.0,0.1737440675497055
4,task_5,84,2,0.0,0.1737440675497055
4,task_5,84,3,0.0,0.1737440675497055
4,task_5,84,4,0.0,0.1737440675497055
4,task_5,84,5,0.0,0.1737440675497055
4,task_5,84,6,0.0,0.1737440675497055
4,task_5,84,7,0.0,0.1737440675497055
4,task_5,84,8,0.0,0.1737440675497055
4,task_5,84,9,0.0,0.1737440675497055
4,task_5,84,10,0.0,0.1737440675497055
4,task_5,84,11,0.0,0.1737440675497055
4,task_5,84,12,0.0,0.1737440675497055
4,task_5,84,13,0.0,0.1737440675497055
4,task_5,84,14,0.0,0.1737440675497055
4,task_5,84,15,0.0,0.1737440675497055
4,task_5,84,16,0.0,0.1737440675497055
4,task_5,84,17,0.0,0.1737440675497055
4,task_5,84,18,0.0,0.1737440675497055
4,task_5,84,19,0.0,0.1737440675497055
4,task_5,84,20,0.0,0.1737440675497055
4,task_5,84,21,0.0,0.1737440675497055
4,task_5,84,22,0.0,0.1737440675497055
4,task_5,84,23,0.0,0.1737440675497055
4,task_5,84,24,0.008562609553337097,0.18185262382030487
4,task_5,84,25,0.030004702508449554,0.2053171694278717
4,task_5,84,26,0.04593349248170853,0.22354687750339508
4,task_5,84,27,0.055885352194309235,0.2446001023054123
4,task_5,84,28,0.0651521310210228,0.2680874168872833
4,task_5,84,29,3.004223346710205,-5.293261528015137
4,task_5,85,0,0.0,0.0
4,task_5,85,1,0.0010920315980911255,0.0
4,task_5,85,2,0.00519619882106781,0.0
4,task_5,85,3,0.007681265473365784,0.0
4,task_5,85,4,0.007720187306404114,0.0
4,task_5,85,5,0.012929156422615051,0.0
4,task_5,85,6,0.01344810426235199,0.0
4,task_5,85,7,0.01837076246738434,0.0
4,task_5,85,8,0.01927734911441803,0.0
4,task_5,85,9,0.024394497275352478,0.0
4,task_5,85,10,0.02569386176764965,0.0
4,task_5,85,11,0.02569386176764965,0.0
4,task_5,85,12,0.02569386176764965,0.0
4,task_5,85,13,0.02569386176764965,0.0
4,task_5,85,14,0.02569386176764965,0.0
4,task_5,85,15,0.02569386176764965,0.0
4,task_5,85,16,0.02569386176764965,0.0
4,task_5,85,17,0.02569386176764965,0.0
4,task_5,85,18,0.02569386176764965,0.0
4,task_5,85,19,0.02569386176764965,0.0
4,task_5,85,20,0.02569386176764965,0.0
4,task_5,85,21,0.02569386176764965,0.0
4,task_5,85,22,0.02569386176764965,0.0
4,task_5,85,23,0.02569386176764965,0.0
4,task_5,85,24,0.02569386176764965,0.0
4,task_5,85,25,0.02569386176764965,0.0
4,task_5,85,26,0.02569386176764965,0.0
4,task_5,85,27,0.02569386176764965,0.0
4,task_5,85,28,0.02569386176764965,0.0
4,task_5,85,29,0.02569386176764965,0.0
4,task_5,86,0,0.0,-0.5417159795761108
4,task_5,86,1,0.0,-0.5417159795761108
4,task_5,86,2,0.0,-0.5417159795761108
4,task_5,86,3,0.0,-0.5417159795761108
4,task_5,86,4,0.0,-0.5417159795761108
4,task_5,86,5,0.0,-0.5417159795761108
4,task_5,86,6,0.0,-0.5417159795761108
4,task_5,86,7,0.0,-0.5417159795761108
4,task_5,86,8,0.0,-0.5417159795761108
4,task_5,86,9,0.0,-0.5417159795761108
4,task_5,86,10,0.0,-0.5417159795761108
4,task_5,86,11,0.0,-0.5417159795761108
4,task_5,86,12,0.0,-0.5417159795761108
4,task_5,86,13,0.030767321586608887,-0.592607855796814
4,task_5,86,14,0.11054501682519913,-0.6666058897972107
4,task_5,86,15,0.17897945642471313,-0.5753321051597595
4,task_5,86,16,0.21580344438552856,-0.39434459805488586
4,task_5,86,17,0.23330378532409668,-0.24208305776119232
4,task_5,86,18,0.24818846583366394,-0.11425721645355225
4,task_5,86,19,0.2647852301597595,0.029455767944455147
4,task_5,86,20,0.28285419940948486,0.1746891587972641
4,task_5,86,21,0.29713305830955505,0.2817001938819885
4,task_5,86,22,0.31065064668655396,0.3987760841846466
4,task_5,86,23,0.3252570927143097,0.5198485851287842
4,task_5,86,24,0.33478888869285583,0.5996089577674866
4,task_5,86,25,0.3437987267971039,0.6767616868019104
4,task_5,86,26,0.35051217675209045,0.7386686205863953
4,task_5,86,27,0.3593401610851288,0.8095375299453735
4,task_5,86,28,0.36637362837791443,0.868813157081604
4,task_5,86,29,0.879457950592041,4.529679298400879
4,task_5,87,0,0.40172410011291504,-0.53449547290802
4,task_5,87,1,0.4121852517127991,-0.5072925686836243
4,task_5,87,2,0.41863301396369934,-0.4928666949272156
4,task_5,87,3,0.42283204197883606,-0.48245617747306824
4,task_5,87,4,0.42726701498031616,-0.4706348180770874
4,task_5,87,5,0.42994678020477295,-0.4599646031856537
4,task_5,87,6,0.4328903555870056,-0.4516339898109436
4,task_5,87,7,0.4371461868286133,-0.4409988820552826
4,task_5,87,8,0.44022345542907715,-0.4286515712738037
4,task_5,87,9,0.44429951906204224,-0.4146864414215088
4,task_5,87,10,0.4487403929233551,-0.4025122821331024
4,task_5,87,11,0.4546286165714264,-0.398444801568985
4,task_5,87,12,0.46076467633247375,-0.38275396823883057
4,task_5,87,13,0.4706204831600189,-0.37068435549736023
4,task_5,87,14,0.4869503974914551,-0.31429797410964966
4,task_5,87,15,0.5150129795074463,-0.2911037802696228
4,task_5,87,16,0.5478485226631165,-0.22113192081451416
4,task_5,87,17,0.5800462961196899,-0.15032444894313812
4,task_5,87,18,0.6161543130874634,-0.07988028973340988
4,task_5,87,19,0.6456125378608704,-0.006680683232843876
4,task_5,87,20,0.6728112697601318,0.06449439376592636
4,task_5,87,21,0.6922105550765991,0.12100136280059814
4,task_5,87,22,0.7157961130142212,0.18802890181541443
4,task_5,87,23,0.730134129524231,0.2321777045726776
4,task_5,87,24,0.7403285503387451,0.26782721281051636
4,task_5,87,25,0.7517490386962891,0.30930596590042114
4,task_5,87,26,0.7598642110824585,0.3376983404159546
4,task_5,87,27,0.7681115865707397,0.36033058166503906
4,task_5,87,28,0.7786751985549927,0.3954758942127228
4,task_5,87,29,1.8831061124801636,5.025156021118164
4,task_5,88,0,0.0,0.4726417660713196
4,task_5,88,1,0.0,0.4726417660713196
4,task_5,88,2,0.0,0.4726417660713196
4,task_5,88,3,0.0,0.4726417660713196
4,task_5,88,4,0.0,0.4726417660713196
4,task_5,88,5,0.0,0.4726417660713196
4,task_5,88,6,0.0,0.4726417660713196
4,task_5,88,7,0.0,0.4726417660713196
4,task_5,88,8,0.0,0.4726417660713196
4,task_5,88,9,0.0,0.4726417660713196
4,task_5,88,10,0.0,0.4726417660713196
4,task_5,88,11,0.0,0.4726417660713196
4,task_5,88,12,0.0,0.4726417660713196
4,task_5,88,13,0.0,0.4726417660713196
4,task_5,88,14,0.0,0.4726417660713196
4,task_5,88,15,0.0,0.4726417660713196
4,task_5,88,16,0.0,0.4726417660713196
4,task_5,88,17,0.0,0.4726417660713196
4,task_5,88,18,0.0,0.4726417660713196
4,task_5,88,19,0.06397052109241486,0.3212229609489441
4,task_5,88,20,0.16983795166015625,0.05557664483785629
4,task_5,88,21,0.25217023491859436,-0.14297793805599213
4,task_5,88,22,0.3402535915374756,-0.35496985912323
4,task_5,88,23,0.40933701395988464,-0.5042038559913635
4,task_5,88,24,0.4693205654621124,-0.6168630123138428
4,task_5,88,25,0.5318968296051025,-0.7215403318405151
4,task_5,88,26,0.5587718486785889,-0.7569482326507568
4,task_5,88,27,0.5904858112335205,-0.7976467609405518
4,task_5,88,28,0.6152744293212891,-0.8306005597114563
4,task_5,88,29,3.4116294384002686,-4.631241321563721
4,task_5,89,0,0.011403625831007957,-1.7173807621002197
4,task_5,89,1,0.023550108075141907,-1.6051726341247559
4,task_5,89,2,0.04032314196228981,-1.4263404607772827
4,task_5,89,3,0.06097827106714249,-1.1803785562515259
4,task_5,89,4,0.08590991795063019,-0.9136175513267517
4,task_5,89,5,0.10824669152498245,-0.6515753269195557
4,task_5,89,6,0.1181531772017479,-0.5176293253898621
4,task_5,89,7,0.12281031906604767,-0.4592239260673523
4,task_5,89,8,0.12615782022476196,-0.4273204803466797
4,task_5,89,9,0.12959235906600952,-0.3846556544303894
4,task_5,89,10,0.13440099358558655,-0.3228491246700287
4,task_5,89,11,0.13751709461212158,-0.28566673398017883
4,task_5,89,12,0.14137966930866241,-0.23380735516548157
4,task_5,89,13,0.14558027684688568,-0.18517152965068817
4,task_5,89,14,0.14971239864826202,-0.1302504986524582
4,task_5,89,15,0.15537747740745544,-0.05490441620349884
4,task_5,89,16,0.1615951657295227,0.023867042735219002
4,task_5,89,17,0.16769999265670776,0.10869316756725311
4,task_5,89,18,0.17495638132095337,0.2059439718723297
4,task_5,89,19,0.1799384355545044,0.2800079882144928
4,task_5,89,20,0.18418213725090027,0.3427079916000366
4,task_5,89,21,0.18978559970855713,0.4424295425415039
4,task_5,89,22,0.19612744450569153,0.5703781843185425
4,task_5,89,23,0.20109796524047852,0.6663649082183838
4,task_5,89,24,0.20632049441337585,0.6663649082183838
4,task_5,89,25,0.21214187145233154,0.7707704901695251
4,task_5,89,26,0.21862760186195374,0.9082252979278564
4,task_5,89,27,0.22335898876190186,0.9092797040939331
4,task_5,89,28,0.22968587279319763,1.036901831626892
4,task_5,89,29,0.36033323407173157,3.5640077590942383
4,task_5,90,0,0.0,0.45791733264923096
4,task_5,90,1,0.0,0.45791733264923096
4,task_5,90,2,0.0,0.45791733264923096
4,task_5,90,3,0.0,0.45791733264923096
4,task_5,90,4,0.0,0.45791733264923096
4,task_5,90,5,0.0,0.45791733264923096
4,task_5,90,6,0.0,0.45791733264923096
4,task_5,90,7,0.0,0.45791733264923096
4,task_5,90,8,0.0,0.45791733264923096
4,task_5,90,9,0.0,0.45791733264923096
4,task_5,90,10,0.0,0.45791733264923096
4,task_5,90,11,0.0,0.45791733264923096
4,task_5,90,12,0.0,0.45791733264923096
4,task_5,90,13,0.0,0.45791733264923096
4,task_5,90,14,0.0,0.45791733264923096
4,task_5,90,15,0.0,0.45791733264923096
4,task_5,90,16,0.0,0.45791733264923096
4,task_5,90,17,0.0,0.45791733264923096
4,task_5,90,18,0.0,0.45791733264923096
4,task_5,90,19,0.0,0.45791733264923096
4,task_5,90,20,0.018388323485851288,0.25271767377853394
4,task_5,90,21,0.03612900525331497,0.038294073194265366
4,task_5,90,22,0.06407768279314041,-0.25894275307655334
4,task_5,90,23,0.08438611030578613,-0.4621295630931854
4,task_5,90,24,0.10000987350940704,-0.615664005279541
4,task_5,90,25,0.11248205602169037,-0.7274567484855652
4,task_5,90,26,0.12492471933364868,-0.8415400385856628
4,task_5,90,27,0.13493424654006958,-0.942995548248291
4,task_5,90,28,0.14396360516548157,-1.0295649766921997
4,task_5,90,29,0.5301464796066284,-4.5710625648498535
4,task_5,91,0,0.0,1.4251739978790283
4,task_5,91,1,0.0,1.4251739978790283
4,task_5,91,2,0.0,1.4251739978790283
4,task_5,91,3,0.0,1.4251739978790283
4,task_5,91,4,0.0,1.4251739978790283
4,task_5,91,5,0.0,1.4251739978790283
4,task_5,91,6,0.08867142349481583,1.145023226737976
4,task_5,91,7,0.24524177610874176,0.6794506311416626
4,task_5,91,8,0.287675142288208,0.5527530908584595
4,task_5,91,9,0.32227233052253723,0.45079749822616577
4,task_5,91,10,0.35674673318862915,0.3344030976295471
4,task_5,91,11,0.40115344524383545,0.22635072469711304
4,task_5,91,12,0.4506508409976959,0.1070239394903183
4,task_5,91,13,0.5016576647758484,0.01747085712850094
4,task_5,91,14,0.5637040734291077,-0.10817035287618637
4,task_5,91,15,0.6140149235725403,-0.20738732814788818
4,task_5,91,16,0.6645435094833374,-0.2951238453388214
4,task_5,91,17,0.7163570523262024,-0.390032559633255
4,task_5,91,18,0.7723380327224731,-0.48637330532073975
4,task_5,91,19,0.8237735629081726,-0.5668398141860962
4,task_5,91,20,0.8737674355506897,-0.6395362019538879
4,task_5,91,21,0.9226855039596558,-0.6979001760482788
4,task_5,91,22,0.9618585109710693,-0.7456202507019043
4,task_5,91,23,1.0006382465362549,-0.7842280268669128
4,task_5,91,24,1.0308501720428467,-0.8219423294067383
4,task_5,91,25,1.05840265750885,-0.8519963026046753
4,task_5,91,26,1.0799297094345093,-0.8863257765769958
4,task_5,91,27,1.0922082662582397,-0.9035499095916748
4,task_5,91,28,1.107102870941162,-0.9269307255744934
4,task_5,91,29,2.777836322784424,-2.7523574829101562
4,task_5,92,0,0.2345813810825348,-0.742596447467804
4,task_5,92,1,0.24557238817214966,-0.7341907620429993
4,task_5,92,2,0.2595255374908447,-0.7132123708724976
4,task_5,92,3,0.26797762513160706,-0.7085320949554443
4,task_5,92,4,0.2797810733318329,-0.6838682293891907
4,task_5,92,5,0.3003131151199341,-0.6453517079353333
4,task_5,92,6,0.314292311668396,-0.6270563006401062
4,task_5,92,7,0.3306441903114319,-0.5967003703117371
4,task_5,92,8,0.35454124212265015,-0.5726695656776428
4,task_5,92,9,0.3783775568008423,-0.5430331230163574
4,task_5,92,10,0.40366822481155396,-0.49422428011894226
4,task_5,92,11,0.43103107810020447,-0.4489862620830536
4,task_5,92,12,0.4606037139892578,-0.38586241006851196
4,task_5,92,13,0.4930950403213501,-0.33471283316612244
4,task_5,92,14,0.5290760397911072,-0.25595664978027344
4,task_5,92,15,0.5562736392021179,-0.20712284743785858
4,task_5,92,16,0.586673378944397,-0.1457052230834961
4,task_5,92,17,0.616990327835083,-0.10715776681900024
4,task_5,92,18,0.6507673263549805,-0.055235620588064194
4,task_5,92,19,0.6805984973907471,0.03554864227771759
4,task_5,92,20,0.708122968673706,0.1405860334634781
4,task_5,92,21,0.736619234085083,0.2505424916744232
4,task_5,92,22,0.7632489800453186,0.3621697425842285
4,task_5,92,23,0.7856981158256531,0.4524468183517456
4,task_5,92,24,0.8023209571838379,0.5241062641143799
4,task_5,92,25,0.8172122836112976,0.5834692120552063
4,task_5,92,26,0.8296307921409607,0.6269204616546631
4,task_5,92,27,0.8420592546463013,0.6706755757331848
4,task_5,92,28,0.8599083423614502,0.732062816619873
4,task_5,92,29,2.1533799171447754,4.6236443519592285
4,task_5,93,0,9.999999747378752e-05,0.05684341862797737
4,task_5,93,1,9.999999747378752e-05,0.05684341862797737
4,task_5,93,2,9.999999747378752e-05,0.05684341862797737
4,task_5,93,3,9.999999747378752e-05,0.05684341862797737
4,task_5,93,4,9.999999747378752e-05,0.05684341862797737
4,task_5,93,5,9.999999747378752e-05,0.05684341862797737
4,task_5,93,6,9.999999747378752e-05,0.05684341862797737
4,task_5,93,7,9.999999747378752e-05,0.05684341862797737
4,task_5,93,8,9.999999747378752e-05,0.05684341862797737
4,task_5,93,9,9.999999747378752e-05,0.05684341862797737
4,task_5,93,10,9.999999747378752e-05,0.05684341862797737
4,task_5,93,11,9.999999747378752e-05,0.05684341862797737
4,task_5,93,12,9.999999747378752e-05,0.05684341862797737
4,task_5,93,13,9.999999747378752e-05,0.05684341862797737
4,task_5,93,14,9.999999747378752e-05,0.05684341862797737
4,task_5,93,15,9.999999747378752e-05,0.05684341862797737
4,task_5,93,16,9.999999747378752e-05,0.05684341862797737
4,task_5,93,17,9.999999747378752e-05,0.05684341862797737
4,task_5,93,18,9.999999747378752e-05,0.05684341862797737
4,task_5,93,19,9.999999747378752e-05,0.05684341862797737
4,task_5,93,20,9.999999747378752e-05,0.05684341862797737
4,task_5,93,21,9.999999747378752e-05,0.05684341862797737
4,task_5,93,22,9.999999747378752e-05,0.05684341862797737
4,task_5,93,23,9.999999747378752e-05,0.05684341862797737
4,task_5,93,24,9.999999747378752e-05,0.05684341862797737
4,task_5,93,25,9.999999747378752e-05,0.05684341862797737
4,task_5,93,26,9.999999747378752e-05,0.05684341862797737
4,task_5,93,27,9.999999747378752e-05,0.05684341862797737
4,task_5,93,28,9.999999747378752e-05,0.05684341862797737
4,task_5,93,29,9.999999747378752e-05,0.05684341862797737
4,task_5,94,0,0.0,-0.4480805993080139
4,task_5,94,1,0.0,-0.4480805993080139
4,task_5,94,2,0.0,-0.4480805993080139
4,task_5,94,3,0.0,-0.4480805993080139
4,task_5,94,4,0.0,-0.4480805993080139
4,task_5,94,5,0.0,-0.4480805993080139
4,task_5,94,6,0.0,-0.4480805993080139
4,task_5,94,7,0.0,-0.4480805993080139
4,task_5,94,8,0.0,-0.4480805993080139
4,task_5,94,9,0.0,-0.4480805993080139
4,task_5,94,10,0.0,-0.4480805993080139
4,task_5,94,11,0.013309311121702194,-0.43627268075942993
4,task_5,94,12,0.08520418405532837,-0.3740161061286926
4,task_5,94,13,0.14284314215183258,-0.3175661265850067
4,task_5,94,14,0.21598033607006073,-0.24849435687065125
4,task_5,94,15,0.2732033431529999,-0.19222918152809143
4,task_5,94,16,0.3294152021408081,-0.12814921140670776
4,task_5,94,17,0.3714149296283722,-0.0842544436454773
4,task_5,94,18,0.4048701226711273,-0.04826153814792633
4,task_5,94,19,0.4347602128982544,-0.014833095483481884
4,task_5,94,20,0.458700031042099,0.013665528036653996
4,task_5,94,21,0.4774160385131836,0.03549021854996681
4,task_5,94,22,0.4925321936607361,0.04966798424720764
4,task_5,94,23,0.5054330825805664,0.06268107891082764
4,task_5,94,24,0.5196282863616943,0.07829480618238449
4,task_5,94,25,0.6434464454650879,0.21354633569717407
4,task_5,94,26,0.7452782988548279,0.3403521776199341
4,task_5,94,27,0.8113521933555603,0.44086703658103943
4,task_5,94,28,0.8383183479309082,0.4747585654258728
4,task_5,94,29,3.0161690711975098,5.063640117645264
4,task_5,95,0,9.999999747378752e-05,0.0
4,task_5,95,1,9.999999747378752e-05,0.0
4,task_5,95,2,9.999999747378752e-05,0.0
4,task_5,95,3,9.999999747378752e-05,0.0
4,task_5,95,4,9.999999747378752e-05,0.0
4,task_5,95,5,9.999999747378752e-05,0.0
4,task_5,95,6,9.999999747378752e-05,0.0
4,task_5,95,7,9.999999747378752e-05,0.0
4,task_5,95,8,9.999999747378752e-05,0.0
4,task_5,95,9,9.999999747378752e-05,0.0
4,task_5,95,10,9.999999747378752e-05,0.0
4,task_5,95,11,9.999999747378752e-05,0.0
4,task_5,95,12,9.999999747378752e-05,0.0
4,task_5,95,13,9.999999747378752e-05,0.0
4,task_5,95,14,9.999999747378752e-05,0.0
4,task_5,95,15,9.999999747378752e-05,0.0
4,task_5,95,16,9.999999747378752e-05,0.0
4,task_5,95,17,9.999999747378752e-05,0.0
4,task_5,95,18,9.999999747378752e-05,0.0
4,task_5,95,19,9.999999747378752e-05,0.0
4,task_5,95,20,9.999999747378752e-05,0.0
4,task_5,95,21,9.999999747378752e-05,0.0
4,task_5,95,22,9.999999747378752e-05,0.0
4,task_5,95,23,9.999999747378752e-05,0.0
4,task_5,95,24,9.999999747378752e-05,0.0
4,task_5,95,25,9.999999747378752e-05,0.0
4,task_5,95,26,9.999999747378752e-05,0.0
4,task_5,95,27,9.999999747378752e-05,0.0
4,task_5,95,28,9.999999747378752e-05,0.0
4,task_5,95,29,9.999999747378752e-05,0.0
4,task_5,96,0,0.0,0.6292097568511963
4,task_5,96,1,0.0,0.6292097568511963
4,task_5,96,2,0.0,0.6292097568511963
4,task_5,96,3,0.0,0.6292097568511963
4,task_5,96,4,0.0,0.6292097568511963
4,task_5,96,5,0.0,0.6292097568511963
4,task_5,96,6,0.0,0.6292097568511963
4,task_5,96,7,0.0,0.6292097568511963
4,task_5,96,8,0.0,0.6292097568511963
4,task_5,96,9,0.0,0.6292097568511963
4,task_5,96,10,0.0,0.6292097568511963
4,task_5,96,11,0.0,0.6292097568511963
4,task_5,96,12,0.0,0.6292097568511963
4,task_5,96,13,0.0,0.6292097568511963
4,task_5,96,14,0.0,0.6292097568511963
4,task_5,96,15,0.0,0.6292097568511963
4,task_5,96,16,0.04163791984319687,0.5175056457519531
4,task_5,96,17,0.1128401979804039,0.3234660029411316
4,task_5,96,18,0.1874377429485321,0.12728101015090942
4,task_5,96,19,0.25112637877464294,-0.045565757900476456
4,task_5,96,20,0.32508325576782227,-0.24944598972797394
4,task_5,96,21,0.3912971019744873,-0.42681846022605896
4,task_5,96,22,0.4465331435203552,-0.5792171359062195
4,task_5,96,23,0.5018149018287659,-0.7287740111351013
4,task_5,96,24,0.5440046191215515,-0.8451148867607117
4,task_5,96,25,0.5795889496803284,-0.9383426308631897
4,task_5,96,26,0.6082952618598938,-1.0191165208816528
4,task_5,96,27,0.6282285451889038,-1.0720484256744385
4,task_5,96,28,0.64435213804245,-1.1135512590408325
4,task_5,96,29,3.447139024734497,-4.017612457275391
4,task_5,97,0,0.0,-0.5482761263847351
4,task_5,97,1,0.0,-0.5482761263847351
4,task_5,97,2,0.0,-0.5482761263847351
4,task_5,97,3,0.0,-0.5482761263847351
4,task_5,97,4,0.0,-0.5482761263847351
4,task_5,97,5,0.0,-0.5482761263847351
4,task_5,97,6,0.0,-0.5482761263847351
4,task_5,97,7,0.0,-0.5482761263847351
4,task_5,97,8,0.0,-0.5482761263847351
4,task_5,97,9,0.0315028578042984,-0.5286004543304443
4,task_5,97,10,0.08384813368320465,-0.5060539245605469
4,task_5,97,11,0.14266563951969147,-0.4776766300201416
4,task_5,97,12,0.19399197399616241,-0.44855329394340515
4,task_5,97,13,0.25641363859176636,-0.4138386845588684
4,task_5,97,14,0.3081621527671814,-0.386753112077713
4,task_5,97,15,0.36206454038619995,-0.3531642556190491
4,task_5,97,16,0.3999840021133423,-0.3282262980937958
4,task_5,97,17,0.4364100694656372,-0.30688348412513733
4,task_5,97,18,0.462199866771698,-0.2887685000896454
4,task_5,97,19,0.553669810295105,-0.2206352949142456
4,task_5,97,20,0.7301257252693176,-0.08640816062688828
4,task_5,97,21,0.9134629964828491,0.06252480298280716
4,task_5,97,22,1.0735903978347778,0.2151862233877182
4,task_5,97,23,1.2474703788757324,0.3898061513900757
4,task_5,97,24,1.3994096517562866,0.5583614706993103
4,task_5,97,25,1.5163164138793945,0.6841850876808167
4,task_5,97,26,1.6142629384994507,0.8351178765296936
4,task_5,97,27,1.68413507938385,0.9431118369102478
4,task_5,97,28,1.7305842638015747,1.0154452323913574
4,task_5,97,29,4.305849552154541,4.576308250427246
4,task_5,98,0,0.36553651094436646,-1.114357590675354
4,task_5,98,1,0.37071120738983154,-1.0740042924880981
4,task_5,98,2,0.3750079870223999,-1.0517479181289673
4,task_5,98,3,0.380459725856781,-1.0294320583343506
4,task_5,98,4,0.3853582739830017,-1.0003751516342163
4,task_5,98,5,0.3895847797393799,-0.9742080569267273
4,task_5,98,6,0.39568907022476196,-0.9358443021774292
4,task_5,98,7,0.39930182695388794,-0.918390154838562
4,task_5,98,8,0.40312737226486206,-0.9028626680374146
4,task_5,98,9,0.40763795375823975,-0.8807429671287537
4,task_5,98,10,0.4115191698074341,-0.8540632724761963
4,task_5,98,11,0.41572892665863037,-0.8367528915405273
4,task_5,98,12,0.42229926586151123,-0.8080390691757202
4,task_5,98,13,0.44501441717147827,-0.6969214081764221
4,task_5,98,14,0.48541778326034546,-0.5178415775299072
4,task_5,98,15,0.5269448161125183,-0.363448828458786
4,task_5,98,16,0.5850467681884766,-0.06550181657075882
4,task_5,98,17,0.6360449194908142,0.24438121914863586
4,task_5,98,18,0.6971265077590942,0.6124553680419922
4,task_5,98,19,0.7654036283493042,1.1080694198608398
4,task_5,98,20,0.8257381916046143,1.205936312675476
4,task_5,98,21,0.8836783170700073,1.2059663534164429
4,task_5,98,22,0.9180184602737427,1.2059663534164429
4,task_5,98,23,0.9391177892684937,1.2059663534164429
4,task_5,98,24,0.9618420600891113,1.2059663534164429
4,task_5,98,25,0.9743766188621521,1.2059663534164429
4,task_5,98,26,0.9872917532920837,1.2059663534164429
4,task_5,98,27,0.996771514415741,1.2059663534164429
4,task_5,98,28,1.0040193796157837,1.2059663534164429
4,task_5,98,29,1.0195578336715698,1.2059663534164429
4,task_5,99,0,0.0,-0.8922387957572937
4,task_5,99,1,0.0,-0.8922387957572937
4,task_5,99,2,0.0,-0.8922387957572937
4,task_5,99,3,0.0,-0.8922387957572937
4,task_5,99,4,0.0,-0.8922387957572937
4,task_5,99,5,0.0,-0.8922387957572937
4,task_5,99,6,0.0,-0.8922387957572937
4,task_5,99,7,0.0,-0.8922387957572937
4,task_5,99,8,0.0,-0.8922387957572937
4,task_5,99,9,0.0,-0.8922387957572937
4,task_5,99,10,0.0,-0.8922387957572937
4,task_5,99,11,0.0,-0.8922387957572937
4,task_5,99,12,0.0,-0.8922387957572937
4,task_5,99,13,0.0,-0.8922387957572937
4,task_5,99,14,0.0,-0.8922387957572937
4,task_5,99,15,0.0,-0.8922387957572937
4,task_5,99,16,0.021097619086503983,-0.23873752355575562
4,task_5,99,17,0.06462560594081879,1.116504192352295
4,task_5,99,18,0.11514963209629059,1.116504192352295
4,task_5,99,19,0.16433854401111603,1.116504192352295
4,task_5,99,20,0.1992446780204773,1.116504192352295
4,task_5,99,21,0.2409542202949524,1.116504192352295
4,task_5,99,22,0.28098440170288086,1.116504192352295
4,task_5,99,23,0.3145657181739807,1.116504192352295
4,task_5,99,24,0.3449724018573761,1.116504192352295
4,task_5,99,25,0.3610156178474426,1.116504192352295
4,task_5,99,26,0.37998804450035095,1.116504192352295
4,task_5,99,27,0.39571258425712585,1.116504192352295
4,task_5,99,28,0.4111008048057556,1.116504192352295
4,task_5,99,29,0.451013445854187,1.116504192352295
4,task_5,100,0,9.999999747378752e-05,0.0
4,task_5,100,1,9.999999747378752e-05,0.0
4,task_5,100,2,9.999999747378752e-05,0.0
4,task_5,100,3,9.999999747378752e-05,0.0
4,task_5,100,4,9.999999747378752e-05,0.0
4,task_5,100,5,9.999999747378752e-05,0.0
4,task_5,100,6,9.999999747378752e-05,0.0
4,task_5,100,7,9.999999747378752e-05,0.0
4,task_5,100,8,9.999999747378752e-05,0.0
4,task_5,100,9,9.999999747378752e-05,0.0
4,task_5,100,10,9.999999747378752e-05,0.0
4,task_5,100,11,9.999999747378752e-05,0.0
4,task_5,100,12,9.999999747378752e-05,0.0
4,task_5,100,13,9.999999747378752e-05,0.0
4,task_5,100,14,9.999999747378752e-05,0.0
4,task_5,100,15,9.999999747378752e-05,0.0
4,task_5,100,16,9.999999747378752e-05,0.0
4,task_5,100,17,9.999999747378752e-05,0.0
4,task_5,100,18,9.999999747378752e-05,0.0
4,task_5,100,19,9.999999747378752e-05,0.0
4,task_5,100,20,9.999999747378752e-05,0.0
4,task_5,100,21,9.999999747378752e-05,0.0
4,task_5,100,22,9.999999747378752e-05,0.0
4,task_5,100,23,9.999999747378752e-05,0.0
4,task_5,100,24,9.999999747378752e-05,0.0
4,task_5,100,25,9.999999747378752e-05,0.0
4,task_5,100,26,9.999999747378752e-05,0.0
4,task_5,100,27,9.999999747378752e-05,0.0
4,task_5,100,28,9.999999747378752e-05,0.0
4,task_5,100,29,9.999999747378752e-05,0.0
4,task_5,101,0,0.0,0.6704870462417603
4,task_5,101,1,0.0,0.6704870462417603
4,task_5,101,2,0.0,0.6704870462417603
4,task_5,101,3,0.0,0.6704870462417603
4,task_5,101,4,0.0,0.6704870462417603
4,task_5,101,5,0.0,0.6704870462417603
4,task_5,101,6,0.0,0.6704870462417603
4,task_5,101,7,0.0,0.6704870462417603
4,task_5,101,8,0.0,0.6704870462417603
4,task_5,101,9,0.0,0.6704870462417603
4,task_5,101,10,0.0,0.6704870462417603
4,task_5,101,11,0.0,0.6704870462417603
4,task_5,101,12,0.0,0.6704870462417603
4,task_5,101,13,0.0,0.6704870462417603
4,task_5,101,14,0.0,0.6704870462417603
4,task_5,101,15,0.010923564434051514,0.6376807689666748
4,task_5,101,16,0.08145597577095032,0.4271080195903778
4,task_5,101,17,0.15057367086410522,0.2150280624628067
4,task_5,101,18,0.2264420986175537,-0.006996084004640579
4,task_5,101,19,0.2762985825538635,-0.16846460103988647
4,task_5,101,20,0.3488221764564514,-0.36923524737358093
4,task_5,101,21,0.40426743030548096,-0.5224769711494446
4,task_5,101,22,0.4534682035446167,-0.6505703926086426
4,task_5,101,23,0.5020418167114258,-0.7603600025177002
4,task_5,101,24,0.5443027019500732,-0.8680697679519653
4,task_5,101,25,0.5810868144035339,-0.9507647156715393
4,task_5,101,26,0.6055742502212524,-1.0029103755950928
4,task_5,101,27,0.6294379234313965,-1.0576953887939453
4,task_5,101,28,0.6382818222045898,-1.0751993656158447
4,task_5,101,29,3.0248348712921143,-3.90437912940979
4,task_5,102,0,0.0,1.8034734725952148
4,task_5,102,1,0.0,1.8034734725952148
4,task_5,102,2,0.0,1.8034734725952148
4,task_5,102,3,0.0,1.8034734725952148
4,task_5,102,4,0.17724056541919708,0.9264990091323853
4,task_5,102,5,0.20073722302913666,0.8576876521110535
4,task_5,102,6,0.21930880844593048,0.8105555772781372
4,task_5,102,7,0.23783038556575775,0.7697977423667908
4,task_5,102,8,0.25979071855545044,0.7394533157348633
4,task_5,102,9,0.2923635244369507,0.7336549162864685
4,task_5,102,10,0.3312193751335144,0.6843670010566711
4,task_5,102,11,0.3959101438522339,0.4516221582889557
4,task_5,102,12,0.4674246907234192,0.17192482948303223
4,task_5,102,13,0.5422321557998657,-0.07542312890291214
4,task_5,102,14,0.6189111471176147,-0.3100559413433075
4,task_5,102,15,0.7183269262313843,-0.7156870365142822
4,task_5,102,16,0.7948077321052551,-0.9713839888572693
4,task_5,102,17,0.8752973079681396,-0.9136034250259399
4,task_5,102,18,0.9490868449211121,-0.8644413352012634
4,task_5,102,19,1.0306543111801147,-0.8644413352012634
4,task_5,102,20,1.097503662109375,-0.8644413352012634
4,task_5,102,21,1.1623903512954712,-0.8644413352012634
4,task_5,102,22,1.2233803272247314,-0.8644413352012634
4,task_5,102,23,1.2703858613967896,-0.8644413352012634
4,task_5,102,24,1.3160197734832764,-0.8644413352012634
4,task_5,102,25,1.3586691617965698,-0.8644413352012634
4,task_5,102,26,1.3843892812728882,-0.8644413352012634
4,task_5,102,27,1.403676986694336,-0.8644413352012634
4,task_5,102,28,1.4198905229568481,-0.8644413352012634
4,task_5,102,29,1.454946517944336,-0.8644413352012634
4,task_5,103,0,0.0,1.395564317703247
4,task_5,103,1,0.0,1.395564317703247
4,task_5,103,2,0.0,1.395564317703247
4,task_5,103,3,0.0,1.395564317703247
4,task_5,103,4,0.0,1.395564317703247
4,task_5,103,5,0.0,1.395564317703247
4,task_5,103,6,0.02716761827468872,1.2828700542449951
4,task_5,103,7,0.13182564079761505,0.8078312277793884
4,task_5,103,8,0.20449411869049072,0.48126792907714844
4,task_5,103,9,0.22323119640350342,0.4050312340259552
4,task_5,103,10,0.23758521676063538,0.3342737555503845
4,task_5,103,11,0.25097328424453735,0.27579188346862793
4,task_5,103,12,0.26935049891471863,0.19401349127292633
4,task_5,103,13,0.2897073030471802,0.11090350151062012
4,task_5,103,14,0.31566131114959717,0.005042245611548424
4,task_5,103,15,0.33889833092689514,-0.10368811339139938
4,task_5,103,16,0.368227481842041,-0.21500709652900696
4,task_5,103,17,0.39533481001853943,-0.32675060629844666
4,task_5,103,18,0.42025822401046753,-0.4191964864730835
4,task_5,103,19,0.4482673704624176,-0.5250658392906189
4,task_5,103,20,0.4745793044567108,-0.6395770907402039
4,task_5,103,21,0.5002148151397705,-0.7325667142868042
4,task_5,103,22,0.5187171697616577,-0.7948604226112366
4,task_5,103,23,0.5400848388671875,-0.8840529322624207
4,task_5,103,24,0.558221697807312,-0.9538800716400146
4,task_5,103,25,0.5696967840194702,-0.995086133480072
4,task_5,103,26,0.5802282094955444,-1.0360347032546997
4,task_5,103,27,0.5889313220977783,-1.0700592994689941
4,task_5,103,28,0.6017038822174072,-1.116058111190796
4,task_5,103,29,3.16485595703125,-2.4585208892822266
4,task_5,104,0,0.1313510537147522,4.019965648651123
4,task_5,104,1,0.21903596818447113,2.5897016525268555
4,task_5,104,2,0.2813098430633545,1.4011520147323608
4,task_5,104,3,0.35186243057250977,0.6598176956176758
4,task_5,104,4,0.4098254442214966,0.3674444556236267
4,task_5,104,5,0.4593513011932373,0.1406221240758896
4,task_5,104,6,0.5117053985595703,-0.1241731122136116
4,task_5,104,7,0.5624277591705322,-0.39367422461509705
4,task_5,104,8,0.6032010912895203,-0.39367422461509705
4,task_5,104,9,0.643993616104126,-0.39367422461509705
4,task_5,104,10,0.6839609742164612,-0.39367422461509705
4,task_5,104,11,0.7221803069114685,-0.39367422461509705
4,task_5,104,12,0.7573164105415344,-0.39367422461509705
4,task_5,104,13,0.7991682887077332,-0.39367422461509705
4,task_5,104,14,0.8331711292266846,-0.39367422461509705
4,task_5,104,15,0.8838790059089661,-0.39367422461509705
4,task_5,104,16,0.9181355834007263,-0.39367422461509705
4,task_5,104,17,0.9656208157539368,-0.39367422461509705
4,task_5,104,18,1.0110491514205933,-0.39367422461509705
4,task_5,104,19,1.055731177330017,-0.39367422461509705
4,task_5,104,20,1.1043827533721924,-0.39367422461509705
4,task_5,104,21,1.1420481204986572,-0.39367422461509705
4,task_5,104,22,1.1854697465896606,-0.39367422461509705
4,task_5,104,23,1.2238893508911133,-0.39367422461509705
4,task_5,104,24,1.2542489767074585,-0.39367422461509705
4,task_5,104,25,1.2808622121810913,-0.39367422461509705
4,task_5,104,26,1.3026299476623535,-0.39367422461509705
4,task_5,104,27,1.3164082765579224,-0.39367422461509705
4,task_5,104,28,1.3284094333648682,-0.39367422461509705
4,task_5,104,29,1.3589117527008057,-0.39367422461509705
4,task_5,105,0,0.0,0.34332481026649475
4,task_5,105,1,0.0,0.34332481026649475
4,task_5,105,2,0.0,0.34332481026649475
4,task_5,105,3,0.0,0.34332481026649475
4,task_5,105,4,0.0,0.34332481026649475
4,task_5,105,5,0.0,0.34332481026649475
4,task_5,105,6,0.0,0.34332481026649475
4,task_5,105,7,0.0,0.34332481026649475
4,task_5,105,8,0.0,0.34332481026649475
4,task_5,105,9,0.0,0.34332481026649475
4,task_5,105,10,0.0,0.34332481026649475
4,task_5,105,11,0.0,0.34332481026649475
4,task_5,105,12,0.0,0.34332481026649475
4,task_5,105,13,0.0,0.34332481026649475
4,task_5,105,14,0.0,0.34332481026649475
4,task_5,105,15,0.0,0.34332481026649475
4,task_5,105,16,0.0,0.34332481026649475
4,task_5,105,17,0.0,0.34332481026649475
4,task_5,105,18,0.0,0.34332481026649475
4,task_5,105,19,0.0,0.34332481026649475
4,task_5,105,20,0.0,0.34332481026649475
4,task_5,105,21,0.0,0.34332481026649475
4,task_5,105,22,0.0,0.34332481026649475
4,task_5,105,23,0.021925941109657288,-0.04451970383524895
4,task_5,105,24,0.04596523940563202,-0.9917840361595154
4,task_5,105,25,0.06615996360778809,-1.4961140155792236
4,task_5,105,26,0.08297277987003326,-2.125563621520996
4,task_5,105,27,0.09244440495967865,-2.436903476715088
4,task_5,105,28,0.10505439341068268,-2.8794195652008057
4,task_5,105,29,1.4054635763168335,2.077834129333496
4,task_5,106,0,9.999999747378752e-05,0.0
4,task_5,106,1,9.999999747378752e-05,0.0
4,task_5,106,2,9.999999747378752e-05,0.0
4,task_5,106,3,9.999999747378752e-05,0.0
4,task_5,106,4,9.999999747378752e-05,0.0
4,task_5,106,5,9.999999747378752e-05,0.0
4,task_5,106,6,9.999999747378752e-05,0.0
4,task_5,106,7,9.999999747378752e-05,0.0
4,task_5,106,8,9.999999747378752e-05,0.0
4,task_5,106,9,9.999999747378752e-05,0.0
4,task_5,106,10,9.999999747378752e-05,0.0
4,task_5,106,11,9.999999747378752e-05,0.0
4,task_5,106,12,9.999999747378752e-05,0.0
4,task_5,106,13,9.999999747378752e-05,0.0
4,task_5,106,14,9.999999747378752e-05,0.0
4,task_5,106,15,9.999999747378752e-05,0.0
4,task_5,106,16,9.999999747378752e-05,0.0
4,task_5,106,17,9.999999747378752e-05,0.0
4,task_5,106,18,9.999999747378752e-05,0.0
4,task_5,106,19,9.999999747378752e-05,0.0
4,task_5,106,20,9.999999747378752e-05,0.0
4,task_5,106,21,9.999999747378752e-05,0.0
4,task_5,106,22,9.999999747378752e-05,0.0
4,task_5,106,23,9.999999747378752e-05,0.0
4,task_5,106,24,9.999999747378752e-05,0.0
4,task_5,106,25,9.999999747378752e-05,0.0
4,task_5,106,26,9.999999747378752e-05,0.0
4,task_5,106,27,9.999999747378752e-05,0.0
4,task_5,106,28,9.999999747378752e-05,0.0
4,task_5,106,29,9.999999747378752e-05,0.0
4,task_5,107,0,0.0,0.8012095093727112
4,task_5,107,1,0.0,0.8012095093727112
4,task_5,107,2,0.0,0.8012095093727112
4,task_5,107,3,0.0,0.8012095093727112
4,task_5,107,4,0.0005811899900436401,0.8003343343734741
4,task_5,107,5,0.004105672240257263,0.7952617406845093
4,task_5,107,6,0.006914272904396057,0.7911778092384338
4,task_5,107,7,0.01096305251121521,0.7861975431442261
4,task_5,107,8,0.015061825513839722,0.7793216705322266
4,task_5,107,9,0.019620373845100403,0.7727451324462891
4,task_5,107,10,0.02397279441356659,0.7663962841033936
4,task_5,107,11,0.031223371624946594,0.7566463947296143
4,task_5,107,12,0.0485619455575943,0.726604163646698
4,task_5,107,13,0.08348746597766876,0.6655159592628479
4,task_5,107,14,0.13237179815769196,0.5844120979309082
4,task_5,107,15,0.19907011091709137,0.47694504261016846
4,task_5,107,16,0.26427966356277466,0.3608834147453308
4,task_5,107,17,0.3398303985595703,0.2325880229473114
4,task_5,107,18,0.43230360746383667,0.07904286682605743
4,task_5,107,19,0.5315471291542053,-0.1006852462887764
4,task_5,107,20,0.6340987682342529,-0.3004758954048157
4,task_5,107,21,0.7328224182128906,-0.43182942271232605
4,task_5,107,22,0.8184110522270203,-0.5611318945884705
4,task_5,107,23,0.9218425154685974,-0.8137600421905518
4,task_5,107,24,1.0232841968536377,-1.193796157836914
4,task_5,107,25,1.107999563217163,-1.482998013496399
4,task_5,107,26,1.2008020877838135,-1.6763838529586792
4,task_5,107,27,1.275873064994812,-1.847380518913269
4,task_5,107,28,1.3452825546264648,-2.006161689758301
4,task_5,107,29,1.4179950952529907,-2.164306879043579
4,task_5,108,0,0.4412418603897095,-0.24726025760173798
4,task_5,108,1,0.45985591411590576,-0.2284332662820816
4,task_5,108,2,0.481228232383728,-0.23095642030239105
4,task_5,108,3,0.49709171056747437,-0.22996410727500916
4,task_5,108,4,0.5081274509429932,-0.22691527009010315
4,task_5,108,5,0.5234277844429016,-0.22907708585262299
4,task_5,108,6,0.5364352464675903,-0.22207848727703094
4,task_5,108,7,0.5487474799156189,-0.21863847970962524
4,task_5,108,8,0.5646652579307556,-0.22095650434494019
4,task_5,108,9,0.5859319567680359,-0.2143472135066986
4,task_5,108,10,0.6077685952186584,-0.21355648338794708
4,task_5,108,11,0.6348323225975037,-0.2135114222764969
4,task_5,108,12,0.6648414134979248,-0.2075856626033783
4,task_5,108,13,0.6971002221107483,-0.2093052864074707
4,task_5,108,14,0.733896017074585,-0.20878943800926208
4,task_5,108,15,0.76622474193573,-0.20295920968055725
4,task_5,108,16,0.8122450709342957,-0.20871113240718842
4,task_5,108,17,0.8436316847801208,-0.21683089435100555
4,task_5,108,18,0.8829971551895142,-0.22384056448936462
4,task_5,108,19,0.9222339987754822,-0.24988438189029694
4,task_5,108,20,0.9545989036560059,-0.27322912216186523
4,task_5,108,21,0.988487184047699,-0.2645413875579834
4,task_5,108,22,1.0002613067626953,-0.19845575094223022
4,task_5,108,23,1.0137799978256226,-0.12264552712440491
4,task_5,108,24,1.0235587358474731,-0.06924483925104141
4,task_5,108,25,1.0307648181915283,-0.026336798444390297
4,task_5,108,26,1.0366488695144653,0.0042251283302903175
4,task_5,108,27,1.0420429706573486,0.03574114665389061
4,task_5,108,28,1.0476230382919312,0.06470657140016556
4,task_5,108,29,1.928153395652771,5.273382663726807
4,task_5,109,0,0.0,0.7506451606750488
4,task_5,109,1,0.0,0.7506451606750488
4,task_5,109,2,0.0,0.7506451606750488
4,task_5,109,3,0.0,0.7506451606750488
4,task_5,109,4,0.0,0.7506451606750488
4,task_5,109,5,0.0,0.7506451606750488
4,task_5,109,6,0.0,0.7506451606750488
4,task_5,109,7,0.0,0.7506451606750488
4,task_5,109,8,0.0,0.7506451606750488
4,task_5,109,9,0.0,0.7506451606750488
4,task_5,109,10,0.0,0.7506451606750488
4,task_5,109,11,0.0,0.7506451606750488
4,task_5,109,12,0.0,0.7506451606750488
4,task_5,109,13,0.0,0.7506451606750488
4,task_5,109,14,0.0,0.7506451606750488
4,task_5,109,15,0.0,0.7506451606750488
4,task_5,109,16,0.0,0.7506451606750488
4,task_5,109,17,0.0,0.7506451606750488
4,task_5,109,18,0.005355656147003174,0.7016748785972595
4,task_5,109,19,0.14051052927970886,-1.2921169996261597
4,task_5,109,20,0.27142488956451416,-1.2921169996261597
4,task_5,109,21,0.3796117901802063,-1.2921169996261597
4,task_5,109,22,0.4768383502960205,-1.2921169996261597
4,task_5,109,23,0.5761277675628662,-1.2921169996261597
4,task_5,109,24,0.6431611180305481,-1.2921169996261597
4,task_5,109,25,0.7235775589942932,-1.2921169996261597
4,task_5,109,26,0.7701743245124817,-1.2921169996261597
4,task_5,109,27,0.8033108115196228,-1.2921169996261597
4,task_5,109,28,0.8289696574211121,-1.2921169996261597
4,task_5,109,29,0.8881319165229797,-1.2921169996261597
4,task_5,110,0,0.0,-0.028421709313988686
4,task_5,110,1,0.0,-0.028421709313988686
4,task_5,110,2,0.0,-0.028421709313988686
4,task_5,110,3,0.0,-0.028421709313988686
4,task_5,110,4,0.0,-0.028421709313988686
4,task_5,110,5,0.0,-0.028421709313988686
4,task_5,110,6,0.0,-0.028421709313988686
4,task_5,110,7,0.0,-0.028421709313988686
4,task_5,110,8,0.0,-0.028421709313988686
4,task_5,110,9,0.0,-0.028421709313988686
4,task_5,110,10,0.0,-0.028421709313988686
4,task_5,110,11,0.0,-0.028421709313988686
4,task_5,110,12,0.0,-0.028421709313988686
4,task_5,110,13,0.0,-0.028421709313988686
4,task_5,110,14,0.0,-0.028421709313988686
4,task_5,110,15,0.0,-0.028421709313988686
4,task_5,110,16,0.0,-0.028421709313988686
4,task_5,110,17,0.0,-0.028421709313988686
4,task_5,110,18,0.0,-0.028421709313988686
4,task_5,110,19,0.0,-0.028421709313988686
4,task_5,110,20,0.0,-0.028421709313988686
4,task_5,110,21,0.0,-0.028421709313988686
4,task_5,110,22,0.0,-0.028421709313988686
4,task_5,110,23,0.003589943051338196,-0.028421709313988686
4,task_5,110,24,0.019222930073738098,-0.028421709313988686
4,task_5,110,25,0.03490689396858215,-0.028421709313988686
4,task_5,110,26,0.05161958932876587,-0.028421709313988686
4,task_5,110,27,0.1216168999671936,-0.028421709313988686
4,task_5,110,28,0.2302265763282776,-0.028421709313988686
4,task_5,110,29,0.3043273985385895,-0.028421709313988686
4,task_5,111,0,0.0,0.0
4,task_5,111,1,0.0,0.0
4,task_5,111,2,0.0,0.0
4,task_5,111,3,0.0,0.0
4,task_5,111,4,0.0,0.0
4,task_5,111,5,0.0,0.0
4,task_5,111,6,0.0,0.0
4,task_5,111,7,0.0,0.0
4,task_5,111,8,0.0,0.0
4,task_5,111,9,0.0,0.0
4,task_5,111,10,0.0,0.0
4,task_5,111,11,0.0,0.0
4,task_5,111,12,0.0,0.0
4,task_5,111,13,0.0,0.0
4,task_5,111,14,0.0,0.0
4,task_5,111,15,0.0,0.0
4,task_5,111,16,0.0,0.0
4,task_5,111,17,0.0,0.0
4,task_5,111,18,0.009817821905016899,0.0
4,task_5,111,19,0.07161563634872437,0.0
4,task_5,111,20,0.14415109157562256,0.0
4,task_5,111,21,0.19299617409706116,0.0
4,task_5,111,22,0.25890102982521057,0.0
4,task_5,111,23,0.4206138253211975,0.0
4,task_5,111,24,0.5470914244651794,0.0
4,task_5,111,25,0.6439480185508728,0.0
4,task_5,111,26,0.6898703575134277,0.0
4,task_5,111,27,0.7073241472244263,0.0
4,task_5,111,28,0.730724573135376,0.0
4,task_5,111,29,0.7669483423233032,0.0
4,task_5,112,0,0.0,0.7984588146209717
4,task_5,112,1,0.0,0.7984588146209717
4,task_5,112,2,0.0,0.7984588146209717
4,task_5,112,3,0.0,0.7984588146209717
4,task_5,112,4,0.0,0.7984588146209717
4,task_5,112,5,0.0,0.7984588146209717
4,task_5,112,6,0.0,0.7984588146209717
4,task_5,112,7,0.0,0.7984588146209717
4,task_5,112,8,0.0,0.7984588146209717
4,task_5,112,9,0.0,0.7984588146209717
4,task_5,112,10,0.0,0.7984588146209717
4,task_5,112,11,0.0,0.7984588146209717
4,task_5,112,12,0.0,0.7984588146209717
4,task_5,112,13,0.0,0.7984588146209717
4,task_5,112,14,0.09850651025772095,0.6330703496932983
4,task_5,112,15,0.22365784645080566,0.4440881609916687
4,task_5,112,16,0.36262455582618713,0.20345841348171234
4,task_5,112,17,0.48903200030326843,0.01235442515462637
4,task_5,112,18,0.6149550080299377,-0.15734106302261353
4,task_5,112,19,0.7575139403343201,-0.3305586874485016
4,task_5,112,20,0.8662611246109009,-0.46176034212112427
4,task_5,112,21,0.9968163967132568,-0.6583266854286194
4,task_5,112,22,1.0845484733581543,-0.7980172634124756
4,task_5,112,23,1.1705602407455444,-0.9263067841529846
4,task_5,112,24,1.2555359601974487,-1.0608981847763062
4,task_5,112,25,1.3042118549346924,-1.1289249658584595
4,task_5,112,26,1.348294734954834,-1.2043094635009766
4,task_5,112,27,1.3892333507537842,-1.2747293710708618
4,task_5,112,28,1.4152685403823853,-1.3151335716247559
4,task_5,112,29,2.4983818531036377,-3.155088186264038
4,task_5,113,0,0.0,0.11368683725595474
4,task_5,113,1,0.0,0.11368683725595474
4,task_5,113,2,0.0,0.11368683725595474
4,task_5,113,3,0.0,0.11368683725595474
4,task_5,113,4,0.0,0.11368683725595474
4,task_5,113,5,0.0,0.11368683725595474
4,task_5,113,6,0.0,0.11368683725595474
4,task_5,113,7,0.0,0.11368683725595474
4,task_5,113,8,0.0,0.11368683725595474
4,task_5,113,9,0.0,0.11368683725595474
4,task_5,113,10,0.012352654710412025,0.11368683725595474
4,task_5,113,11,0.023514820262789726,0.11368683725595474
4,task_5,113,12,0.03829870745539665,0.11368683725595474
4,task_5,113,13,0.05122578144073486,0.11368683725595474
4,task_5,113,14,0.06320817768573761,0.11368683725595474
4,task_5,113,15,0.07944687455892563,0.11368683725595474
4,task_5,113,16,0.09461579471826553,0.11368683725595474
4,task_5,113,17,0.10962799191474915,0.11368683725595474
4,task_5,113,18,0.12194830179214478,0.11368683725595474
4,task_5,113,19,0.13974250853061676,0.11368683725595474
4,task_5,113,20,0.1522846221923828,0.11368683725595474
4,task_5,113,21,0.16728539764881134,0.11368683725595474
4,task_5,113,22,0.17925304174423218,0.11368683725595474
4,task_5,113,23,0.18788635730743408,0.11368683725595474
4,task_5,113,24,0.1966085433959961,0.11368683725595474
4,task_5,113,25,0.20360369980335236,0.11368683725595474
4,task_5,113,26,0.21183010935783386,0.11368683725595474
4,task_5,113,27,0.21818077564239502,0.11368683725595474
4,task_5,113,28,0.22370129823684692,0.11368683725595474
4,task_5,113,29,0.242339625954628,0.11368683725595474
4,task_5,114,0,0.0,-0.2678629755973816
4,task_5,114,1,0.0,-0.2678629755973816
4,task_5,114,2,0.0,-0.2678629755973816
4,task_5,114,3,0.0,-0.2678629755973816
4,task_5,114,4,0.0,-0.2678629755973816
4,task_5,114,5,0.0,-0.2678629755973816
4,task_5,114,6,0.0,-0.2678629755973816
4,task_5,114,7,0.0,-0.2678629755973816
4,task_5,114,8,0.0,-0.2678629755973816
4,task_5,114,9,0.0,-0.2678629755973816
4,task_5,114,10,0.0,-0.2678629755973816
4,task_5,114,11,0.0,-0.2678629755973816
4,task_5,114,12,0.0,-0.2678629755973816
4,task_5,114,13,0.0,-0.2678629755973816
4,task_5,114,14,0.0,-0.2678629755973816
4,task_5,114,15,0.0,-0.2678629755973816
4,task_5,114,16,0.0,-0.2678629755973816
4,task_5,114,17,0.0,-0.2678629755973816
4,task_5,114,18,0.0,-0.2678629755973816
4,task_5,114,19,0.0,-0.2678629755973816
4,task_5,114,20,0.0,-0.2678629755973816
4,task_5,114,21,0.0,-0.2678629755973816
4,task_5,114,22,0.0,-0.2678629755973816
4,task_5,114,23,0.0,-0.2678629755973816
4,task_5,114,24,0.019694551825523376,-0.2352139949798584
4,task_5,114,25,0.16149519383907318,0.05420995503664017
4,task_5,114,26,0.2917640805244446,0.31084832549095154
4,task_5,114,27,0.38692575693130493,0.5139206647872925
4,task_5,114,28,0.45229315757751465,0.642342746257782
4,task_5,114,29,2.457806348800659,5.142603874206543
4,task_5,115,0,0.0,-0.028421709313988686
4,task_5,115,1,0.0,-0.028421709313988686
4,task_5,115,2,0.0,-0.028421709313988686
4,task_5,115,3,0.0,-0.028421709313988686
4,task_5,115,4,0.0,-0.028421709313988686
4,task_5,115,5,0.0,-0.028421709313988686
4,task_5,115,6,0.0,-0.028421709313988686
4,task_5,115,7,0.0,-0.028421709313988686
4,task_5,115,8,0.0,-0.028421709313988686
4,task_5,115,9,0.0,-0.028421709313988686
4,task_5,115,10,0.0,-0.028421709313988686
4,task_5,115,11,0.0,-0.028421709313988686
4,task_5,115,12,0.0,-0.028421709313988686
4,task_5,115,13,0.0,-0.028421709313988686
4,task_5,115,14,0.0,-0.028421709313988686
4,task_5,115,15,0.0,-0.028421709313988686
4,task_5,115,16,0.0,-0.028421709313988686
4,task_5,115,17,0.0,-0.028421709313988686
4,task_5,115,18,0.0,-0.028421709313988686
4,task_5,115,19,0.0,-0.028421709313988686
4,task_5,115,20,0.0,-0.028421709313988686
4,task_5,115,21,0.0,-0.028421709313988686
4,task_5,115,22,0.0,-0.028421709313988686
4,task_5,115,23,0.0,-0.028421709313988686
4,task_5,115,24,0.0,-0.028421709313988686
4,task_5,115,25,0.0,-0.028421709313988686
4,task_5,115,26,0.02799949049949646,-0.028421709313988686
4,task_5,115,27,0.16326028108596802,-0.028421709313988686
4,task_5,115,28,0.29034268856048584,-0.028421709313988686
4,task_5,115,29,0.39264270663261414,-0.028421709313988686
4,task_5,116,0,0.0,-0.3292084336280823
4,task_5,116,1,0.0,-0.3292084336280823
4,task_5,116,2,0.0,-0.3292084336280823
4,task_5,116,3,0.0,-0.3292084336280823
4,task_5,116,4,0.0,-0.3292084336280823
4,task_5,116,5,0.0,-0.3292084336280823
4,task_5,116,6,0.0,-0.3292084336280823
4,task_5,116,7,0.0,-0.3292084336280823
4,task_5,116,8,0.0,-0.3292084336280823
4,task_5,116,9,0.0,-0.3292084336280823
4,task_5,116,10,0.0,-0.3292084336280823
4,task_5,116,11,0.0,-0.3292084336280823
4,task_5,116,12,0.0,-0.3292084336280823
4,task_5,116,13,0.0,-0.3292084336280823
4,task_5,116,14,0.0,-0.3292084336280823
4,task_5,116,15,0.0,-0.3292084336280823
4,task_5,116,16,0.0,-0.3292084336280823
4,task_5,116,17,0.0,-0.3292084336280823
4,task_5,116,18,0.0,-0.3292084336280823
4,task_5,116,19,0.0,-0.3292084336280823
4,task_5,116,20,0.0,-0.3292084336280823
4,task_5,116,21,0.0,-0.3292084336280823
4,task_5,116,22,0.0,-0.3292084336280823
4,task_5,116,23,0.0,-0.3292084336280823
4,task_5,116,24,0.10617823898792267,-0.11642298102378845
4,task_5,116,25,0.31977057456970215,0.32927945256233215
4,task_5,116,26,0.5147547721862793,0.742800235748291
4,task_5,116,27,0.6648305058479309,0.9499698281288147
4,task_5,116,28,0.7840882539749146,1.1469464302062988
4,task_5,116,29,2.6332733631134033,4.848428249359131
4,task_5,117,0,0.0,-0.37693098187446594
4,task_5,117,1,0.0,-0.37693098187446594
4,task_5,117,2,0.0,-0.37693098187446594
4,task_5,117,3,0.0,-0.37693098187446594
4,task_5,117,4,0.0,-0.37693098187446594
4,task_5,117,5,0.0,-0.37693098187446594
4,task_5,117,6,0.0,-0.37693098187446594
4,task_5,117,7,0.0,-0.37693098187446594
4,task_5,117,8,0.0,-0.37693098187446594
4,task_5,117,9,0.0,-0.37693098187446594
4,task_5,117,10,0.0,-0.37693098187446594
4,task_5,117,11,0.0,-0.37693098187446594
4,task_5,117,12,0.0,-0.37693098187446594
4,task_5,117,13,0.0,-0.37693098187446594
4,task_5,117,14,0.02205410599708557,-0.3616301417350769
4,task_5,117,15,0.07504154741764069,-0.32336869835853577
4,task_5,117,16,0.13391144573688507,-0.281432569026947
4,task_5,117,17,0.1972799152135849,-0.22881560027599335
4,task_5,117,18,0.24822722375392914,-0.18102887272834778
4,task_5,117,19,0.3035755753517151,-0.11807882785797119
4,task_5,117,20,0.35684382915496826,-0.05248008668422699
4,task_5,117,21,0.4016891121864319,0.005025540478527546
4,task_5,117,22,0.44350141286849976,0.06465679407119751
4,task_5,117,23,0.4783242344856262,0.12000465393066406
4,task_5,117,24,0.517106831073761,0.18621399998664856
4,task_5,117,25,0.5449835062026978,0.23529385030269623
4,task_5,117,26,0.5900553464889526,0.311923086643219
4,task_5,117,27,0.6263394355773926,0.3778584897518158
4,task_5,117,28,0.6493650674819946,0.4168064296245575
4,task_5,117,29,2.901996374130249,5.106084823608398
4,task_5,118,0,0.0,-0.47406110167503357
4,task_5,118,1,0.0,-0.47406110167503357
4,task_5,118,2,0.0,-0.47406110167503357
4,task_5,118,3,0.0,-0.47406110167503357
4,task_5,118,4,0.0,-0.47406110167503357
4,task_5,118,5,0.0,-0.47406110167503357
4,task_5,118,6,0.0,-0.47406110167503357
4,task_5,118,7,0.0,-0.47406110167503357
4,task_5,118,8,0.0,-0.47406110167503357
4,task_5,118,9,0.0,-0.47406110167503357
4,task_5,118,10,0.0,-0.47406110167503357
4,task_5,118,11,0.0,-0.47406110167503357
4,task_5,118,12,0.003541983664035797,-0.46896764636039734
4,task_5,118,13,0.051058415323495865,-0.43669211864471436
4,task_5,118,14,0.10147617757320404,-0.39660629630088806
4,task_5,118,15,0.15119704604148865,-0.34866663813591003
4,task_5,118,16,0.20457062125205994,-0.2929307818412781
4,task_5,118,17,0.25553369522094727,-0.23505333065986633
4,task_5,118,18,0.28858086466789246,-0.19557425379753113
4,task_5,118,19,0.33704864978790283,-0.1248045489192009
4,task_5,118,20,0.38921859860420227,-0.05272294580936432
4,task_5,118,21,0.41888314485549927,-0.013437378220260143
4,task_5,118,22,0.4879322946071625,0.09469135105609894
4,task_5,118,23,0.5982969999313354,0.27177944779396057
4,task_5,118,24,0.6802049875259399,0.41992053389549255
4,task_5,118,25,0.7480342984199524,0.5417470932006836
4,task_5,118,26,0.8045070767402649,0.6379462480545044
4,task_5,118,27,0.8431097865104675,0.7076607346534729
4,task_5,118,28,0.8612943291664124,0.742688775062561
4,task_5,118,29,2.9267966747283936,4.8377532958984375
4,task_5,119,0,9.999999747378752e-05,0.05684341862797737
4,task_5,119,1,9.999999747378752e-05,0.05684341862797737
4,task_5,119,2,9.999999747378752e-05,0.05684341862797737
4,task_5,119,3,9.999999747378752e-05,0.05684341862797737
4,task_5,119,4,9.999999747378752e-05,0.05684341862797737
4,task_5,119,5,9.999999747378752e-05,0.05684341862797737
4,task_5,119,6,9.999999747378752e-05,0.05684341862797737
4,task_5,119,7,9.999999747378752e-05,0.05684341862797737
4,task_5,119,8,9.999999747378752e-05,0.05684341862797737
4,task_5,119,9,9.999999747378752e-05,0.05684341862797737
4,task_5,119,10,9.999999747378752e-05,0.05684341862797737
4,task_5,119,11,9.999999747378752e-05,0.05684341862797737
4,task_5,119,12,9.999999747378752e-05,0.05684341862797737
4,task_5,119,13,9.999999747378752e-05,0.05684341862797737
4,task_5,119,14,9.999999747378752e-05,0.05684341862797737
4,task_5,119,15,9.999999747378752e-05,0.05684341862797737
4,task_5,119,16,9.999999747378752e-05,0.05684341862797737
4,task_5,119,17,9.999999747378752e-05,0.05684341862797737
4,task_5,119,18,9.999999747378752e-05,0.05684341862797737
4,task_5,119,19,9.999999747378752e-05,0.05684341862797737
4,task_5,119,20,9.999999747378752e-05,0.05684341862797737
4,task_5,119,21,9.999999747378752e-05,0.05684341862797737
4,task_5,119,22,9.999999747378752e-05,0.05684341862797737
4,task_5,119,23,9.999999747378752e-05,0.05684341862797737
4,task_5,119,24,9.999999747378752e-05,0.05684341862797737
4,task_5,119,25,9.999999747378752e-05,0.05684341862797737
4,task_5,119,26,9.999999747378752e-05,0.05684341862797737
4,task_5,119,27,9.999999747378752e-05,0.05684341862797737
4,task_5,119,28,9.999999747378752e-05,0.05684341862797737
4,task_5,119,29,9.999999747378752e-05,0.05684341862797737
4,task_5,120,0,0.0,0.0
4,task_5,120,1,0.0,0.0
4,task_5,120,2,0.0,0.0
4,task_5,120,3,0.0,0.0
4,task_5,120,4,0.0,0.0
4,task_5,120,5,0.0,0.0
4,task_5,120,6,0.0,0.0
4,task_5,120,7,0.0,0.0
4,task_5,120,8,0.0,0.0
4,task_5,120,9,0.0,0.0
4,task_5,120,10,0.0,0.0
4,task_5,120,11,0.0,0.0
4,task_5,120,12,0.0,0.0
4,task_5,120,13,0.0,0.0
4,task_5,120,14,0.0,0.0
4,task_5,120,15,0.0,0.0
4,task_5,120,16,0.0,0.0
4,task_5,120,17,0.0,0.0
4,task_5,120,18,0.0,0.0
4,task_5,120,19,0.0,0.0
4,task_5,120,20,0.0,0.0
4,task_5,120,21,0.0,0.0
4,task_5,120,22,0.0,0.0
4,task_5,120,23,0.0,0.0
4,task_5,120,24,0.0,0.0
4,task_5,120,25,0.0,0.0
4,task_5,120,26,0.04013717919588089,0.0
4,task_5,120,27,0.11124839633703232,0.0
4,task_5,120,28,0.15760019421577454,0.0
4,task_5,120,29,0.21594925224781036,0.0
4,task_5,121,0,0.0,-0.6126724481582642
4,task_5,121,1,0.0,-0.6126724481582642
4,task_5,121,2,0.0,-0.6126724481582642
4,task_5,121,3,0.0,-0.6126724481582642
4,task_5,121,4,0.0,-0.6126724481582642
4,task_5,121,5,0.0,-0.6126724481582642
4,task_5,121,6,0.0,-0.6126724481582642
4,task_5,121,7,0.0,-0.6126724481582642
4,task_5,121,8,0.0,-0.6126724481582642
4,task_5,121,9,0.0,-0.6126724481582642
4,task_5,121,10,0.0,-0.6126724481582642
4,task_5,121,11,0.0,-0.6126724481582642
4,task_5,121,12,0.041400909423828125,-0.5648285150527954
4,task_5,121,13,0.07744209468364716,-0.5072353482246399
4,task_5,121,14,0.12627103924751282,-0.4173174500465393
4,task_5,121,15,0.16354411840438843,-0.3330037593841553
4,task_5,121,16,0.2093724012374878,-0.21541526913642883
4,task_5,121,17,0.2462257742881775,-0.109443798661232
4,task_5,121,18,0.2822085916996002,-0.011856169439852238
4,task_5,121,19,0.32341450452804565,0.11679941415786743
4,task_5,121,20,0.35495129227638245,0.2117874026298523
4,task_5,121,21,0.39326032996177673,0.3327404856681824
4,task_5,121,22,0.4211547076702118,0.41336777806282043
4,task_5,121,23,0.44489988684654236,0.49243271350860596
4,task_5,121,24,0.4661877453327179,0.562812864780426
4,task_5,121,25,0.47864970564842224,0.6059135794639587
4,task_5,121,26,0.4954054653644562,0.663386881351471
4,task_5,121,27,0.5182229280471802,0.7377956509590149
4,task_5,121,28,0.5465718507766724,0.8317800164222717
4,task_5,121,29,1.706491470336914,4.542350769042969
4,task_5,122,0,0.18555720150470734,-1.332110047340393
4,task_5,122,1,0.1929219365119934,-1.26130211353302
4,task_5,122,2,0.19784875214099884,-1.2142339944839478
4,task_5,122,3,0.20224155485630035,-1.1681846380233765
4,task_5,122,4,0.2070322036743164,-1.1189497709274292
4,task_5,122,5,0.21367138624191284,-1.0512397289276123
4,task_5,122,6,0.22220277786254883,-0.960124135017395
4,task_5,122,7,0.23239988088607788,-0.8427509665489197
4,task_5,122,8,0.2395825982093811,-0.7575084567070007
4,task_5,122,9,0.24821874499320984,-0.6611108779907227
4,task_5,122,10,0.2591181993484497,-0.5399712920188904
4,task_5,122,11,0.26675787568092346,-0.4602128565311432
4,task_5,122,12,0.27632617950439453,-0.36035117506980896
4,task_5,122,13,0.285672128200531,-0.26434066891670227
4,task_5,122,14,0.2947480380535126,-0.17106454074382782
4,task_5,122,15,0.30057525634765625,-0.11026366055011749
4,task_5,122,16,0.30749326944351196,-0.039208944886922836
4,task_5,122,17,0.3129004240036011,0.015670714899897575
4,task_5,122,18,0.31836795806884766,0.015670714899897575
4,task_5,122,19,0.3231150507926941,0.06419588625431061
4,task_5,122,20,0.3365914821624756,0.20826931297779083
4,task_5,122,21,0.3662017583847046,0.5433653593063354
4,task_5,122,22,0.4005929231643677,0.944245457649231
4,task_5,122,23,0.4485275149345398,1.503072738647461
4,task_5,122,24,0.4828128218650818,1.503072738647461
4,task_5,122,25,0.523078203201294,1.503072738647461
4,task_5,122,26,0.5618772506713867,1.503072738647461
4,task_5,122,27,0.5968179702758789,1.503072738647461
4,task_5,122,28,0.6219346523284912,1.503072738647461
4,task_5,122,29,0.6722283363342285,1.503072738647461
4,task_5,123,0,0.0,-1.918939471244812
4,task_5,123,1,0.0,-1.918939471244812
4,task_5,123,2,0.0,-1.918939471244812
4,task_5,123,3,0.0,-1.918939471244812
4,task_5,123,4,0.0,-1.918939471244812
4,task_5,123,5,0.04951469600200653,-1.5288033485412598
4,task_5,123,6,0.13047756254673004,-0.9648338556289673
4,task_5,123,7,0.2160738855600357,-0.36476320028305054
4,task_5,123,8,0.2991568446159363,0.20298394560813904
4,task_5,123,9,0.3576272130012512,0.5833384990692139
4,task_5,123,10,0.37556910514831543,0.5833384990692139
4,task_5,123,11,0.3835851550102234,0.5833384990692139
4,task_5,123,12,0.3896526098251343,0.5833384990692139
4,task_5,123,13,0.39777857065200806,0.5833384990692139
4,task_5,123,14,0.40971142053604126,0.5833384990692139
4,task_5,123,15,0.41728276014328003,0.5833384990692139
4,task_5,123,16,0.43182629346847534,0.5833384990692139
4,task_5,123,17,0.44992291927337646,0.5833384990692139
4,task_5,123,18,0.47218698263168335,0.5833384990692139
4,task_5,123,19,0.492201030254364,0.5833384990692139
4,task_5,123,20,0.5100319981575012,0.5833384990692139
4,task_5,123,21,0.524943470954895,0.5833384990692139
4,task_5,123,22,0.5478233098983765,0.5833384990692139
4,task_5,123,23,0.5601291060447693,0.5833384990692139
4,task_5,123,24,0.5742940306663513,0.5833384990692139
4,task_5,123,25,0.5832450985908508,0.5833384990692139
4,task_5,123,26,0.5928662419319153,0.5833384990692139
4,task_5,123,27,0.5996294617652893,0.5833384990692139
4,task_5,123,28,0.6084837913513184,0.5833384990692139
4,task_5,123,29,0.6281169056892395,0.5833384990692139
4,task_5,124,0,0.0,-0.7188759446144104
4,task_5,124,1,0.0,-0.7188759446144104
4,task_5,124,2,0.0,-0.7188759446144104
4,task_5,124,3,0.0,-0.7188759446144104
4,task_5,124,4,0.0,-0.7188759446144104
4,task_5,124,5,0.0,-0.7188759446144104
4,task_5,124,6,0.0,-0.7188759446144104
4,task_5,124,7,0.0,-0.7188759446144104
4,task_5,124,8,0.0,-0.7188759446144104
4,task_5,124,9,0.0,-0.7188759446144104
4,task_5,124,10,0.0,-0.7188759446144104
4,task_5,124,11,0.0,-0.7188759446144104
4,task_5,124,12,0.0,-0.7188759446144104
4,task_5,124,13,0.0015645697712898254,-0.7145426273345947
4,task_5,124,14,0.0380018875002861,-0.6597106456756592
4,task_5,124,15,0.06940744072198868,-0.6156921982765198
4,task_5,124,16,0.0908629521727562,-0.5757255554199219
4,task_5,124,17,0.15168969333171844,-0.4742707908153534
4,task_5,124,18,0.28187644481658936,-0.2387913316488266
4,task_5,124,19,0.42178529500961304,0.07725763320922852
4,task_5,124,20,0.5377323627471924,0.34729111194610596
4,task_5,124,21,0.675532341003418,0.668540358543396
4,task_5,124,22,0.7569544315338135,0.8635724186897278
4,task_5,124,23,0.8568057417869568,1.0977228879928589
4,task_5,124,24,0.9064788818359375,1.2072844505310059
4,task_5,124,25,0.9325547218322754,1.2708752155303955
4,task_5,124,26,0.9498991370201111,1.3110562562942505
4,task_5,124,27,0.9646818041801453,1.3477447032928467
4,task_5,124,28,0.9793757200241089,1.3837476968765259
4,task_5,124,29,1.739691138267517,3.0490269660949707
4,task_5,125,0,0.0,-0.4883526861667633
4,task_5,125,1,0.0,-0.4883526861667633
4,task_5,125,2,0.0,-0.4883526861667633
4,task_5,125,3,0.0,-0.4883526861667633
4,task_5,125,4,0.0,-0.4883526861667633
4,task_5,125,5,0.0,-0.4883526861667633
4,task_5,125,6,0.0,-0.4883526861667633
4,task_5,125,7,0.0,-0.4883526861667633
4,task_5,125,8,0.0,-0.4883526861667633
4,task_5,125,9,0.0,-0.4883526861667633
4,task_5,125,10,0.0,-0.4883526861667633
4,task_5,125,11,0.0,-0.4883526861667633
4,task_5,125,12,0.0,-0.4883526861667633
4,task_5,125,13,0.04544255509972572,-0.4628831148147583
4,task_5,125,14,0.11909125745296478,-0.4178471863269806
4,task_5,125,15,0.20465905964374542,-0.3575694262981415
4,task_5,125,16,0.27920350432395935,-0.29381856322288513
4,task_5,125,17,0.362768292427063,-0.20733653008937836
4,task_5,125,18,0.4417850375175476,-0.10396580398082733
4,task_5,125,19,0.5100007057189941,-0.012252295389771461
4,task_5,125,20,0.5843677520751953,0.08463186025619507
4,task_5,125,21,0.6488551497459412,0.1764969825744629
4,task_5,125,22,0.70571368932724,0.258635550737381
4,task_5,125,23,0.7571759223937988,0.33606672286987305
4,task_5,125,24,0.8008437156677246,0.3994123339653015
4,task_5,125,25,0.8372517824172974,0.45465925335884094
4,task_5,125,26,0.868463397026062,0.5067867636680603
4,task_5,125,27,0.8907732367515564,0.5439437031745911
4,task_5,125,28,0.9080404043197632,0.5666972994804382
4,task_5,125,29,3.1025867462158203,4.876926898956299
4,task_5,126,0,0.0,-0.014210854656994343
4,task_5,126,1,0.0,-0.014210854656994343
4,task_5,126,2,0.0,-0.014210854656994343
4,task_5,126,3,0.0,-0.014210854656994343
4,task_5,126,4,0.0,-0.014210854656994343
4,task_5,126,5,0.0,-0.014210854656994343
4,task_5,126,6,0.0,-0.014210854656994343
4,task_5,126,7,0.0,-0.014210854656994343
4,task_5,126,8,0.0,-0.014210854656994343
4,task_5,126,9,0.0,-0.014210854656994343
4,task_5,126,10,0.0,-0.014210854656994343
4,task_5,126,11,0.0,-0.014210854656994343
4,task_5,126,12,0.0,-0.014210854656994343
4,task_5,126,13,0.0,-0.014210854656994343
4,task_5,126,14,0.0,-0.014210854656994343
4,task_5,126,15,0.0,-0.014210854656994343
4,task_5,126,16,0.0,-0.014210854656994343
4,task_5,126,17,0.0,-0.014210854656994343
4,task_5,126,18,0.0,-0.014210854656994343
4,task_5,126,19,0.0,-0.014210854656994343
4,task_5,126,20,0.0,-0.014210854656994343
4,task_5,126,21,0.07767902314662933,-0.014210854656994343
4,task_5,126,22,0.14925339818000793,-0.014210854656994343
4,task_5,126,23,0.20423710346221924,-0.014210854656994343
4,task_5,126,24,0.2602759301662445,-0.014210854656994343
4,task_5,126,25,0.3046015799045563,-0.014210854656994343
4,task_5,126,26,0.33346694707870483,-0.014210854656994343
4,task_5,126,27,0.36183610558509827,-0.014210854656994343
4,task_5,126,28,0.37927815318107605,-0.014210854656994343
4,task_5,126,29,0.4231955409049988,-0.014210854656994343
4,task_5,127,0,0.0,0.7700906991958618
4,task_5,127,1,0.0,0.7700906991958618
4,task_5,127,2,0.0,0.7700906991958618
4,task_5,127,3,0.0,0.7700906991958618
4,task_5,127,4,0.0,0.7700906991958618
4,task_5,127,5,0.0,0.7700906991958618
4,task_5,127,6,0.0,0.7700906991958618
4,task_5,127,7,0.0,0.7700906991958618
4,task_5,127,8,0.0,0.7700906991958618
4,task_5,127,9,0.0,0.7700906991958618
4,task_5,127,10,0.0,0.7700906991958618
4,task_5,127,11,0.0,0.7700906991958618
4,task_5,127,12,0.0,0.7700906991958618
4,task_5,127,13,0.0,0.7700906991958618
4,task_5,127,14,0.034663498401641846,0.376155823469162
4,task_5,127,15,0.06150484085083008,0.04853598773479462
4,task_5,127,16,0.07635466754436493,-0.12406336516141891
4,task_5,127,17,0.08588986098766327,-0.23499397933483124
4,task_5,127,18,0.09405060112476349,-0.3357780873775482
4,task_5,127,19,0.1009417176246643,-0.414130300283432
4,task_5,127,20,0.10680590569972992,-0.48566147685050964
4,task_5,127,21,0.11239515244960785,-0.5540998578071594
4,task_5,127,22,0.11729269474744797,-0.6053277254104614
4,task_5,127,23,0.12249886989593506,-0.6514536738395691
4,task_5,127,24,0.1272813379764557,-0.6880771517753601
4,task_5,127,25,0.13239185512065887,-0.7239109873771667
4,task_5,127,26,0.13667894899845123,-0.7501916289329529
4,task_5,127,27,0.14363016188144684,-0.796597421169281
4,task_5,127,28,0.15231183171272278,-0.8477419018745422
4,task_5,127,29,0.7077971696853638,-3.9939334392547607
