task_index,task,feature_index,interval,x,ale
0,task_1,0,0,0.24732312560081482,-1.4982050657272339
0,task_1,0,1,0.27908656001091003,-1.3721812963485718
0,task_1,0,2,0.29977840185165405,-1.2962411642074585
0,task_1,0,3,0.3275168240070343,-1.1921098232269287
0,task_1,0,4,0.35778486728668213,-1.076557993888855
0,task_1,0,5,0.37991392612457275,-0.995764434337616
0,task_1,0,6,0.40406087040901184,-0.9098159074783325
0,task_1,0,7,0.42702603340148926,-0.8272591829299927
0,task_1,0,8,0.4553314745426178,-0.7247189283370972
0,task_1,0,9,0.47706058621406555,-0.6455685496330261
0,task_1,0,10,0.5033626556396484,-0.5513160228729248
0,task_1,0,11,0.5256310701370239,-0.4714950919151306
0,task_1,0,12,0.5516706109046936,-0.37815260887145996
0,task_1,0,13,0.5825814604759216,-0.26751264929771423
0,task_1,0,14,0.6111065745353699,-0.16851721704006195
0,task_1,0,15,0.6381914615631104,-0.07901787757873535
0,task_1,0,16,0.6652488112449646,0.007002443075180054
0,task_1,0,17,0.7024582624435425,0.12479768693447113
0,task_1,0,18,0.7314826250076294,0.21687956154346466
0,task_1,0,19,0.7739521861076355,0.3521610498428345
0,task_1,0,20,0.8140138387680054,0.4795786738395691
0,task_1,0,21,0.8543573617935181,0.60638827085495
0,task_1,0,22,0.896519660949707,0.741156816482544
0,task_1,0,23,0.9451601505279541,0.8938540816307068
0,task_1,0,24,0.994948148727417,1.0495834350585938
0,task_1,0,25,1.0485804080963135,1.2176085710525513
0,task_1,0,26,1.0988249778747559,1.3766981363296509
0,task_1,0,27,1.1634933948516846,1.5783751010894775
0,task_1,0,28,1.2300817966461182,1.7863277196884155
0,task_1,0,29,1.3028806447982788,2.0240182876586914
0,task_1,1,0,0.25823765993118286,-1.152274250984192
0,task_1,1,1,0.2996249794960022,-1.0905587673187256
0,task_1,1,2,0.3277009129524231,-1.0499796867370605
0,task_1,1,3,0.37317517399787903,-0.9863916039466858
0,task_1,1,4,0.4099525213241577,-0.9385338425636292
0,task_1,1,5,0.453602135181427,-0.884133517742157
0,task_1,1,6,0.4834824204444885,-0.8483896851539612
0,task_1,1,7,0.5309481620788574,-0.7928740382194519
0,task_1,1,8,0.571801483631134,-0.7458776235580444
0,task_1,1,9,0.6170896291732788,-0.6939443349838257
0,task_1,1,10,0.6670593619346619,-0.6367117166519165
0,task_1,1,11,0.7253848910331726,-0.5699043869972229
0,task_1,1,12,0.7886276841163635,-0.4974500834941864
0,task_1,1,13,0.8505376577377319,-0.4257155656814575
0,task_1,1,14,0.9093487858772278,-0.35663190484046936
0,task_1,1,15,0.992676317691803,-0.25853025913238525
0,task_1,1,16,1.0801007747650146,-0.1562068909406662
0,task_1,1,17,1.1581413745880127,-0.06504370272159576
0,task_1,1,18,1.2568676471710205,0.049643293023109436
0,task_1,1,19,1.377512812614441,0.1905885636806488
0,task_1,1,20,1.4893715381622314,0.3205545246601105
0,task_1,1,21,1.6105116605758667,0.4619064927101135
0,task_1,1,22,1.7498153448104858,0.6238865256309509
0,task_1,1,23,1.9099910259246826,0.8101531267166138
0,task_1,1,24,2.0602269172668457,0.9857079982757568
0,task_1,1,25,2.21858811378479,1.1689614057540894
0,task_1,1,26,2.4002771377563477,1.3800992965698242
0,task_1,1,27,2.5880162715911865,1.597898244857788
0,task_1,1,28,2.7980406284332275,1.841160535812378
0,task_1,1,29,3.577972650527954,2.7185914516448975
0,task_1,2,0,0.10486434400081635,-0.5680491328239441
0,task_1,2,1,0.1118726134300232,-0.5776776671409607
0,task_1,2,2,0.11811482906341553,-0.5855658054351807
0,task_1,2,3,0.12423552572727203,-0.595007598400116
0,task_1,2,4,0.1304263472557068,-0.6012514233589172
0,task_1,2,5,0.13632294535636902,-0.6078788638114929
0,task_1,2,6,0.14186009764671326,-0.6151854395866394
0,task_1,2,7,0.14870473742485046,-0.6228854060173035
0,task_1,2,8,0.1561756134033203,-0.6313554644584656
0,task_1,2,9,0.16309945285320282,-0.6375559568405151
0,task_1,2,10,0.17406456172466278,-0.6291784644126892
0,task_1,2,11,0.18450047075748444,-0.5912561416625977
0,task_1,2,12,0.19656452536582947,-0.5134409666061401
0,task_1,2,13,0.20607037842273712,-0.43692901730537415
0,task_1,2,14,0.21910050511360168,-0.34141653776168823
0,task_1,2,15,0.23479612171649933,-0.21909669041633606
0,task_1,2,16,0.2451188713312149,-0.1467481404542923
0,task_1,2,17,0.25920554995536804,-0.057768918573856354
0,task_1,2,18,0.273089200258255,0.0387432835996151
0,task_1,2,19,0.28627052903175354,0.12272249162197113
0,task_1,2,20,0.30094191431999207,0.20537006855010986
0,task_1,2,21,0.3122391998767853,0.2718512713909149
0,task_1,2,22,0.3271079659461975,0.3377048075199127
0,task_1,2,23,0.33622556924819946,0.3820892870426178
0,task_1,2,24,0.3477119505405426,0.43485933542251587
0,task_1,2,25,0.3551461696624756,0.4784553050994873
0,task_1,2,26,0.36636900901794434,0.5501074194908142
0,task_1,2,27,0.380475252866745,0.6498247385025024
0,task_1,2,28,0.40567904710769653,0.8482319712638855
0,task_1,2,29,0.8063868284225464,4.6582865715026855
0,task_1,3,0,0.03070656582713127,-1.0747053623199463
0,task_1,3,1,0.05352482944726944,-1.03873610496521
0,task_1,3,2,0.08302812278270721,-0.9911344051361084
0,task_1,3,3,0.10734479874372482,-0.9524909853935242
0,task_1,3,4,0.13030172884464264,-0.915923535823822
0,task_1,3,5,0.1542309820652008,-0.8793238401412964
0,task_1,3,6,0.178694486618042,-0.8424601554870605
0,task_1,3,7,0.2101801335811615,-0.7948841452598572
0,task_1,3,8,0.2413008213043213,-0.7476101517677307
0,task_1,3,9,0.26970505714416504,-0.7043310403823853
0,task_1,3,10,0.3098623752593994,-0.6434021592140198
0,task_1,3,11,0.3490925431251526,-0.5835025906562805
0,task_1,3,12,0.39210885763168335,-0.5179964303970337
0,task_1,3,13,0.44343292713165283,-0.4401722550392151
0,task_1,3,14,0.4915422201156616,-0.3676336705684662
0,task_1,3,15,0.5418227910995483,-0.29180845618247986
0,task_1,3,16,0.6152746677398682,-0.18122924864292145
0,task_1,3,17,0.6811255216598511,-0.08181004971265793
0,task_1,3,18,0.7599165439605713,0.03602536767721176
0,task_1,3,19,0.8483506441116333,0.1670808345079422
0,task_1,3,20,0.9445835947990417,0.30642271041870117
0,task_1,3,21,1.0440648794174194,0.4510284960269928
0,task_1,3,22,1.1369484663009644,0.5857743620872498
0,task_1,3,23,1.2621948719024658,0.7674545645713806
0,task_1,3,24,1.3852072954177856,0.9463090896606445
0,task_1,3,25,1.519503116607666,1.141783595085144
0,task_1,3,26,1.6687992811203003,1.3594138622283936
0,task_1,3,27,1.8253346681594849,1.5879755020141602
0,task_1,3,28,1.9979770183563232,1.8403191566467285
0,task_1,3,29,2.7132771015167236,2.8595645427703857
0,task_1,4,0,2.4131715297698975,0.0
0,task_1,4,1,2.4131715297698975,0.0
0,task_1,4,2,2.4131715297698975,0.0
0,task_1,4,3,2.4131715297698975,0.0
0,task_1,4,4,2.4131715297698975,0.0
0,task_1,4,5,2.4131715297698975,0.0
0,task_1,4,6,2.4131715297698975,0.0
0,task_1,4,7,2.4131715297698975,0.0
0,task_1,4,8,2.4131715297698975,0.0
0,task_1,4,9,2.4131715297698975,0.0
0,task_1,4,10,2.4131715297698975,0.0
0,task_1,4,11,2.4131715297698975,0.0
0,task_1,4,12,2.4131715297698975,0.0
0,task_1,4,13,2.4131715297698975,0.0
0,task_1,4,14,2.4131715297698975,0.0
0,task_1,4,15,2.4131715297698975,0.0
0,task_1,4,16,2.4131715297698975,0.0
0,task_1,4,17,2.4131715297698975,0.0
0,task_1,4,18,2.4131715297698975,0.0
0,task_1,4,19,2.4131715297698975,0.0
0,task_1,4,20,2.4131715297698975,0.0
0,task_1,4,21,2.4131715297698975,0.0
0,task_1,4,22,2.4131715297698975,0.0
0,task_1,4,23,2.4131715297698975,0.0
0,task_1,4,24,2.4131715297698975,0.0
0,task_1,4,25,2.4131715297698975,0.0
0,task_1,4,26,2.4131715297698975,0.0
0,task_1,4,27,2.4131715297698975,0.0
0,task_1,4,28,2.4131715297698975,0.0
0,task_1,4,29,2.4131715297698975,0.0
0,task_1,5,0,0.10061788558959961,-1.2377077341079712
0,task_1,5,1,0.1284368336200714,-1.1767528057098389
0,task_1,5,2,0.15641245245933533,-1.1165378093719482
0,task_1,5,3,0.1834566593170166,-1.0644553899765015
0,task_1,5,4,0.21935364603996277,-0.9945844411849976
0,task_1,5,5,0.24294418096542358,-0.9489639401435852
0,task_1,5,6,0.27068865299224854,-0.8967943787574768
0,task_1,5,7,0.3080121874809265,-0.8281968832015991
0,task_1,5,8,0.3361196219921112,-0.7781668901443481
0,task_1,5,9,0.37560778856277466,-0.7083099484443665
0,task_1,5,10,0.4174409508705139,-0.6346791386604309
0,task_1,5,11,0.4591149687767029,-0.5627161264419556
0,task_1,5,12,0.5102932453155518,-0.47659286856651306
0,task_1,5,13,0.5617023706436157,-0.38950780034065247
0,task_1,5,14,0.6070388555526733,-0.3113018870353699
0,task_1,5,15,0.6644281148910522,-0.2152426689863205
0,task_1,5,16,0.7338016033172607,-0.10336955636739731
0,task_1,5,17,0.8034789562225342,0.005459131672978401
0,task_1,5,18,0.8684805631637573,0.10616899281740189
0,task_1,5,19,0.9602011442184448,0.2498755156993866
0,task_1,5,20,1.0543018579483032,0.39711621403694153
0,task_1,5,21,1.1399822235107422,0.531395435333252
0,task_1,5,22,1.240466833114624,0.6877337694168091
0,task_1,5,23,1.3628309965133667,0.8797947764396667
0,task_1,5,24,1.48036527633667,1.0645525455474854
0,task_1,5,25,1.6003193855285645,1.2533656358718872
0,task_1,5,26,1.7376278638839722,1.4694679975509644
0,task_1,5,27,1.869888424873352,1.678096055984497
0,task_1,5,28,2.0315659046173096,1.9317020177841187
0,task_1,5,29,2.192269802093506,2.1891517639160156
0,task_1,6,0,0.3488592505455017,-1.2246662378311157
0,task_1,6,1,0.35623711347579956,-1.193564534187317
0,task_1,6,2,0.36183393001556396,-1.1684335470199585
0,task_1,6,3,0.36835938692092896,-1.126145839691162
0,task_1,6,4,0.3777626156806946,-1.034509301185608
0,task_1,6,5,0.3882426917552948,-0.9152201414108276
0,task_1,6,6,0.39519914984703064,-0.8348110318183899
0,task_1,6,7,0.40449947118759155,-0.706078290939331
0,task_1,6,8,0.4134700298309326,-0.576431155204773
0,task_1,6,9,0.4215002954006195,-0.4595160484313965
0,task_1,6,10,0.4287188649177551,-0.3567332625389099
0,task_1,6,11,0.43315115571022034,-0.288589745759964
0,task_1,6,12,0.4409063160419464,-0.17488843202590942
0,task_1,6,13,0.4459419548511505,-0.0990653932094574
0,task_1,6,14,0.4510456919670105,-0.020921843126416206
0,task_1,6,15,0.45784497261047363,0.08060217648744583
0,task_1,6,16,0.4617903530597687,0.13899673521518707
0,task_1,6,17,0.4662740230560303,0.2063603699207306
0,task_1,6,18,0.4712740480899811,0.2803243398666382
0,task_1,6,19,0.4745141565799713,0.3262152671813965
0,task_1,6,20,0.4782421588897705,0.3815368711948395
0,task_1,6,21,0.48166826367378235,0.432460755109787
0,task_1,6,22,0.4857323467731476,0.4899417459964752
0,task_1,6,23,0.4878369867801666,0.5218296647071838
0,task_1,6,24,0.49017563462257385,0.5557565689086914
0,task_1,6,25,0.4933261573314667,0.6018880009651184
0,task_1,6,26,0.49643567204475403,0.6469415426254272
0,task_1,6,27,0.5005322694778442,0.705227792263031
0,task_1,6,28,0.5059441924095154,0.7804040908813477
0,task_1,6,29,0.7741251587867737,4.031087398529053
0,task_1,7,0,0.0,0.5756280422210693
0,task_1,7,1,0.0015204250812530518,0.5756280422210693
0,task_1,7,2,0.018717646598815918,0.5222915410995483
0,task_1,7,3,0.019265875220298767,0.5203534960746765
0,task_1,7,4,0.020072385668754578,0.5203534960746765
0,task_1,7,5,0.022059664130210876,0.5144379138946533
0,task_1,7,6,0.022709980607032776,0.5144379138946533
0,task_1,7,7,0.02790050208568573,0.49872246384620667
0,task_1,7,8,0.027944549918174744,0.49872246384620667
0,task_1,7,9,0.030336126685142517,0.4921451210975647
0,task_1,7,10,0.04184754192829132,0.4588916599750519
0,task_1,7,11,0.04347248375415802,0.45376256108283997
0,task_1,7,12,0.04556232690811157,0.4471941590309143
0,task_1,7,13,0.04743267595767975,0.44211795926094055
0,task_1,7,14,0.0545123815536499,0.4204995632171631
0,task_1,7,15,0.06141982972621918,0.401520311832428
0,task_1,7,16,0.061783209443092346,0.401520311832428
0,task_1,7,17,0.07501165568828583,0.3604840040206909
0,task_1,7,18,0.07543998956680298,0.3604840040206909
0,task_1,7,19,0.07787106931209564,0.35184168815612793
0,task_1,7,20,0.0807875394821167,0.34365594387054443
0,task_1,7,21,0.08352424204349518,0.3361489176750183
0,task_1,7,22,0.08640575408935547,0.3259102404117584
0,task_1,7,23,0.08691360056400299,0.3245563805103302
0,task_1,7,24,0.09607096016407013,0.29928845167160034
0,task_1,7,25,4.284966468811035,-2.1921191215515137
0,task_1,7,26,4.284966468811035,-2.1921191215515137
0,task_1,7,27,4.284966468811035,-2.1921191215515137
0,task_1,7,28,4.284966468811035,-2.1921191215515137
0,task_1,7,29,4.284966468811035,-2.1921191215515137
0,task_1,8,0,0.0,0.39427661895751953
0,task_1,8,1,0.0,0.39427661895751953
0,task_1,8,2,0.0,0.39427661895751953
0,task_1,8,3,0.0,0.39427661895751953
0,task_1,8,4,0.0,0.39427661895751953
0,task_1,8,5,0.0,0.39427661895751953
0,task_1,8,6,0.0,0.39427661895751953
0,task_1,8,7,0.0,0.39427661895751953
0,task_1,8,8,0.0,0.39427661895751953
0,task_1,8,9,0.0,0.39427661895751953
0,task_1,8,10,0.0,0.39427661895751953
0,task_1,8,11,0.0,0.39427661895751953
0,task_1,8,12,0.0,0.39427661895751953
0,task_1,8,13,0.0,0.39427661895751953
0,task_1,8,14,0.0,0.39427661895751953
0,task_1,8,15,0.0,0.39427661895751953
0,task_1,8,16,0.0,0.39427661895751953
0,task_1,8,17,0.0,0.39427661895751953
0,task_1,8,18,0.0,0.39427661895751953
0,task_1,8,19,0.014066703617572784,0.327609121799469
0,task_1,8,20,0.042343661189079285,0.1927955597639084
0,task_1,8,21,0.06741897761821747,0.05860572308301926
0,task_1,8,22,0.08993226289749146,-0.061967093497514725
0,task_1,8,23,0.11079905927181244,-0.18257375061511993
0,task_1,8,24,0.12590309977531433,-0.2709447741508484
0,task_1,8,25,0.15031704306602478,-0.43714359402656555
0,task_1,8,26,0.1684386283159256,-0.5712406635284424
0,task_1,8,27,0.18896085023880005,-0.7480564713478088
0,task_1,8,28,0.2075124979019165,-0.9116483330726624
0,task_1,8,29,1.6179194450378418,-4.886691570281982
0,task_1,9,0,0.0,-1.157529592514038
0,task_1,9,1,0.0,-1.157529592514038
0,task_1,9,2,0.0,-1.157529592514038
0,task_1,9,3,0.0,-1.157529592514038
0,task_1,9,4,0.0,-1.157529592514038
0,task_1,9,5,0.003697521984577179,-1.142212986946106
0,task_1,9,6,0.025163069367408752,-1.053742527961731
0,task_1,9,7,0.05853342264890671,-0.9191731214523315
0,task_1,9,8,0.08554136008024216,-0.8133901953697205
0,task_1,9,9,0.10891059786081314,-0.7235903143882751
0,task_1,9,10,0.1351827085018158,-0.6245558261871338
0,task_1,9,11,0.17585676908493042,-0.4722924530506134
0,task_1,9,12,0.20381534099578857,-0.3678796887397766
0,task_1,9,13,0.22480881214141846,-0.2902953028678894
0,task_1,9,14,0.25418001413345337,-0.18225087225437164
0,task_1,9,15,0.28697487711906433,-0.0617641918361187
0,task_1,9,16,0.3204719126224518,0.06081508472561836
0,task_1,9,17,0.3461163640022278,0.15473350882530212
0,task_1,9,18,0.3806207478046417,0.2828444540500641
0,task_1,9,19,0.40499332547187805,0.37673258781433105
0,task_1,9,20,0.4385316073894501,0.5075339078903198
0,task_1,9,21,0.46821585297584534,0.6250531673431396
0,task_1,9,22,0.5027332901954651,0.7610745429992676
0,task_1,9,23,0.5314683318138123,0.8744587302207947
0,task_1,9,24,0.5589087605476379,0.9830820560455322
0,task_1,9,25,0.594086766242981,1.1224271059036255
0,task_1,9,26,0.6196444630622864,1.2229055166244507
0,task_1,9,27,0.6482044458389282,1.3369762897491455
0,task_1,9,28,0.6822274923324585,1.4711041450500488
0,task_1,9,29,0.9918330311775208,2.6590521335601807
0,task_1,10,0,0.4116010069847107,-1.1971871852874756
0,task_1,10,1,0.47967690229415894,-1.1309888362884521
0,task_1,10,2,0.5419967770576477,-1.0711649656295776
0,task_1,10,3,0.6065241694450378,-1.0130876302719116
0,task_1,10,4,0.6707640886306763,-0.9553168416023254
0,task_1,10,5,0.7181724309921265,-0.9133728742599487
0,task_1,10,6,0.7784507870674133,-0.860116720199585
0,task_1,10,7,0.84099280834198,-0.8065279126167297
0,task_1,10,8,0.9021095633506775,-0.7546561360359192
0,task_1,10,9,0.9679316878318787,-0.6977142691612244
0,task_1,10,10,1.0423556566238403,-0.6339226961135864
0,task_1,10,11,1.1094703674316406,-0.5760787129402161
0,task_1,10,12,1.2015841007232666,-0.49504977464675903
0,task_1,10,13,1.2846662998199463,-0.4215973913669586
0,task_1,10,14,1.373337984085083,-0.34346091747283936
0,task_1,10,15,1.4665114879608154,-0.2615143954753876
0,task_1,10,16,1.5932382345199585,-0.15109986066818237
0,task_1,10,17,1.7177631855010986,-0.04262574389576912
0,task_1,10,18,1.8427560329437256,0.06425453722476959
0,task_1,10,19,1.9971545934677124,0.19575190544128418
0,task_1,10,20,2.1793179512023926,0.35126107931137085
0,task_1,10,21,2.3353939056396484,0.48418235778808594
0,task_1,10,22,2.525414228439331,0.6463336944580078
0,task_1,10,23,2.7481014728546143,0.8366369605064392
0,task_1,10,24,2.9791152477264404,1.0334011316299438
0,task_1,10,25,3.2173562049865723,1.2370082139968872
0,task_1,10,26,3.476900339126587,1.4583042860031128
0,task_1,10,27,3.7465038299560547,1.68850576877594
0,task_1,10,28,4.062986850738525,1.9583972692489624
0,task_1,10,29,4.5724897384643555,2.37144136428833
0,task_1,11,0,0.0,-1.0066945552825928
0,task_1,11,1,0.0,-1.0066945552825928
0,task_1,11,2,0.0,-1.0066945552825928
0,task_1,11,3,0.0,-1.0066945552825928
0,task_1,11,4,0.0,-1.0066945552825928
0,task_1,11,5,0.0,-1.0066945552825928
0,task_1,11,6,0.015312761068344116,-0.9881002902984619
0,task_1,11,7,0.07666105031967163,-0.9132320284843445
0,task_1,11,8,0.13281099498271942,-0.8447656035423279
0,task_1,11,9,0.19438669085502625,-0.7692864537239075
0,task_1,11,10,0.25849080085754395,-0.6903761625289917
0,task_1,11,11,0.3403310775756836,-0.5917335152626038
0,task_1,11,12,0.41189509630203247,-0.5051868557929993
0,task_1,11,13,0.48489445447921753,-0.41696688532829285
0,task_1,11,14,0.5591437220573425,-0.32665982842445374
0,task_1,11,15,0.6542945504188538,-0.21105730533599854
0,task_1,11,16,0.740932822227478,-0.1053905263543129
0,task_1,11,17,0.8308600187301636,0.004609731491655111
0,task_1,11,18,0.928655743598938,0.12415996938943863
0,task_1,11,19,1.036656379699707,0.2565550208091736
0,task_1,11,20,1.1543307304382324,0.4003904461860657
0,task_1,11,21,1.2717176675796509,0.5443193316459656
0,task_1,11,22,1.3873845338821411,0.6862049102783203
0,task_1,11,23,1.5352976322174072,0.8675556182861328
0,task_1,11,24,1.6653727293014526,1.026118278503418
0,task_1,11,25,1.8004300594329834,1.191723346710205
0,task_1,11,26,1.9555573463439941,1.380736231803894
0,task_1,11,27,2.121143341064453,1.5823051929473877
0,task_1,11,28,2.2690420150756836,1.762527346611023
0,task_1,11,29,2.9556117057800293,2.5757131576538086
0,task_1,12,0,0.0,0.3339792788028717
0,task_1,12,1,0.0,0.3339792788028717
0,task_1,12,2,0.0,0.3339792788028717
0,task_1,12,3,0.0,0.3339792788028717
0,task_1,12,4,0.0,0.3339792788028717
0,task_1,12,5,0.0,0.3339792788028717
0,task_1,12,6,0.0,0.3339792788028717
0,task_1,12,7,0.0,0.3339792788028717
0,task_1,12,8,0.0,0.3339792788028717
0,task_1,12,9,0.0,0.3339792788028717
0,task_1,12,10,0.0,0.3339792788028717
0,task_1,12,11,0.0,0.3339792788028717
0,task_1,12,12,0.0,0.3339792788028717
0,task_1,12,13,0.0,0.3339792788028717
0,task_1,12,14,0.0,0.3339792788028717
0,task_1,12,15,0.0,0.3339792788028717
0,task_1,12,16,0.0,0.3339792788028717
0,task_1,12,17,0.0,0.3339792788028717
0,task_1,12,18,0.0,0.3339792788028717
0,task_1,12,19,0.0,0.3339792788028717
0,task_1,12,20,0.024123117327690125,0.20515389740467072
0,task_1,12,21,0.04681650549173355,0.0846814289689064
0,task_1,12,22,0.05779114365577698,0.020367583259940147
0,task_1,12,23,0.07052338868379593,-0.06504111737012863
0,task_1,12,24,0.08123704791069031,-0.13298970460891724
0,task_1,12,25,0.10072208195924759,-0.273608535528183
0,task_1,12,26,0.11275126039981842,-0.3515704870223999
0,task_1,12,27,0.12697157263755798,-0.45008742809295654
0,task_1,12,28,0.14745590090751648,-0.626946210861206
0,task_1,12,29,2.0647130012512207,-5.089544296264648
0,task_1,13,0,0.05103344842791557,-1.1282488107681274
0,task_1,13,1,0.09812403470277786,-1.077545166015625
0,task_1,13,2,0.1425924003124237,-1.0310919284820557
0,task_1,13,3,0.19174635410308838,-0.9802876710891724
0,task_1,13,4,0.24323472380638123,-0.9293389320373535
0,task_1,13,5,0.27110475301742554,-0.8989579081535339
0,task_1,13,6,0.31657540798187256,-0.8513209223747253
0,task_1,13,7,0.3564181923866272,-0.8088000416755676
0,task_1,13,8,0.4107440114021301,-0.7499951124191284
0,task_1,13,9,0.4555453658103943,-0.7013505697250366
0,task_1,13,10,0.5118624567985535,-0.6408876776695251
0,task_1,13,11,0.5584135055541992,-0.5899081230163574
0,task_1,13,12,0.6280465126037598,-0.5134507417678833
0,task_1,13,13,0.7018415331840515,-0.43307819962501526
0,task_1,13,14,0.776970386505127,-0.35326123237609863
0,task_1,13,15,0.8496472835540771,-0.2753337621688843
0,task_1,13,16,0.944901704788208,-0.17420870065689087
0,task_1,13,17,1.0530202388763428,-0.060738034546375275
0,task_1,13,18,1.1726670265197754,0.060370177030563354
0,task_1,13,19,1.2890909910202026,0.17527508735656738
0,task_1,13,20,1.4285328388214111,0.3120986819267273
0,task_1,13,21,1.5758392810821533,0.4578310251235962
0,task_1,13,22,1.7397514581680298,0.6192039251327515
0,task_1,13,23,1.9176284074783325,0.7943772077560425
0,task_1,13,24,2.1186399459838867,0.9929280877113342
0,task_1,13,25,2.323542833328247,1.1945503950119019
0,task_1,13,26,2.5473809242248535,1.4136356115341187
0,task_1,13,27,2.7837862968444824,1.6470483541488647
0,task_1,13,28,3.054110527038574,1.9118759632110596
0,task_1,13,29,3.788951873779297,2.618607759475708
0,task_1,14,0,0.0,1.276269793510437
0,task_1,14,1,0.0002256929874420166,1.261754035949707
0,task_1,14,2,0.0006293803453445435,1.261754035949707
0,task_1,14,3,0.0014606565237045288,1.243240237236023
0,task_1,14,4,0.0018823593854904175,1.2289457321166992
0,task_1,14,5,0.003941014409065247,1.179434061050415
0,task_1,14,6,0.005341753363609314,1.1468596458435059
0,task_1,14,7,0.0069457292556762695,1.0852749347686768
0,task_1,14,8,0.009155169129371643,1.0161261558532715
0,task_1,14,9,0.009682267904281616,1.0161261558532715
0,task_1,14,10,0.010360777378082275,0.9969420433044434
0,task_1,14,11,0.01164582371711731,0.9582273364067078
0,task_1,14,12,0.013461843132972717,0.8916875123977661
0,task_1,14,13,0.315270334482193,-0.8566259145736694
0,task_1,14,14,0.315270334482193,-0.8566259145736694
0,task_1,14,15,0.315270334482193,-0.8566259145736694
0,task_1,14,16,0.315270334482193,-0.8566259145736694
0,task_1,14,17,0.315270334482193,-0.8566259145736694
0,task_1,14,18,0.315270334482193,-0.8566259145736694
0,task_1,14,19,0.315270334482193,-0.8566259145736694
0,task_1,14,20,0.315270334482193,-0.8566259145736694
0,task_1,14,21,0.315270334482193,-0.8566259145736694
0,task_1,14,22,0.315270334482193,-0.8566259145736694
0,task_1,14,23,0.315270334482193,-0.8566259145736694
0,task_1,14,24,0.315270334482193,-0.8566259145736694
0,task_1,14,25,0.315270334482193,-0.8566259145736694
0,task_1,14,26,0.315270334482193,-0.8566259145736694
0,task_1,14,27,0.315270334482193,-0.8566259145736694
0,task_1,14,28,0.315270334482193,-0.8566259145736694
0,task_1,14,29,0.315270334482193,-0.8566259145736694
0,task_1,15,0,1.9664511680603027,1862.6451416015625
0,task_1,15,1,1.9664511680603027,1862.6451416015625
0,task_1,15,2,1.9664511680603027,1862.6451416015625
0,task_1,15,3,1.9664511680603027,1862.6451416015625
0,task_1,15,4,1.9664511680603027,1862.6451416015625
0,task_1,15,5,1.9664511680603027,1862.6451416015625
0,task_1,15,6,1.9664511680603027,1862.6451416015625
0,task_1,15,7,1.9664511680603027,1862.6451416015625
0,task_1,15,8,1.9664511680603027,1862.6451416015625
0,task_1,15,9,1.9664511680603027,1862.6451416015625
0,task_1,15,10,1.9664511680603027,1862.6451416015625
0,task_1,15,11,1.9664511680603027,1862.6451416015625
0,task_1,15,12,1.9664511680603027,1862.6451416015625
0,task_1,15,13,1.9664511680603027,1862.6451416015625
0,task_1,15,14,1.9664511680603027,1862.6451416015625
0,task_1,15,15,1.9664511680603027,1862.6451416015625
0,task_1,15,16,1.9664511680603027,1862.6451416015625
0,task_1,15,17,1.9664511680603027,1862.6451416015625
0,task_1,15,18,1.9664511680603027,1862.6451416015625
0,task_1,15,19,1.9664511680603027,1862.6451416015625
0,task_1,15,20,1.9664511680603027,1862.6451416015625
0,task_1,15,21,1.9664511680603027,1862.6451416015625
0,task_1,15,22,1.9664511680603027,1862.6451416015625
0,task_1,15,23,1.9664511680603027,1862.6451416015625
0,task_1,15,24,1.9664511680603027,1862.6451416015625
0,task_1,15,25,1.9664511680603027,1862.6451416015625
0,task_1,15,26,1.9664511680603027,1862.6451416015625
0,task_1,15,27,1.9664511680603027,1862.6451416015625
0,task_1,15,28,1.9664511680603027,1862.6451416015625
0,task_1,15,29,1.9664511680603027,1862.6451416015625
0,task_1,16,0,0.2859359383583069,-0.6286238431930542
0,task_1,16,1,0.29385635256767273,-0.6259903311729431
0,task_1,16,2,0.2992285192012787,-0.6224416494369507
0,task_1,16,3,0.3045482039451599,-0.6192151308059692
0,task_1,16,4,0.3082118332386017,-0.6153383851051331
0,task_1,16,5,0.3122945725917816,-0.6097012758255005
0,task_1,16,6,0.31587252020835876,-0.6044264435768127
0,task_1,16,7,0.3202402591705322,-0.5962269902229309
0,task_1,16,8,0.3240389823913574,-0.5881195068359375
0,task_1,16,9,0.32731008529663086,-0.5801313519477844
0,task_1,16,10,0.33159181475639343,-0.5697960257530212
0,task_1,16,11,0.3356148600578308,-0.5593091249465942
0,task_1,16,12,0.3404679596424103,-0.5458104014396667
0,task_1,16,13,0.34519511461257935,-0.5321916937828064
0,task_1,16,14,0.3493858873844147,-0.520054280757904
0,task_1,16,15,0.3567270040512085,-0.4978066384792328
0,task_1,16,16,0.3649068772792816,-0.472894549369812
0,task_1,16,17,0.37938275933265686,-0.4285190999507904
0,task_1,16,18,0.4088588058948517,-0.33532360196113586
0,task_1,16,19,0.4470157325267792,-0.21256153285503387
0,task_1,16,20,0.48648932576179504,-0.08641783893108368
0,task_1,16,21,0.5355040431022644,0.06835489720106125
0,task_1,16,22,0.5927046537399292,0.24921338260173798
0,task_1,16,23,0.6638849973678589,0.4740694463253021
0,task_1,16,24,0.735927939414978,0.702235996723175
0,task_1,16,25,0.8187029361724854,0.9637664556503296
0,task_1,16,26,0.9074000120162964,1.244218349456787
0,task_1,16,27,1.0009169578552246,1.5404607057571411
0,task_1,16,28,1.1160602569580078,1.9052506685256958
0,task_1,16,29,1.699742078781128,3.703329086303711
0,task_1,17,0,0.0,-1.1912857294082642
0,task_1,17,1,0.0,-1.1912857294082642
0,task_1,17,2,0.0,-1.1912857294082642
0,task_1,17,3,0.0,-1.1912857294082642
0,task_1,17,4,0.0,-1.1912857294082642
0,task_1,17,5,0.0,-1.1912857294082642
0,task_1,17,6,0.0,-1.1912857294082642
0,task_1,17,7,0.0,-1.1912857294082642
0,task_1,17,8,0.0,-1.1912857294082642
0,task_1,17,9,0.0,-1.1912857294082642
0,task_1,17,10,0.0,-1.1912857294082642
0,task_1,17,11,0.004563447088003159,-1.0097546577453613
0,task_1,17,12,0.024124182760715485,-0.17427614331245422
0,task_1,17,13,0.034234218299388885,0.3093593418598175
0,task_1,17,14,0.04891686886548996,0.990799069404602
0,task_1,17,15,0.05887296795845032,0.9439478516578674
0,task_1,17,16,0.0719502717256546,0.9517377614974976
0,task_1,17,17,0.08080074191093445,0.8731013536453247
0,task_1,17,18,0.09448889642953873,0.8516020774841309
0,task_1,17,19,0.105197973549366,0.8516020774841309
0,task_1,17,20,0.11406231671571732,0.8516020774841309
0,task_1,17,21,0.12317424267530441,0.8516020774841309
0,task_1,17,22,0.12993425130844116,0.8516020774841309
0,task_1,17,23,0.13579881191253662,0.8516020774841309
0,task_1,17,24,0.1404508650302887,0.8516020774841309
0,task_1,17,25,0.14570289850234985,0.8516020774841309
0,task_1,17,26,0.1488245725631714,0.8516020774841309
0,task_1,17,27,0.15285137295722961,0.8516020774841309
0,task_1,17,28,0.1588234007358551,0.8516020774841309
0,task_1,17,29,0.1885932832956314,0.8516020774841309
0,task_1,18,0,0.0,-0.29824498295783997
0,task_1,18,1,0.0,-0.29824498295783997
0,task_1,18,2,0.0,-0.29824498295783997
0,task_1,18,3,0.0,-0.29824498295783997
0,task_1,18,4,0.0,-0.29824498295783997
0,task_1,18,5,0.0,-0.29824498295783997
0,task_1,18,6,0.000502362847328186,-0.29939964413642883
0,task_1,18,7,0.003423832356929779,-0.29945099353790283
0,task_1,18,8,0.006800714880228043,-0.2990267872810364
0,task_1,18,9,0.009624306112527847,-0.29985353350639343
0,task_1,18,10,0.013200398534536362,-0.30021488666534424
0,task_1,18,11,0.01665576547384262,-0.3018125295639038
0,task_1,18,12,0.02077438309788704,-0.30369603633880615
0,task_1,18,13,0.023830164223909378,-0.3061075806617737
0,task_1,18,14,0.028483059257268906,-0.30739152431488037
0,task_1,18,15,0.03253263980150223,-0.3103048503398895
0,task_1,18,16,0.03775371238589287,-0.309897243976593
0,task_1,18,17,0.043503448367118835,-0.30206000804901123
0,task_1,18,18,0.04725351557135582,-0.2966086268424988
0,task_1,18,19,0.05261263996362686,-0.28853797912597656
0,task_1,18,20,0.056681517511606216,-0.27518144249916077
0,task_1,18,21,0.061651647090911865,-0.2568371295928955
0,task_1,18,22,0.06902500987052917,-0.21727228164672852
0,task_1,18,23,0.07898987829685211,-0.15784254670143127
0,task_1,18,24,0.09483043849468231,-0.05544036254286766
0,task_1,18,25,0.11732713878154755,0.09884215891361237
0,task_1,18,26,0.1435324251651764,0.3250668942928314
0,task_1,18,27,0.1723405420780182,0.5864631533622742
0,task_1,18,28,0.20538091659545898,0.8951720595359802
0,task_1,18,29,0.6711900234222412,5.070860862731934
0,task_1,19,0,0.0,-1.0777026414871216
0,task_1,19,1,0.0,-1.0777026414871216
0,task_1,19,2,0.0,-1.0777026414871216
0,task_1,19,3,0.0,-1.0777026414871216
0,task_1,19,4,0.0,-1.0777026414871216
0,task_1,19,5,0.0,-1.0777026414871216
0,task_1,19,6,0.0,-1.0777026414871216
0,task_1,19,7,0.0,-1.0777026414871216
0,task_1,19,8,0.0,-1.0777026414871216
0,task_1,19,9,0.0,-1.0777026414871216
0,task_1,19,10,0.003703489899635315,-1.0224275588989258
0,task_1,19,11,0.050867676734924316,1.0521808862686157
0,task_1,19,12,0.08647598326206207,1.695028305053711
0,task_1,19,13,0.11954514682292938,0.20759426057338715
0,task_1,19,14,0.14882217347621918,-0.2295428216457367
0,task_1,19,15,0.16259808838367462,0.6356547474861145
0,task_1,19,16,0.17147184908390045,1.3573930263519287
0,task_1,19,17,0.18059535324573517,1.506885051727295
0,task_1,19,18,0.188261017203331,1.3259332180023193
0,task_1,19,19,0.19495214521884918,1.2213554382324219
0,task_1,19,20,0.20125998556613922,1.1260218620300293
0,task_1,19,21,0.20793114602565765,0.9402735233306885
0,task_1,19,22,0.21569852530956268,0.6988406777381897
0,task_1,19,23,0.2213946133852005,0.4783107340335846
0,task_1,19,24,0.22458572685718536,0.4120871126651764
0,task_1,19,25,0.22760163247585297,0.33171600103378296
0,task_1,19,26,0.23060788214206696,0.24005675315856934
0,task_1,19,27,0.23263241350650787,0.04771212115883827
0,task_1,19,28,0.23626379668712616,-0.11935928463935852
0,task_1,19,29,0.3269846439361572,-1.1286892890930176
0,task_1,20,0,0.0,-0.8339359760284424
0,task_1,20,1,0.0,-0.8339359760284424
0,task_1,20,2,0.0,-0.8339359760284424
0,task_1,20,3,0.0,-0.8339359760284424
0,task_1,20,4,0.0,-0.8339359760284424
0,task_1,20,5,0.0,-0.8339359760284424
0,task_1,20,6,0.0,-0.8339359760284424
0,task_1,20,7,0.0,-0.8339359760284424
0,task_1,20,8,0.0,-0.8339359760284424
0,task_1,20,9,0.0,-0.8339359760284424
0,task_1,20,10,0.0,-0.8339359760284424
0,task_1,20,11,0.02180427312850952,-0.7703961730003357
0,task_1,20,12,0.05267641693353653,-0.6818867921829224
0,task_1,20,13,0.08206449449062347,-0.5975444912910461
0,task_1,20,14,0.12360341846942902,-0.47807177901268005
0,task_1,20,15,0.15633903443813324,-0.3863472640514374
0,task_1,20,16,0.19642826914787292,-0.27365410327911377
0,task_1,20,17,0.24411402642726898,-0.14018870890140533
0,task_1,20,18,0.29226958751678467,-0.0054594227112829685
0,task_1,20,19,0.3458367586135864,0.1447111815214157
0,task_1,20,20,0.4093059301376343,0.32463762164115906
0,task_1,20,21,0.47179847955703735,0.4995277523994446
0,task_1,20,22,0.5281926393508911,0.6569088697433472
0,task_1,20,23,0.5995567440986633,0.8571621775627136
0,task_1,20,24,0.6691503524780273,1.051100730895996
0,task_1,20,25,0.752048671245575,1.2835708856582642
0,task_1,20,26,0.8402453660964966,1.528937578201294
0,task_1,20,27,0.9215624928474426,1.7564706802368164
0,task_1,20,28,1.0250319242477417,2.046942710876465
0,task_1,20,29,1.1349728107452393,2.35686993598938
0,task_1,21,0,2.079641819000244,0.0
0,task_1,21,1,2.079641819000244,0.0
0,task_1,21,2,2.079641819000244,0.0
0,task_1,21,3,2.079641819000244,0.0
0,task_1,21,4,2.079641819000244,0.0
0,task_1,21,5,2.079641819000244,0.0
0,task_1,21,6,2.079641819000244,0.0
0,task_1,21,7,2.079641819000244,0.0
0,task_1,21,8,2.079641819000244,0.0
0,task_1,21,9,2.079641819000244,0.0
0,task_1,21,10,2.079641819000244,0.0
0,task_1,21,11,2.079641819000244,0.0
0,task_1,21,12,2.079641819000244,0.0
0,task_1,21,13,2.079641819000244,0.0
0,task_1,21,14,2.079641819000244,0.0
0,task_1,21,15,2.079641819000244,0.0
0,task_1,21,16,2.079641819000244,0.0
0,task_1,21,17,2.079641819000244,0.0
0,task_1,21,18,2.079641819000244,0.0
0,task_1,21,19,2.079641819000244,0.0
0,task_1,21,20,2.079641819000244,0.0
0,task_1,21,21,2.079641819000244,0.0
0,task_1,21,22,2.079641819000244,0.0
0,task_1,21,23,2.079641819000244,0.0
0,task_1,21,24,2.079641819000244,0.0
0,task_1,21,25,2.079641819000244,0.0
0,task_1,21,26,2.079641819000244,0.0
0,task_1,21,27,2.079641819000244,0.0
0,task_1,21,28,2.079641819000244,0.0
0,task_1,21,29,2.079641819000244,0.0
0,task_1,22,0,0.42948687076568604,-1.4634629487991333
0,task_1,22,1,0.5049467086791992,-1.3574546575546265
0,task_1,22,2,0.582391083240509,-1.2466936111450195
0,task_1,22,3,0.6436208486557007,-1.1591637134552002
0,task_1,22,4,0.7237343788146973,-1.0474790334701538
0,task_1,22,5,0.7839757204055786,-0.964146614074707
0,task_1,22,6,0.8506985902786255,-0.8730085492134094
0,task_1,22,7,0.9094592928886414,-0.7931622862815857
0,task_1,22,8,0.9787852764129639,-0.7008442282676697
0,task_1,22,9,1.0398204326629639,-0.621003270149231
0,task_1,22,10,1.102773904800415,-0.5388247966766357
0,task_1,22,11,1.158088207244873,-0.4661882519721985
0,task_1,22,12,1.2294223308563232,-0.3727288246154785
0,task_1,22,13,1.3053691387176514,-0.2743147909641266
0,task_1,22,14,1.3714234828948975,-0.1892498880624771
0,task_1,22,15,1.4344909191131592,-0.10817624628543854
0,task_1,22,16,1.5169780254364014,-0.0019457648741081357
0,task_1,22,17,1.5950255393981934,0.0984114333987236
0,task_1,22,18,1.6738953590393066,0.20047925412654877
0,task_1,22,19,1.748673677444458,0.29840391874313354
0,task_1,22,20,1.851853370666504,0.4345613420009613
0,task_1,22,21,1.944852590560913,0.5568661093711853
0,task_1,22,22,2.0388567447662354,0.6801186800003052
0,task_1,22,23,2.143683910369873,0.8177564740180969
0,task_1,22,24,2.2668919563293457,0.9794891476631165
0,task_1,22,25,2.3819127082824707,1.130378007888794
0,task_1,22,26,2.5204131603240967,1.3114049434661865
0,task_1,22,27,2.649650812149048,1.4800797700881958
0,task_1,22,28,2.796093463897705,1.671207070350647
0,task_1,22,29,3.47074818611145,2.518691062927246
0,task_1,23,0,0.055211618542671204,-0.8686070442199707
0,task_1,23,1,0.06168597191572189,-0.8478798866271973
0,task_1,23,2,0.0658397302031517,-0.8338489532470703
0,task_1,23,3,0.07063515484333038,-0.8175436854362488
0,task_1,23,4,0.0758432149887085,-0.8000542521476746
0,task_1,23,5,0.07966990023851395,-0.7872468829154968
0,task_1,23,6,0.08425159752368927,-0.772220253944397
0,task_1,23,7,0.08957323431968689,-0.7547545433044434
0,task_1,23,8,0.09318158030509949,-0.7431636452674866
0,task_1,23,9,0.1008896678686142,-0.7181978821754456
0,task_1,23,10,0.10946307331323624,-0.6904890537261963
0,task_1,23,11,0.12290456891059875,-0.6487042307853699
0,task_1,23,12,0.14035679399967194,-0.597132682800293
0,task_1,23,13,0.16401997208595276,-0.5281171798706055
0,task_1,23,14,0.18684163689613342,-0.46160900592803955
0,task_1,23,15,0.20890851318836212,-0.3969210982322693
0,task_1,23,16,0.24226413667201996,-0.29921504855155945
0,task_1,23,17,0.2782335579395294,-0.194705069065094
0,task_1,23,18,0.32140830159187317,-0.07119502872228622
0,task_1,23,19,0.35882651805877686,0.034314900636672974
0,task_1,23,20,0.4170255959033966,0.1954556256532669
0,task_1,23,21,0.475486695766449,0.35780197381973267
0,task_1,23,22,0.5322147607803345,0.5152372717857361
0,task_1,23,23,0.595649778842926,0.690972626209259
0,task_1,23,24,0.6742685437202454,0.9089853763580322
0,task_1,23,25,0.7550718784332275,1.1332314014434814
0,task_1,23,26,0.8478732705116272,1.389180302619934
0,task_1,23,27,0.9342784285545349,1.6276905536651611
0,task_1,23,28,1.041771411895752,1.9241498708724976
0,task_1,23,29,1.4743525981903076,3.0545833110809326
0,task_1,24,0,0.0,0.8397712707519531
0,task_1,24,1,0.0,0.8397712707519531
0,task_1,24,2,0.0,0.8397712707519531
0,task_1,24,3,0.0,0.8397712707519531
0,task_1,24,4,0.0,0.8397712707519531
0,task_1,24,5,0.0,0.8397712707519531
0,task_1,24,6,0.0,0.8397712707519531
0,task_1,24,7,0.0,0.8397712707519531
0,task_1,24,8,0.0,0.8397712707519531
0,task_1,24,9,0.0,0.8397712707519531
0,task_1,24,10,0.0,0.8397712707519531
0,task_1,24,11,0.0,0.8397712707519531
0,task_1,24,12,0.0,0.8397712707519531
0,task_1,24,13,0.019044071435928345,0.5260429382324219
0,task_1,24,14,0.035894572734832764,0.26075640320777893
0,task_1,24,15,0.04750439524650574,0.06843122094869614
0,task_1,24,16,0.059560954570770264,-0.11198767274618149
0,task_1,24,17,0.06672351062297821,-0.21785230934619904
0,task_1,24,18,0.07362906634807587,-0.32210955023765564
0,task_1,24,19,0.07956032454967499,-0.4141005873680115
0,task_1,24,20,0.08465829491615295,-0.4949360191822052
0,task_1,24,21,0.08913138508796692,-0.5654606223106384
0,task_1,24,22,0.09324720501899719,-0.630563497543335
0,task_1,24,23,0.09739816188812256,-0.6995934844017029
0,task_1,24,24,0.10164934396743774,-0.7763407230377197
0,task_1,24,25,0.1051289439201355,-0.8320237398147583
0,task_1,24,26,0.10989943146705627,-0.9085246324539185
0,task_1,24,27,0.11674004793167114,-1.0141513347625732
0,task_1,24,28,0.12518984079360962,-1.1471812725067139
0,task_1,24,29,0.27798762917518616,-3.637430429458618
0,task_1,25,0,1.0827338695526123,-58.20766067504883
0,task_1,25,1,1.0827338695526123,-58.20766067504883
0,task_1,25,2,1.0827338695526123,-58.20766067504883
0,task_1,25,3,1.0827338695526123,-58.20766067504883
0,task_1,25,4,1.0827338695526123,-58.20766067504883
0,task_1,25,5,1.0827338695526123,-58.20766067504883
0,task_1,25,6,1.0827338695526123,-58.20766067504883
0,task_1,25,7,1.0827338695526123,-58.20766067504883
0,task_1,25,8,1.0827338695526123,-58.20766067504883
0,task_1,25,9,1.0827338695526123,-58.20766067504883
0,task_1,25,10,1.0827338695526123,-58.20766067504883
0,task_1,25,11,1.0827338695526123,-58.20766067504883
0,task_1,25,12,1.0827338695526123,-58.20766067504883
0,task_1,25,13,1.0827338695526123,-58.20766067504883
0,task_1,25,14,1.0827338695526123,-58.20766067504883
0,task_1,25,15,1.0827338695526123,-58.20766067504883
0,task_1,25,16,1.0827338695526123,-58.20766067504883
0,task_1,25,17,1.0827338695526123,-58.20766067504883
0,task_1,25,18,1.0827338695526123,-58.20766067504883
0,task_1,25,19,1.0827338695526123,-58.20766067504883
0,task_1,25,20,1.0827338695526123,-58.20766067504883
0,task_1,25,21,1.0827338695526123,-58.20766067504883
0,task_1,25,22,1.0827338695526123,-58.20766067504883
0,task_1,25,23,1.0827338695526123,-58.20766067504883
0,task_1,25,24,1.0827338695526123,-58.20766067504883
0,task_1,25,25,1.0827338695526123,-58.20766067504883
0,task_1,25,26,1.0827338695526123,-58.20766067504883
0,task_1,25,27,1.0827338695526123,-58.20766067504883
0,task_1,25,28,1.0827338695526123,-58.20766067504883
0,task_1,25,29,1.0827338695526123,-58.20766067504883
0,task_1,26,0,0.7006528973579407,-1.2247072458267212
0,task_1,26,1,0.783178985118866,-1.1441395282745361
0,task_1,26,2,0.8727313876152039,-1.0610525608062744
0,task_1,26,3,0.9428110718727112,-0.9982240200042725
0,task_1,26,4,1.031793236732483,-0.9196491837501526
0,task_1,26,5,1.0777978897094727,-0.8787128925323486
0,task_1,26,6,1.1443465948104858,-0.8205878138542175
0,task_1,26,7,1.2017529010772705,-0.7708249092102051
0,task_1,26,8,1.2672083377838135,-0.7137676477432251
0,task_1,26,9,1.3319364786148071,-0.6566638946533203
0,task_1,26,10,1.4033137559890747,-0.5935386419296265
0,task_1,26,11,1.4501781463623047,-0.5528119206428528
0,task_1,26,12,1.5384244918823242,-0.4764511287212372
0,task_1,26,13,1.6234689950942993,-0.40306565165519714
0,task_1,26,14,1.7066400051116943,-0.33130621910095215
0,task_1,26,15,1.7818145751953125,-0.26648107171058655
0,task_1,26,16,1.8972585201263428,-0.16670848429203033
0,task_1,26,17,2.015779972076416,-0.06426186859607697
0,task_1,26,18,2.1359167098999023,0.03911536559462547
0,task_1,26,19,2.2717907428741455,0.15441103279590607
0,task_1,26,20,2.4396755695343018,0.2970513701438904
0,task_1,26,21,2.600858211517334,0.4338008463382721
0,task_1,26,22,2.7857840061187744,0.5909348726272583
0,task_1,26,23,2.9957454204559326,0.7691832184791565
0,task_1,26,24,3.2313709259033203,0.9692437648773193
0,task_1,26,25,3.470510959625244,1.1725003719329834
0,task_1,26,26,3.7358310222625732,1.3984140157699585
0,task_1,26,27,4.013669013977051,1.6350005865097046
0,task_1,26,28,4.335031509399414,1.9084633588790894
0,task_1,26,29,5.259279251098633,2.6748361587524414
0,task_1,27,0,0.0,0.18872816860675812
0,task_1,27,1,0.0,0.18872816860675812
0,task_1,27,2,0.0,0.18872816860675812
0,task_1,27,3,0.0,0.18872816860675812
0,task_1,27,4,0.0,0.18872816860675812
0,task_1,27,5,0.0,0.18872816860675812
0,task_1,27,6,0.0,0.18872816860675812
0,task_1,27,7,0.0,0.18872816860675812
0,task_1,27,8,0.0,0.18872816860675812
0,task_1,27,9,0.0,0.18872816860675812
0,task_1,27,10,0.0,0.18872816860675812
0,task_1,27,11,0.0,0.18872816860675812
0,task_1,27,12,0.0,0.18872816860675812
0,task_1,27,13,0.0,0.18872816860675812
0,task_1,27,14,0.0,0.18872816860675812
0,task_1,27,15,0.0,0.18872816860675812
0,task_1,27,16,0.0,0.18872816860675812
0,task_1,27,17,0.0,0.18872816860675812
0,task_1,27,18,0.0,0.18872816860675812
0,task_1,27,19,0.0,0.18872816860675812
0,task_1,27,20,0.0,0.18872816860675812
0,task_1,27,21,0.0,0.18872816860675812
0,task_1,27,22,0.0,0.18872816860675812
0,task_1,27,23,0.0,0.18872816860675812
0,task_1,27,24,0.0,0.18872816860675812
0,task_1,27,25,0.0,0.18872816860675812
0,task_1,27,26,0.0,0.18872816860675812
0,task_1,27,27,0.0,0.18872816860675812
0,task_1,27,28,0.019112206995487213,0.007362597156316042
0,task_1,27,29,1.6535418033599854,-5.291751384735107
0,task_1,28,0,0.0,0.2903525233268738
0,task_1,28,1,0.0,0.2903525233268738
0,task_1,28,2,0.0,0.2903525233268738
0,task_1,28,3,0.0,0.2903525233268738
0,task_1,28,4,0.0,0.2903525233268738
0,task_1,28,5,0.0,0.2903525233268738
0,task_1,28,6,0.0,0.2903525233268738
0,task_1,28,7,0.0,0.2903525233268738
0,task_1,28,8,0.0,0.2903525233268738
0,task_1,28,9,0.0,0.2903525233268738
0,task_1,28,10,0.0,0.2903525233268738
0,task_1,28,11,0.0,0.2903525233268738
0,task_1,28,12,0.0,0.2903525233268738
0,task_1,28,13,0.0,0.2903525233268738
0,task_1,28,14,0.0,0.2903525233268738
0,task_1,28,15,0.0,0.2903525233268738
0,task_1,28,16,0.0,0.2903525233268738
0,task_1,28,17,0.0,0.2903525233268738
0,task_1,28,18,0.0,0.2903525233268738
0,task_1,28,19,0.0,0.2903525233268738
0,task_1,28,20,0.0,0.2903525233268738
0,task_1,28,21,0.0,0.2903525233268738
0,task_1,28,22,0.0,0.2903525233268738
0,task_1,28,23,0.0,0.2903525233268738
0,task_1,28,24,0.0,0.2903525233268738
0,task_1,28,25,0.0,0.2903525233268738
0,task_1,28,26,0.0,0.2903525233268738
0,task_1,28,27,0.016218557953834534,-0.6168708801269531
0,task_1,28,28,0.061017006635665894,-3.2508113384246826
0,task_1,28,29,1.276356816291809,-3.9718356132507324
0,task_1,29,0,0.0,0.4777546226978302
0,task_1,29,1,0.0,0.4777546226978302
0,task_1,29,2,0.0,0.4777546226978302
0,task_1,29,3,0.0,0.4777546226978302
0,task_1,29,4,0.0,0.4777546226978302
0,task_1,29,5,0.0,0.4777546226978302
0,task_1,29,6,0.0,0.4777546226978302
0,task_1,29,7,0.0,0.4777546226978302
0,task_1,29,8,0.0,0.4777546226978302
0,task_1,29,9,0.0,0.4777546226978302
0,task_1,29,10,0.0,0.4777546226978302
0,task_1,29,11,0.0,0.4777546226978302
0,task_1,29,12,0.0,0.4777546226978302
0,task_1,29,13,0.0,0.4777546226978302
0,task_1,29,14,0.0,0.4777546226978302
0,task_1,29,15,0.0,0.4777546226978302
0,task_1,29,16,0.0,0.4777546226978302
0,task_1,29,17,0.0,0.4777546226978302
0,task_1,29,18,0.0,0.4777546226978302
0,task_1,29,19,0.0,0.4777546226978302
0,task_1,29,20,0.0,0.4777546226978302
0,task_1,29,21,0.008009394630789757,0.43199974298477173
0,task_1,29,22,0.06128951907157898,0.1224009320139885
0,task_1,29,23,0.12024188786745071,-0.22973792254924774
0,task_1,29,24,0.16825029253959656,-0.5460953116416931
0,task_1,29,25,0.22811517119407654,-0.9532398581504822
0,task_1,29,26,0.27731820940971375,-1.3116635084152222
0,task_1,29,27,0.33393505215644836,-1.7479959726333618
0,task_1,29,28,0.3832196891307831,-2.1382880210876465
0,task_1,29,29,1.0453753471374512,-3.6602272987365723
0,task_1,30,0,0.0,-1.1088284254074097
0,task_1,30,1,0.0,-1.1088284254074097
0,task_1,30,2,0.0,-1.1088284254074097
0,task_1,30,3,0.0,-1.1088284254074097
0,task_1,30,4,0.059591829776763916,-1.0434141159057617
0,task_1,30,5,0.11382727324962616,-0.9837269186973572
0,task_1,30,6,0.16703365743160248,-0.9258906245231628
0,task_1,30,7,0.2279275804758072,-0.8594993352890015
0,task_1,30,8,0.29236823320388794,-0.7888447642326355
0,task_1,30,9,0.36072659492492676,-0.7134387493133545
0,task_1,30,10,0.42712169885635376,-0.6411100625991821
0,task_1,30,11,0.4909847378730774,-0.5726016759872437
0,task_1,30,12,0.5737271904945374,-0.48388370871543884
0,task_1,30,13,0.6579785943031311,-0.3936324715614319
0,task_1,30,14,0.7316709756851196,-0.31503814458847046
0,task_1,30,15,0.8207374215126038,-0.22017082571983337
0,task_1,30,16,0.9223172664642334,-0.11054428666830063
0,task_1,30,17,1.0311661958694458,0.006936297751963139
0,task_1,30,18,1.129876732826233,0.1132456585764885
0,task_1,30,19,1.2606738805770874,0.2553420960903168
0,task_1,30,20,1.39865243434906,0.4026307463645935
0,task_1,30,21,1.5336612462997437,0.5477690100669861
0,task_1,30,22,1.6636216640472412,0.6875725388526917
0,task_1,30,23,1.8459097146987915,0.8839269876480103
0,task_1,30,24,2.008901596069336,1.0592472553253174
0,task_1,30,25,2.18426251411438,1.2473582029342651
0,task_1,30,26,2.402081251144409,1.4804407358169556
0,task_1,30,27,2.5942392349243164,1.6867616176605225
0,task_1,30,28,2.824261426925659,1.9333523511886597
0,task_1,30,29,3.069887638092041,2.182522773742676
0,task_1,31,0,1.3504904508590698,465.6612854003906
0,task_1,31,1,1.3504904508590698,465.6612854003906
0,task_1,31,2,1.3504904508590698,465.6612854003906
0,task_1,31,3,1.3504904508590698,465.6612854003906
0,task_1,31,4,1.3504904508590698,465.6612854003906
0,task_1,31,5,1.3504904508590698,465.6612854003906
0,task_1,31,6,1.3504904508590698,465.6612854003906
0,task_1,31,7,1.3504904508590698,465.6612854003906
0,task_1,31,8,1.3504904508590698,465.6612854003906
0,task_1,31,9,1.3504904508590698,465.6612854003906
0,task_1,31,10,1.3504904508590698,465.6612854003906
0,task_1,31,11,1.3504904508590698,465.6612854003906
0,task_1,31,12,1.3504904508590698,465.6612854003906
0,task_1,31,13,1.3504904508590698,465.6612854003906
0,task_1,31,14,1.3504904508590698,465.6612854003906
0,task_1,31,15,1.3504904508590698,465.6612854003906
0,task_1,31,16,1.3504904508590698,465.6612854003906
0,task_1,31,17,1.3504904508590698,465.6612854003906
0,task_1,31,18,1.3504904508590698,465.6612854003906
0,task_1,31,19,1.3504904508590698,465.6612854003906
0,task_1,31,20,1.3504904508590698,465.6612854003906
0,task_1,31,21,1.3504904508590698,465.6612854003906
0,task_1,31,22,1.3504904508590698,465.6612854003906
0,task_1,31,23,1.3504904508590698,465.6612854003906
0,task_1,31,24,1.3504904508590698,465.6612854003906
0,task_1,31,25,1.3504904508590698,465.6612854003906
0,task_1,31,26,1.3504904508590698,465.6612854003906
0,task_1,31,27,1.3504904508590698,465.6612854003906
0,task_1,31,28,1.3504904508590698,465.6612854003906
0,task_1,31,29,1.3504904508590698,465.6612854003906
0,task_1,32,0,0.0,1.658457636833191
0,task_1,32,1,0.021134089678525925,1.0718833208084106
0,task_1,32,2,0.0565795935690403,-0.09858911484479904
0,task_1,32,3,0.09478475153446198,-1.4732052087783813
0,task_1,32,4,0.11575022339820862,-1.4983999729156494
0,task_1,32,5,0.12983474135398865,-1.4273316860198975
0,task_1,32,6,0.14019690454006195,-1.3093427419662476
0,task_1,32,7,0.15262442827224731,-1.1548967361450195
0,task_1,32,8,0.1596207171678543,-1.0744633674621582
0,task_1,32,9,0.1713012456893921,-0.8412284851074219
0,task_1,32,10,0.18021443486213684,-0.7572733163833618
0,task_1,32,11,0.18898002803325653,-0.6190870404243469
0,task_1,32,12,0.19765909016132355,-0.4636518657207489
0,task_1,32,13,0.20704106986522675,-0.3368920087814331
0,task_1,32,14,0.21390751004219055,-0.2600805163383484
0,task_1,32,15,0.2219255119562149,-0.15527555346488953
0,task_1,32,16,0.2297411561012268,-0.09490927308797836
0,task_1,32,17,0.23724746704101562,0.042323797941207886
0,task_1,32,18,0.24186557531356812,0.10949397832155228
0,task_1,32,19,0.2476005256175995,0.23222653567790985
0,task_1,32,20,0.25283128023147583,0.3248004913330078
0,task_1,32,21,0.2586110532283783,0.37129756808280945
0,task_1,32,22,0.26181820034980774,0.46646806597709656
0,task_1,32,23,0.26496684551239014,0.5814433693885803
0,task_1,32,24,0.2682700753211975,0.6532151103019714
0,task_1,32,25,0.2709646224975586,0.6954209804534912
0,task_1,32,26,0.27424299716949463,0.7318987846374512
0,task_1,32,27,0.27910423278808594,0.8006865382194519
0,task_1,32,28,0.28462862968444824,0.8945124745368958
0,task_1,32,29,0.3483230173587799,2.930499315261841
0,task_1,33,0,0.0,-0.7389947772026062
0,task_1,33,1,0.0,-0.7389947772026062
0,task_1,33,2,0.0,-0.7389947772026062
0,task_1,33,3,0.0,-0.7389947772026062
0,task_1,33,4,0.0,-0.7389947772026062
0,task_1,33,5,0.0,-0.7389947772026062
0,task_1,33,6,0.0,-0.7389947772026062
0,task_1,33,7,0.0,-0.7389947772026062
0,task_1,33,8,0.0,-0.7389947772026062
0,task_1,33,9,0.0,-0.7389947772026062
0,task_1,33,10,0.0,-0.7389947772026062
0,task_1,33,11,0.0,-0.7389947772026062
0,task_1,33,12,0.016299903392791748,-0.7109302878379822
0,task_1,33,13,0.05681203305721283,-0.6421747803688049
0,task_1,33,14,0.10112237930297852,-0.568461000919342
0,task_1,33,15,0.15596388280391693,-0.475751131772995
0,task_1,33,16,0.2219833880662918,-0.3634299635887146
0,task_1,33,17,0.2822701930999756,-0.2620122730731964
0,task_1,33,18,0.35729843378067017,-0.1380094736814499
0,task_1,33,19,0.445950984954834,0.006728463806211948
0,task_1,33,20,0.5491697788238525,0.17602509260177612
0,task_1,33,21,0.644247829914093,0.33221855759620667
0,task_1,33,22,0.7557260990142822,0.515174388885498
0,task_1,33,23,0.8932235240936279,0.7417128086090088
0,task_1,33,24,1.0278536081314087,0.9635651111602783
0,task_1,33,25,1.1685469150543213,1.1950730085372925
0,task_1,33,26,1.331166386604309,1.4654098749160767
0,task_1,33,27,1.5018326044082642,1.7463243007659912
0,task_1,33,28,1.6844158172607422,2.049483299255371
0,task_1,33,29,2.1636154651641846,2.836989641189575
0,task_1,34,0,0.0,-0.9854709506034851
0,task_1,34,1,0.0,-0.9854709506034851
0,task_1,34,2,0.0,-0.9854709506034851
0,task_1,34,3,0.0,-0.9854709506034851
0,task_1,34,4,0.0,-0.9854709506034851
0,task_1,34,5,0.0,-0.9854709506034851
0,task_1,34,6,0.0,-0.9854709506034851
0,task_1,34,7,0.0,-0.9854709506034851
0,task_1,34,8,0.023159176111221313,-0.9177446961402893
0,task_1,34,9,0.06095525622367859,-0.8150768876075745
0,task_1,34,10,0.10072258114814758,-0.7093333601951599
0,task_1,34,11,0.1283230185508728,-0.6392742395401001
0,task_1,34,12,0.17234647274017334,-0.5221987366676331
0,task_1,34,13,0.21443575620651245,-0.4133865535259247
0,task_1,34,14,0.25524741411209106,-0.30381619930267334
0,task_1,34,15,0.291019082069397,-0.20992669463157654
0,task_1,34,16,0.33816778659820557,-0.08721940219402313
0,task_1,34,17,0.38162434101104736,0.028643568977713585
0,task_1,34,18,0.43490809202194214,0.16006582975387573
0,task_1,34,19,0.47821617126464844,0.27067604660987854
0,task_1,34,20,0.5381938219070435,0.42104488611221313
0,task_1,34,21,0.5978427529335022,0.572297215461731
0,task_1,34,22,0.6522169709205627,0.7092314958572388
0,task_1,34,23,0.7133585810661316,0.8621463179588318
0,task_1,34,24,0.7801247239112854,1.0314793586730957
0,task_1,34,25,0.8458800911903381,1.1944981813430786
0,task_1,34,26,0.9203349947929382,1.3819012641906738
0,task_1,34,27,0.9998102784156799,1.5815132856369019
0,task_1,34,28,1.0767505168914795,1.7714074850082397
0,task_1,34,29,1.3945684432983398,2.5168380737304688
0,task_1,35,0,2.5132455825805664,0.0
0,task_1,35,1,2.5132455825805664,0.0
0,task_1,35,2,2.5132455825805664,0.0
0,task_1,35,3,2.5132455825805664,0.0
0,task_1,35,4,2.5132455825805664,0.0
0,task_1,35,5,2.5132455825805664,0.0
0,task_1,35,6,2.5132455825805664,0.0
0,task_1,35,7,2.5132455825805664,0.0
0,task_1,35,8,2.5132455825805664,0.0
0,task_1,35,9,2.5132455825805664,0.0
0,task_1,35,10,2.5132455825805664,0.0
0,task_1,35,11,2.5132455825805664,0.0
0,task_1,35,12,2.5132455825805664,0.0
0,task_1,35,13,2.5132455825805664,0.0
0,task_1,35,14,2.5132455825805664,0.0
0,task_1,35,15,2.5132455825805664,0.0
0,task_1,35,16,2.5132455825805664,0.0
0,task_1,35,17,2.5132455825805664,0.0
0,task_1,35,18,2.5132455825805664,0.0
0,task_1,35,19,2.5132455825805664,0.0
0,task_1,35,20,2.5132455825805664,0.0
0,task_1,35,21,2.5132455825805664,0.0
0,task_1,35,22,2.5132455825805664,0.0
0,task_1,35,23,2.5132455825805664,0.0
0,task_1,35,24,2.5132455825805664,0.0
0,task_1,35,25,2.5132455825805664,0.0
0,task_1,35,26,2.5132455825805664,0.0
0,task_1,35,27,2.5132455825805664,0.0
0,task_1,35,28,2.5132455825805664,0.0
0,task_1,35,29,2.5132455825805664,0.0
0,task_1,36,0,0.0,0.4258074462413788
0,task_1,36,1,0.0,0.4258074462413788
0,task_1,36,2,0.0,0.4258074462413788
0,task_1,36,3,0.0,0.4258074462413788
0,task_1,36,4,0.0,0.4258074462413788
0,task_1,36,5,0.0,0.4258074462413788
0,task_1,36,6,0.0,0.4258074462413788
0,task_1,36,7,0.0,0.4258074462413788
0,task_1,36,8,0.0,0.4258074462413788
0,task_1,36,9,0.0,0.4258074462413788
0,task_1,36,10,0.0,0.4258074462413788
0,task_1,36,11,0.0,0.4258074462413788
0,task_1,36,12,0.0,0.4258074462413788
0,task_1,36,13,0.0,0.4258074462413788
0,task_1,36,14,0.0,0.4258074462413788
0,task_1,36,15,0.0,0.4258074462413788
0,task_1,36,16,0.0,0.4258074462413788
0,task_1,36,17,0.0,0.4258074462413788
0,task_1,36,18,0.0,0.4258074462413788
0,task_1,36,19,0.0,0.4258074462413788
0,task_1,36,20,0.0,0.4258074462413788
0,task_1,36,21,0.02665349841117859,0.3261122405529022
0,task_1,36,22,0.08650127053260803,0.09671396762132645
0,task_1,36,23,0.14249950647354126,-0.1315421611070633
0,task_1,36,24,0.1903236359357834,-0.3359988033771515
0,task_1,36,25,0.2617630958557129,-0.6830577254295349
0,task_1,36,26,0.31373098492622375,-0.9454817175865173
0,task_1,36,27,0.3769379258155823,-1.280087947845459
0,task_1,36,28,0.4336665868759155,-1.5773260593414307
0,task_1,36,29,2.6274232864379883,-4.411287784576416
0,task_1,37,0,0.29909583926200867,29.103830337524414
0,task_1,37,1,0.29909583926200867,29.103830337524414
0,task_1,37,2,0.29909583926200867,29.103830337524414
0,task_1,37,3,0.29909583926200867,29.103830337524414
0,task_1,37,4,0.29909583926200867,29.103830337524414
0,task_1,37,5,0.29909583926200867,29.103830337524414
0,task_1,37,6,0.29909583926200867,29.103830337524414
0,task_1,37,7,0.29909583926200867,29.103830337524414
0,task_1,37,8,0.29909583926200867,29.103830337524414
0,task_1,37,9,0.29909583926200867,29.103830337524414
0,task_1,37,10,0.29909583926200867,29.103830337524414
0,task_1,37,11,0.29909583926200867,29.103830337524414
0,task_1,37,12,0.29909583926200867,29.103830337524414
0,task_1,37,13,0.29909583926200867,29.103830337524414
0,task_1,37,14,0.29909583926200867,29.103830337524414
0,task_1,37,15,0.29909583926200867,29.103830337524414
0,task_1,37,16,0.29909583926200867,29.103830337524414
0,task_1,37,17,0.29909583926200867,29.103830337524414
0,task_1,37,18,0.29909583926200867,29.103830337524414
0,task_1,37,19,0.29909583926200867,29.103830337524414
0,task_1,37,20,0.29909583926200867,29.103830337524414
0,task_1,37,21,0.29909583926200867,29.103830337524414
0,task_1,37,22,0.29909583926200867,29.103830337524414
0,task_1,37,23,0.29909583926200867,29.103830337524414
0,task_1,37,24,0.29909583926200867,29.103830337524414
0,task_1,37,25,0.29909583926200867,29.103830337524414
0,task_1,37,26,0.29909583926200867,29.103830337524414
0,task_1,37,27,0.29909583926200867,29.103830337524414
0,task_1,37,28,0.29909583926200867,29.103830337524414
0,task_1,37,29,0.29909583926200867,29.103830337524414
0,task_1,38,0,0.0,3.7044355869293213
0,task_1,38,1,0.0036889463663101196,3.6529316902160645
0,task_1,38,2,0.9680514931678772,-0.26276326179504395
0,task_1,38,3,0.9680514931678772,-0.26276326179504395
0,task_1,38,4,0.9680514931678772,-0.26276326179504395
0,task_1,38,5,0.9680514931678772,-0.26276326179504395
0,task_1,38,6,0.9680514931678772,-0.26276326179504395
0,task_1,38,7,0.9680514931678772,-0.26276326179504395
0,task_1,38,8,0.9680514931678772,-0.26276326179504395
0,task_1,38,9,0.9680514931678772,-0.26276326179504395
0,task_1,38,10,0.9680514931678772,-0.26276326179504395
0,task_1,38,11,0.9680514931678772,-0.26276326179504395
0,task_1,38,12,0.9680514931678772,-0.26276326179504395
0,task_1,38,13,0.9680514931678772,-0.26276326179504395
0,task_1,38,14,0.9680514931678772,-0.26276326179504395
0,task_1,38,15,0.9680514931678772,-0.26276326179504395
0,task_1,38,16,0.9680514931678772,-0.26276326179504395
0,task_1,38,17,0.9680514931678772,-0.26276326179504395
0,task_1,38,18,0.9680514931678772,-0.26276326179504395
0,task_1,38,19,0.9680514931678772,-0.26276326179504395
0,task_1,38,20,0.9680514931678772,-0.26276326179504395
0,task_1,38,21,0.9680514931678772,-0.26276326179504395
0,task_1,38,22,0.9680514931678772,-0.26276326179504395
0,task_1,38,23,0.9680514931678772,-0.26276326179504395
0,task_1,38,24,0.9680514931678772,-0.26276326179504395
0,task_1,38,25,0.9680514931678772,-0.26276326179504395
0,task_1,38,26,0.9680514931678772,-0.26276326179504395
0,task_1,38,27,0.9680514931678772,-0.26276326179504395
0,task_1,38,28,0.9680514931678772,-0.26276326179504395
0,task_1,38,29,0.9680514931678772,-0.26276326179504395
0,task_1,39,0,0.5288018584251404,465.6612854003906
0,task_1,39,1,0.5288018584251404,465.6612854003906
0,task_1,39,2,0.5288018584251404,465.6612854003906
0,task_1,39,3,0.5288018584251404,465.6612854003906
0,task_1,39,4,0.5288018584251404,465.6612854003906
0,task_1,39,5,0.5288018584251404,465.6612854003906
0,task_1,39,6,0.5288018584251404,465.6612854003906
0,task_1,39,7,0.5288018584251404,465.6612854003906
0,task_1,39,8,0.5288018584251404,465.6612854003906
0,task_1,39,9,0.5288018584251404,465.6612854003906
0,task_1,39,10,0.5288018584251404,465.6612854003906
0,task_1,39,11,0.5288018584251404,465.6612854003906
0,task_1,39,12,0.5288018584251404,465.6612854003906
0,task_1,39,13,0.5288018584251404,465.6612854003906
0,task_1,39,14,0.5288018584251404,465.6612854003906
0,task_1,39,15,0.5288018584251404,465.6612854003906
0,task_1,39,16,0.5288018584251404,465.6612854003906
0,task_1,39,17,0.5288018584251404,465.6612854003906
0,task_1,39,18,0.5288018584251404,465.6612854003906
0,task_1,39,19,0.5288018584251404,465.6612854003906
0,task_1,39,20,0.5288018584251404,465.6612854003906
0,task_1,39,21,0.5288018584251404,465.6612854003906
0,task_1,39,22,0.5288018584251404,465.6612854003906
0,task_1,39,23,0.5288018584251404,465.6612854003906
0,task_1,39,24,0.5288018584251404,465.6612854003906
0,task_1,39,25,0.5288018584251404,465.6612854003906
0,task_1,39,26,0.5288018584251404,465.6612854003906
0,task_1,39,27,0.5288018584251404,465.6612854003906
0,task_1,39,28,0.5288018584251404,465.6612854003906
0,task_1,39,29,0.5288018584251404,465.6612854003906
0,task_1,40,0,0.5586180090904236,-0.9974671006202698
0,task_1,40,1,0.5994556546211243,-0.9484155774116516
0,task_1,40,2,0.6303459405899048,-0.9113098978996277
0,task_1,40,3,0.6655592322349548,-0.8679023385047913
0,task_1,40,4,0.6981266736984253,-0.8267384767532349
0,task_1,40,5,0.7190863490104675,-0.8004283308982849
0,task_1,40,6,0.7427191138267517,-0.7709041237831116
0,task_1,40,7,0.768051266670227,-0.7390396595001221
0,task_1,40,8,0.7964879274368286,-0.7029950618743896
0,task_1,40,9,0.8229213356971741,-0.6696496605873108
0,task_1,40,10,0.8542752265930176,-0.6300492286682129
0,task_1,40,11,0.886624813079834,-0.5899235606193542
0,task_1,40,12,0.9284732937812805,-0.5380942821502686
0,task_1,40,13,0.9717636704444885,-0.4849627912044525
0,task_1,40,14,1.022398591041565,-0.4228932857513428
0,task_1,40,15,1.0629665851593018,-0.37300240993499756
0,task_1,40,16,1.1372638940811157,-0.2807369828224182
0,task_1,40,17,1.2165766954421997,-0.18181152641773224
0,task_1,40,18,1.2863892316818237,-0.09174787253141403
0,task_1,40,19,1.3861459493637085,0.03888291120529175
0,task_1,40,20,1.4992594718933105,0.18700090050697327
0,task_1,40,21,1.6058098077774048,0.3270137906074524
0,task_1,40,22,1.736451506614685,0.4987110197544098
0,task_1,40,23,1.8928089141845703,0.7050235867500305
0,task_1,40,24,2.051555871963501,0.9142805337905884
0,task_1,40,25,2.221696376800537,1.13858962059021
0,task_1,40,26,2.426520824432373,1.410271406173706
0,task_1,40,27,2.634016513824463,1.6856577396392822
0,task_1,40,28,2.865928888320923,1.993032693862915
0,task_1,40,29,3.5967605113983154,2.92960786819458
0,task_1,41,0,0.0,-1.005579948425293
0,task_1,41,1,0.0,-1.005579948425293
0,task_1,41,2,0.0,-1.005579948425293
0,task_1,41,3,0.0,-1.005579948425293
0,task_1,41,4,0.0,-1.005579948425293
0,task_1,41,5,0.0,-1.005579948425293
0,task_1,41,6,0.0,-1.005579948425293
0,task_1,41,7,0.0,-1.005579948425293
0,task_1,41,8,0.0,-1.005579948425293
0,task_1,41,9,0.0,-1.005579948425293
0,task_1,41,10,0.005096644163131714,-0.9656367301940918
0,task_1,41,11,0.027521371841430664,-0.7971179485321045
0,task_1,41,12,0.04671274870634079,-0.6508737206459045
0,task_1,41,13,0.0627017468214035,-0.5322562456130981
0,task_1,41,14,0.0844050943851471,-0.3683543801307678
0,task_1,41,15,0.10830307006835938,-0.18773594498634338
0,task_1,41,16,0.13383996486663818,0.004599184729158878
0,task_1,41,17,0.1553691327571869,0.16821350157260895
0,task_1,41,18,0.1810402125120163,0.3646542727947235
0,task_1,41,19,0.20788121223449707,0.5670806765556335
0,task_1,41,20,0.23514580726623535,0.76963871717453
0,task_1,41,21,0.25772354006767273,0.9353753328323364
0,task_1,41,22,0.28588324785232544,1.1307661533355713
0,task_1,41,23,0.3175086975097656,1.3739205598831177
0,task_1,41,24,0.348850280046463,1.3739205598831177
0,task_1,41,25,0.374393105506897,1.3739205598831177
0,task_1,41,26,0.40158551931381226,1.3739205598831177
0,task_1,41,27,0.4331492483615875,1.3739205598831177
0,task_1,41,28,0.4647926986217499,1.3739205598831177
0,task_1,41,29,0.5140259265899658,1.3739205598831177
0,task_1,42,0,0.03657461702823639,-0.8224862813949585
0,task_1,42,1,0.046677395701408386,-0.802676796913147
0,task_1,42,2,0.05599804222583771,-0.7840445637702942
0,task_1,42,3,0.06301821768283844,-0.7698459625244141
0,task_1,42,4,0.06941254436969757,-0.7571297883987427
0,task_1,42,5,0.07486046850681305,-0.7462925314903259
0,task_1,42,6,0.08045955002307892,-0.7350051999092102
0,task_1,42,7,0.08566497266292572,-0.7245185375213623
0,task_1,42,8,0.09068907797336578,-0.7145662903785706
0,task_1,42,9,0.09690801799297333,-0.7026692628860474
0,task_1,42,10,0.10841251909732819,-0.6808357834815979
0,task_1,42,11,0.12523959577083588,-0.650609016418457
0,task_1,42,12,0.14732812345027924,-0.6130105257034302
0,task_1,42,13,0.1859327107667923,-0.5504063367843628
0,task_1,42,14,0.2205975204706192,-0.49623653292655945
0,task_1,42,15,0.2538564205169678,-0.44560739398002625
0,task_1,42,16,0.31175196170806885,-0.3591204583644867
0,task_1,42,17,0.3874650001525879,-0.2472742199897766
0,task_1,42,18,0.4575899839401245,-0.14489588141441345
0,task_1,42,19,0.5476651787757874,-0.01804206520318985
0,task_1,42,20,0.6637424826622009,0.13975316286087036
0,task_1,42,21,0.7703617811203003,0.285216748714447
0,task_1,42,22,0.8984984159469604,0.4583647549152374
0,task_1,42,23,1.0534827709197998,0.6688302159309387
0,task_1,42,24,1.225275993347168,0.9025182723999023
0,task_1,42,25,1.3973278999328613,1.1350195407867432
0,task_1,42,26,1.6078933477401733,1.4194422960281372
0,task_1,42,27,1.8110986948013306,1.6965123414993286
0,task_1,42,28,2.0590858459472656,2.031614303588867
0,task_1,42,29,2.8078410625457764,3.027998924255371
0,task_1,43,0,0.0,1.0244450569152832
0,task_1,43,1,0.0,1.0244450569152832
0,task_1,43,2,0.0,1.0244450569152832
0,task_1,43,3,0.0,1.0244450569152832
0,task_1,43,4,0.0,1.0244450569152832
0,task_1,43,5,0.0,1.0244450569152832
0,task_1,43,6,0.0,1.0244450569152832
0,task_1,43,7,0.0,1.0244450569152832
0,task_1,43,8,0.0,1.0244450569152832
0,task_1,43,9,0.005033448338508606,0.9791603088378906
0,task_1,43,10,0.01609860360622406,0.8988377451896667
0,task_1,43,11,0.02757231891155243,0.7128039002418518
0,task_1,43,12,0.03778386116027832,0.5419546961784363
0,task_1,43,13,0.04843930900096893,0.36868879199028015
0,task_1,43,14,0.06018480658531189,0.17483565211296082
0,task_1,43,15,0.06916716694831848,0.02813718654215336
0,task_1,43,16,0.07897074520587921,-0.12789778411388397
0,task_1,43,17,0.08945722877979279,-0.29569122195243835
0,task_1,43,18,0.09889848530292511,-0.44372883439064026
0,task_1,43,19,0.10481081902980804,-0.5379050374031067
0,task_1,43,20,0.11181174218654633,-0.6487371325492859
0,task_1,43,21,0.11845244467258453,-0.7501919269561768
0,task_1,43,22,0.12489278614521027,-0.8519357442855835
0,task_1,43,23,0.1298443228006363,-0.9261550903320312
0,task_1,43,24,0.13445313274860382,-0.994151771068573
0,task_1,43,25,0.13743294775485992,-1.039804220199585
0,task_1,43,26,0.14218460023403168,-1.110420823097229
0,task_1,43,27,0.1488357037305832,-1.2111436128616333
0,task_1,43,28,0.15507374703884125,-1.3057738542556763
0,task_1,43,29,0.24827109277248383,-2.6808841228485107
0,task_1,44,0,0.0,-0.8951764702796936
0,task_1,44,1,0.0,-0.8951764702796936
0,task_1,44,2,0.0,-0.8951764702796936
0,task_1,44,3,0.0,-0.8951764702796936
0,task_1,44,4,0.0,-0.8951764702796936
0,task_1,44,5,0.0,-0.8951764702796936
0,task_1,44,6,0.0,-0.8951764702796936
0,task_1,44,7,0.023743852972984314,-0.8752567768096924
0,task_1,44,8,0.08328312635421753,-0.8261957168579102
0,task_1,44,9,0.15245771408081055,-0.7707749605178833
0,task_1,44,10,0.2254197597503662,-0.7129673361778259
0,task_1,44,11,0.29481539130210876,-0.6586579084396362
0,task_1,44,12,0.3942244350910187,-0.5800055265426636
0,task_1,44,13,0.4860890805721283,-0.5053621530532837
0,task_1,44,14,0.599808931350708,-0.413021445274353
0,task_1,44,15,0.6948976516723633,-0.33655786514282227
0,task_1,44,16,0.8352007865905762,-0.2235836684703827
0,task_1,44,17,0.9907510280609131,-0.10028617084026337
0,task_1,44,18,1.1353486776351929,0.01269734837114811
0,task_1,44,19,1.307781457901001,0.14545543491840363
0,task_1,44,20,1.5082131624221802,0.300506055355072
0,task_1,44,21,1.6881484985351562,0.4394259750843048
0,task_1,44,22,1.919298768043518,0.6181517839431763
0,task_1,44,23,2.1581199169158936,0.8027927875518799
0,task_1,44,24,2.4344611167907715,1.0159728527069092
0,task_1,44,25,2.7035131454467773,1.2229644060134888
0,task_1,44,26,3.00429630279541,1.4542779922485352
0,task_1,44,27,3.3123579025268555,1.691124677658081
0,task_1,44,28,3.6575467586517334,1.9556776285171509
0,task_1,44,29,4.5361809730529785,2.6098551750183105
0,task_1,45,0,0.011602092534303665,-1.7094604969024658
0,task_1,45,1,0.08506269752979279,-1.532191514968872
0,task_1,45,2,0.16079863905906677,-1.3757933378219604
0,task_1,45,3,0.23795315623283386,-1.236228585243225
0,task_1,45,4,0.3176392614841461,-1.1036550998687744
0,task_1,45,5,0.38840603828430176,-0.9951673150062561
0,task_1,45,6,0.45628488063812256,-0.8976038694381714
0,task_1,45,7,0.5319141149520874,-0.7941878437995911
0,task_1,45,8,0.6063792109489441,-0.6963825821876526
0,task_1,45,9,0.6784971356391907,-0.6019400954246521
0,task_1,45,10,0.7519264221191406,-0.5051530599594116
0,task_1,45,11,0.8223061561584473,-0.41683557629585266
0,task_1,45,12,0.9051867723464966,-0.3136100769042969
0,task_1,45,13,0.9890373349189758,-0.210985466837883
0,task_1,45,14,1.0714586973190308,-0.11027343571186066
0,task_1,45,15,1.1386631727218628,-0.02698495425283909
0,task_1,45,16,1.2259106636047363,0.07945036143064499
0,task_1,45,17,1.3168779611587524,0.19071604311466217
0,task_1,45,18,1.410435676574707,0.3050747215747833
0,task_1,45,19,1.5049878358840942,0.4206693172454834
0,task_1,45,20,1.600256323814392,0.5370950698852539
0,task_1,45,21,1.7034926414489746,0.6635016202926636
0,task_1,45,22,1.806986927986145,0.7901180982589722
0,task_1,45,23,1.917299509048462,0.9258596301078796
0,task_1,45,24,2.037092924118042,1.0731295347213745
0,task_1,45,25,2.1547470092773438,1.2175780534744263
0,task_1,45,26,2.2761144638061523,1.3665235042572021
0,task_1,45,27,2.4187521934509277,1.542353630065918
0,task_1,45,28,2.552468776702881,1.7071889638900757
0,task_1,45,29,2.6989400386810303,1.7071889638900757
0,task_1,46,0,0.005905468482524157,1.1248786449432373
0,task_1,46,1,0.011769451200962067,1.0664961338043213
0,task_1,46,2,0.016192903742194176,1.0227266550064087
0,task_1,46,3,0.020014192909002304,0.9836711287498474
0,task_1,46,4,0.0236281156539917,0.9490389227867126
0,task_1,46,5,0.027139723300933838,0.9145198464393616
0,task_1,46,6,0.029338620603084564,0.8912232518196106
0,task_1,46,7,0.03288116306066513,0.8585222959518433
0,task_1,46,8,0.03590981662273407,0.8313650488853455
0,task_1,46,9,0.039901286363601685,0.7964203953742981
0,task_1,46,10,0.045956891030073166,0.7392428517341614
0,task_1,46,11,0.05602169781923294,0.6568416357040405
0,task_1,46,12,0.06416172534227371,0.5912908315658569
0,task_1,46,13,0.07160502672195435,0.5265196561813354
0,task_1,46,14,0.08371636271476746,0.4317512512207031
0,task_1,46,15,0.09843764454126358,0.3137424886226654
0,task_1,46,16,0.11657685786485672,0.1740126609802246
0,task_1,46,17,0.13328920304775238,0.04503732919692993
0,task_1,46,18,0.15305690467357635,-0.11070524156093597
0,task_1,46,19,0.1731327921152115,-0.2656461298465729
0,task_1,46,20,0.19641198217868805,-0.4412137269973755
0,task_1,46,21,0.21722669899463654,-0.6029292941093445
0,task_1,46,22,0.24643738567829132,-0.8175300359725952
0,task_1,46,23,0.27741456031799316,-1.0459282398223877
0,task_1,46,24,0.30525508522987366,-1.24893057346344
0,task_1,46,25,0.33864903450012207,-1.4870198965072632
0,task_1,46,26,0.3746824860572815,-1.7243496179580688
0,task_1,46,27,0.4103982150554657,-1.7243496179580688
0,task_1,46,28,0.44984471797943115,-1.7243496179580688
0,task_1,46,29,0.5068681836128235,-1.7243496179580688
0,task_1,47,0,0.0,0.41925644874572754
0,task_1,47,1,0.0,0.41925644874572754
0,task_1,47,2,0.0,0.41925644874572754
0,task_1,47,3,0.0,0.41925644874572754
0,task_1,47,4,0.0,0.41925644874572754
0,task_1,47,5,0.0,0.41925644874572754
0,task_1,47,6,0.0,0.41925644874572754
0,task_1,47,7,0.0,0.41925644874572754
0,task_1,47,8,0.0,0.41925644874572754
0,task_1,47,9,0.0,0.41925644874572754
0,task_1,47,10,0.0,0.41925644874572754
0,task_1,47,11,0.0,0.41925644874572754
0,task_1,47,12,0.0,0.41925644874572754
0,task_1,47,13,0.018111735582351685,0.3759949803352356
0,task_1,47,14,0.042791396379470825,0.30795732140541077
0,task_1,47,15,0.06874391436576843,0.23137620091438293
0,task_1,47,16,0.09080097079277039,0.16516530513763428
0,task_1,47,17,0.11142483353614807,0.104497529566288
0,task_1,47,18,0.1240774467587471,0.06701333075761795
0,task_1,47,19,0.1338096261024475,0.03558097407221794
0,task_1,47,20,0.14709684252738953,-0.005338926333934069
0,task_1,47,21,0.15545499324798584,-0.03423859924077988
0,task_1,47,22,0.1638776957988739,-0.06706885248422623
0,task_1,47,23,0.16938254237174988,-0.09130195528268814
0,task_1,47,24,0.17877846956253052,-0.14043524861335754
0,task_1,47,25,0.1898289918899536,-0.20763878524303436
0,task_1,47,26,0.1991267055273056,-0.27551937103271484
0,task_1,47,27,0.20796622335910797,-0.34982630610466003
0,task_1,47,28,0.22112540900707245,-0.4797131419181824
0,task_1,47,29,1.1776460409164429,-5.086838722229004
0,task_1,48,0,0.0,-0.8948842287063599
0,task_1,48,1,0.0,-0.8948842287063599
0,task_1,48,2,0.0,-0.8948842287063599
0,task_1,48,3,0.0,-0.8948842287063599
0,task_1,48,4,0.0,-0.8948842287063599
0,task_1,48,5,0.002597339451313019,-0.8869665861129761
0,task_1,48,6,0.009441517293453217,-0.8674042224884033
0,task_1,48,7,0.014743208885192871,-0.8519036173820496
0,task_1,48,8,0.023594357073307037,-0.8261259198188782
0,task_1,48,9,0.03489505499601364,-0.793653130531311
0,task_1,48,10,0.04900750517845154,-0.7551475167274475
0,task_1,48,11,0.064433753490448,-0.7073371410369873
0,task_1,48,12,0.08734815567731857,-0.6416266560554504
0,task_1,48,13,0.1177654042840004,-0.5554366111755371
0,task_1,48,14,0.14158767461776733,-0.4837634563446045
0,task_1,48,15,0.173103466629982,-0.3918679356575012
0,task_1,48,16,0.21053123474121094,-0.28209635615348816
0,task_1,48,17,0.2564697265625,-0.14806438982486725
0,task_1,48,18,0.30541154742240906,-0.003477988764643669
0,task_1,48,19,0.34504562616348267,0.11137811839580536
0,task_1,48,20,0.4185992479324341,0.326180100440979
0,task_1,48,21,0.4849066734313965,0.5205298662185669
0,task_1,48,22,0.5467245578765869,0.6998233795166016
0,task_1,48,23,0.6191898584365845,0.913541316986084
0,task_1,48,24,0.7180595397949219,1.1985453367233276
0,task_1,48,25,0.7953635454177856,1.4348559379577637
0,task_1,48,26,0.913719654083252,1.8661088943481445
0,task_1,48,27,0.9989657402038574,1.8661088943481445
0,task_1,48,28,1.1169002056121826,1.8661088943481445
0,task_1,48,29,1.2559409141540527,1.8661088943481445
0,task_1,49,0,0.4473792314529419,-29.103830337524414
0,task_1,49,1,0.4473792314529419,-29.103830337524414
0,task_1,49,2,0.4473792314529419,-29.103830337524414
0,task_1,49,3,0.4473792314529419,-29.103830337524414
0,task_1,49,4,0.4473792314529419,-29.103830337524414
0,task_1,49,5,0.4473792314529419,-29.103830337524414
0,task_1,49,6,0.4473792314529419,-29.103830337524414
0,task_1,49,7,0.4473792314529419,-29.103830337524414
0,task_1,49,8,0.4473792314529419,-29.103830337524414
0,task_1,49,9,0.4473792314529419,-29.103830337524414
0,task_1,49,10,0.4473792314529419,-29.103830337524414
0,task_1,49,11,0.4473792314529419,-29.103830337524414
0,task_1,49,12,0.4473792314529419,-29.103830337524414
0,task_1,49,13,0.4473792314529419,-29.103830337524414
0,task_1,49,14,0.4473792314529419,-29.103830337524414
0,task_1,49,15,0.4473792314529419,-29.103830337524414
0,task_1,49,16,0.4473792314529419,-29.103830337524414
0,task_1,49,17,0.4473792314529419,-29.103830337524414
0,task_1,49,18,0.4473792314529419,-29.103830337524414
0,task_1,49,19,0.4473792314529419,-29.103830337524414
0,task_1,49,20,0.4473792314529419,-29.103830337524414
0,task_1,49,21,0.4473792314529419,-29.103830337524414
0,task_1,49,22,0.4473792314529419,-29.103830337524414
0,task_1,49,23,0.4473792314529419,-29.103830337524414
0,task_1,49,24,0.4473792314529419,-29.103830337524414
0,task_1,49,25,0.4473792314529419,-29.103830337524414
0,task_1,49,26,0.4473792314529419,-29.103830337524414
0,task_1,49,27,0.4473792314529419,-29.103830337524414
0,task_1,49,28,0.4473792314529419,-29.103830337524414
0,task_1,49,29,0.4473792314529419,-29.103830337524414
0,task_1,50,0,0.0,0.23604977130889893
0,task_1,50,1,0.0,0.23604977130889893
0,task_1,50,2,0.0,0.23604977130889893
0,task_1,50,3,0.0,0.23604977130889893
0,task_1,50,4,0.0,0.23604977130889893
0,task_1,50,5,0.0,0.23604977130889893
0,task_1,50,6,0.0,0.23604977130889893
0,task_1,50,7,0.0,0.23604977130889893
0,task_1,50,8,0.0,0.23604977130889893
0,task_1,50,9,0.0,0.23604977130889893
0,task_1,50,10,0.0,0.23604977130889893
0,task_1,50,11,0.0,0.23604977130889893
0,task_1,50,12,0.0,0.23604977130889893
0,task_1,50,13,0.0,0.23604977130889893
0,task_1,50,14,0.0,0.23604977130889893
0,task_1,50,15,0.0,0.23604977130889893
0,task_1,50,16,0.0,0.23604977130889893
0,task_1,50,17,0.007072165608406067,0.23049139976501465
0,task_1,50,18,0.02571834623813629,0.21706803143024445
0,task_1,50,19,0.0430949330329895,0.18886595964431763
0,task_1,50,20,0.05386340618133545,0.16748706996440887
0,task_1,50,21,0.06333853304386139,0.14441949129104614
0,task_1,50,22,0.0688355416059494,0.12784941494464874
0,task_1,50,23,0.07586520910263062,0.1062076985836029
0,task_1,50,24,0.08193014562129974,0.08451341092586517
0,task_1,50,25,0.08827656507492065,0.05986989662051201
0,task_1,50,26,0.09357154369354248,0.0352104976773262
0,task_1,50,27,0.10258479416370392,-0.009381316602230072
0,task_1,50,28,0.11494731903076172,-0.09098184108734131
0,task_1,50,29,2.192967653274536,-5.274465084075928
0,task_1,51,0,2.2019054889678955,1862.6451416015625
0,task_1,51,1,2.2019054889678955,1862.6451416015625
0,task_1,51,2,2.2019054889678955,1862.6451416015625
0,task_1,51,3,2.2019054889678955,1862.6451416015625
0,task_1,51,4,2.2019054889678955,1862.6451416015625
0,task_1,51,5,2.2019054889678955,1862.6451416015625
0,task_1,51,6,2.2019054889678955,1862.6451416015625
0,task_1,51,7,2.2019054889678955,1862.6451416015625
0,task_1,51,8,2.2019054889678955,1862.6451416015625
0,task_1,51,9,2.2019054889678955,1862.6451416015625
0,task_1,51,10,2.2019054889678955,1862.6451416015625
0,task_1,51,11,2.2019054889678955,1862.6451416015625
0,task_1,51,12,2.2019054889678955,1862.6451416015625
0,task_1,51,13,2.2019054889678955,1862.6451416015625
0,task_1,51,14,2.2019054889678955,1862.6451416015625
0,task_1,51,15,2.2019054889678955,1862.6451416015625
0,task_1,51,16,2.2019054889678955,1862.6451416015625
0,task_1,51,17,2.2019054889678955,1862.6451416015625
0,task_1,51,18,2.2019054889678955,1862.6451416015625
0,task_1,51,19,2.2019054889678955,1862.6451416015625
0,task_1,51,20,2.2019054889678955,1862.6451416015625
0,task_1,51,21,2.2019054889678955,1862.6451416015625
0,task_1,51,22,2.2019054889678955,1862.6451416015625
0,task_1,51,23,2.2019054889678955,1862.6451416015625
0,task_1,51,24,2.2019054889678955,1862.6451416015625
0,task_1,51,25,2.2019054889678955,1862.6451416015625
0,task_1,51,26,2.2019054889678955,1862.6451416015625
0,task_1,51,27,2.2019054889678955,1862.6451416015625
0,task_1,51,28,2.2019054889678955,1862.6451416015625
0,task_1,51,29,2.2019054889678955,1862.6451416015625
0,task_1,52,0,0.19455024600028992,-1.1253682374954224
0,task_1,52,1,0.26678040623664856,-1.0679175853729248
0,task_1,52,2,0.3305107653141022,-1.0172171592712402
0,task_1,52,3,0.39409303665161133,-0.967390775680542
0,task_1,52,4,0.46565163135528564,-0.9130966067314148
0,task_1,52,5,0.5094913244247437,-0.8791453242301941
0,task_1,52,6,0.5717895030975342,-0.8303235173225403
0,task_1,52,7,0.6284630298614502,-0.7858108878135681
0,task_1,52,8,0.689937949180603,-0.7372010946273804
0,task_1,52,9,0.7571813464164734,-0.6854360103607178
0,task_1,52,10,0.82677161693573,-0.632035493850708
0,task_1,52,11,0.8990951180458069,-0.5755467414855957
0,task_1,52,12,0.9829612374305725,-0.5097939372062683
0,task_1,52,13,1.0688300132751465,-0.441840261220932
0,task_1,52,14,1.1676554679870605,-0.3637288212776184
0,task_1,52,15,1.2514455318450928,-0.2970883250236511
0,task_1,52,16,1.3832743167877197,-0.19370633363723755
0,task_1,52,17,1.5177960395812988,-0.08726722747087479
0,task_1,52,18,1.6334242820739746,0.0054377359338104725
0,task_1,52,19,1.7990450859069824,0.1404230296611786
0,task_1,52,20,1.9881856441497803,0.29490524530410767
0,task_1,52,21,2.1542305946350098,0.43035799264907837
0,task_1,52,22,2.345201015472412,0.5862516164779663
0,task_1,52,23,2.5914466381073,0.7866224050521851
0,task_1,52,24,2.844425678253174,0.9930039048194885
0,task_1,52,25,3.094088315963745,1.195927381515503
0,task_1,52,26,3.3716800212860107,1.4218474626541138
0,task_1,52,27,3.67065167427063,1.6643556356430054
0,task_1,52,28,4.016051769256592,1.9460514783859253
0,task_1,52,29,4.892989158630371,2.644728422164917
0,task_1,53,0,0.7300287485122681,-1.0048729181289673
0,task_1,53,1,0.7780669927597046,-0.9559949040412903
0,task_1,53,2,0.8176823854446411,-0.9197441935539246
0,task_1,53,3,0.8530910015106201,-0.8901174664497375
0,task_1,53,4,0.9031264781951904,-0.8499787449836731
0,task_1,53,5,0.9293479323387146,-0.829204797744751
0,task_1,53,6,0.9612414836883545,-0.8039997220039368
0,task_1,53,7,0.9933930039405823,-0.7788283824920654
0,task_1,53,8,1.0323306322097778,-0.7482296228408813
0,task_1,53,9,1.0794048309326172,-0.7114765644073486
0,task_1,53,10,1.1231118440628052,-0.6771566867828369
0,task_1,53,11,1.1692088842391968,-0.6409558057785034
0,task_1,53,12,1.2378394603729248,-0.5862892270088196
0,task_1,53,13,1.3088288307189941,-0.5280909538269043
0,task_1,53,14,1.3890469074249268,-0.45858973264694214
0,task_1,53,15,1.4584529399871826,-0.39682474732398987
0,task_1,53,16,1.5805237293243408,-0.288280189037323
0,task_1,53,17,1.7105307579040527,-0.1726902425289154
0,task_1,53,18,1.8248226642608643,-0.07115435600280762
0,task_1,53,19,1.9919445514678955,0.07776141166687012
0,task_1,53,20,2.178101062774658,0.243825301527977
0,task_1,53,21,2.3404366970062256,0.3887700140476227
0,task_1,53,22,2.5523316860198975,0.5787091255187988
0,task_1,53,23,2.8059723377227783,0.8071356415748596
0,task_1,53,24,3.0818028450012207,1.054722547531128
0,task_1,53,25,3.358617067337036,1.3039741516113281
0,task_1,53,26,3.657717227935791,1.5736273527145386
0,task_1,53,27,3.986506700515747,1.8688926696777344
0,task_1,53,28,4.366206645965576,2.2075304985046387
0,task_1,53,29,4.75850772857666,2.2075304985046387
0,task_1,54,0,0.0,-1.3623199462890625
0,task_1,54,1,0.0,-1.3623199462890625
0,task_1,54,2,0.0,-1.3623199462890625
0,task_1,54,3,0.053820863366127014,-1.2762078046798706
0,task_1,54,4,0.13184015452861786,-1.1555511951446533
0,task_1,54,5,0.19258452951908112,-1.0643682479858398
0,task_1,54,6,0.26489508152008057,-0.9550873041152954
0,task_1,54,7,0.32633471488952637,-0.8655376434326172
0,task_1,54,8,0.40087324380874634,-0.7587805390357971
0,task_1,54,9,0.4702117443084717,-0.6603608727455139
0,task_1,54,10,0.5425891876220703,-0.5574865937232971
0,task_1,54,11,0.6052657961845398,-0.4680187702178955
0,task_1,54,12,0.6787161231040955,-0.3621656596660614
0,task_1,54,13,0.7509931325912476,-0.25841468572616577
0,task_1,54,14,0.8174348473548889,-0.16305366158485413
0,task_1,54,15,0.8833461999893188,-0.0677642971277237
0,task_1,54,16,0.9639337062835693,0.05210036784410477
0,task_1,54,17,1.0451867580413818,0.17376069724559784
0,task_1,54,18,1.1211315393447876,0.287362664937973
0,task_1,54,19,1.196753978729248,0.4007335603237152
0,task_1,54,20,1.289690613746643,0.5405087471008301
0,task_1,54,21,1.3707849979400635,0.6629868149757385
0,task_1,54,22,1.4653607606887817,0.8047814965248108
0,task_1,54,23,1.5589921474456787,0.9466921091079712
0,task_1,54,24,1.6593379974365234,1.0996572971343994
0,task_1,54,25,1.7554994821548462,1.246430516242981
0,task_1,54,26,1.8677582740783691,1.416229248046875
0,task_1,54,27,1.9721803665161133,1.5747545957565308
0,task_1,54,28,2.0883703231811523,1.7468793392181396
0,task_1,54,29,2.2237701416015625,1.7468793392181396
0,task_1,55,0,0.10455775260925293,-0.744828999042511
0,task_1,55,1,0.1125589907169342,-0.729314386844635
0,task_1,55,2,0.11779513955116272,-0.7189950942993164
0,task_1,55,3,0.12181442975997925,-0.7110185027122498
0,task_1,55,4,0.1251198649406433,-0.7045023441314697
0,task_1,55,5,0.12837952375411987,-0.6980427503585815
0,task_1,55,6,0.13295355439186096,-0.6886692643165588
0,task_1,55,7,0.13681748509407043,-0.6807823777198792
0,task_1,55,8,0.14098486304283142,-0.6723070740699768
0,task_1,55,9,0.1454990804195404,-0.6632066965103149
0,task_1,55,10,0.15139618515968323,-0.6514273881912231
0,task_1,55,11,0.15789124369621277,-0.6385693550109863
0,task_1,55,12,0.16916480660438538,-0.6169621348381042
0,task_1,55,13,0.18779414892196655,-0.581758975982666
0,task_1,55,14,0.20676979422569275,-0.5463898777961731
0,task_1,55,15,0.2327709197998047,-0.4983128309249878
0,task_1,55,16,0.27734774351119995,-0.4148724675178528
0,task_1,55,17,0.321744441986084,-0.33191484212875366
0,task_1,55,18,0.38229066133499146,-0.21851348876953125
0,task_1,55,19,0.43944603204727173,-0.11079634726047516
0,task_1,55,20,0.5266262888908386,0.053407877683639526
0,task_1,55,21,0.6199019551277161,0.22915993630886078
0,task_1,55,22,0.7087039947509766,0.3959764242172241
0,task_1,55,23,0.8257216215133667,0.6157947778701782
0,task_1,55,24,0.9628870487213135,0.873760461807251
0,task_1,55,25,1.0852687358856201,1.104167103767395
0,task_1,55,26,1.2609312534332275,1.4346355199813843
0,task_1,55,27,1.4086146354675293,1.7097046375274658
0,task_1,55,28,1.6080279350280762,2.0835423469543457
0,task_1,55,29,2.179795980453491,3.1210358142852783
0,task_1,56,0,0.2466563582420349,-1.1339149475097656
0,task_1,56,1,0.316244512796402,-1.0892773866653442
0,task_1,56,2,0.3710453510284424,-1.0541433095932007
0,task_1,56,3,0.43692731857299805,-1.0100743770599365
0,task_1,56,4,0.50627601146698,-0.9617899060249329
0,task_1,56,5,0.5556414127349854,-0.9230156540870667
0,task_1,56,6,0.6156504154205322,-0.873876690864563
0,task_1,56,7,0.6769125461578369,-0.8220890760421753
0,task_1,56,8,0.7411876916885376,-0.7691456079483032
0,task_1,56,9,0.8164079189300537,-0.7047078609466553
0,task_1,56,10,0.8876292705535889,-0.6425588726997375
0,task_1,56,11,0.9453667402267456,-0.5920727849006653
0,task_1,56,12,1.0455869436264038,-0.504733681678772
0,task_1,56,13,1.1359589099884033,-0.4248583912849426
0,task_1,56,14,1.240549087524414,-0.3316134214401245
0,task_1,56,15,1.3193869590759277,-0.26148632168769836
0,task_1,56,16,1.4455970525741577,-0.14969655871391296
0,task_1,56,17,1.5814456939697266,-0.030934592708945274
0,task_1,56,18,1.7129848003387451,0.08270877599716187
0,task_1,56,19,1.8652211427688599,0.20933647453784943
0,task_1,56,20,2.0292394161224365,0.3454762399196625
0,task_1,56,21,2.1993062496185303,0.4862091839313507
0,task_1,56,22,2.38905668258667,0.6432268023490906
0,task_1,56,23,2.5929012298583984,0.8117287755012512
0,task_1,56,24,2.833331346511841,1.0103927850723267
0,task_1,56,25,3.06554913520813,1.2016233205795288
0,task_1,56,26,3.3177826404571533,1.408654808998108
0,task_1,56,27,3.608200788497925,1.6469926834106445
0,task_1,56,28,3.8966965675354004,1.8837867975234985
0,task_1,56,29,4.723538875579834,2.549853563308716
0,task_1,57,0,0.0,0.31168875098228455
0,task_1,57,1,0.0,0.31168875098228455
0,task_1,57,2,0.0,0.31168875098228455
0,task_1,57,3,0.0,0.31168875098228455
0,task_1,57,4,0.0,0.31168875098228455
0,task_1,57,5,0.0,0.31168875098228455
0,task_1,57,6,0.0,0.31168875098228455
0,task_1,57,7,0.0,0.31168875098228455
0,task_1,57,8,0.0,0.31168875098228455
0,task_1,57,9,0.0,0.31168875098228455
0,task_1,57,10,0.0,0.31168875098228455
0,task_1,57,11,0.0,0.31168875098228455
0,task_1,57,12,0.0,0.31168875098228455
0,task_1,57,13,0.0,0.31168875098228455
0,task_1,57,14,0.0,0.31168875098228455
0,task_1,57,15,0.0,0.31168875098228455
0,task_1,57,16,0.0,0.31168875098228455
0,task_1,57,17,0.0,0.31168875098228455
0,task_1,57,18,0.0,0.31168875098228455
0,task_1,57,19,0.0,0.31168875098228455
0,task_1,57,20,0.0,0.31168875098228455
0,task_1,57,21,0.0,0.31168875098228455
0,task_1,57,22,0.0,0.31168875098228455
0,task_1,57,23,0.0,0.31168875098228455
0,task_1,57,24,0.0,0.31168875098228455
0,task_1,57,25,0.06260868906974792,-0.02842218242585659
0,task_1,57,26,0.15100771188735962,-0.5368325114250183
0,task_1,57,27,0.22143177688121796,-0.9608437418937683
0,task_1,57,28,0.29761573672294617,-1.440887451171875
0,task_1,57,29,2.5108144283294678,-4.825232982635498
0,task_1,58,0,2.3339931964874268,0.0
0,task_1,58,1,2.3339931964874268,0.0
0,task_1,58,2,2.3339931964874268,0.0
0,task_1,58,3,2.3339931964874268,0.0
0,task_1,58,4,2.3339931964874268,0.0
0,task_1,58,5,2.3339931964874268,0.0
0,task_1,58,6,2.3339931964874268,0.0
0,task_1,58,7,2.3339931964874268,0.0
0,task_1,58,8,2.3339931964874268,0.0
0,task_1,58,9,2.3339931964874268,0.0
0,task_1,58,10,2.3339931964874268,0.0
0,task_1,58,11,2.3339931964874268,0.0
0,task_1,58,12,2.3339931964874268,0.0
0,task_1,58,13,2.3339931964874268,0.0
0,task_1,58,14,2.3339931964874268,0.0
0,task_1,58,15,2.3339931964874268,0.0
0,task_1,58,16,2.3339931964874268,0.0
0,task_1,58,17,2.3339931964874268,0.0
0,task_1,58,18,2.3339931964874268,0.0
0,task_1,58,19,2.3339931964874268,0.0
0,task_1,58,20,2.3339931964874268,0.0
0,task_1,58,21,2.3339931964874268,0.0
0,task_1,58,22,2.3339931964874268,0.0
0,task_1,58,23,2.3339931964874268,0.0
0,task_1,58,24,2.3339931964874268,0.0
0,task_1,58,25,2.3339931964874268,0.0
0,task_1,58,26,2.3339931964874268,0.0
0,task_1,58,27,2.3339931964874268,0.0
0,task_1,58,28,2.3339931964874268,0.0
0,task_1,58,29,2.3339931964874268,0.0
0,task_1,59,0,1.171937346458435,0.9094946980476379
0,task_1,59,1,1.171937346458435,0.9094946980476379
0,task_1,59,2,1.171937346458435,0.9094946980476379
0,task_1,59,3,1.171937346458435,0.9094946980476379
0,task_1,59,4,1.171937346458435,0.9094946980476379
0,task_1,59,5,1.171937346458435,0.9094946980476379
0,task_1,59,6,1.171937346458435,0.9094946980476379
0,task_1,59,7,1.171937346458435,0.9094946980476379
0,task_1,59,8,1.171937346458435,0.9094946980476379
0,task_1,59,9,1.171937346458435,0.9094946980476379
0,task_1,59,10,1.171937346458435,0.9094946980476379
0,task_1,59,11,1.171937346458435,0.9094946980476379
0,task_1,59,12,1.171937346458435,0.9094946980476379
0,task_1,59,13,1.171937346458435,0.9094946980476379
0,task_1,59,14,1.171937346458435,0.9094946980476379
0,task_1,59,15,1.171937346458435,0.9094946980476379
0,task_1,59,16,1.171937346458435,0.9094946980476379
0,task_1,59,17,1.171937346458435,0.9094946980476379
0,task_1,59,18,1.171937346458435,0.9094946980476379
0,task_1,59,19,1.171937346458435,0.9094946980476379
0,task_1,59,20,1.171937346458435,0.9094946980476379
0,task_1,59,21,1.171937346458435,0.9094946980476379
0,task_1,59,22,1.171937346458435,0.9094946980476379
0,task_1,59,23,1.171937346458435,0.9094946980476379
0,task_1,59,24,1.171937346458435,0.9094946980476379
0,task_1,59,25,1.171937346458435,0.9094946980476379
0,task_1,59,26,1.171937346458435,0.9094946980476379
0,task_1,59,27,1.171937346458435,0.9094946980476379
0,task_1,59,28,1.171937346458435,0.9094946980476379
0,task_1,59,29,1.171937346458435,0.9094946980476379
0,task_1,60,0,0.0,-0.19030198454856873
0,task_1,60,1,0.0,-0.19030198454856873
0,task_1,60,2,0.0,-0.19030198454856873
0,task_1,60,3,0.0,-0.19030198454856873
0,task_1,60,4,0.0,-0.19030198454856873
0,task_1,60,5,0.0,-0.19030198454856873
0,task_1,60,6,0.0,-0.19030198454856873
0,task_1,60,7,0.0,-0.19030198454856873
0,task_1,60,8,0.0,-0.19030198454856873
0,task_1,60,9,0.0,-0.19030198454856873
0,task_1,60,10,0.0,-0.19030198454856873
0,task_1,60,11,0.0,-0.19030198454856873
0,task_1,60,12,0.0,-0.19030198454856873
0,task_1,60,13,0.0,-0.19030198454856873
0,task_1,60,14,0.0,-0.19030198454856873
0,task_1,60,15,0.0,-0.19030198454856873
0,task_1,60,16,0.0,-0.19030198454856873
0,task_1,60,17,0.0,-0.19030198454856873
0,task_1,60,18,0.0,-0.19030198454856873
0,task_1,60,19,0.0,-0.19030198454856873
0,task_1,60,20,0.0,-0.19030198454856873
0,task_1,60,21,0.0,-0.19030198454856873
0,task_1,60,22,0.0,-0.19030198454856873
0,task_1,60,23,0.0,-0.19030198454856873
0,task_1,60,24,0.0,-0.19030198454856873
0,task_1,60,25,0.0,-0.19030198454856873
0,task_1,60,26,0.0018586814403533936,-0.17473095655441284
0,task_1,60,27,0.00592958927154541,-0.12127289175987244
0,task_1,60,28,0.012834593653678894,-0.048668116331100464
0,task_1,60,29,0.3310692012310028,5.292523384094238
0,task_1,61,0,0.0,0.20755526423454285
0,task_1,61,1,0.0,0.20755526423454285
0,task_1,61,2,0.0,0.20755526423454285
0,task_1,61,3,0.0,0.20755526423454285
0,task_1,61,4,0.0,0.20755526423454285
0,task_1,61,5,0.0,0.20755526423454285
0,task_1,61,6,0.0,0.20755526423454285
0,task_1,61,7,0.0,0.20755526423454285
0,task_1,61,8,0.0,0.20755526423454285
0,task_1,61,9,0.0,0.20755526423454285
0,task_1,61,10,0.0,0.20755526423454285
0,task_1,61,11,0.0,0.20755526423454285
0,task_1,61,12,0.0,0.20755526423454285
0,task_1,61,13,0.0,0.20755526423454285
0,task_1,61,14,0.0,0.20755526423454285
0,task_1,61,15,0.0,0.20755526423454285
0,task_1,61,16,0.0,0.20755526423454285
0,task_1,61,17,0.0,0.20755526423454285
0,task_1,61,18,0.0,0.20755526423454285
0,task_1,61,19,0.0,0.20755526423454285
0,task_1,61,20,0.0,0.20755526423454285
0,task_1,61,21,0.0,0.20755526423454285
0,task_1,61,22,0.0,0.20755526423454285
0,task_1,61,23,0.0,0.20755526423454285
0,task_1,61,24,0.0,0.20755526423454285
0,task_1,61,25,0.0,0.20755526423454285
0,task_1,61,26,0.0,0.20755526423454285
0,task_1,61,27,0.02457752823829651,0.05235584080219269
0,task_1,61,28,0.09206171333789825,-0.39537861943244934
0,task_1,61,29,2.0087382793426514,-5.260969161987305
0,task_1,62,0,0.05784764140844345,-1.167893409729004
0,task_1,62,1,0.0938279926776886,-1.1196681261062622
0,task_1,62,2,0.1317826509475708,-1.0694526433944702
0,task_1,62,3,0.17053520679473877,-1.0183751583099365
0,task_1,62,4,0.21198637783527374,-0.963053286075592
0,task_1,62,5,0.24140720069408417,-0.9235676527023315
0,task_1,62,6,0.2792527377605438,-0.8728346228599548
0,task_1,62,7,0.3184921443462372,-0.8209409713745117
0,task_1,62,8,0.36126619577407837,-0.764624297618866
0,task_1,62,9,0.40267375111579895,-0.7101054191589355
0,task_1,62,10,0.44850587844848633,-0.6490679979324341
0,task_1,62,11,0.5004615187644958,-0.5800568461418152
0,task_1,62,12,0.5560107231140137,-0.5066152215003967
0,task_1,62,13,0.6139271259307861,-0.42967599630355835
0,task_1,62,14,0.6771203279495239,-0.34483832120895386
0,task_1,62,15,0.7430111169815063,-0.25659868121147156
0,task_1,62,16,0.8211010694503784,-0.15447689592838287
0,task_1,62,17,0.9040356874465942,-0.04597899690270424
0,task_1,62,18,0.9912095069885254,0.06767157465219498
0,task_1,62,19,1.0951433181762695,0.2032807469367981
0,task_1,62,20,1.2113291025161743,0.35553258657455444
0,task_1,62,21,1.3183062076568604,0.49524033069610596
0,task_1,62,22,1.4432384967803955,0.659083902835846
0,task_1,62,23,1.5868357419967651,0.847822368144989
0,task_1,62,24,1.7435065507888794,1.0550459623336792
0,task_1,62,25,1.9046117067337036,1.267074704170227
0,task_1,62,26,2.068718671798706,1.4835268259048462
0,task_1,62,27,2.249586582183838,1.7220935821533203
0,task_1,62,28,2.4496822357177734,1.9867924451828003
0,task_1,62,29,2.6588563919067383,2.2546582221984863
0,task_1,63,0,0.014492802321910858,-0.7293809652328491
0,task_1,63,1,0.025543849915266037,-0.6899886727333069
0,task_1,63,2,0.031335532665252686,-0.6698771715164185
0,task_1,63,3,0.036291997879743576,-0.6513820290565491
0,task_1,63,4,0.04102633148431778,-0.6405624747276306
0,task_1,63,5,0.044821590185165405,-0.6292005181312561
0,task_1,63,6,0.049298688769340515,-0.6144101023674011
0,task_1,63,7,0.055922962725162506,-0.5951904654502869
0,task_1,63,8,0.062037333846092224,-0.5783694982528687
0,task_1,63,9,0.06898394227027893,-0.562244176864624
0,task_1,63,10,0.0776531919836998,-0.5417640805244446
0,task_1,63,11,0.08647096902132034,-0.5228436589241028
0,task_1,63,12,0.0947108343243599,-0.5040873289108276
0,task_1,63,13,0.10378381609916687,-0.48423776030540466
0,task_1,63,14,0.1117897480726242,-0.4681413173675537
0,task_1,63,15,0.12186326831579208,-0.4570455551147461
0,task_1,63,16,0.1291612684726715,-0.4497950077056885
0,task_1,63,17,0.1376260668039322,-0.44334036111831665
0,task_1,63,18,0.14650732278823853,-0.43562188744544983
0,task_1,63,19,0.1584405153989792,-0.41326457262039185
0,task_1,63,20,0.1764346808195114,-0.3221091628074646
0,task_1,63,21,0.21900908648967743,-0.1100810244679451
0,task_1,63,22,0.27128297090530396,0.15753349661827087
0,task_1,63,23,0.3327135145664215,0.46107548475265503
0,task_1,63,24,0.4024127125740051,0.8155116438865662
0,task_1,63,25,0.4770701229572296,1.2054128646850586
0,task_1,63,26,0.5694531202316284,1.667476773262024
0,task_1,63,27,0.6573793888092041,2.1109321117401123
0,task_1,63,28,0.7675402760505676,2.547497510910034
0,task_1,63,29,0.8979822397232056,2.547497510910034
0,task_1,64,0,0.06314260512590408,-2.2033371925354004
0,task_1,64,1,0.10277827084064484,-2.0883877277374268
0,task_1,64,2,0.13350848853588104,-1.9479554891586304
0,task_1,64,3,0.1633424162864685,-1.601362943649292
0,task_1,64,4,0.19422052800655365,-1.1202881336212158
0,task_1,64,5,0.21187973022460938,-0.8469361066818237
0,task_1,64,6,0.22371838986873627,-0.6663907766342163
0,task_1,64,7,0.2340649515390396,-0.5081256031990051
0,task_1,64,8,0.2438887655735016,-0.3699975311756134
0,task_1,64,9,0.2511725127696991,-0.2712090015411377
0,task_1,64,10,0.2589625120162964,-0.16610105335712433
0,task_1,64,11,0.2680020332336426,-0.05134648457169533
0,task_1,64,12,0.27677565813064575,0.061618365347385406
0,task_1,64,13,0.28563058376312256,0.17373646795749664
0,task_1,64,14,0.2920726537704468,0.25030621886253357
0,task_1,64,15,0.29850780963897705,0.3271235227584839
0,task_1,64,16,0.30467087030410767,0.4002223312854767
0,task_1,64,17,0.30951249599456787,0.4573904275894165
0,task_1,64,18,0.3147403597831726,0.5186549425125122
0,task_1,64,19,0.32064101099967957,0.5872192978858948
0,task_1,64,20,0.32432806491851807,0.6291970610618591
0,task_1,64,21,0.3279268145561218,0.6703009009361267
0,task_1,64,22,0.3321228325366974,0.7189525961875916
0,task_1,64,23,0.33608412742614746,0.7638031840324402
0,task_1,64,24,0.3394450545310974,0.8019511699676514
0,task_1,64,25,0.3423844873905182,0.8350901007652283
0,task_1,64,26,0.34701937437057495,0.8874301314353943
0,task_1,64,27,0.35042035579681396,0.925905704498291
0,task_1,64,28,0.3552253544330597,0.9801163673400879
0,task_1,64,29,0.43194130063056946,1.8524187803268433
0,task_1,65,0,0.07561634480953217,-1.0325430631637573
0,task_1,65,1,0.08947630226612091,-0.9588255882263184
0,task_1,65,2,0.10079541802406311,-0.899761438369751
0,task_1,65,3,0.10888801515102386,-0.8583655953407288
0,task_1,65,4,0.1163969337940216,-0.8199416399002075
0,task_1,65,5,0.1254865527153015,-0.7741421461105347
0,task_1,65,6,0.13236457109451294,-0.7409499883651733
0,task_1,65,7,0.14196670055389404,-0.694305419921875
0,task_1,65,8,0.15095001459121704,-0.6521998643875122
0,task_1,65,9,0.1585167646408081,-0.6171956062316895
0,task_1,65,10,0.17043715715408325,-0.5628023743629456
0,task_1,65,11,0.1826552152633667,-0.507351815700531
0,task_1,65,12,0.19309788942337036,-0.46102166175842285
0,task_1,65,13,0.2050829529762268,-0.4079233705997467
0,task_1,65,14,0.21665385365486145,-0.3566160500049591
0,task_1,65,15,0.23303648829460144,-0.2840055823326111
0,task_1,65,16,0.2511710822582245,-0.2032897174358368
0,task_1,65,17,0.26946383714675903,-0.12194890528917313
0,task_1,65,18,0.28788211941719055,-0.04029841721057892
0,task_1,65,19,0.3129630386829376,0.07075830549001694
0,task_1,65,20,0.340732604265213,0.19374513626098633
0,task_1,65,21,0.36747512221336365,0.3117612898349762
0,task_1,65,22,0.397036612033844,0.43935486674308777
0,task_1,65,23,0.4383435845375061,0.6128785014152527
0,task_1,65,24,0.4728392958641052,0.7549939155578613
0,task_1,65,25,0.5207080245018005,0.951357364654541
0,task_1,65,26,0.5609869360923767,1.116038203239441
0,task_1,65,27,0.6068057417869568,1.3043038845062256
0,task_1,65,28,0.6664032936096191,1.5490236282348633
0,task_1,65,29,1.2072534561157227,3.6892712116241455
0,task_1,66,0,0.0,-0.4105134606361389
0,task_1,66,1,0.0,-0.4105134606361389
0,task_1,66,2,0.0,-0.4105134606361389
0,task_1,66,3,0.0,-0.4105134606361389
0,task_1,66,4,0.0,-0.4105134606361389
0,task_1,66,5,0.0,-0.4105134606361389
0,task_1,66,6,0.0,-0.4105134606361389
0,task_1,66,7,0.0,-0.4105134606361389
0,task_1,66,8,0.0,-0.4105134606361389
0,task_1,66,9,0.0,-0.4105134606361389
0,task_1,66,10,0.0,-0.4105134606361389
0,task_1,66,11,0.0,-0.4105134606361389
0,task_1,66,12,0.0,-0.4105134606361389
0,task_1,66,13,0.0,-0.4105134606361389
0,task_1,66,14,0.0,-0.4105134606361389
0,task_1,66,15,0.0,-0.4105134606361389
0,task_1,66,16,0.0,-0.4105134606361389
0,task_1,66,17,0.0,-0.4105134606361389
0,task_1,66,18,0.0,-0.4105134606361389
0,task_1,66,19,0.0,-0.4105134606361389
0,task_1,66,20,0.015642032027244568,-0.2728606164455414
0,task_1,66,21,0.036936983466148376,-0.08241087943315506
0,task_1,66,22,0.0525326281785965,0.04831632599234581
0,task_1,66,23,0.07250693440437317,0.22191692888736725
0,task_1,66,24,0.09281383454799652,0.38960641622543335
0,task_1,66,25,0.11154083907604218,0.5410066246986389
0,task_1,66,26,0.12927474081516266,0.6905079483985901
0,task_1,66,27,0.15176506340503693,0.8727954030036926
0,task_1,66,28,0.171097993850708,1.0317884683609009
0,task_1,66,29,0.6284230947494507,4.769602298736572
0,task_1,67,0,0.0,0.6108959317207336
0,task_1,67,1,0.00024887919425964355,0.6108959317207336
0,task_1,67,2,0.0009762793779373169,0.6076444387435913
0,task_1,67,3,0.0013073533773422241,0.6056287884712219
0,task_1,67,4,0.006200268864631653,0.5772200226783752
0,task_1,67,5,0.007590547204017639,0.568412184715271
0,task_1,67,6,0.007841691374778748,0.568412184715271
0,task_1,67,7,0.010698467493057251,0.5527049899101257
0,task_1,67,8,0.012243479490280151,0.5430611371994019
0,task_1,67,9,0.012441545724868774,0.5430611371994019
0,task_1,67,10,0.012869134545326233,0.5404472351074219
0,task_1,67,11,0.013298630714416504,0.5380512475967407
0,task_1,67,12,0.013422086834907532,0.5374240875244141
0,task_1,67,13,0.014217719435691833,0.53339684009552
0,task_1,67,14,0.015670761466026306,0.5268650650978088
0,task_1,67,15,0.017848029732704163,0.5142449736595154
0,task_1,67,16,0.01812724769115448,0.5128255486488342
0,task_1,67,17,0.01825593411922455,0.5128255486488342
0,task_1,67,18,0.018816307187080383,0.5128255486488342
0,task_1,67,19,0.02055351436138153,0.5050172805786133
0,task_1,67,20,0.025101840496063232,0.4818667769432068
0,task_1,67,21,0.02546049654483795,0.4818667769432068
0,task_1,67,22,0.025627776980400085,0.4818667769432068
0,task_1,67,23,2.3204474449157715,-1.781065583229065
0,task_1,67,24,2.3204474449157715,-1.781065583229065
0,task_1,67,25,2.3204474449157715,-1.781065583229065
0,task_1,67,26,2.3204474449157715,-1.781065583229065
0,task_1,67,27,2.3204474449157715,-1.781065583229065
0,task_1,67,28,2.3204474449157715,-1.781065583229065
0,task_1,67,29,2.3204474449157715,-1.781065583229065
0,task_1,68,0,1.8230010271072388,1862.6451416015625
0,task_1,68,1,1.8230010271072388,1862.6451416015625
0,task_1,68,2,1.8230010271072388,1862.6451416015625
0,task_1,68,3,1.8230010271072388,1862.6451416015625
0,task_1,68,4,1.8230010271072388,1862.6451416015625
0,task_1,68,5,1.8230010271072388,1862.6451416015625
0,task_1,68,6,1.8230010271072388,1862.6451416015625
0,task_1,68,7,1.8230010271072388,1862.6451416015625
0,task_1,68,8,1.8230010271072388,1862.6451416015625
0,task_1,68,9,1.8230010271072388,1862.6451416015625
0,task_1,68,10,1.8230010271072388,1862.6451416015625
0,task_1,68,11,1.8230010271072388,1862.6451416015625
0,task_1,68,12,1.8230010271072388,1862.6451416015625
0,task_1,68,13,1.8230010271072388,1862.6451416015625
0,task_1,68,14,1.8230010271072388,1862.6451416015625
0,task_1,68,15,1.8230010271072388,1862.6451416015625
0,task_1,68,16,1.8230010271072388,1862.6451416015625
0,task_1,68,17,1.8230010271072388,1862.6451416015625
0,task_1,68,18,1.8230010271072388,1862.6451416015625
0,task_1,68,19,1.8230010271072388,1862.6451416015625
0,task_1,68,20,1.8230010271072388,1862.6451416015625
0,task_1,68,21,1.8230010271072388,1862.6451416015625
0,task_1,68,22,1.8230010271072388,1862.6451416015625
0,task_1,68,23,1.8230010271072388,1862.6451416015625
0,task_1,68,24,1.8230010271072388,1862.6451416015625
0,task_1,68,25,1.8230010271072388,1862.6451416015625
0,task_1,68,26,1.8230010271072388,1862.6451416015625
0,task_1,68,27,1.8230010271072388,1862.6451416015625
0,task_1,68,28,1.8230010271072388,1862.6451416015625
0,task_1,68,29,1.8230010271072388,1862.6451416015625
0,task_1,69,0,0.29930925369262695,-1.2008296251296997
0,task_1,69,1,0.3389706611633301,-1.1269663572311401
0,task_1,69,2,0.37851521372795105,-1.0503593683242798
0,task_1,69,3,0.41295143961906433,-0.9843363761901855
0,task_1,69,4,0.4521979093551636,-0.9122532606124878
0,task_1,69,5,0.48188847303390503,-0.8602348566055298
0,task_1,69,6,0.5131093263626099,-0.8065866827964783
0,task_1,69,7,0.5423703193664551,-0.7570487260818481
0,task_1,69,8,0.5724482536315918,-0.7074758410453796
0,task_1,69,9,0.6067878603935242,-0.6513068079948425
0,task_1,69,10,0.6402882933616638,-0.5960857272148132
0,task_1,69,11,0.6685960292816162,-0.5493208169937134
0,task_1,69,12,0.7138816714286804,-0.4746267795562744
0,task_1,69,13,0.7550565600395203,-0.40672197937965393
0,task_1,69,14,0.7966859340667725,-0.33738088607788086
0,task_1,69,15,0.8381727337837219,-0.2681487202644348
0,task_1,69,16,0.897732675075531,-0.16933931410312653
0,task_1,69,17,0.9602087736129761,-0.06513043493032455
0,task_1,69,18,1.018333911895752,0.031171953305602074
0,task_1,69,19,1.0868322849273682,0.14268648624420166
0,task_1,69,20,1.1781578063964844,0.2903138995170593
0,task_1,69,21,1.258332371711731,0.4173980951309204
0,task_1,69,22,1.3551992177963257,0.5736312866210938
0,task_1,69,23,1.4640443325042725,0.7480868101119995
0,task_1,69,24,1.585573673248291,0.9436414241790771
0,task_1,69,25,1.707714319229126,1.13929283618927
0,task_1,69,26,1.843888282775879,1.3573129177093506
0,task_1,69,27,1.9878292083740234,1.587062954902649
0,task_1,69,28,2.1523730754852295,1.8487906455993652
0,task_1,69,29,2.8062357902526855,2.8447623252868652
0,task_1,70,0,1.2602401971817017,0.0
0,task_1,70,1,1.2602401971817017,0.0
0,task_1,70,2,1.2602401971817017,0.0
0,task_1,70,3,1.2602401971817017,0.0
0,task_1,70,4,1.2602401971817017,0.0
0,task_1,70,5,1.2602401971817017,0.0
0,task_1,70,6,1.2602401971817017,0.0
0,task_1,70,7,1.2602401971817017,0.0
0,task_1,70,8,1.2602401971817017,0.0
0,task_1,70,9,1.2602401971817017,0.0
0,task_1,70,10,1.2602401971817017,0.0
0,task_1,70,11,1.2602401971817017,0.0
0,task_1,70,12,1.2602401971817017,0.0
0,task_1,70,13,1.2602401971817017,0.0
0,task_1,70,14,1.2602401971817017,0.0
0,task_1,70,15,1.2602401971817017,0.0
0,task_1,70,16,1.2602401971817017,0.0
0,task_1,70,17,1.2602401971817017,0.0
0,task_1,70,18,1.2602401971817017,0.0
0,task_1,70,19,1.2602401971817017,0.0
0,task_1,70,20,1.2602401971817017,0.0
0,task_1,70,21,1.2602401971817017,0.0
0,task_1,70,22,1.2602401971817017,0.0
0,task_1,70,23,1.2602401971817017,0.0
0,task_1,70,24,1.2602401971817017,0.0
0,task_1,70,25,1.2602401971817017,0.0
0,task_1,70,26,1.2602401971817017,0.0
0,task_1,70,27,1.2602401971817017,0.0
0,task_1,70,28,1.2602401971817017,0.0
0,task_1,70,29,1.2602401971817017,0.0
0,task_1,71,0,0.0,-0.8835868835449219
0,task_1,71,1,0.0,-0.8835868835449219
0,task_1,71,2,0.0029943808913230896,-0.8805833458900452
0,task_1,71,3,0.018904702737927437,-0.86391282081604
0,task_1,71,4,0.038251765072345734,-0.8422556519508362
0,task_1,71,5,0.0564923994243145,-0.8223232626914978
0,task_1,71,6,0.0729784145951271,-0.8047925233840942
0,task_1,71,7,0.09311723709106445,-0.7839086651802063
0,task_1,71,8,0.1261352300643921,-0.7514433264732361
0,task_1,71,9,0.15491561591625214,-0.7240064740180969
0,task_1,71,10,0.1892823725938797,-0.6916349530220032
0,task_1,71,11,0.23522350192070007,-0.6483593583106995
0,task_1,71,12,0.29157084226608276,-0.5954389572143555
0,task_1,71,13,0.3565453290939331,-0.534947395324707
0,task_1,71,14,0.4229910373687744,-0.4733789563179016
0,task_1,71,15,0.4978305697441101,-0.4043290913105011
0,task_1,71,16,0.5938515067100525,-0.3121365010738373
0,task_1,71,17,0.7051296234130859,-0.20013803243637085
0,task_1,71,18,0.808005154132843,-0.09427016973495483
0,task_1,71,19,0.9470257759094238,0.04923184588551521
0,task_1,71,20,1.1123805046081543,0.21980877220630646
0,task_1,71,21,1.2594066858291626,0.37163257598876953
0,task_1,71,22,1.4385281801223755,0.5565491318702698
0,task_1,71,23,1.6485154628753662,0.7731287479400635
0,task_1,71,24,1.8791730403900146,1.0129148960113525
0,task_1,71,25,2.1080567836761475,1.2503377199172974
0,task_1,71,26,2.358995199203491,1.5121803283691406
0,task_1,71,27,2.635481357574463,1.7985819578170776
0,task_1,71,28,2.9429688453674316,2.119030714035034
0,task_1,71,29,3.3596372604370117,2.5316355228424072
0,task_1,72,0,0.36271560192108154,-0.8018345832824707
0,task_1,72,1,0.37139299511909485,-0.7892494201660156
0,task_1,72,2,0.3780689835548401,-0.7794188261032104
0,task_1,72,3,0.38266521692276,-0.7727821469306946
0,task_1,72,4,0.3860010802745819,-0.7681394815444946
0,task_1,72,5,0.3917342722415924,-0.7600502371788025
0,task_1,72,6,0.3957216441631317,-0.7545291185379028
0,task_1,72,7,0.4003790616989136,-0.7480219602584839
0,task_1,72,8,0.4068618416786194,-0.7388949394226074
0,task_1,72,9,0.41736871004104614,-0.7240046262741089
0,task_1,72,10,0.4286596179008484,-0.7079007029533386
0,task_1,72,11,0.4479480981826782,-0.6798794865608215
0,task_1,72,12,0.474880188703537,-0.6397993564605713
0,task_1,72,13,0.5139017105102539,-0.5811764597892761
0,task_1,72,14,0.5523507595062256,-0.5231063961982727
0,task_1,72,15,0.5921948552131653,-0.4627513885498047
0,task_1,72,16,0.6603060364723206,-0.3596506714820862
0,task_1,72,17,0.7331252098083496,-0.25253814458847046
0,task_1,72,18,0.8106228113174438,-0.14243440330028534
0,task_1,72,19,0.9088327884674072,-0.0037676612846553326
0,task_1,72,20,1.0195499658584595,0.1531800478696823
0,task_1,72,21,1.1358567476272583,0.31806081533432007
0,task_1,72,22,1.2498613595962524,0.480025053024292
0,task_1,72,23,1.4238550662994385,0.7272767424583435
0,task_1,72,24,1.5840188264846802,0.9552534818649292
0,task_1,72,25,1.75336754322052,1.1969232559204102
0,task_1,72,26,1.955674409866333,1.4859002828598022
0,task_1,72,27,2.1653292179107666,1.7854944467544556
0,task_1,72,28,2.4158363342285156,2.1433298587799072
0,task_1,72,29,2.8637688159942627,2.74448561668396
0,task_1,73,0,0.9212368130683899,-1.1192126274108887
0,task_1,73,1,1.0056654214859009,-1.0614044666290283
0,task_1,73,2,1.089744210243225,-1.0017062425613403
0,task_1,73,3,1.1618564128875732,-0.9508089423179626
0,task_1,73,4,1.2492531538009644,-0.8918026685714722
0,task_1,73,5,1.2962926626205444,-0.861082136631012
0,task_1,73,6,1.3646591901779175,-0.8166083097457886
0,task_1,73,7,1.4275752305984497,-0.7753364443778992
0,task_1,73,8,1.495269536972046,-0.7308698892593384
0,task_1,73,9,1.5752404928207397,-0.6787427663803101
0,task_1,73,10,1.6522679328918457,-0.6287280321121216
0,task_1,73,11,1.7193939685821533,-0.5856502056121826
0,task_1,73,12,1.8290636539459229,-0.5156395435333252
0,task_1,73,13,1.9336806535720825,-0.44997638463974
0,task_1,73,14,2.0475571155548096,-0.37883055210113525
0,task_1,73,15,2.146876811981201,-0.31682950258255005
0,task_1,73,16,2.3097152709960938,-0.2142028957605362
0,task_1,73,17,2.4842798709869385,-0.10546453297138214
0,task_1,73,18,2.643244743347168,-0.007569285575300455
0,task_1,73,19,2.8574366569519043,0.1244518831372261
0,task_1,73,20,3.0916287899017334,0.26824942231178284
0,task_1,73,21,3.315966844558716,0.4064818024635315
0,task_1,73,22,3.597766876220703,0.5798769593238831
0,task_1,73,23,3.899813413619995,0.7652187347412109
0,task_1,73,24,4.257366180419922,0.985985279083252
0,task_1,73,25,4.615532875061035,1.206886649131775
0,task_1,73,26,4.999571800231934,1.444225788116455
0,task_1,73,27,5.407968521118164,1.6963951587677002
0,task_1,73,28,5.880210876464844,1.98944091796875
0,task_1,73,29,6.930190563201904,2.6232492923736572
0,task_1,74,0,0.0,2.539351463317871
0,task_1,74,1,0.0010410547256469727,2.5050156116485596
0,task_1,74,2,0.0012506544589996338,2.4992024898529053
0,task_1,74,3,0.002084404230117798,2.4827678203582764
0,task_1,74,4,0.21721595525741577,-0.385628342628479
0,task_1,74,5,0.21721595525741577,-0.385628342628479
0,task_1,74,6,0.21721595525741577,-0.385628342628479
0,task_1,74,7,0.21721595525741577,-0.385628342628479
0,task_1,74,8,0.21721595525741577,-0.385628342628479
0,task_1,74,9,0.21721595525741577,-0.385628342628479
0,task_1,74,10,0.21721595525741577,-0.385628342628479
0,task_1,74,11,0.21721595525741577,-0.385628342628479
0,task_1,74,12,0.21721595525741577,-0.385628342628479
0,task_1,74,13,0.21721595525741577,-0.385628342628479
0,task_1,74,14,0.21721595525741577,-0.385628342628479
0,task_1,74,15,0.21721595525741577,-0.385628342628479
0,task_1,74,16,0.21721595525741577,-0.385628342628479
0,task_1,74,17,0.21721595525741577,-0.385628342628479
0,task_1,74,18,0.21721595525741577,-0.385628342628479
0,task_1,74,19,0.21721595525741577,-0.385628342628479
0,task_1,74,20,0.21721595525741577,-0.385628342628479
0,task_1,74,21,0.21721595525741577,-0.385628342628479
0,task_1,74,22,0.21721595525741577,-0.385628342628479
0,task_1,74,23,0.21721595525741577,-0.385628342628479
0,task_1,74,24,0.21721595525741577,-0.385628342628479
0,task_1,74,25,0.21721595525741577,-0.385628342628479
0,task_1,74,26,0.21721595525741577,-0.385628342628479
0,task_1,74,27,0.21721595525741577,-0.385628342628479
0,task_1,74,28,0.21721595525741577,-0.385628342628479
0,task_1,74,29,0.21721595525741577,-0.385628342628479
0,task_1,75,0,0.0016244500875473022,-0.7038789987564087
0,task_1,75,1,0.01076267659664154,-0.6928939819335938
0,task_1,75,2,0.015547230839729309,-0.6869504451751709
0,task_1,75,3,0.02162349224090576,-0.6784346103668213
0,task_1,75,4,0.026131674647331238,-0.6699936985969543
0,task_1,75,5,0.02915981411933899,-0.6653715372085571
0,task_1,75,6,0.03308546543121338,-0.657568633556366
0,task_1,75,7,0.03729066252708435,-0.649743378162384
0,task_1,75,8,0.04134303331375122,-0.6420912146568298
0,task_1,75,9,0.045675128698349,-0.6336452960968018
0,task_1,75,10,0.05003497004508972,-0.6254121661186218
0,task_1,75,11,0.05500862002372742,-0.6152375340461731
0,task_1,75,12,0.05881878733634949,-0.60721355676651
0,task_1,75,13,0.06513869762420654,-0.5942279100418091
0,task_1,75,14,0.0744042694568634,-0.5749931335449219
0,task_1,75,15,0.09246835112571716,-0.5346071720123291
0,task_1,75,16,0.12855899333953857,-0.45663881301879883
0,task_1,75,17,0.17269757390022278,-0.3641969561576843
0,task_1,75,18,0.22111648321151733,-0.26029130816459656
0,task_1,75,19,0.2817610204219818,-0.13402216136455536
0,task_1,75,20,0.35744237899780273,0.02032357081770897
0,task_1,75,21,0.44463539123535156,0.19661015272140503
0,task_1,75,22,0.5217107534408569,0.3555225729942322
0,task_1,75,23,0.6336308121681213,0.5837119221687317
0,task_1,75,24,0.7515031695365906,0.82318514585495
0,task_1,75,25,0.8790140748023987,1.0814412832260132
0,task_1,75,26,1.0250751972198486,1.3798507452011108
0,task_1,75,27,1.175752878189087,1.6875940561294556
0,task_1,75,28,1.3543500900268555,2.049067497253418
0,task_1,75,29,1.969551920890808,3.2701034545898438
0,task_1,76,0,0.0,-0.6227020621299744
0,task_1,76,1,0.0,-0.6227020621299744
0,task_1,76,2,0.0,-0.6227020621299744
0,task_1,76,3,0.0,-0.6227020621299744
0,task_1,76,4,0.0,-0.6227020621299744
0,task_1,76,5,0.0,-0.6227020621299744
0,task_1,76,6,0.0,-0.6227020621299744
0,task_1,76,7,0.0,-0.6227020621299744
0,task_1,76,8,0.0,-0.6227020621299744
0,task_1,76,9,0.0,-0.6227020621299744
0,task_1,76,10,0.0,-0.6227020621299744
0,task_1,76,11,0.0,-0.6227020621299744
0,task_1,76,12,0.0,-0.6227020621299744
0,task_1,76,13,0.0,-0.6227020621299744
0,task_1,76,14,0.0,-0.6227020621299744
0,task_1,76,15,0.0,-0.6227020621299744
0,task_1,76,16,0.0,-0.6227020621299744
0,task_1,76,17,0.0,-0.6227020621299744
0,task_1,76,18,0.03872355818748474,-0.4609186053276062
0,task_1,76,19,0.08700472116470337,-0.259268194437027
0,task_1,76,20,0.13033193349838257,-0.07766444981098175
0,task_1,76,21,0.1817251443862915,0.1378648579120636
0,task_1,76,22,0.24541985988616943,0.4070773124694824
0,task_1,76,23,0.31229907274246216,0.6887508034706116
0,task_1,76,24,0.3835095763206482,0.9888188242912292
0,task_1,76,25,0.4581202268600464,1.3032952547073364
0,task_1,76,26,0.5379254817962646,1.6395126581192017
0,task_1,76,27,0.6248733997344971,2.008735179901123
0,task_1,76,28,0.718374490737915,2.4162168502807617
0,task_1,76,29,0.8300759792327881,2.4162168502807617
0,task_1,77,0,0.3272997736930847,0.0
0,task_1,77,1,0.3272997736930847,0.0
0,task_1,77,2,0.3272997736930847,0.0
0,task_1,77,3,0.3272997736930847,0.0
0,task_1,77,4,0.3272997736930847,0.0
0,task_1,77,5,0.3272997736930847,0.0
0,task_1,77,6,0.3272997736930847,0.0
0,task_1,77,7,0.3272997736930847,0.0
0,task_1,77,8,0.3272997736930847,0.0
0,task_1,77,9,0.3272997736930847,0.0
0,task_1,77,10,0.3272997736930847,0.0
0,task_1,77,11,0.3272997736930847,0.0
0,task_1,77,12,0.3272997736930847,0.0
0,task_1,77,13,0.3272997736930847,0.0
0,task_1,77,14,0.3272997736930847,0.0
0,task_1,77,15,0.3272997736930847,0.0
0,task_1,77,16,0.3272997736930847,0.0
0,task_1,77,17,0.3272997736930847,0.0
0,task_1,77,18,0.3272997736930847,0.0
0,task_1,77,19,0.3272997736930847,0.0
0,task_1,77,20,0.3272997736930847,0.0
0,task_1,77,21,0.3272997736930847,0.0
0,task_1,77,22,0.3272997736930847,0.0
0,task_1,77,23,0.3272997736930847,0.0
0,task_1,77,24,0.3272997736930847,0.0
0,task_1,77,25,0.3272997736930847,0.0
0,task_1,77,26,0.3272997736930847,0.0
0,task_1,77,27,0.3272997736930847,0.0
0,task_1,77,28,0.3272997736930847,0.0
0,task_1,77,29,0.3272997736930847,0.0
0,task_1,78,0,0.0,-0.11368683725595474
0,task_1,78,1,0.0,-0.11368683725595474
0,task_1,78,2,0.0,-0.11368683725595474
0,task_1,78,3,0.0,-0.11368683725595474
0,task_1,78,4,0.0,-0.11368683725595474
0,task_1,78,5,0.0,-0.11368683725595474
0,task_1,78,6,0.0,-0.11368683725595474
0,task_1,78,7,0.0,-0.11368683725595474
0,task_1,78,8,0.0,-0.11368683725595474
0,task_1,78,9,0.0,-0.11368683725595474
0,task_1,78,10,0.0,-0.11368683725595474
0,task_1,78,11,0.0,-0.11368683725595474
0,task_1,78,12,0.0,-0.11368683725595474
0,task_1,78,13,0.0,-0.11368683725595474
0,task_1,78,14,0.022732097655534744,-0.11368683725595474
0,task_1,78,15,0.05448669567704201,-0.11368683725595474
0,task_1,78,16,0.08978521078824997,-0.11368683725595474
0,task_1,78,17,0.108517125248909,-0.11368683725595474
0,task_1,78,18,0.13284000754356384,-0.11368683725595474
0,task_1,78,19,0.15121787786483765,-0.11368683725595474
0,task_1,78,20,0.1659582406282425,-0.11368683725595474
0,task_1,78,21,0.17492558062076569,-0.11368683725595474
0,task_1,78,22,0.18278925120830536,-0.11368683725595474
0,task_1,78,23,0.1928071677684784,-0.11368683725595474
0,task_1,78,24,0.20048357546329498,-0.11368683725595474
0,task_1,78,25,0.20856210589408875,-0.11368683725595474
0,task_1,78,26,0.21290916204452515,-0.11368683725595474
0,task_1,78,27,0.22119231522083282,-0.11368683725595474
0,task_1,78,28,0.2325368970632553,-0.11368683725595474
0,task_1,78,29,0.28357645869255066,-0.11368683725595474
0,task_1,79,0,0.0,-0.8583002686500549
0,task_1,79,1,0.0,-0.8583002686500549
0,task_1,79,2,0.0,-0.8583002686500549
0,task_1,79,3,0.0,-0.8583002686500549
0,task_1,79,4,0.0,-0.8583002686500549
0,task_1,79,5,0.010478571057319641,-0.8422040343284607
0,task_1,79,6,0.02387605607509613,-0.8227019906044006
0,task_1,79,7,0.04196508228778839,-0.7973597049713135
0,task_1,79,8,0.06870274245738983,-0.760913074016571
0,task_1,79,9,0.08894932270050049,-0.7341706156730652
0,task_1,79,10,0.12044081091880798,-0.6940628886222839
0,task_1,79,11,0.15561524033546448,-0.6492717862129211
0,task_1,79,12,0.20155522227287292,-0.5907333493232727
0,task_1,79,13,0.25126662850379944,-0.5288909077644348
0,task_1,79,14,0.30138105154037476,-0.4666115939617157
0,task_1,79,15,0.36141690611839294,-0.3917692005634308
0,task_1,79,16,0.44024619460105896,-0.2940957546234131
0,task_1,79,17,0.5212680101394653,-0.1928393393754959
0,task_1,79,18,0.6148585081100464,-0.07564728707075119
0,task_1,79,19,0.7178466320037842,0.0534186065196991
0,task_1,79,20,0.8485305309295654,0.2164357304573059
0,task_1,79,21,0.9696658849716187,0.3681221008300781
0,task_1,79,22,1.1121546030044556,0.546596109867096
0,task_1,79,23,1.2867125272750854,0.7658655643463135
0,task_1,79,24,1.4606000185012817,0.9843977689743042
0,task_1,79,25,1.6485555171966553,1.2219094038009644
0,task_1,79,26,1.861832857131958,1.4905126094818115
0,task_1,79,27,2.0852389335632324,1.773079514503479
0,task_1,79,28,2.3354430198669434,2.0892832279205322
0,task_1,79,29,2.7779290676116943,2.623152017593384
0,task_1,80,0,0.48916149139404297,58.20766067504883
0,task_1,80,1,0.48916149139404297,58.20766067504883
0,task_1,80,2,0.48916149139404297,58.20766067504883
0,task_1,80,3,0.48916149139404297,58.20766067504883
0,task_1,80,4,0.48916149139404297,58.20766067504883
0,task_1,80,5,0.48916149139404297,58.20766067504883
0,task_1,80,6,0.48916149139404297,58.20766067504883
0,task_1,80,7,0.48916149139404297,58.20766067504883
0,task_1,80,8,0.48916149139404297,58.20766067504883
0,task_1,80,9,0.48916149139404297,58.20766067504883
0,task_1,80,10,0.48916149139404297,58.20766067504883
0,task_1,80,11,0.48916149139404297,58.20766067504883
0,task_1,80,12,0.48916149139404297,58.20766067504883
0,task_1,80,13,0.48916149139404297,58.20766067504883
0,task_1,80,14,0.48916149139404297,58.20766067504883
0,task_1,80,15,0.48916149139404297,58.20766067504883
0,task_1,80,16,0.48916149139404297,58.20766067504883
0,task_1,80,17,0.48916149139404297,58.20766067504883
0,task_1,80,18,0.48916149139404297,58.20766067504883
0,task_1,80,19,0.48916149139404297,58.20766067504883
0,task_1,80,20,0.48916149139404297,58.20766067504883
0,task_1,80,21,0.48916149139404297,58.20766067504883
0,task_1,80,22,0.48916149139404297,58.20766067504883
0,task_1,80,23,0.48916149139404297,58.20766067504883
0,task_1,80,24,0.48916149139404297,58.20766067504883
0,task_1,80,25,0.48916149139404297,58.20766067504883
0,task_1,80,26,0.48916149139404297,58.20766067504883
0,task_1,80,27,0.48916149139404297,58.20766067504883
0,task_1,80,28,0.48916149139404297,58.20766067504883
0,task_1,80,29,0.48916149139404297,58.20766067504883
0,task_1,81,0,0.0,-0.4114696681499481
0,task_1,81,1,0.0,-0.4114696681499481
0,task_1,81,2,0.0,-0.4114696681499481
0,task_1,81,3,0.0,-0.4114696681499481
0,task_1,81,4,0.0,-0.4114696681499481
0,task_1,81,5,0.0,-0.4114696681499481
0,task_1,81,6,0.0,-0.4114696681499481
0,task_1,81,7,0.0,-0.4114696681499481
0,task_1,81,8,0.0,-0.4114696681499481
0,task_1,81,9,0.0,-0.4114696681499481
0,task_1,81,10,0.0,-0.4114696681499481
0,task_1,81,11,0.0,-0.4114696681499481
0,task_1,81,12,0.0,-0.4114696681499481
0,task_1,81,13,0.0,-0.4114696681499481
0,task_1,81,14,0.0,-0.4114696681499481
0,task_1,81,15,0.0,-0.4114696681499481
0,task_1,81,16,0.0,-0.4114696681499481
0,task_1,81,17,0.008379161357879639,-0.3162645697593689
0,task_1,81,18,0.021187394857406616,-0.1780722290277481
0,task_1,81,19,0.0314139723777771,-0.061205606907606125
0,task_1,81,20,0.04224851727485657,0.05285947769880295
0,task_1,81,21,0.05115821957588196,0.14245688915252686
0,task_1,81,22,0.056688904762268066,0.19882553815841675
0,task_1,81,23,0.06059017777442932,0.24129809439182281
0,task_1,81,24,0.0643070638179779,0.28921058773994446
0,task_1,81,25,0.06855851411819458,0.338493674993515
0,task_1,81,26,0.07220327854156494,0.38611292839050293
0,task_1,81,27,0.07566732168197632,0.4208296239376068
0,task_1,81,28,0.0798744261264801,0.4682765603065491
0,task_1,81,29,0.4900011420249939,5.012162208557129
0,task_1,82,0,0.0,2.254803419113159
0,task_1,82,1,0.029534459114074707,2.0710060596466064
0,task_1,82,2,0.06609337031841278,1.8409074544906616
0,task_1,82,3,0.10344091802835464,1.5985270738601685
0,task_1,82,4,0.1446690708398819,1.3465932607650757
0,task_1,82,5,0.18583227694034576,1.108389139175415
0,task_1,82,6,0.2176269292831421,0.9202251434326172
0,task_1,82,7,0.2548586130142212,0.6958752274513245
0,task_1,82,8,0.29043129086494446,0.468330442905426
0,task_1,82,9,0.3157452344894409,0.30947431921958923
0,task_1,82,10,0.34242433309555054,0.12258350104093552
0,task_1,82,11,0.3754497766494751,-0.13398954272270203
0,task_1,82,12,0.3987170457839966,-0.37236863374710083
0,task_1,82,13,0.42180192470550537,-0.5770094990730286
0,task_1,82,14,0.44489172101020813,-0.700283944606781
0,task_1,82,15,0.46573689579963684,-0.7227597236633301
0,task_1,82,16,0.48287054896354675,-0.7247681617736816
0,task_1,82,17,0.5014870166778564,-0.7275176048278809
0,task_1,82,18,0.5140296220779419,-0.7260751128196716
0,task_1,82,19,0.5244705677032471,-0.7240760922431946
0,task_1,82,20,0.530957043170929,-0.7263734936714172
0,task_1,82,21,0.5367641448974609,-0.7278379201889038
0,task_1,82,22,0.5416898727416992,-0.7266181707382202
0,task_1,82,23,0.5462853312492371,-0.72584468126297
0,task_1,82,24,0.5499461889266968,-0.727277934551239
0,task_1,82,25,0.554062008857727,-0.729387640953064
0,task_1,82,26,0.5585290789604187,-0.7306705117225647
0,task_1,82,27,0.5630180835723877,-0.7320770025253296
0,task_1,82,28,0.5707541704177856,-0.734356701374054
0,task_1,82,29,0.6728816032409668,-0.7674211859703064
0,task_1,83,0,0.3374592959880829,-116.41532135009766
0,task_1,83,1,0.3374592959880829,-116.41532135009766
0,task_1,83,2,0.3374592959880829,-116.41532135009766
0,task_1,83,3,0.3374592959880829,-116.41532135009766
0,task_1,83,4,0.3374592959880829,-116.41532135009766
0,task_1,83,5,0.3374592959880829,-116.41532135009766
0,task_1,83,6,0.3374592959880829,-116.41532135009766
0,task_1,83,7,0.3374592959880829,-116.41532135009766
0,task_1,83,8,0.3374592959880829,-116.41532135009766
0,task_1,83,9,0.3374592959880829,-116.41532135009766
0,task_1,83,10,0.3374592959880829,-116.41532135009766
0,task_1,83,11,0.3374592959880829,-116.41532135009766
0,task_1,83,12,0.3374592959880829,-116.41532135009766
0,task_1,83,13,0.3374592959880829,-116.41532135009766
0,task_1,83,14,0.3374592959880829,-116.41532135009766
0,task_1,83,15,0.3374592959880829,-116.41532135009766
0,task_1,83,16,0.3374592959880829,-116.41532135009766
0,task_1,83,17,0.3374592959880829,-116.41532135009766
0,task_1,83,18,0.3374592959880829,-116.41532135009766
0,task_1,83,19,0.3374592959880829,-116.41532135009766
0,task_1,83,20,0.3374592959880829,-116.41532135009766
0,task_1,83,21,0.3374592959880829,-116.41532135009766
0,task_1,83,22,0.3374592959880829,-116.41532135009766
0,task_1,83,23,0.3374592959880829,-116.41532135009766
0,task_1,83,24,0.3374592959880829,-116.41532135009766
0,task_1,83,25,0.3374592959880829,-116.41532135009766
0,task_1,83,26,0.3374592959880829,-116.41532135009766
0,task_1,83,27,0.3374592959880829,-116.41532135009766
0,task_1,83,28,0.3374592959880829,-116.41532135009766
0,task_1,83,29,0.3374592959880829,-116.41532135009766
0,task_1,84,0,2.311248302459717,0.0
0,task_1,84,1,2.311248302459717,0.0
0,task_1,84,2,2.311248302459717,0.0
0,task_1,84,3,2.311248302459717,0.0
0,task_1,84,4,2.311248302459717,0.0
0,task_1,84,5,2.311248302459717,0.0
0,task_1,84,6,2.311248302459717,0.0
0,task_1,84,7,2.311248302459717,0.0
0,task_1,84,8,2.311248302459717,0.0
0,task_1,84,9,2.311248302459717,0.0
0,task_1,84,10,2.311248302459717,0.0
0,task_1,84,11,2.311248302459717,0.0
0,task_1,84,12,2.311248302459717,0.0
0,task_1,84,13,2.311248302459717,0.0
0,task_1,84,14,2.311248302459717,0.0
0,task_1,84,15,2.311248302459717,0.0
0,task_1,84,16,2.311248302459717,0.0
0,task_1,84,17,2.311248302459717,0.0
0,task_1,84,18,2.311248302459717,0.0
0,task_1,84,19,2.311248302459717,0.0
0,task_1,84,20,2.311248302459717,0.0
0,task_1,84,21,2.311248302459717,0.0
0,task_1,84,22,2.311248302459717,0.0
0,task_1,84,23,2.311248302459717,0.0
0,task_1,84,24,2.311248302459717,0.0
0,task_1,84,25,2.311248302459717,0.0
0,task_1,84,26,2.311248302459717,0.0
0,task_1,84,27,2.311248302459717,0.0
0,task_1,84,28,2.311248302459717,0.0
0,task_1,84,29,2.311248302459717,0.0
0,task_1,85,0,0.41303038597106934,-1.020601749420166
0,task_1,85,1,0.44898363947868347,-0.9679266214370728
0,task_1,85,2,0.48128172755241394,-0.9234547019004822
0,task_1,85,3,0.5175931453704834,-0.8746428489685059
0,task_1,85,4,0.5489715337753296,-0.8323376774787903
0,task_1,85,5,0.5765470266342163,-0.7998195290565491
0,task_1,85,6,0.6041024923324585,-0.7773217558860779
0,task_1,85,7,0.6362950801849365,-0.7495154142379761
0,task_1,85,8,0.665065586566925,-0.7172671556472778
0,task_1,85,9,0.6940761804580688,-0.6815714240074158
0,task_1,85,10,0.7298803329467773,-0.6354196667671204
0,task_1,85,11,0.7649089097976685,-0.5869140625
0,task_1,85,12,0.8010176420211792,-0.5363721251487732
0,task_1,85,13,0.8435704708099365,-0.4739105701446533
0,task_1,85,14,0.8814601898193359,-0.41185829043388367
0,task_1,85,15,0.9234546422958374,-0.33945611119270325
0,task_1,85,16,0.9719833135604858,-0.25595298409461975
0,task_1,85,17,1.0278270244598389,-0.15917976200580597
0,task_1,85,18,1.0761903524398804,-0.07056019455194473
0,task_1,85,19,1.144313097000122,0.06534991413354874
0,task_1,85,20,1.2167906761169434,0.224612757563591
0,task_1,85,21,1.2849935293197632,0.37443050742149353
0,task_1,85,22,1.349835753440857,0.5157655477523804
0,task_1,85,23,1.4482842683792114,0.7293182611465454
0,task_1,85,24,1.5324491262435913,0.9132423996925354
0,task_1,85,25,1.6230725049972534,1.1102983951568604
0,task_1,85,26,1.7411963939666748,1.3675978183746338
0,task_1,85,27,1.8451470136642456,1.5931137800216675
0,task_1,85,28,1.9699279069900513,1.8634614944458008
0,task_1,85,29,2.5288782119750977,3.056889772415161
0,task_1,86,0,1.4013874530792236,1862.6451416015625
0,task_1,86,1,1.4013874530792236,1862.6451416015625
0,task_1,86,2,1.4013874530792236,1862.6451416015625
0,task_1,86,3,1.4013874530792236,1862.6451416015625
0,task_1,86,4,1.4013874530792236,1862.6451416015625
0,task_1,86,5,1.4013874530792236,1862.6451416015625
0,task_1,86,6,1.4013874530792236,1862.6451416015625
0,task_1,86,7,1.4013874530792236,1862.6451416015625
0,task_1,86,8,1.4013874530792236,1862.6451416015625
0,task_1,86,9,1.4013874530792236,1862.6451416015625
0,task_1,86,10,1.4013874530792236,1862.6451416015625
0,task_1,86,11,1.4013874530792236,1862.6451416015625
0,task_1,86,12,1.4013874530792236,1862.6451416015625
0,task_1,86,13,1.4013874530792236,1862.6451416015625
0,task_1,86,14,1.4013874530792236,1862.6451416015625
0,task_1,86,15,1.4013874530792236,1862.6451416015625
0,task_1,86,16,1.4013874530792236,1862.6451416015625
0,task_1,86,17,1.4013874530792236,1862.6451416015625
0,task_1,86,18,1.4013874530792236,1862.6451416015625
0,task_1,86,19,1.4013874530792236,1862.6451416015625
0,task_1,86,20,1.4013874530792236,1862.6451416015625
0,task_1,86,21,1.4013874530792236,1862.6451416015625
0,task_1,86,22,1.4013874530792236,1862.6451416015625
0,task_1,86,23,1.4013874530792236,1862.6451416015625
0,task_1,86,24,1.4013874530792236,1862.6451416015625
0,task_1,86,25,1.4013874530792236,1862.6451416015625
0,task_1,86,26,1.4013874530792236,1862.6451416015625
0,task_1,86,27,1.4013874530792236,1862.6451416015625
0,task_1,86,28,1.4013874530792236,1862.6451416015625
0,task_1,86,29,1.4013874530792236,1862.6451416015625
0,task_1,87,0,0.0,-0.5406033396720886
0,task_1,87,1,0.0,-0.5406033396720886
0,task_1,87,2,0.0,-0.5406033396720886
0,task_1,87,3,0.0,-0.5406033396720886
0,task_1,87,4,0.0,-0.5406033396720886
0,task_1,87,5,0.0,-0.5406033396720886
0,task_1,87,6,0.0,-0.5406033396720886
0,task_1,87,7,0.0,-0.5406033396720886
0,task_1,87,8,0.0,-0.5406033396720886
0,task_1,87,9,0.0,-0.5406033396720886
0,task_1,87,10,0.0,-0.5406033396720886
0,task_1,87,11,0.0,-0.5406033396720886
0,task_1,87,12,0.0,-0.5406033396720886
0,task_1,87,13,0.0,-0.5406033396720886
0,task_1,87,14,0.0,-0.5406033396720886
0,task_1,87,15,0.0,-0.5406033396720886
0,task_1,87,16,0.0,-0.5406033396720886
0,task_1,87,17,0.0,-0.5406033396720886
0,task_1,87,18,0.0,-0.5406033396720886
0,task_1,87,19,0.013191059231758118,-0.4923330545425415
0,task_1,87,20,0.07869471609592438,-0.26138728857040405
0,task_1,87,21,0.13807448744773865,-0.05513697862625122
0,task_1,87,22,0.19960492849349976,0.15993593633174896
0,task_1,87,23,0.27558204531669617,0.4265653192996979
0,task_1,87,24,0.36337870359420776,0.7341871857643127
0,task_1,87,25,0.4481375813484192,1.0325512886047363
0,task_1,87,26,0.5569545030593872,1.4123791456222534
0,task_1,87,27,0.6501613855361938,1.7417023181915283
0,task_1,87,28,0.7714715003967285,2.168748140335083
0,task_1,87,29,1.127808928489685,3.404249429702759
0,task_1,88,0,0.0,0.2514777183532715
0,task_1,88,1,0.0,0.2514777183532715
0,task_1,88,2,0.0,0.2514777183532715
0,task_1,88,3,0.0,0.2514777183532715
0,task_1,88,4,0.0,0.2514777183532715
0,task_1,88,5,0.0,0.2514777183532715
0,task_1,88,6,0.0,0.2514777183532715
0,task_1,88,7,0.0,0.2514777183532715
0,task_1,88,8,0.0,0.2514777183532715
0,task_1,88,9,0.0,0.2514777183532715
0,task_1,88,10,0.0,0.2514777183532715
0,task_1,88,11,0.0,0.2514777183532715
0,task_1,88,12,0.0,0.2514777183532715
0,task_1,88,13,0.0,0.2514777183532715
0,task_1,88,14,0.0,0.2514777183532715
0,task_1,88,15,0.0,0.2514777183532715
0,task_1,88,16,0.0,0.2514777183532715
0,task_1,88,17,0.0,0.2514777183532715
0,task_1,88,18,0.0,0.2514777183532715
0,task_1,88,19,0.0,0.2514777183532715
0,task_1,88,20,0.0,0.2514777183532715
0,task_1,88,21,0.0,0.2514777183532715
0,task_1,88,22,0.0,0.2514777183532715
0,task_1,88,23,0.0,0.2514777183532715
0,task_1,88,24,0.0,0.2514777183532715
0,task_1,88,25,0.0,0.2514777183532715
0,task_1,88,26,0.0,0.2514777183532715
0,task_1,88,27,0.01986493170261383,-0.4545324444770813
0,task_1,88,28,0.04142657667398453,-1.294521689414978
0,task_1,88,29,0.2775743007659912,-5.040843486785889
0,task_1,89,0,0.0,0.9525299668312073
0,task_1,89,1,0.0,0.9525299668312073
0,task_1,89,2,0.0,0.9525299668312073
0,task_1,89,3,0.0,0.9525299668312073
0,task_1,89,4,0.0,0.9525299668312073
0,task_1,89,5,0.0,0.9525299668312073
0,task_1,89,6,0.0,0.9525299668312073
0,task_1,89,7,0.0,0.9525299668312073
0,task_1,89,8,0.0,0.9525299668312073
0,task_1,89,9,0.0,0.9525299668312073
0,task_1,89,10,0.0,0.9525299668312073
0,task_1,89,11,0.0,0.9525299668312073
0,task_1,89,12,0.010012328624725342,0.9029940366744995
0,task_1,89,13,0.07072141766548157,0.6183728575706482
0,task_1,89,14,0.12495703995227814,0.3571646511554718
0,task_1,89,15,0.16130325198173523,0.1834385246038437
0,task_1,89,16,0.20983749628067017,-0.04859010875225067
0,task_1,89,17,0.2480955868959427,-0.22992509603500366
0,task_1,89,18,0.29018065333366394,-0.4284892678260803
0,task_1,89,19,0.31782102584838867,-0.5576595664024353
0,task_1,89,20,0.3494308590888977,-0.6998767852783203
0,task_1,89,21,0.37473687529563904,-0.8209065794944763
0,task_1,89,22,0.4007047116756439,-0.9585415124893188
0,task_1,89,23,0.41965776681900024,-1.0702614784240723
0,task_1,89,24,0.43430089950561523,-1.1618717908859253
0,task_1,89,25,0.45013582706451416,-1.2612061500549316
0,task_1,89,26,0.46409061551094055,-1.34886634349823
0,task_1,89,27,0.4785213768482208,-1.427516222000122
0,task_1,89,28,0.49462512135505676,-1.4870988130569458
0,task_1,89,29,0.9888675808906555,-1.991520643234253
0,task_1,90,0,2.1985154151916504,3725.290283203125
0,task_1,90,1,2.1985154151916504,3725.290283203125
0,task_1,90,2,2.1985154151916504,3725.290283203125
0,task_1,90,3,2.1985154151916504,3725.290283203125
0,task_1,90,4,2.1985154151916504,3725.290283203125
0,task_1,90,5,2.1985154151916504,3725.290283203125
0,task_1,90,6,2.1985154151916504,3725.290283203125
0,task_1,90,7,2.1985154151916504,3725.290283203125
0,task_1,90,8,2.1985154151916504,3725.290283203125
0,task_1,90,9,2.1985154151916504,3725.290283203125
0,task_1,90,10,2.1985154151916504,3725.290283203125
0,task_1,90,11,2.1985154151916504,3725.290283203125
0,task_1,90,12,2.1985154151916504,3725.290283203125
0,task_1,90,13,2.1985154151916504,3725.290283203125
0,task_1,90,14,2.1985154151916504,3725.290283203125
0,task_1,90,15,2.1985154151916504,3725.290283203125
0,task_1,90,16,2.1985154151916504,3725.290283203125
0,task_1,90,17,2.1985154151916504,3725.290283203125
0,task_1,90,18,2.1985154151916504,3725.290283203125
0,task_1,90,19,2.1985154151916504,3725.290283203125
0,task_1,90,20,2.1985154151916504,3725.290283203125
0,task_1,90,21,2.1985154151916504,3725.290283203125
0,task_1,90,22,2.1985154151916504,3725.290283203125
0,task_1,90,23,2.1985154151916504,3725.290283203125
0,task_1,90,24,2.1985154151916504,3725.290283203125
0,task_1,90,25,2.1985154151916504,3725.290283203125
0,task_1,90,26,2.1985154151916504,3725.290283203125
0,task_1,90,27,2.1985154151916504,3725.290283203125
0,task_1,90,28,2.1985154151916504,3725.290283203125
0,task_1,90,29,2.1985154151916504,3725.290283203125
0,task_1,91,0,0.2873057425022125,-0.9773743152618408
0,task_1,91,1,0.3420703113079071,-0.9470687508583069
0,task_1,91,2,0.3851352632045746,-0.9228832125663757
0,task_1,91,3,0.4335174858570099,-0.8962517976760864
0,task_1,91,4,0.4840826392173767,-0.8649720549583435
0,task_1,91,5,0.5207628607749939,-0.8415812253952026
0,task_1,91,6,0.5581176280975342,-0.8174636960029602
0,task_1,91,7,0.608295202255249,-0.784021258354187
0,task_1,91,8,0.6584972143173218,-0.7503892779350281
0,task_1,91,9,0.7148131132125854,-0.7126842737197876
0,task_1,91,10,0.7778536081314087,-0.6704630255699158
0,task_1,91,11,0.8450292944908142,-0.6251031160354614
0,task_1,91,12,0.9360239505767822,-0.5633832216262817
0,task_1,91,13,1.0281322002410889,-0.5012543201446533
0,task_1,91,14,1.1140226125717163,-0.44347572326660156
0,task_1,91,15,1.2177987098693848,-0.37404194474220276
0,task_1,91,16,1.363915205001831,-0.2748434841632843
0,task_1,91,17,1.5152841806411743,-0.16859178245067596
0,task_1,91,18,1.6651986837387085,-0.0597890205681324
0,task_1,91,19,1.8666653633117676,0.08652327954769135
0,task_1,91,20,2.086369752883911,0.24660342931747437
0,task_1,91,21,2.2903692722320557,0.3953860104084015
0,task_1,91,22,2.522141695022583,0.5643451809883118
0,task_1,91,23,2.830573081970215,0.7893350720405579
0,task_1,91,24,3.125321865081787,1.0036165714263916
0,task_1,91,25,3.4252703189849854,1.2220182418823242
0,task_1,91,26,3.8130626678466797,1.5046658515930176
0,task_1,91,27,4.165744781494141,1.7610039710998535
0,task_1,91,28,4.591572284698486,2.070822238922119
0,task_1,91,29,5.26971960067749,2.5513131618499756
0,task_1,92,0,0.0,-0.6600777506828308
0,task_1,92,1,0.0,-0.6600777506828308
0,task_1,92,2,0.0,-0.6600777506828308
0,task_1,92,3,0.0,-0.6600777506828308
0,task_1,92,4,0.0,-0.6600777506828308
0,task_1,92,5,0.0,-0.6600777506828308
0,task_1,92,6,0.0,-0.6600777506828308
0,task_1,92,7,0.0,-0.6600777506828308
0,task_1,92,8,0.0,-0.6600777506828308
0,task_1,92,9,0.0,-0.6600777506828308
0,task_1,92,10,0.0,-0.6600777506828308
0,task_1,92,11,0.0,-0.6600777506828308
0,task_1,92,12,0.0,-0.6600777506828308
0,task_1,92,13,0.0,-0.6600777506828308
0,task_1,92,14,0.0,-0.6600777506828308
0,task_1,92,15,0.0,-0.6600777506828308
0,task_1,92,16,0.0,-0.6600777506828308
0,task_1,92,17,0.006159693002700806,-0.6387372016906738
0,task_1,92,18,0.04953038692474365,-0.4746868908405304
0,task_1,92,19,0.11578643321990967,-0.22021842002868652
0,task_1,92,20,0.18119731545448303,0.030616512522101402
0,task_1,92,21,0.2549826204776764,0.3098040223121643
0,task_1,92,22,0.32264646887779236,0.5631179213523865
0,task_1,92,23,0.4139604866504669,0.9191202521324158
0,task_1,92,24,0.5119765996932983,1.2720335721969604
0,task_1,92,25,0.6001070737838745,1.5633858442306519
0,task_1,92,26,0.7241034507751465,1.9742214679718018
0,task_1,92,27,0.8261593580245972,1.9742214679718018
0,task_1,92,28,0.9529709815979004,1.9742214679718018
0,task_1,92,29,1.1102782487869263,1.9742214679718018
0,task_1,93,0,0.24425305426120758,-0.6774498224258423
0,task_1,93,1,0.25097429752349854,-0.6651743650436401
0,task_1,93,2,0.2568745017051697,-0.6547846794128418
0,task_1,93,3,0.2613207697868347,-0.6459939479827881
0,task_1,93,4,0.26525115966796875,-0.6382232308387756
0,task_1,93,5,0.26900821924209595,-0.6306204795837402
0,task_1,93,6,0.2730361819267273,-0.6224486231803894
0,task_1,93,7,0.2759018540382385,-0.6164153218269348
0,task_1,93,8,0.2793378233909607,-0.6092830300331116
0,task_1,93,9,0.2837463617324829,-0.6000771522521973
0,task_1,93,10,0.28864341974258423,-0.5892755389213562
0,task_1,93,11,0.2922492027282715,-0.5815697312355042
0,task_1,93,12,0.2956782579421997,-0.5741891860961914
0,task_1,93,13,0.29998213052749634,-0.5648272037506104
0,task_1,93,14,0.3058667778968811,-0.5519450902938843
0,task_1,93,15,0.31661951541900635,-0.5283496379852295
0,task_1,93,16,0.3455735445022583,-0.4654436409473419
0,task_1,93,17,0.3759586215019226,-0.40049314498901367
0,task_1,93,18,0.4254785180091858,-0.2950582206249237
0,task_1,93,19,0.48594915866851807,-0.16634684801101685
0,task_1,93,20,0.5403985977172852,-0.04787207767367363
0,task_1,93,21,0.6127914786338806,0.11037097871303558
0,task_1,93,22,0.702407956123352,0.30708542466163635
0,task_1,93,23,0.8008967638015747,0.5219122767448425
0,task_1,93,24,0.904991865158081,0.7512432336807251
0,task_1,93,25,1.0246564149856567,1.012843132019043
0,task_1,93,26,1.154213547706604,1.299246072769165
0,task_1,93,27,1.3028244972229004,1.6273291110992432
0,task_1,93,28,1.469900131225586,1.9964195489883423
0,task_1,93,29,2.1791439056396484,3.499392032623291
0,task_1,94,0,0.0,0.38351643085479736
0,task_1,94,1,0.0,0.38351643085479736
0,task_1,94,2,0.0,0.38351643085479736
0,task_1,94,3,0.0,0.38351643085479736
0,task_1,94,4,0.0,0.38351643085479736
0,task_1,94,5,0.0,0.38351643085479736
0,task_1,94,6,0.0,0.38351643085479736
0,task_1,94,7,0.0,0.38351643085479736
0,task_1,94,8,0.0,0.38351643085479736
0,task_1,94,9,0.0,0.38351643085479736
0,task_1,94,10,0.0,0.38351643085479736
0,task_1,94,11,0.0,0.38351643085479736
0,task_1,94,12,0.0,0.38351643085479736
0,task_1,94,13,0.0,0.38351643085479736
0,task_1,94,14,0.0,0.38351643085479736
0,task_1,94,15,0.0,0.38351643085479736
0,task_1,94,16,0.0,0.38351643085479736
0,task_1,94,17,0.0,0.38351643085479736
0,task_1,94,18,0.0,0.38351643085479736
0,task_1,94,19,0.0,0.38351643085479736
0,task_1,94,20,0.0,0.38351643085479736
0,task_1,94,21,0.0,0.38351643085479736
0,task_1,94,22,0.0,0.38351643085479736
0,task_1,94,23,0.03942696005105972,0.08113587647676468
0,task_1,94,24,0.07483144104480743,-0.176832377910614
0,task_1,94,25,0.12502141296863556,-0.5798299312591553
0,task_1,94,26,0.15784212946891785,-0.8524233102798462
0,task_1,94,27,0.19974325597286224,-1.2074682712554932
0,task_1,94,28,0.23484058678150177,-1.5357497930526733
0,task_1,94,29,0.8617544174194336,-4.549709796905518
0,task_1,95,0,7.946789264678955e-05,-0.6444234848022461
0,task_1,95,1,0.00497853010892868,-0.6167861819267273
0,task_1,95,2,0.007967449724674225,-0.5976771116256714
0,task_1,95,3,0.011652618646621704,-0.573943555355072
0,task_1,95,4,0.013973329216241837,-0.5554473400115967
0,task_1,95,5,0.016425248235464096,-0.5371271371841431
0,task_1,95,6,0.018357254564762115,-0.5223218202590942
0,task_1,95,7,0.02018895000219345,-0.5077154636383057
0,task_1,95,8,0.022398460656404495,-0.49198946356773376
0,task_1,95,9,0.024400565773248672,-0.47873231768608093
0,task_1,95,10,0.026270773261785507,-0.46431198716163635
0,task_1,95,11,0.02811954915523529,-0.4510880410671234
0,task_1,95,12,0.030351731926202774,-0.4367949068546295
0,task_1,95,13,0.032867807894945145,-0.41769319772720337
0,task_1,95,14,0.035419076681137085,-0.3982293903827667
0,task_1,95,15,0.03839849680662155,-0.3756222426891327
0,task_1,95,16,0.04198078066110611,-0.347668319940567
0,task_1,95,17,0.047174423933029175,-0.3103320896625519
0,task_1,95,18,0.053727783262729645,-0.26250511407852173
0,task_1,95,19,0.06471039354801178,-0.18825285136699677
0,task_1,95,20,0.08524444699287415,-0.05657879635691643
0,task_1,95,21,0.09710286557674408,0.016033198684453964
0,task_1,95,22,0.11587144434452057,0.13385528326034546
0,task_1,95,23,0.14322294294834137,0.30102434754371643
0,task_1,95,24,0.16900745034217834,0.4610000550746918
0,task_1,95,25,0.19466979801654816,0.6214820742607117
0,task_1,95,26,0.23190000653266907,0.8503336906433105
0,task_1,95,27,0.26582396030426025,1.053909182548523
0,task_1,95,28,0.305045485496521,1.2921562194824219
0,task_1,95,29,0.8475835919380188,4.505447864532471
0,task_1,96,0,0.15471422672271729,-1.1038297414779663
0,task_1,96,1,0.19647660851478577,-1.0369970798492432
0,task_1,96,2,0.23073387145996094,-0.9831210374832153
0,task_1,96,3,0.2653930187225342,-0.9296938180923462
0,task_1,96,4,0.3024107813835144,-0.8752843141555786
0,task_1,96,5,0.32667994499206543,-0.8423275351524353
0,task_1,96,6,0.3596658706665039,-0.7948408126831055
0,task_1,96,7,0.38774430751800537,-0.7581450939178467
0,task_1,96,8,0.4219117760658264,-0.7148506045341492
0,task_1,96,9,0.4551743268966675,-0.6738849878311157
0,task_1,96,10,0.4939148426055908,-0.6268928050994873
0,task_1,96,11,0.5299760103225708,-0.5810965895652771
0,task_1,96,12,0.5781666040420532,-0.5211406350135803
0,task_1,96,13,0.6283426880836487,-0.45902904868125916
0,task_1,96,14,0.6816678047180176,-0.3913330137729645
0,task_1,96,15,0.7331408262252808,-0.32686686515808105
0,task_1,96,16,0.814194917678833,-0.22712719440460205
0,task_1,96,17,0.8916125297546387,-0.1298627257347107
0,task_1,96,18,0.9734771251678467,-0.025919776409864426
0,task_1,96,19,1.071028232574463,0.1002388447523117
0,task_1,96,20,1.1884605884552002,0.2524046003818512
0,task_1,96,21,1.2933675050735474,0.3870714604854584
0,task_1,96,22,1.4256147146224976,0.5567894577980042
0,task_1,96,23,1.5798922777175903,0.7574846744537354
0,task_1,96,24,1.7436113357543945,0.9672409296035767
0,task_1,96,25,1.906666874885559,1.1779563426971436
0,task_1,96,26,2.0928049087524414,1.4161531925201416
0,task_1,96,27,2.2870774269104004,1.6635429859161377
0,task_1,96,28,2.5153346061706543,1.9570035934448242
0,task_1,96,29,3.163381576538086,2.7663516998291016
0,task_1,97,0,0.13589128851890564,-1.5813031196594238
0,task_1,97,1,0.1547653079032898,-1.4091796875
0,task_1,97,2,0.16686682403087616,-1.3028063774108887
0,task_1,97,3,0.18170642852783203,-1.1722722053527832
0,task_1,97,4,0.19686077535152435,-1.0452913045883179
0,task_1,97,5,0.2087729126214981,-0.9492258429527283
0,task_1,97,6,0.2229464054107666,-0.8303287029266357
0,task_1,97,7,0.23039034008979797,-0.7669705748558044
0,task_1,97,8,0.2409723848104477,-0.6731259822845459
0,task_1,97,9,0.2519482672214508,-0.5729407668113708
0,task_1,97,10,0.2624664008617401,-0.47980791330337524
0,task_1,97,11,0.2734614312648773,-0.3793145418167114
0,task_1,97,12,0.2832004129886627,-0.290220707654953
0,task_1,97,13,0.29052573442459106,-0.23120088875293732
0,task_1,97,14,0.30204087495803833,-0.12118116766214371
0,task_1,97,15,0.3109513521194458,-0.039545878767967224
0,task_1,97,16,0.319254994392395,0.03521706536412239
0,task_1,97,17,0.3294387459754944,0.12912634015083313
0,task_1,97,18,0.3406142294406891,0.23389460146427155
0,task_1,97,19,0.3496200740337372,0.31813621520996094
0,task_1,97,20,0.3613100051879883,0.4246247112751007
0,task_1,97,21,0.3734451234340668,0.5382314920425415
0,task_1,97,22,0.38424474000930786,0.6376034617424011
0,task_1,97,23,0.39644211530685425,0.7498418688774109
0,task_1,97,24,0.4104934632778168,0.8802825212478638
0,task_1,97,25,0.42924776673316956,1.0510133504867554
0,task_1,97,26,0.44387003779411316,1.1843922138214111
0,task_1,97,27,0.4605602025985718,1.3325042724609375
0,task_1,97,28,0.4826197922229767,1.5257200002670288
0,task_1,97,29,0.6290379762649536,2.804121494293213
0,task_1,98,0,0.3706555962562561,-1.1775400638580322
0,task_1,98,1,0.4149283170700073,-1.1136597394943237
0,task_1,98,2,0.46043241024017334,-1.0519356727600098
0,task_1,98,3,0.4999762177467346,-0.9989807605743408
0,task_1,98,4,0.5528413653373718,-0.9275134801864624
0,task_1,98,5,0.5886974334716797,-0.8781085014343262
0,task_1,98,6,0.6271891593933105,-0.8260639905929565
0,task_1,98,7,0.6622231006622314,-0.7810947895050049
0,task_1,98,8,0.7111994028091431,-0.7204495668411255
0,task_1,98,9,0.7597795724868774,-0.6596376299858093
0,task_1,98,10,0.8008710145950317,-0.6081457734107971
0,task_1,98,11,0.8404844999313354,-0.5587260127067566
0,task_1,98,12,0.905622661113739,-0.4778207838535309
0,task_1,98,13,0.958946704864502,-0.41170361638069153
0,task_1,98,14,1.0205256938934326,-0.3362624943256378
0,task_1,98,15,1.0827054977416992,-0.2601782977581024
0,task_1,98,16,1.1593687534332275,-0.1675003319978714
0,task_1,98,17,1.2444003820419312,-0.0648571327328682
0,task_1,98,18,1.3349230289459229,0.04547274857759476
0,task_1,98,19,1.4228665828704834,0.1538083553314209
0,task_1,98,20,1.5398366451263428,0.298362672328949
0,task_1,98,21,1.6584067344665527,0.4451042413711548
0,task_1,98,22,1.776902437210083,0.5917373299598694
0,task_1,98,23,1.9172508716583252,0.7656278014183044
0,task_1,98,24,2.0711052417755127,0.9566773176193237
0,task_1,98,25,2.225207805633545,1.1478323936462402
0,task_1,98,26,2.4205057621002197,1.3913662433624268
0,task_1,98,27,2.5812814235687256,1.592070460319519
0,task_1,98,28,2.795367956161499,1.859465479850769
0,task_1,98,29,3.5476813316345215,2.7726523876190186
0,task_1,99,0,0.0,-1.1358013153076172
0,task_1,99,1,0.04279516637325287,-1.0934722423553467
0,task_1,99,2,0.07730655372142792,-1.059311032295227
0,task_1,99,3,0.12302036583423615,-1.0138747692108154
0,task_1,99,4,0.17812439799308777,-0.9593908190727234
0,task_1,99,5,0.21744345128536224,-0.9191772937774658
0,task_1,99,6,0.26143836975097656,-0.8730065226554871
0,task_1,99,7,0.3065519332885742,-0.8261887431144714
0,task_1,99,8,0.3633824586868286,-0.7664957642555237
0,task_1,99,9,0.41608667373657227,-0.7111068367958069
0,task_1,99,10,0.48104777932167053,-0.6423768997192383
0,task_1,99,11,0.5316851735115051,-0.5883314609527588
0,task_1,99,12,0.6075179576873779,-0.5070890784263611
0,task_1,99,13,0.6909328103065491,-0.41777846217155457
0,task_1,99,14,0.7710890769958496,-0.3316595256328583
0,task_1,99,15,0.8433253765106201,-0.25465789437294006
0,task_1,99,16,0.9457358121871948,-0.14410856366157532
0,task_1,99,17,1.054872751235962,-0.026738593354821205
0,task_1,99,18,1.1581346988677979,0.08202298730611801
0,task_1,99,19,1.2910302877426147,0.21777012944221497
0,task_1,99,20,1.4223357439041138,0.3519551753997803
0,task_1,99,21,1.567481517791748,0.5004184246063232
0,task_1,99,22,1.7123472690582275,0.6483376622200012
0,task_1,99,23,1.8767136335372925,0.8160454034805298
0,task_1,99,24,2.062263250350952,1.0056954622268677
0,task_1,99,25,2.2451865673065186,1.19236421585083
0,task_1,99,26,2.4428465366363525,1.3933393955230713
0,task_1,99,27,2.6612653732299805,1.6157664060592651
0,task_1,99,28,2.886129140853882,1.8446325063705444
0,task_1,99,29,3.650002956390381,2.6022167205810547
0,task_1,100,0,1.6706593036651611,1862.6451416015625
0,task_1,100,1,1.6706593036651611,1862.6451416015625
0,task_1,100,2,1.6706593036651611,1862.6451416015625
0,task_1,100,3,1.6706593036651611,1862.6451416015625
0,task_1,100,4,1.6706593036651611,1862.6451416015625
0,task_1,100,5,1.6706593036651611,1862.6451416015625
0,task_1,100,6,1.6706593036651611,1862.6451416015625
0,task_1,100,7,1.6706593036651611,1862.6451416015625
0,task_1,100,8,1.6706593036651611,1862.6451416015625
0,task_1,100,9,1.6706593036651611,1862.6451416015625
0,task_1,100,10,1.6706593036651611,1862.6451416015625
0,task_1,100,11,1.6706593036651611,1862.6451416015625
0,task_1,100,12,1.6706593036651611,1862.6451416015625
0,task_1,100,13,1.6706593036651611,1862.6451416015625
0,task_1,100,14,1.6706593036651611,1862.6451416015625
0,task_1,100,15,1.6706593036651611,1862.6451416015625
0,task_1,100,16,1.6706593036651611,1862.6451416015625
0,task_1,100,17,1.6706593036651611,1862.6451416015625
0,task_1,100,18,1.6706593036651611,1862.6451416015625
0,task_1,100,19,1.6706593036651611,1862.6451416015625
0,task_1,100,20,1.6706593036651611,1862.6451416015625
0,task_1,100,21,1.6706593036651611,1862.6451416015625
0,task_1,100,22,1.6706593036651611,1862.6451416015625
0,task_1,100,23,1.6706593036651611,1862.6451416015625
0,task_1,100,24,1.6706593036651611,1862.6451416015625
0,task_1,100,25,1.6706593036651611,1862.6451416015625
0,task_1,100,26,1.6706593036651611,1862.6451416015625
0,task_1,100,27,1.6706593036651611,1862.6451416015625
0,task_1,100,28,1.6706593036651611,1862.6451416015625
0,task_1,100,29,1.6706593036651611,1862.6451416015625
0,task_1,101,0,0.09202118217945099,-1.1857945919036865
0,task_1,101,1,0.10850590467453003,-1.1277154684066772
0,task_1,101,2,0.12760257720947266,-1.059962511062622
0,task_1,101,3,0.14432281255722046,-1.001143455505371
0,task_1,101,4,0.16049128770828247,-0.946182906627655
0,task_1,101,5,0.18088826537132263,-0.883795976638794
0,task_1,101,6,0.20086003839969635,-0.830503523349762
0,task_1,101,7,0.22188198566436768,-0.7768856287002563
0,task_1,101,8,0.24412183463573456,-0.7224417924880981
0,task_1,101,9,0.271637499332428,-0.6565080285072327
0,task_1,101,10,0.29719749093055725,-0.5966194868087769
0,task_1,101,11,0.3237893283367157,-0.5355513691902161
0,task_1,101,12,0.35545286536216736,-0.46238356828689575
0,task_1,101,13,0.38687464594841003,-0.3894121050834656
0,task_1,101,14,0.4245802164077759,-0.3014596402645111
0,task_1,101,15,0.4605805277824402,-0.21808549761772156
0,task_1,101,16,0.5000580549240112,-0.12749123573303223
0,task_1,101,17,0.5385145545005798,-0.03939810022711754
0,task_1,101,18,0.585215151309967,0.06754574924707413
0,task_1,101,19,0.6443062424659729,0.20602115988731384
0,task_1,101,20,0.685794472694397,0.31035736203193665
0,task_1,101,21,0.735493540763855,0.4388650059700012
0,task_1,101,22,0.7977042198181152,0.5999658107757568
0,task_1,101,23,0.8588825464248657,0.7571760416030884
0,task_1,101,24,0.9304531812667847,0.9414659142494202
0,task_1,101,25,0.9941220879554749,1.104844093322754
0,task_1,101,26,1.057692527770996,1.2681277990341187
0,task_1,101,27,1.1324152946472168,1.4595533609390259
0,task_1,101,28,1.2178168296813965,1.677396297454834
0,task_1,101,29,1.7637261152267456,3.0300111770629883
0,task_1,102,0,0.1487724334001541,-1.7445812225341797
0,task_1,102,1,0.1832813322544098,-1.323099136352539
0,task_1,102,2,0.19649922847747803,-1.1402689218521118
0,task_1,102,3,0.20586208999156952,-0.9973748326301575
0,task_1,102,4,0.21640931069850922,-0.8827189207077026
0,task_1,102,5,0.22688820958137512,-0.7638051509857178
0,task_1,102,6,0.23763082921504974,-0.6302083134651184
0,task_1,102,7,0.24646349251270294,-0.5304235816001892
0,task_1,102,8,0.2532225251197815,-0.4457049071788788
0,task_1,102,9,0.26105353236198425,-0.37452438473701477
0,task_1,102,10,0.2697642147541046,-0.3106975555419922
0,task_1,102,11,0.2813260853290558,-0.20768581330776215
0,task_1,102,12,0.29131683707237244,-0.1366056501865387
0,task_1,102,13,0.29706960916519165,-0.053509023040533066
0,task_1,102,14,0.30662301182746887,-0.0016787516651675105
0,task_1,102,15,0.31653866171836853,0.06360391527414322
0,task_1,102,16,0.3228006362915039,0.15509946644306183
0,task_1,102,17,0.33013007044792175,0.19612878561019897
0,task_1,102,18,0.3358898162841797,0.22822809219360352
0,task_1,102,19,0.3416164219379425,0.2986992299556732
0,task_1,102,20,0.3477496802806854,0.342084676027298
0,task_1,102,21,0.3517150282859802,0.3866395056247711
0,task_1,102,22,0.3575635552406311,0.45046958327293396
0,task_1,102,23,0.361946165561676,0.48010319471359253
0,task_1,102,24,0.3668370544910431,0.5342365503311157
0,task_1,102,25,0.37073978781700134,0.5327619314193726
0,task_1,102,26,0.3748435378074646,0.5661688446998596
0,task_1,102,27,0.37992408871650696,0.5814311504364014
0,task_1,102,28,0.3850914239883423,0.6228328943252563
0,task_1,102,29,0.833943247795105,4.104396343231201
0,task_1,103,0,1.114842414855957,0.0
0,task_1,103,1,1.114842414855957,0.0
0,task_1,103,2,1.114842414855957,0.0
0,task_1,103,3,1.114842414855957,0.0
0,task_1,103,4,1.114842414855957,0.0
0,task_1,103,5,1.114842414855957,0.0
0,task_1,103,6,1.114842414855957,0.0
0,task_1,103,7,1.114842414855957,0.0
0,task_1,103,8,1.114842414855957,0.0
0,task_1,103,9,1.114842414855957,0.0
0,task_1,103,10,1.114842414855957,0.0
0,task_1,103,11,1.114842414855957,0.0
0,task_1,103,12,1.114842414855957,0.0
0,task_1,103,13,1.114842414855957,0.0
0,task_1,103,14,1.114842414855957,0.0
0,task_1,103,15,1.114842414855957,0.0
0,task_1,103,16,1.114842414855957,0.0
0,task_1,103,17,1.114842414855957,0.0
0,task_1,103,18,1.114842414855957,0.0
0,task_1,103,19,1.114842414855957,0.0
0,task_1,103,20,1.114842414855957,0.0
0,task_1,103,21,1.114842414855957,0.0
0,task_1,103,22,1.114842414855957,0.0
0,task_1,103,23,1.114842414855957,0.0
0,task_1,103,24,1.114842414855957,0.0
0,task_1,103,25,1.114842414855957,0.0
0,task_1,103,26,1.114842414855957,0.0
0,task_1,103,27,1.114842414855957,0.0
0,task_1,103,28,1.114842414855957,0.0
0,task_1,103,29,1.114842414855957,0.0
0,task_1,104,0,0.0,0.49674516916275024
0,task_1,104,1,0.0,0.49674516916275024
0,task_1,104,2,0.0,0.49674516916275024
0,task_1,104,3,0.0,0.49674516916275024
0,task_1,104,4,0.0,0.49674516916275024
0,task_1,104,5,0.0,0.49674516916275024
0,task_1,104,6,0.0,0.49674516916275024
0,task_1,104,7,0.0,0.49674516916275024
0,task_1,104,8,0.0,0.49674516916275024
0,task_1,104,9,0.0,0.49674516916275024
0,task_1,104,10,0.0,0.49674516916275024
0,task_1,104,11,0.0,0.49674516916275024
0,task_1,104,12,0.0,0.49674516916275024
0,task_1,104,13,0.0,0.49674516916275024
0,task_1,104,14,0.0,0.49674516916275024
0,task_1,104,15,0.0,0.49674516916275024
0,task_1,104,16,0.0,0.49674516916275024
0,task_1,104,17,0.0,0.49674516916275024
0,task_1,104,18,0.0,0.49674516916275024
0,task_1,104,19,0.016624361276626587,0.44773030281066895
0,task_1,104,20,0.07798932492733002,0.2708683907985687
0,task_1,104,21,0.1438470482826233,0.06279423087835312
0,task_1,104,22,0.2029539942741394,-0.12122965604066849
0,task_1,104,23,0.2697712481021881,-0.35088205337524414
0,task_1,104,24,0.3249887228012085,-0.5609003305435181
0,task_1,104,25,0.39288991689682007,-0.8348373770713806
0,task_1,104,26,0.4426802694797516,-1.0691114664077759
0,task_1,104,27,0.5065835118293762,-1.429650068283081
0,task_1,104,28,0.5653349757194519,-1.7930792570114136
0,task_1,104,29,1.534011960029602,-4.059859275817871
0,task_1,105,0,2.4382145404815674,0.0
0,task_1,105,1,2.4382145404815674,0.0
0,task_1,105,2,2.4382145404815674,0.0
0,task_1,105,3,2.4382145404815674,0.0
0,task_1,105,4,2.4382145404815674,0.0
0,task_1,105,5,2.4382145404815674,0.0
0,task_1,105,6,2.4382145404815674,0.0
0,task_1,105,7,2.4382145404815674,0.0
0,task_1,105,8,2.4382145404815674,0.0
0,task_1,105,9,2.4382145404815674,0.0
0,task_1,105,10,2.4382145404815674,0.0
0,task_1,105,11,2.4382145404815674,0.0
0,task_1,105,12,2.4382145404815674,0.0
0,task_1,105,13,2.4382145404815674,0.0
0,task_1,105,14,2.4382145404815674,0.0
0,task_1,105,15,2.4382145404815674,0.0
0,task_1,105,16,2.4382145404815674,0.0
0,task_1,105,17,2.4382145404815674,0.0
0,task_1,105,18,2.4382145404815674,0.0
0,task_1,105,19,2.4382145404815674,0.0
0,task_1,105,20,2.4382145404815674,0.0
0,task_1,105,21,2.4382145404815674,0.0
0,task_1,105,22,2.4382145404815674,0.0
0,task_1,105,23,2.4382145404815674,0.0
0,task_1,105,24,2.4382145404815674,0.0
0,task_1,105,25,2.4382145404815674,0.0
0,task_1,105,26,2.4382145404815674,0.0
0,task_1,105,27,2.4382145404815674,0.0
0,task_1,105,28,2.4382145404815674,0.0
0,task_1,105,29,2.4382145404815674,0.0
0,task_1,106,0,0.5505912899971008,0.0
0,task_1,106,1,0.5505912899971008,0.0
0,task_1,106,2,0.5505912899971008,0.0
0,task_1,106,3,0.5505912899971008,0.0
0,task_1,106,4,0.5505912899971008,0.0
0,task_1,106,5,0.5505912899971008,0.0
0,task_1,106,6,0.5505912899971008,0.0
0,task_1,106,7,0.5505912899971008,0.0
0,task_1,106,8,0.5505912899971008,0.0
0,task_1,106,9,0.5505912899971008,0.0
0,task_1,106,10,0.5505912899971008,0.0
0,task_1,106,11,0.5505912899971008,0.0
0,task_1,106,12,0.5505912899971008,0.0
0,task_1,106,13,0.5505912899971008,0.0
0,task_1,106,14,0.5505912899971008,0.0
0,task_1,106,15,0.5505912899971008,0.0
0,task_1,106,16,0.5505912899971008,0.0
0,task_1,106,17,0.5505912899971008,0.0
0,task_1,106,18,0.5505912899971008,0.0
0,task_1,106,19,0.5505912899971008,0.0
0,task_1,106,20,0.5505912899971008,0.0
0,task_1,106,21,0.5505912899971008,0.0
0,task_1,106,22,0.5505912899971008,0.0
0,task_1,106,23,0.5505912899971008,0.0
0,task_1,106,24,0.5505912899971008,0.0
0,task_1,106,25,0.5505912899971008,0.0
0,task_1,106,26,0.5505912899971008,0.0
0,task_1,106,27,0.5505912899971008,0.0
0,task_1,106,28,0.5505912899971008,0.0
0,task_1,106,29,0.5505912899971008,0.0
0,task_1,107,0,0.42466485500335693,-1.0403766632080078
0,task_1,107,1,0.4547607898712158,-0.9932812452316284
0,task_1,107,2,0.4813764691352844,-0.9525323510169983
0,task_1,107,3,0.5113826990127563,-0.9072437882423401
0,task_1,107,4,0.5335407257080078,-0.8740073442459106
0,task_1,107,5,0.5584460496902466,-0.8375259637832642
0,task_1,107,6,0.5845275521278381,-0.8009049296379089
0,task_1,107,7,0.6120845079421997,-0.7640747427940369
0,task_1,107,8,0.6439545750617981,-0.7218900322914124
0,task_1,107,9,0.671664834022522,-0.6852455139160156
0,task_1,107,10,0.7075328826904297,-0.6381178498268127
0,task_1,107,11,0.7488467693328857,-0.5842385292053223
0,task_1,107,12,0.7961927652359009,-0.5224391222000122
0,task_1,107,13,0.8378474712371826,-0.4681614339351654
0,task_1,107,14,0.8882485628128052,-0.4026695787906647
0,task_1,107,15,0.9542317390441895,-0.3176795542240143
0,task_1,107,16,1.0229369401931763,-0.2289867252111435
0,task_1,107,17,1.0907654762268066,-0.1411706805229187
0,task_1,107,18,1.1786930561065674,-0.02672584541141987
0,task_1,107,19,1.2728042602539062,0.09590543806552887
0,task_1,107,20,1.3809680938720703,0.23770339787006378
0,task_1,107,21,1.4882160425186157,0.37842851877212524
0,task_1,107,22,1.6195969581604004,0.5506593585014343
0,task_1,107,23,1.7618412971496582,0.7367363572120667
0,task_1,107,24,1.9135886430740356,0.9352369904518127
0,task_1,107,25,2.0727217197418213,1.143856167793274
0,task_1,107,26,2.250178337097168,1.375617504119873
0,task_1,107,27,2.446288585662842,1.6312795877456665
0,task_1,107,28,2.650526762008667,1.8980659246444702
0,task_1,107,29,3.457612991333008,2.923779249191284
0,task_1,108,0,0.0,-1.1097159385681152
0,task_1,108,1,0.0,-1.1097159385681152
0,task_1,108,2,0.0,-1.1097159385681152
0,task_1,108,3,0.02975359931588173,-1.0615723133087158
0,task_1,108,4,0.06920138001441956,-1.001293659210205
0,task_1,108,5,0.10459627211093903,-0.9489220380783081
0,task_1,108,6,0.13710317015647888,-0.9014883041381836
0,task_1,108,7,0.17698180675506592,-0.8444421887397766
0,task_1,108,8,0.21948330104351044,-0.7843123078346252
0,task_1,108,9,0.26930931210517883,-0.7148017883300781
0,task_1,108,10,0.31426408886909485,-0.6521235108375549
0,task_1,108,11,0.36214035749435425,-0.5859889984130859
0,task_1,108,12,0.4288281798362732,-0.4926949739456177
0,task_1,108,13,0.4900818467140198,-0.4064757227897644
0,task_1,108,14,0.5503455996513367,-0.3228617012500763
0,task_1,108,15,0.6215519905090332,-0.2244393676519394
0,task_1,108,16,0.6985918879508972,-0.11974304169416428
0,task_1,108,17,0.7835679650306702,-0.007755874190479517
0,task_1,108,18,0.8717285990715027,0.10626310855150223
0,task_1,108,19,0.9736825823783875,0.237742081284523
0,task_1,108,20,1.0808404684066772,0.37573787569999695
0,task_1,108,21,1.1944220066070557,0.5219718217849731
0,task_1,108,22,1.314031720161438,0.6762033700942993
0,task_1,108,23,1.4517370462417603,0.8539864420890808
0,task_1,108,24,1.591223120689392,1.0341826677322388
0,task_1,108,25,1.7389190196990967,1.22585928440094
0,task_1,108,26,1.9004077911376953,1.4353684186935425
0,task_1,108,27,2.0772721767425537,1.664839744567871
0,task_1,108,28,2.259840965270996,1.9017183780670166
0,task_1,108,29,2.636971950531006,2.364185094833374
0,task_1,109,0,0.0,0.2750226557254791
0,task_1,109,1,0.0,0.2750226557254791
0,task_1,109,2,0.0,0.2750226557254791
0,task_1,109,3,0.0,0.2750226557254791
0,task_1,109,4,0.0,0.2750226557254791
0,task_1,109,5,0.0,0.2750226557254791
0,task_1,109,6,0.0,0.2750226557254791
0,task_1,109,7,0.0,0.2750226557254791
0,task_1,109,8,0.0,0.2750226557254791
0,task_1,109,9,0.0,0.2750226557254791
0,task_1,109,10,0.0,0.2750226557254791
0,task_1,109,11,0.0,0.2750226557254791
0,task_1,109,12,0.0,0.2750226557254791
0,task_1,109,13,0.0,0.2750226557254791
0,task_1,109,14,0.0,0.2750226557254791
0,task_1,109,15,0.0,0.2750226557254791
0,task_1,109,16,0.0,0.2750226557254791
0,task_1,109,17,0.0,0.2750226557254791
0,task_1,109,18,0.0,0.2750226557254791
0,task_1,109,19,0.0,0.2750226557254791
0,task_1,109,20,0.0,0.2750226557254791
0,task_1,109,21,0.0,0.2750226557254791
0,task_1,109,22,0.0,0.2750226557254791
0,task_1,109,23,0.0,0.2750226557254791
0,task_1,109,24,0.0013274811208248138,0.26132553815841675
0,task_1,109,25,0.02643801085650921,0.0071462346240878105
0,task_1,109,26,0.05705023556947708,-0.3081040680408478
0,task_1,109,27,0.08311150223016739,-0.5806786417961121
0,task_1,109,28,0.1114184558391571,-0.8921820521354675
0,task_1,109,29,1.4939398765563965,-5.088050365447998
0,task_1,110,0,0.0,0.21639969944953918
0,task_1,110,1,0.0,0.21639969944953918
0,task_1,110,2,0.0,0.21639969944953918
0,task_1,110,3,0.0,0.21639969944953918
0,task_1,110,4,0.0,0.21639969944953918
0,task_1,110,5,0.0,0.21639969944953918
0,task_1,110,6,0.0,0.21639969944953918
0,task_1,110,7,0.0,0.21639969944953918
0,task_1,110,8,0.0,0.21639969944953918
0,task_1,110,9,0.0,0.21639969944953918
0,task_1,110,10,0.0,0.21639969944953918
0,task_1,110,11,0.0,0.21639969944953918
0,task_1,110,12,0.0,0.21639969944953918
0,task_1,110,13,0.0,0.21639969944953918
0,task_1,110,14,0.0,0.21639969944953918
0,task_1,110,15,0.0,0.21639969944953918
0,task_1,110,16,0.0,0.21639969944953918
0,task_1,110,17,0.0,0.21639969944953918
0,task_1,110,18,0.0,0.21639969944953918
0,task_1,110,19,0.0,0.21639969944953918
0,task_1,110,20,0.0,0.21639969944953918
0,task_1,110,21,0.0,0.21639969944953918
0,task_1,110,22,0.0,0.21639969944953918
0,task_1,110,23,0.0,0.21639969944953918
0,task_1,110,24,0.0,0.21639969944953918
0,task_1,110,25,0.0,0.21639969944953918
0,task_1,110,26,0.0,0.21639969944953918
0,task_1,110,27,0.013282222673296928,-0.004229685291647911
0,task_1,110,28,0.05177973210811615,-0.6072247624397278
0,task_1,110,29,1.478405475616455,-5.231337070465088
0,task_1,111,0,0.0,-0.5143493413925171
0,task_1,111,1,0.0,-0.5143493413925171
0,task_1,111,2,0.0,-0.5143493413925171
0,task_1,111,3,0.0,-0.5143493413925171
0,task_1,111,4,0.00027455948293209076,-0.5146659016609192
0,task_1,111,5,0.00390656478703022,-0.5162927508354187
0,task_1,111,6,0.010944223031401634,-0.5198225378990173
0,task_1,111,7,0.01771843619644642,-0.523396909236908
0,task_1,111,8,0.02483898587524891,-0.5283141732215881
0,task_1,111,9,0.03207813948392868,-0.5311887264251709
0,task_1,111,10,0.04076839238405228,-0.5364412665367126
0,task_1,111,11,0.051944710314273834,-0.5196362733840942
0,task_1,111,12,0.06304628401994705,-0.47771042585372925
0,task_1,111,13,0.07300945371389389,-0.4390622079372406
0,task_1,111,14,0.08496400713920593,-0.3950735330581665
0,task_1,111,15,0.096686452627182,-0.3510741889476776
0,task_1,111,16,0.10751909017562866,-0.3142992854118347
0,task_1,111,17,0.12083397805690765,-0.2723539173603058
0,task_1,111,18,0.13100478053092957,-0.2432848960161209
0,task_1,111,19,0.14210306107997894,-0.21224874258041382
0,task_1,111,20,0.15254409611225128,-0.1869523525238037
0,task_1,111,21,0.16299466788768768,-0.163532093167305
0,task_1,111,22,0.17567366361618042,-0.13176308572292328
0,task_1,111,23,0.2327280342578888,0.054003648459911346
0,task_1,111,24,0.2885061502456665,0.3178427219390869
0,task_1,111,25,0.34797340631484985,0.6013091206550598
0,task_1,111,26,0.43346014618873596,1.0073410272598267
0,task_1,111,27,0.5122817158699036,1.385790467262268
0,task_1,111,28,0.6060433983802795,1.8344829082489014
0,task_1,111,29,1.1307042837142944,4.233738899230957
0,task_1,112,0,0.17015278339385986,14.551915168762207
0,task_1,112,1,0.17015278339385986,14.551915168762207
0,task_1,112,2,0.17015278339385986,14.551915168762207
0,task_1,112,3,0.17015278339385986,14.551915168762207
0,task_1,112,4,0.17015278339385986,14.551915168762207
0,task_1,112,5,0.17015278339385986,14.551915168762207
0,task_1,112,6,0.17015278339385986,14.551915168762207
0,task_1,112,7,0.17015278339385986,14.551915168762207
0,task_1,112,8,0.17015278339385986,14.551915168762207
0,task_1,112,9,0.17015278339385986,14.551915168762207
0,task_1,112,10,0.17015278339385986,14.551915168762207
0,task_1,112,11,0.17015278339385986,14.551915168762207
0,task_1,112,12,0.17015278339385986,14.551915168762207
0,task_1,112,13,0.17015278339385986,14.551915168762207
0,task_1,112,14,0.17015278339385986,14.551915168762207
0,task_1,112,15,0.17015278339385986,14.551915168762207
0,task_1,112,16,0.17015278339385986,14.551915168762207
0,task_1,112,17,0.17015278339385986,14.551915168762207
0,task_1,112,18,0.17015278339385986,14.551915168762207
0,task_1,112,19,0.17015278339385986,14.551915168762207
0,task_1,112,20,0.17015278339385986,14.551915168762207
0,task_1,112,21,0.17015278339385986,14.551915168762207
0,task_1,112,22,0.17015278339385986,14.551915168762207
0,task_1,112,23,0.17015278339385986,14.551915168762207
0,task_1,112,24,0.17015278339385986,14.551915168762207
0,task_1,112,25,0.17015278339385986,14.551915168762207
0,task_1,112,26,0.17015278339385986,14.551915168762207
0,task_1,112,27,0.17015278339385986,14.551915168762207
0,task_1,112,28,0.17015278339385986,14.551915168762207
0,task_1,112,29,0.17015278339385986,14.551915168762207
0,task_1,113,0,0.0,-0.8815242648124695
0,task_1,113,1,0.0,-0.8815242648124695
0,task_1,113,2,0.0,-0.8815242648124695
0,task_1,113,3,0.0,-0.8815242648124695
0,task_1,113,4,0.0,-0.8815242648124695
0,task_1,113,5,0.0,-0.8815242648124695
0,task_1,113,6,0.0,-0.8815242648124695
0,task_1,113,7,0.0,-0.8815242648124695
0,task_1,113,8,0.0,-0.8815242648124695
0,task_1,113,9,0.0,-0.8815242648124695
0,task_1,113,10,0.01652190089225769,-0.8521331548690796
0,task_1,113,11,0.0571075975894928,-0.7805134654045105
0,task_1,113,12,0.12462788820266724,-0.6606225371360779
0,task_1,113,13,0.18387863039970398,-0.5558537840843201
0,task_1,113,14,0.2599882483482361,-0.4195675849914551
0,task_1,113,15,0.30987441539764404,-0.33403199911117554
0,task_1,113,16,0.38998448848724365,-0.19548635184764862
0,task_1,113,17,0.47850513458251953,-0.04734928533434868
0,task_1,113,18,0.5503672957420349,0.07338451594114304
0,task_1,113,19,0.6364880204200745,0.21824459731578827
0,task_1,113,20,0.7377387285232544,0.3884827196598053
0,task_1,113,21,0.825789213180542,0.5362669229507446
0,task_1,113,22,0.9272758364677429,0.7068496346473694
0,task_1,113,23,1.0374441146850586,0.8923560380935669
0,task_1,113,24,1.1616945266723633,1.1023694276809692
0,task_1,113,25,1.280432939529419,1.3032861948013306
0,task_1,113,26,1.4040110111236572,1.512589693069458
0,task_1,113,27,1.5323445796966553,1.7295089960098267
0,task_1,113,28,1.6777713298797607,1.9749412536621094
0,task_1,113,29,1.8244723081588745,2.2225213050842285
0,task_1,114,0,0.0,-0.935630202293396
0,task_1,114,1,0.006419718265533447,-0.9245453476905823
0,task_1,114,2,0.025274649262428284,-0.8920130133628845
0,task_1,114,3,0.04329507052898407,-0.8624698519706726
0,task_1,114,4,0.06023456156253815,-0.8350655436515808
0,task_1,114,5,0.0770166665315628,-0.8084333539009094
0,task_1,114,6,0.09198029339313507,-0.7849240899085999
0,task_1,114,7,0.10757552087306976,-0.7604027390480042
0,task_1,114,8,0.13083608448505402,-0.7241039276123047
0,task_1,114,9,0.1505797654390335,-0.6936386823654175
0,task_1,114,10,0.17680557072162628,-0.6540507078170776
0,task_1,114,11,0.20300696790218353,-0.614814817905426
0,task_1,114,12,0.2439807504415512,-0.5531883239746094
0,task_1,114,13,0.27767646312713623,-0.5026561617851257
0,task_1,114,14,0.3220798373222351,-0.43671685457229614
0,task_1,114,15,0.37028127908706665,-0.36569836735725403
0,task_1,114,16,0.43209749460220337,-0.27439138293266296
0,task_1,114,17,0.49769943952560425,-0.17672334611415863
0,task_1,114,18,0.5685029029846191,-0.07232685387134552
0,task_1,114,19,0.6571641564369202,0.05865514278411865
0,task_1,114,20,0.7555423974990845,0.20203326642513275
0,task_1,114,21,0.8533532023429871,0.344940721988678
0,task_1,114,22,0.9699079394340515,0.5148855447769165
0,task_1,114,23,1.102259874343872,0.7084354162216187
0,task_1,114,24,1.2503820657730103,0.9248111844062805
0,task_1,114,25,1.4011471271514893,1.1454360485076904
0,task_1,114,26,1.5679709911346436,1.3905168771743774
0,task_1,114,27,1.758189082145691,1.670305609703064
0,task_1,114,28,1.9542624950408936,1.958309531211853
0,task_1,114,29,2.655035972595215,2.953464984893799
0,task_1,115,0,0.0,-0.41466382145881653
0,task_1,115,1,0.0,-0.41466382145881653
0,task_1,115,2,0.0,-0.41466382145881653
0,task_1,115,3,0.0,-0.41466382145881653
0,task_1,115,4,0.0,-0.41466382145881653
0,task_1,115,5,0.0,-0.41466382145881653
0,task_1,115,6,0.0,-0.41466382145881653
0,task_1,115,7,0.0,-0.41466382145881653
0,task_1,115,8,0.0,-0.41466382145881653
0,task_1,115,9,0.0,-0.41466382145881653
0,task_1,115,10,0.0,-0.41466382145881653
0,task_1,115,11,0.0,-0.41466382145881653
0,task_1,115,12,0.0,-0.41466382145881653
0,task_1,115,13,0.0,-0.41466382145881653
0,task_1,115,14,0.0,-0.41466382145881653
0,task_1,115,15,0.0,-0.41466382145881653
0,task_1,115,16,0.0,-0.41466382145881653
0,task_1,115,17,0.0,-0.41466382145881653
0,task_1,115,18,0.0,-0.41466382145881653
0,task_1,115,19,0.0,-0.41466382145881653
0,task_1,115,20,0.0,-0.41466382145881653
0,task_1,115,21,0.01149580255150795,-0.20230181515216827
0,task_1,115,22,0.03312578424811363,0.06520972400903702
0,task_1,115,23,0.05013665929436684,0.44424065947532654
0,task_1,115,24,0.06547607481479645,0.6726254224777222
0,task_1,115,25,0.07970026135444641,0.8416268825531006
0,task_1,115,26,0.0914844423532486,0.8408487439155579
0,task_1,115,27,0.1044386774301529,0.7375181913375854
0,task_1,115,28,0.12043595314025879,0.5748385787010193
0,task_1,115,29,0.8638889193534851,4.733333110809326
0,task_1,116,0,0.0,0.1906869262456894
0,task_1,116,1,0.0,0.1906869262456894
0,task_1,116,2,0.0,0.1906869262456894
0,task_1,116,3,0.0,0.1906869262456894
0,task_1,116,4,0.0,0.1906869262456894
0,task_1,116,5,0.0,0.1906869262456894
0,task_1,116,6,0.0,0.1906869262456894
0,task_1,116,7,0.0,0.1906869262456894
0,task_1,116,8,0.0,0.1906869262456894
0,task_1,116,9,0.0,0.1906869262456894
0,task_1,116,10,0.0,0.1906869262456894
0,task_1,116,11,0.0,0.1906869262456894
0,task_1,116,12,0.0,0.1906869262456894
0,task_1,116,13,0.0,0.1906869262456894
0,task_1,116,14,0.0,0.1906869262456894
0,task_1,116,15,0.0,0.1906869262456894
0,task_1,116,16,0.0,0.1906869262456894
0,task_1,116,17,0.0,0.1906869262456894
0,task_1,116,18,0.0,0.1906869262456894
0,task_1,116,19,0.0,0.1906869262456894
0,task_1,116,20,0.0,0.1906869262456894
0,task_1,116,21,0.0,0.1906869262456894
0,task_1,116,22,0.0,0.1906869262456894
0,task_1,116,23,0.0,0.1906869262456894
0,task_1,116,24,0.0,0.1906869262456894
0,task_1,116,25,0.0,0.1906869262456894
0,task_1,116,26,0.0,0.1906869262456894
0,task_1,116,27,0.0,0.1906869262456894
0,task_1,116,28,0.006650358438491821,-0.04967677593231201
0,task_1,116,29,0.9668609499931335,-5.289556980133057
0,task_1,117,0,0.2875967025756836,-1.2038770914077759
0,task_1,117,1,0.3412420153617859,-1.1146481037139893
0,task_1,117,2,0.38219910860061646,-1.0483916997909546
0,task_1,117,3,0.42814701795578003,-0.9759014844894409
0,task_1,117,4,0.47052979469299316,-0.9128268957138062
0,task_1,117,5,0.5108029246330261,-0.8557422161102295
0,task_1,117,6,0.5476497411727905,-0.8060475587844849
0,task_1,117,7,0.584603488445282,-0.7555336356163025
0,task_1,117,8,0.6226853728294373,-0.7042617201805115
0,task_1,117,9,0.6628074645996094,-0.6513159871101379
0,task_1,117,10,0.7071018815040588,-0.5933023691177368
0,task_1,117,11,0.7383471131324768,-0.5515140295028687
0,task_1,117,12,0.7974796295166016,-0.47188910841941833
0,task_1,117,13,0.8392217755317688,-0.41534900665283203
0,task_1,117,14,0.8941694498062134,-0.341777503490448
0,task_1,117,15,0.9447256326675415,-0.27411746978759766
0,task_1,117,16,1.0193676948547363,-0.1747993379831314
0,task_1,117,17,1.0926159620285034,-0.07788465172052383
0,task_1,117,18,1.1630680561065674,0.015505095943808556
0,task_1,117,19,1.2616180181503296,0.1473376303911209
0,task_1,117,20,1.3593831062316895,0.27930763363838196
0,task_1,117,21,1.455234408378601,0.40842440724372864
0,task_1,117,22,1.5693738460540771,0.5621945858001709
0,task_1,117,23,1.707746148109436,0.7486698031425476
0,task_1,117,24,1.8530765771865845,0.9446901082992554
0,task_1,117,25,2.0003390312194824,1.1430379152297974
0,task_1,117,26,2.168891668319702,1.3694851398468018
0,task_1,117,27,2.3539929389953613,1.617685317993164
0,task_1,117,28,2.5536701679229736,1.88577139377594
0,task_1,117,29,3.261962413787842,2.8070716857910156
0,task_1,118,0,0.0060021355748176575,0.0
0,task_1,118,1,0.0060021355748176575,0.0
0,task_1,118,2,0.0060021355748176575,0.0
0,task_1,118,3,0.0060021355748176575,0.0
0,task_1,118,4,0.0060021355748176575,0.0
0,task_1,118,5,0.0060021355748176575,0.0
0,task_1,118,6,0.0060021355748176575,0.0
0,task_1,118,7,0.0060021355748176575,0.0
0,task_1,118,8,0.0060021355748176575,0.0
0,task_1,118,9,0.0060021355748176575,0.0
0,task_1,118,10,0.0060021355748176575,0.0
0,task_1,118,11,0.0060021355748176575,0.0
0,task_1,118,12,0.0060021355748176575,0.0
0,task_1,118,13,0.0060021355748176575,0.0
0,task_1,118,14,0.0060021355748176575,0.0
0,task_1,118,15,0.0060021355748176575,0.0
0,task_1,118,16,0.0060021355748176575,0.0
0,task_1,118,17,0.0060021355748176575,0.0
0,task_1,118,18,0.0060021355748176575,0.0
0,task_1,118,19,0.0060021355748176575,0.0
0,task_1,118,20,0.0060021355748176575,0.0
0,task_1,118,21,0.0060021355748176575,0.0
0,task_1,118,22,0.0060021355748176575,0.0
0,task_1,118,23,0.0060021355748176575,0.0
0,task_1,118,24,0.0060021355748176575,0.0
0,task_1,118,25,0.0060021355748176575,0.0
0,task_1,118,26,0.0060021355748176575,0.0
0,task_1,118,27,0.0060021355748176575,0.0
0,task_1,118,28,0.0060021355748176575,0.0
0,task_1,118,29,0.0060021355748176575,0.0
0,task_1,119,0,0.0,-0.7520933151245117
0,task_1,119,1,0.0,-0.7520933151245117
0,task_1,119,2,0.0,-0.7520933151245117
0,task_1,119,3,0.0,-0.7520933151245117
0,task_1,119,4,0.0,-0.7520933151245117
0,task_1,119,5,0.0,-0.7520933151245117
0,task_1,119,6,0.0,-0.7520933151245117
0,task_1,119,7,9.696930646896362e-05,-0.7514209747314453
0,task_1,119,8,0.006381995975971222,-0.7106335163116455
0,task_1,119,9,0.014941424131393433,-0.6558950543403625
0,task_1,119,10,0.023156940937042236,-0.6018427610397339
0,task_1,119,11,0.030241936445236206,-0.5554280877113342
0,task_1,119,12,0.04017980396747589,-0.49085870385169983
0,task_1,119,13,0.046967148780822754,-0.4474186599254608
0,task_1,119,14,0.05673101544380188,-0.38426098227500916
0,task_1,119,15,0.06583282351493835,-0.32650452852249146
0,task_1,119,16,0.0778682678937912,-0.2483261227607727
0,task_1,119,17,0.09090673923492432,-0.16476696729660034
0,task_1,119,18,0.10497766733169556,-0.07363883405923843
0,task_1,119,19,0.1203225702047348,0.024028370156884193
0,task_1,119,20,0.13857053220272064,0.1406901627779007
0,task_1,119,21,0.16426502168178558,0.3052820563316345
0,task_1,119,22,0.17936129868030548,0.4012646973133087
0,task_1,119,23,0.19810207188129425,0.5194844603538513
0,task_1,119,24,0.22606293857097626,0.6901574730873108
0,task_1,119,25,0.2578044533729553,0.8834934234619141
0,task_1,119,26,0.2854156494140625,1.050853967666626
0,task_1,119,27,0.3169171214103699,1.2418017387390137
0,task_1,119,28,0.3584286570549011,1.4943712949752808
0,task_1,119,29,0.7732732892036438,3.924217939376831
0,task_1,120,0,0.0,-1.2457636594772339
0,task_1,120,1,0.0,-1.2457636594772339
0,task_1,120,2,0.0,-1.2457636594772339
0,task_1,120,3,0.0,-1.2457636594772339
0,task_1,120,4,0.018312998116016388,2.1600208282470703
0,task_1,120,5,0.05691535025835037,2.760972261428833
0,task_1,120,6,0.08401267975568771,2.203909397125244
0,task_1,120,7,0.12046327441930771,1.507753610610962
0,task_1,120,8,0.1443914771080017,0.9985250234603882
0,task_1,120,9,0.16077595949172974,0.667654275894165
0,task_1,120,10,0.17624184489250183,0.36195501685142517
0,task_1,120,11,0.1926257312297821,0.012943152338266373
0,task_1,120,12,0.20674580335617065,-0.3161490559577942
0,task_1,120,13,0.22959551215171814,-0.3161490559577942
0,task_1,120,14,0.2449987530708313,-0.3161490559577942
0,task_1,120,15,0.25743234157562256,-0.3161490559577942
0,task_1,120,16,0.26805445551872253,-0.3161490559577942
0,task_1,120,17,0.2785645127296448,-0.3161490559577942
0,task_1,120,18,0.2889130711555481,-0.3161490559577942
0,task_1,120,19,0.2998883128166199,-0.3161490559577942
0,task_1,120,20,0.31152358651161194,-0.3161490559577942
0,task_1,120,21,0.32001441717147827,-0.3161490559577942
0,task_1,120,22,0.32823827862739563,-0.3161490559577942
0,task_1,120,23,0.3337143063545227,-0.3161490559577942
0,task_1,120,24,0.3397820293903351,-0.3161490559577942
0,task_1,120,25,0.34425225853919983,-0.3161490559577942
0,task_1,120,26,0.3488891124725342,-0.3161490559577942
0,task_1,120,27,0.3552561104297638,-0.3161490559577942
0,task_1,120,28,0.36120760440826416,-0.3161490559577942
0,task_1,120,29,0.39026689529418945,-0.3161490559577942
0,task_1,121,0,0.39737674593925476,-1.2496589422225952
0,task_1,121,1,0.40538668632507324,-1.1752455234527588
0,task_1,121,2,0.4103611707687378,-1.1330649852752686
0,task_1,121,3,0.4176945388317108,-1.0712616443634033
0,task_1,121,4,0.4249829053878784,-1.007719874382019
0,task_1,121,5,0.43209749460220337,-0.9538595080375671
0,task_1,121,6,0.43869954347610474,-0.9067723155021667
0,task_1,121,7,0.44782838225364685,-0.8380740880966187
0,task_1,121,8,0.45912009477615356,-0.7487576007843018
0,task_1,121,9,0.46901530027389526,-0.6660395860671997
0,task_1,121,10,0.47930797934532166,-0.5919462442398071
0,task_1,121,11,0.49316394329071045,-0.4982476830482483
0,task_1,121,12,0.5085955858230591,-0.3959268033504486
0,task_1,121,13,0.5242350101470947,-0.2959427535533905
0,task_1,121,14,0.5403567552566528,-0.17977027595043182
0,task_1,121,15,0.5595435500144958,-0.04268832132220268
0,task_1,121,16,0.5694135427474976,0.026773745194077492
0,task_1,121,17,0.5886650085449219,0.15419641137123108
0,task_1,121,18,0.6059613823890686,0.26214057207107544
0,task_1,121,19,0.6209192276000977,0.33202171325683594
0,task_1,121,20,0.6334748268127441,0.41354817152023315
0,task_1,121,21,0.6541646122932434,0.5367732048034668
0,task_1,121,22,0.6637871861457825,0.600467324256897
0,task_1,121,23,0.6764731407165527,0.7056273221969604
0,task_1,121,24,0.6859982013702393,0.7857075929641724
0,task_1,121,25,0.6950768232345581,0.8642939329147339
0,task_1,121,26,0.7015975713729858,0.9177263975143433
0,task_1,121,27,0.7263472080230713,1.1685317754745483
0,task_1,121,28,0.7962781190872192,1.8749593496322632
0,task_1,121,29,0.9313734769821167,3.11220383644104
0,task_1,122,0,0.28451064229011536,-0.6494211554527283
0,task_1,122,1,0.2919730246067047,-0.6494092345237732
0,task_1,122,2,0.2976297438144684,-0.6492289304733276
0,task_1,122,3,0.30273303389549255,-0.6478158831596375
0,task_1,122,4,0.3078143894672394,-0.6457729339599609
0,task_1,122,5,0.3127916157245636,-0.6407638192176819
0,task_1,122,6,0.3180059790611267,-0.635138988494873
0,task_1,122,7,0.32317936420440674,-0.62761390209198
0,task_1,122,8,0.32802796363830566,-0.6198198199272156
0,task_1,122,9,0.3355207145214081,-0.606178879737854
0,task_1,122,10,0.34019196033477783,-0.5973415970802307
0,task_1,122,11,0.346280962228775,-0.5856377482414246
0,task_1,122,12,0.35229870676994324,-0.5743876695632935
0,task_1,122,13,0.3572441637516022,-0.5650057196617126
0,task_1,122,14,0.3639695644378662,-0.5523443818092346
0,task_1,122,15,0.37379491329193115,-0.5337626934051514
0,task_1,122,16,0.38654524087905884,-0.5087869763374329
0,task_1,122,17,0.4280126988887787,-0.4247332513332367
0,task_1,122,18,0.47471892833709717,-0.3297010660171509
0,task_1,122,19,0.5353935956954956,-0.20222008228302002
0,task_1,122,20,0.6097166538238525,-0.043931156396865845
0,task_1,122,21,0.6870326399803162,0.1211550161242485
0,task_1,122,22,0.7694873213768005,0.2986305356025696
0,task_1,122,23,0.8840721845626831,0.5434624552726746
0,task_1,122,24,0.9973925948143005,0.7872365117073059
0,task_1,122,25,1.1220687627792358,1.0537474155426025
0,task_1,122,26,1.266804575920105,1.3645154237747192
0,task_1,122,27,1.4186375141143799,1.6903951168060303
0,task_1,122,28,1.5974217653274536,2.075136184692383
0,task_1,122,29,2.2214877605438232,3.3547351360321045
0,task_1,123,0,0.0,0.4820891320705414
0,task_1,123,1,0.0,0.4820891320705414
0,task_1,123,2,0.0,0.4820891320705414
0,task_1,123,3,0.0,0.4820891320705414
0,task_1,123,4,0.0,0.4820891320705414
0,task_1,123,5,0.0,0.4820891320705414
0,task_1,123,6,0.0,0.4820891320705414
0,task_1,123,7,0.0,0.4820891320705414
0,task_1,123,8,0.0,0.4820891320705414
0,task_1,123,9,0.0,0.4820891320705414
0,task_1,123,10,0.0,0.4820891320705414
0,task_1,123,11,0.0,0.4820891320705414
0,task_1,123,12,0.0,0.4820891320705414
0,task_1,123,13,0.0,0.4820891320705414
0,task_1,123,14,0.0,0.4820891320705414
0,task_1,123,15,0.0,0.4820891320705414
0,task_1,123,16,0.0,0.4820891320705414
0,task_1,123,17,0.0,0.4820891320705414
0,task_1,123,18,0.0,0.4820891320705414
0,task_1,123,19,0.043092891573905945,0.39623650908470154
0,task_1,123,20,0.09006211161613464,0.269015371799469
0,task_1,123,21,0.14405174553394318,0.11061358451843262
0,task_1,123,22,0.1888202279806137,-0.035614266991615295
0,task_1,123,23,0.24171048402786255,-0.31357744336128235
0,task_1,123,24,0.28235065937042236,-0.5213473439216614
0,task_1,123,25,0.338884174823761,-0.8260585069656372
0,task_1,123,26,0.3809792399406433,-1.060010552406311
0,task_1,123,27,0.4307650923728943,-1.3442347049713135
0,task_1,123,28,0.47961658239364624,-1.6257902383804321
0,task_1,123,29,1.5125679969787598,-4.208925247192383
0,task_1,124,0,0.21031907200813293,-1.491947054862976
0,task_1,124,1,0.23375868797302246,-1.3824386596679688
0,task_1,124,2,0.2560986876487732,-1.2760053873062134
0,task_1,124,3,0.2745351493358612,-1.18541419506073
0,task_1,124,4,0.29606446623802185,-1.0781254768371582
0,task_1,124,5,0.3132941424846649,-0.9913127422332764
0,task_1,124,6,0.3269997239112854,-0.9231008887290955
0,task_1,124,7,0.34006255865097046,-0.8578051328659058
0,task_1,124,8,0.35780268907546997,-0.7694368958473206
0,task_1,124,9,0.37116020917892456,-0.7027970552444458
0,task_1,124,10,0.3869253695011139,-0.624163031578064
0,task_1,124,11,0.40268200635910034,-0.546924889087677
0,task_1,124,12,0.4220396876335144,-0.44983401894569397
0,task_1,124,13,0.4437059760093689,-0.343401700258255
0,task_1,124,14,0.4610218405723572,-0.2556503415107727
0,task_1,124,15,0.4832777976989746,-0.1465788036584854
0,task_1,124,16,0.5077120065689087,-0.026678889989852905
0,task_1,124,17,0.5373760461807251,0.12009955942630768
0,task_1,124,18,0.5650420784950256,0.2580602467060089
0,task_1,124,19,0.6033658385276794,0.4474755823612213
0,task_1,124,20,0.6419751048088074,0.6379743218421936
0,task_1,124,21,0.6840041875839233,0.8448577523231506
0,task_1,124,22,0.7285741567611694,1.0699687004089355
0,task_1,124,23,0.7862095832824707,1.3818819522857666
0,task_1,124,24,0.8453716039657593,1.3818819522857666
0,task_1,124,25,0.9068053960800171,1.3818819522857666
0,task_1,124,26,0.9775313138961792,1.3818819522857666
0,task_1,124,27,1.0497666597366333,1.3818819522857666
0,task_1,124,28,1.137309193611145,1.3818819522857666
0,task_1,124,29,1.2262717485427856,1.3818819522857666
0,task_1,125,0,0.0,0.20999689400196075
0,task_1,125,1,0.0,0.20999689400196075
0,task_1,125,2,0.0,0.20999689400196075
0,task_1,125,3,0.0,0.20999689400196075
0,task_1,125,4,0.0,0.20999689400196075
0,task_1,125,5,0.0,0.20999689400196075
0,task_1,125,6,0.0,0.20999689400196075
0,task_1,125,7,0.0,0.20999689400196075
0,task_1,125,8,0.0,0.20999689400196075
0,task_1,125,9,0.0,0.20999689400196075
0,task_1,125,10,0.0,0.20999689400196075
0,task_1,125,11,0.0,0.20999689400196075
0,task_1,125,12,0.0,0.20999689400196075
0,task_1,125,13,0.0,0.20999689400196075
0,task_1,125,14,0.0,0.20999689400196075
0,task_1,125,15,0.0,0.20999689400196075
0,task_1,125,16,0.0,0.20999689400196075
0,task_1,125,17,0.0,0.20999689400196075
0,task_1,125,18,0.0,0.20999689400196075
0,task_1,125,19,0.0,0.20999689400196075
0,task_1,125,20,0.0,0.20999689400196075
0,task_1,125,21,0.0,0.20999689400196075
0,task_1,125,22,0.0,0.20999689400196075
0,task_1,125,23,0.0,0.20999689400196075
0,task_1,125,24,0.0,0.20999689400196075
0,task_1,125,25,0.0,0.20999689400196075
0,task_1,125,26,0.0,0.20999689400196075
0,task_1,125,27,0.0,0.20999689400196075
0,task_1,125,28,0.0692288875579834,-0.6510096192359924
0,task_1,125,29,2.8248355388641357,-5.228902816772461
0,task_1,126,0,0.48471829295158386,116.41532135009766
0,task_1,126,1,0.48471829295158386,116.41532135009766
0,task_1,126,2,0.48471829295158386,116.41532135009766
0,task_1,126,3,0.48471829295158386,116.41532135009766
0,task_1,126,4,0.48471829295158386,116.41532135009766
0,task_1,126,5,0.48471829295158386,116.41532135009766
0,task_1,126,6,0.48471829295158386,116.41532135009766
0,task_1,126,7,0.48471829295158386,116.41532135009766
0,task_1,126,8,0.48471829295158386,116.41532135009766
0,task_1,126,9,0.48471829295158386,116.41532135009766
0,task_1,126,10,0.48471829295158386,116.41532135009766
0,task_1,126,11,0.48471829295158386,116.41532135009766
0,task_1,126,12,0.48471829295158386,116.41532135009766
0,task_1,126,13,0.48471829295158386,116.41532135009766
0,task_1,126,14,0.48471829295158386,116.41532135009766
0,task_1,126,15,0.48471829295158386,116.41532135009766
0,task_1,126,16,0.48471829295158386,116.41532135009766
0,task_1,126,17,0.48471829295158386,116.41532135009766
0,task_1,126,18,0.48471829295158386,116.41532135009766
0,task_1,126,19,0.48471829295158386,116.41532135009766
0,task_1,126,20,0.48471829295158386,116.41532135009766
0,task_1,126,21,0.48471829295158386,116.41532135009766
0,task_1,126,22,0.48471829295158386,116.41532135009766
0,task_1,126,23,0.48471829295158386,116.41532135009766
0,task_1,126,24,0.48471829295158386,116.41532135009766
0,task_1,126,25,0.48471829295158386,116.41532135009766
0,task_1,126,26,0.48471829295158386,116.41532135009766
0,task_1,126,27,0.48471829295158386,116.41532135009766
0,task_1,126,28,0.48471829295158386,116.41532135009766
0,task_1,126,29,0.48471829295158386,116.41532135009766
0,task_1,127,0,0.0,-1.1087669134140015
0,task_1,127,1,0.0,-1.1087669134140015
0,task_1,127,2,0.0,-1.1087669134140015
0,task_1,127,3,0.03042924404144287,-1.0818618535995483
0,task_1,127,4,0.10899531841278076,-1.0130670070648193
0,task_1,127,5,0.16740921139717102,-0.963653028011322
0,task_1,127,6,0.24163402616977692,-0.9024443626403809
0,task_1,127,7,0.31852027773857117,-0.8410585522651672
0,task_1,127,8,0.3943125605583191,-0.7804003357887268
0,task_1,127,9,0.4751121699810028,-0.7145839929580688
0,task_1,127,10,0.5664811134338379,-0.639396071434021
0,task_1,127,11,0.6519129276275635,-0.5691556334495544
0,task_1,127,12,0.7604829668998718,-0.4802964925765991
0,task_1,127,13,0.85480797290802,-0.40286535024642944
0,task_1,127,14,0.9676788449287415,-0.3101588487625122
0,task_1,127,15,1.0719555616378784,-0.2241697460412979
0,task_1,127,16,1.2030287981033325,-0.11589399725198746
0,task_1,127,17,1.3456532955169678,0.0011541293933987617
0,task_1,127,18,1.4851900339126587,0.11522243171930313
0,task_1,127,19,1.6323548555374146,0.23473405838012695
0,task_1,127,20,1.8238232135772705,0.38993045687675476
0,task_1,127,21,1.9879941940307617,0.5226237177848816
0,task_1,127,22,2.174668550491333,0.6737756133079529
0,task_1,127,23,2.38614559173584,0.844611406326294
0,task_1,127,24,2.6208107471466064,1.0339646339416504
0,task_1,127,25,2.848022937774658,1.2171871662139893
0,task_1,127,26,3.090637445449829,1.4121848344802856
0,task_1,127,27,3.3452203273773193,1.616531491279602
0,task_1,127,28,3.6365039348602295,1.8509045839309692
0,task_1,127,29,4.407709121704102,2.4524805545806885
1,task_2,0,0,0.24071525037288666,-1.2569260597229004
1,task_2,0,1,0.2699408233165741,-1.1851768493652344
1,task_2,0,2,0.2940971851348877,-1.128775715827942
1,task_2,0,3,0.3193424344062805,-1.070120930671692
1,task_2,0,4,0.3423648476600647,-1.0167911052703857
1,task_2,0,5,0.3692893981933594,-0.9541701674461365
1,task_2,0,6,0.3967444896697998,-0.891046941280365
1,task_2,0,7,0.42088133096694946,-0.8358665108680725
1,task_2,0,8,0.450368732213974,-0.7687033414840698
1,task_2,0,9,0.4756828248500824,-0.711320698261261
1,task_2,0,10,0.5105175375938416,-0.632552981376648
1,task_2,0,11,0.5441694259643555,-0.5560334920883179
1,task_2,0,12,0.5774103403091431,-0.4800708591938019
1,task_2,0,13,0.619983971118927,-0.3813287615776062
1,task_2,0,14,0.6501578092575073,-0.3114060163497925
1,task_2,0,15,0.6989883184432983,-0.19715358316898346
1,task_2,0,16,0.7365815043449402,-0.10817570984363556
1,task_2,0,17,0.7882002592086792,0.013799541629850864
1,task_2,0,18,0.8327376246452332,0.11977137625217438
1,task_2,0,19,0.8940256834030151,0.2671777904033661
1,task_2,0,20,0.9489606022834778,0.39948442578315735
1,task_2,0,21,1.0143908262252808,0.5565037727355957
1,task_2,0,22,1.0774846076965332,0.7087737321853638
1,task_2,0,23,1.147005558013916,0.8764073252677917
1,task_2,0,24,1.2214081287384033,1.0559614896774292
1,task_2,0,25,1.3132412433624268,1.2773990631103516
1,task_2,0,26,1.3928277492523193,1.4695308208465576
1,task_2,0,27,1.4801266193389893,1.6793467998504639
1,task_2,0,28,1.575061559677124,1.9088025093078613
1,task_2,0,29,1.6815563440322876,2.1526598930358887
1,task_2,1,0,0.2321101874113083,-1.0639777183532715
1,task_2,1,1,0.27142760157585144,-1.0308825969696045
1,task_2,1,2,0.3050965666770935,-1.002219557762146
1,task_2,1,3,0.34362757205963135,-0.9698106646537781
1,task_2,1,4,0.3969944417476654,-0.9258524775505066
1,task_2,1,5,0.43274492025375366,-0.8961014747619629
1,task_2,1,6,0.4837329387664795,-0.854587972164154
1,task_2,1,7,0.5230315923690796,-0.8231680393218994
1,task_2,1,8,0.5980604887008667,-0.7635631561279297
1,task_2,1,9,0.6619672775268555,-0.7122676968574524
1,task_2,1,10,0.732220470905304,-0.6563464403152466
1,task_2,1,11,0.8068076372146606,-0.5969477295875549
1,task_2,1,12,0.900976300239563,-0.5226749777793884
1,task_2,1,13,0.9915135502815247,-0.451690137386322
1,task_2,1,14,1.0929659605026245,-0.37215834856033325
1,task_2,1,15,1.1994297504425049,-0.2877824306488037
1,task_2,1,16,1.3215079307556152,-0.18952779471874237
1,task_2,1,17,1.4789623022079468,-0.06325456500053406
1,task_2,1,18,1.6149404048919678,0.04741935431957245
1,task_2,1,19,1.7656923532485962,0.16993069648742676
1,task_2,1,20,1.943670630455017,0.3144393265247345
1,task_2,1,21,2.1280438899993896,0.46525323390960693
1,task_2,1,22,2.32218861579895,0.6245371699333191
1,task_2,1,23,2.539971351623535,0.8024390339851379
1,task_2,1,24,2.7736170291900635,0.9935936331748962
1,task_2,1,25,2.9971609115600586,1.176429033279419
1,task_2,1,26,3.2571284770965576,1.3886183500289917
1,task_2,1,27,3.5299341678619385,1.6116738319396973
1,task_2,1,28,3.8379299640655518,1.8631209135055542
1,task_2,1,29,4.9227213859558105,2.7253589630126953
1,task_2,2,0,0.21666960418224335,-0.5743929743766785
1,task_2,2,1,0.22405357658863068,-0.574558436870575
1,task_2,2,2,0.2301618903875351,-0.575657844543457
1,task_2,2,3,0.2347019761800766,-0.5783507227897644
1,task_2,2,4,0.24105863273143768,-0.5799009799957275
1,task_2,2,5,0.24495960772037506,-0.5822567343711853
1,task_2,2,6,0.2501852512359619,-0.5809787511825562
1,task_2,2,7,0.25514060258865356,-0.5759259462356567
1,task_2,2,8,0.26120051741600037,-0.5678819417953491
1,task_2,2,9,0.26930877566337585,-0.5476111769676208
1,task_2,2,10,0.2792201042175293,-0.5182875394821167
1,task_2,2,11,0.28948527574539185,-0.48594507575035095
1,task_2,2,12,0.29697149991989136,-0.4629597067832947
1,task_2,2,13,0.30370330810546875,-0.4418664574623108
1,task_2,2,14,0.31458672881126404,-0.40952059626579285
1,task_2,2,15,0.3244098126888275,-0.38160476088523865
1,task_2,2,16,0.3342962861061096,-0.3572656214237213
1,task_2,2,17,0.3451412618160248,-0.3338305652141571
1,task_2,2,18,0.3530551493167877,-0.3160358667373657
1,task_2,2,19,0.363736093044281,-0.29045385122299194
1,task_2,2,20,0.37958016991615295,-0.25099584460258484
1,task_2,2,21,0.42200514674186707,-0.13672952353954315
1,task_2,2,22,0.46832677721977234,0.034535814076662064
1,task_2,2,23,0.5284313559532166,0.253226637840271
1,task_2,2,24,0.6001541614532471,0.5155016779899597
1,task_2,2,25,0.6828529834747314,0.8174124360084534
1,task_2,2,26,0.7743788361549377,1.1515591144561768
1,task_2,2,27,0.8619405627250671,1.4717034101486206
1,task_2,2,28,0.9764013290405273,1.8903577327728271
1,task_2,2,29,1.5668781995773315,3.9887115955352783
1,task_2,3,0,0.014791715890169144,-1.0291894674301147
1,task_2,3,1,0.03620350733399391,-1.0047818422317505
1,task_2,3,2,0.05916149914264679,-0.9788033962249756
1,task_2,3,3,0.08501020818948746,-0.9498047828674316
1,task_2,3,4,0.11392533779144287,-0.9181306958198547
1,task_2,3,5,0.1451607048511505,-0.8848696947097778
1,task_2,3,6,0.17703479528427124,-0.8519745469093323
1,task_2,3,7,0.21441558003425598,-0.8138665556907654
1,task_2,3,8,0.2616237699985504,-0.7659118175506592
1,task_2,3,9,0.31132155656814575,-0.7155437469482422
1,task_2,3,10,0.36344635486602783,-0.6625869274139404
1,task_2,3,11,0.4212794303894043,-0.604142963886261
1,task_2,3,12,0.4923461079597473,-0.532629132270813
1,task_2,3,13,0.5604090094566345,-0.4640411138534546
1,task_2,3,14,0.6584367752075195,-0.36532583832740784
1,task_2,3,15,0.7337127327919006,-0.2895769774913788
1,task_2,3,16,0.8363547325134277,-0.18684561550617218
1,task_2,3,17,0.9540636539459229,-0.06901481747627258
1,task_2,3,18,1.0622364282608032,0.038985151797533035
1,task_2,3,19,1.1814277172088623,0.15768864750862122
1,task_2,3,20,1.3316199779510498,0.30738791823387146
1,task_2,3,21,1.4716814756393433,0.44698694348335266
1,task_2,3,22,1.6238538026809692,0.598253071308136
1,task_2,3,23,1.8117562532424927,0.7857103943824768
1,task_2,3,24,1.9812475442886353,0.9543848037719727
1,task_2,3,25,2.193340539932251,1.1655234098434448
1,task_2,3,26,2.4033687114715576,1.3748126029968262
1,task_2,3,27,2.6117148399353027,1.5820521116256714
1,task_2,3,28,2.86270809173584,1.8321870565414429
1,task_2,3,29,3.9059860706329346,2.8430659770965576
1,task_2,4,0,1.8693056106567383,0.0
1,task_2,4,1,1.8693056106567383,0.0
1,task_2,4,2,1.8693056106567383,0.0
1,task_2,4,3,1.8693056106567383,0.0
1,task_2,4,4,1.8693056106567383,0.0
1,task_2,4,5,1.8693056106567383,0.0
1,task_2,4,6,1.8693056106567383,0.0
1,task_2,4,7,1.8693056106567383,0.0
1,task_2,4,8,1.8693056106567383,0.0
1,task_2,4,9,1.8693056106567383,0.0
1,task_2,4,10,1.8693056106567383,0.0
1,task_2,4,11,1.8693056106567383,0.0
1,task_2,4,12,1.8693056106567383,0.0
1,task_2,4,13,1.8693056106567383,0.0
1,task_2,4,14,1.8693056106567383,0.0
1,task_2,4,15,1.8693056106567383,0.0
1,task_2,4,16,1.8693056106567383,0.0
1,task_2,4,17,1.8693056106567383,0.0
1,task_2,4,18,1.8693056106567383,0.0
1,task_2,4,19,1.8693056106567383,0.0
1,task_2,4,20,1.8693056106567383,0.0
1,task_2,4,21,1.8693056106567383,0.0
1,task_2,4,22,1.8693056106567383,0.0
1,task_2,4,23,1.8693056106567383,0.0
1,task_2,4,24,1.8693056106567383,0.0
1,task_2,4,25,1.8693056106567383,0.0
1,task_2,4,26,1.8693056106567383,0.0
1,task_2,4,27,1.8693056106567383,0.0
1,task_2,4,28,1.8693056106567383,0.0
1,task_2,4,29,1.8693056106567383,0.0
1,task_2,5,0,0.08435791730880737,-1.070850133895874
1,task_2,5,1,0.11008687317371368,-1.0447241067886353
1,task_2,5,2,0.13539288938045502,-1.0194406509399414
1,task_2,5,3,0.16363173723220825,-0.9908503293991089
1,task_2,5,4,0.19238919019699097,-0.9611866474151611
1,task_2,5,5,0.23346641659736633,-0.9187490940093994
1,task_2,5,6,0.2626629173755646,-0.8874876499176025
1,task_2,5,7,0.30498871207237244,-0.8418465256690979
1,task_2,5,8,0.34306710958480835,-0.8006954789161682
1,task_2,5,9,0.3903105854988098,-0.75
1,task_2,5,10,0.4544612467288971,-0.6809971332550049
1,task_2,5,11,0.5086873173713684,-0.6230043768882751
1,task_2,5,12,0.580348551273346,-0.5455818176269531
1,task_2,5,13,0.6557137966156006,-0.46339377760887146
1,task_2,5,14,0.729019045829773,-0.38277995586395264
1,task_2,5,15,0.8223806619644165,-0.27921709418296814
1,task_2,5,16,0.9131506681442261,-0.177763894200325
1,task_2,5,17,1.015818476676941,-0.061982303857803345
1,task_2,5,18,1.1309551000595093,0.0690157413482666
1,task_2,5,19,1.2495685815811157,0.20362435281276703
1,task_2,5,20,1.3811124563217163,0.3535521924495697
1,task_2,5,21,1.5274382829666138,0.5212826728820801
1,task_2,5,22,1.674043893814087,0.6883269548416138
1,task_2,5,23,1.8190796375274658,0.8536537289619446
1,task_2,5,24,2.004669427871704,1.065550446510315
1,task_2,5,25,2.195704698562622,1.2841488122940063
1,task_2,5,26,2.3858163356781006,1.5010721683502197
1,task_2,5,27,2.5906596183776855,1.735121726989746
1,task_2,5,28,2.815976858139038,1.992782473564148
1,task_2,5,29,3.028331756591797,2.2324163913726807
1,task_2,6,0,0.4262186288833618,-0.9258864521980286
1,task_2,6,1,0.4408769905567169,-0.7138121128082275
1,task_2,6,2,0.4521774351596832,-0.5488972067832947
1,task_2,6,3,0.4580143690109253,-0.4642694890499115
1,task_2,6,4,0.4631425738334656,-0.39420297741889954
1,task_2,6,5,0.4658467769622803,-0.36122578382492065
1,task_2,6,6,0.46893784403800964,-0.3216221332550049
1,task_2,6,7,0.4719213545322418,-0.28115954995155334
1,task_2,6,8,0.4739129841327667,-0.2558537423610687
1,task_2,6,9,0.4758949875831604,-0.23157848417758942
1,task_2,6,10,0.47768333554267883,-0.21090435981750488
1,task_2,6,11,0.47920721769332886,-0.19380785524845123
1,task_2,6,12,0.48100724816322327,-0.17119935154914856
1,task_2,6,13,0.4825213551521301,-0.15501126646995544
1,task_2,6,14,0.48438411951065063,-0.12907515466213226
1,task_2,6,15,0.4854639768600464,-0.1169697493314743
1,task_2,6,16,0.4873714745044708,-0.0947381779551506
1,task_2,6,17,0.4893397092819214,-0.06977318972349167
1,task_2,6,18,0.4908803105354309,-0.05416161194443703
1,task_2,6,19,0.4926892817020416,-0.03499265015125275
1,task_2,6,20,0.4943607449531555,-0.017886478453874588
1,task_2,6,21,0.4960150122642517,-0.00036092029768042266
1,task_2,6,22,0.4975804388523102,0.015844084322452545
1,task_2,6,23,0.49983200430870056,0.03914814442396164
1,task_2,6,24,0.5017943978309631,0.06067252904176712
1,task_2,6,25,0.5042381882667542,0.08274713158607483
1,task_2,6,26,0.5066208839416504,0.106471486389637
1,task_2,6,27,0.5092815160751343,0.13360954821109772
1,task_2,6,28,0.5141807198524475,0.1834946572780609
1,task_2,6,29,1.1521550416946411,5.125397682189941
1,task_2,7,0,0.0,0.1955067366361618
1,task_2,7,1,0.0,0.1955067366361618
1,task_2,7,2,0.0,0.1955067366361618
1,task_2,7,3,0.0,0.1955067366361618
1,task_2,7,4,0.0,0.1955067366361618
1,task_2,7,5,0.0,0.1955067366361618
1,task_2,7,6,0.0,0.1955067366361618
1,task_2,7,7,0.0,0.1955067366361618
1,task_2,7,8,0.0,0.1955067366361618
1,task_2,7,9,0.0,0.1955067366361618
1,task_2,7,10,0.0,0.1955067366361618
1,task_2,7,11,0.0,0.1955067366361618
1,task_2,7,12,0.0,0.1955067366361618
1,task_2,7,13,0.0,0.1955067366361618
1,task_2,7,14,0.0,0.1955067366361618
1,task_2,7,15,0.0,0.1955067366361618
1,task_2,7,16,0.0,0.1955067366361618
1,task_2,7,17,0.0,0.1955067366361618
1,task_2,7,18,0.0,0.1955067366361618
1,task_2,7,19,0.0,0.1955067366361618
1,task_2,7,20,0.0,0.1955067366361618
1,task_2,7,21,0.0,0.1955067366361618
1,task_2,7,22,0.0,0.1955067366361618
1,task_2,7,23,0.0,0.1955067366361618
1,task_2,7,24,0.0,0.1955067366361618
1,task_2,7,25,0.0,0.1955067366361618
1,task_2,7,26,0.0,0.1955067366361618
1,task_2,7,27,0.0,0.1955067366361618
1,task_2,7,28,0.0496973842382431,-0.19284705817699432
1,task_2,7,29,3.0404152870178223,-5.281341552734375
1,task_2,8,0,0.0,0.42705944180488586
1,task_2,8,1,0.0,0.42705944180488586
1,task_2,8,2,0.0,0.42705944180488586
1,task_2,8,3,0.0,0.42705944180488586
1,task_2,8,4,0.0,0.42705944180488586
1,task_2,8,5,0.0,0.42705944180488586
1,task_2,8,6,0.0,0.42705944180488586
1,task_2,8,7,0.0,0.42705944180488586
1,task_2,8,8,0.0,0.42705944180488586
1,task_2,8,9,0.0,0.42705944180488586
1,task_2,8,10,0.0,0.42705944180488586
1,task_2,8,11,0.0,0.42705944180488586
1,task_2,8,12,0.0,0.42705944180488586
1,task_2,8,13,0.0,0.42705944180488586
1,task_2,8,14,0.0,0.42705944180488586
1,task_2,8,15,0.0,0.42705944180488586
1,task_2,8,16,0.0,0.42705944180488586
1,task_2,8,17,0.0,0.42705944180488586
1,task_2,8,18,0.0,0.42705944180488586
1,task_2,8,19,0.0,0.42705944180488586
1,task_2,8,20,0.041052401065826416,0.22111015021800995
1,task_2,8,21,0.07395009696483612,0.04978450387716293
1,task_2,8,22,0.10470974445343018,-0.12421618402004242
1,task_2,8,23,0.12831677496433258,-0.2713845670223236
1,task_2,8,24,0.15766438841819763,-0.4629512429237366
1,task_2,8,25,0.17734184861183167,-0.6047132015228271
1,task_2,8,26,0.19705161452293396,-0.7421227097511292
1,task_2,8,27,0.21182310581207275,-0.8604298233985901
1,task_2,8,28,0.22930243611335754,-1.025012493133545
1,task_2,8,29,1.1370538473129272,-4.721251964569092
1,task_2,9,0,0.0,-1.1531145572662354
1,task_2,9,1,0.0,-1.1531145572662354
1,task_2,9,2,0.0,-1.1531145572662354
1,task_2,9,3,0.0,-1.1531145572662354
1,task_2,9,4,0.0,-1.1531145572662354
1,task_2,9,5,0.01069793850183487,-1.1174547672271729
1,task_2,9,6,0.03794591873884201,-1.0261387825012207
1,task_2,9,7,0.06586281210184097,-0.9332695007324219
1,task_2,9,8,0.10541162639856339,-0.8008254766464233
1,task_2,9,9,0.13478022813796997,-0.7019868493080139
1,task_2,9,10,0.1596178412437439,-0.6170288920402527
1,task_2,9,11,0.1934398114681244,-0.5014487504959106
1,task_2,9,12,0.228400319814682,-0.37942540645599365
1,task_2,9,13,0.2525348365306854,-0.29646626114845276
1,task_2,9,14,0.2962947487831116,-0.14602762460708618
1,task_2,9,15,0.3193719983100891,-0.06626655906438828
1,task_2,9,16,0.3587653338909149,0.0688561275601387
1,task_2,9,17,0.39476534724235535,0.19039925932884216
1,task_2,9,18,0.4233227074146271,0.2895737886428833
1,task_2,9,19,0.4515478312969208,0.384353905916214
1,task_2,9,20,0.48987576365470886,0.5147035121917725
1,task_2,9,21,0.5223454833030701,0.6256299018859863
1,task_2,9,22,0.5537876486778259,0.7311754822731018
1,task_2,9,23,0.5923213958740234,0.8623499870300293
1,task_2,9,24,0.6157785058021545,0.9430109858512878
1,task_2,9,25,0.6528876423835754,1.067420482635498
1,task_2,9,26,0.6880760788917542,1.1858370304107666
1,task_2,9,27,0.7124311327934265,1.2695659399032593
1,task_2,9,28,0.7518624067306519,1.4019978046417236
1,task_2,9,29,1.187312126159668,2.8170363903045654
1,task_2,10,0,0.37555885314941406,-1.0983920097351074
1,task_2,10,1,0.4384147524833679,-1.0634764432907104
1,task_2,10,2,0.5004234910011292,-1.0307033061981201
1,task_2,10,3,0.5579000115394592,-1.0007507801055908
1,task_2,10,4,0.6286073923110962,-0.9637038707733154
1,task_2,10,5,0.6962778568267822,-0.9284862279891968
1,task_2,10,6,0.7634629607200623,-0.8914915323257446
1,task_2,10,7,0.8389543294906616,-0.8479102253913879
1,task_2,10,8,0.9232994318008423,-0.7983542680740356
1,task_2,10,9,1.0142234563827515,-0.7437339425086975
1,task_2,10,10,1.1233842372894287,-0.6775137782096863
1,task_2,10,11,1.2343249320983887,-0.6101114749908447
1,task_2,10,12,1.3617280721664429,-0.5328572988510132
1,task_2,10,13,1.5031384229660034,-0.44653818011283875
1,task_2,10,14,1.646048665046692,-0.3606482446193695
1,task_2,10,15,1.8131754398345947,-0.2607298791408539
1,task_2,10,16,1.9950848817825317,-0.15313847362995148
1,task_2,10,17,2.1909449100494385,-0.03885854035615921
1,task_2,10,18,2.411327600479126,0.08771161735057831
1,task_2,10,19,2.6347663402557373,0.21450544893741608
1,task_2,10,20,2.8974530696868896,0.362527996301651
1,task_2,10,21,3.171483278274536,0.5161481499671936
1,task_2,10,22,3.464085340499878,0.678968071937561
1,task_2,10,23,3.7676379680633545,0.8482112288475037
1,task_2,10,24,4.126351356506348,1.0480290651321411
1,task_2,10,25,4.4788031578063965,1.2447757720947266
1,task_2,10,26,4.875759124755859,1.465196967124939
1,task_2,10,27,5.280126094818115,1.6908843517303467
1,task_2,10,28,5.745931148529053,1.9497504234313965
1,task_2,10,29,6.484311103820801,2.3406870365142822
1,task_2,11,0,0.0,-0.9724730849266052
1,task_2,11,1,0.0,-0.9724730849266052
1,task_2,11,2,0.0,-0.9724730849266052
1,task_2,11,3,0.0,-0.9724730849266052
1,task_2,11,4,0.0,-0.9724730849266052
1,task_2,11,5,0.0,-0.9724730849266052
1,task_2,11,6,0.02134738117456436,-0.9546090960502625
1,task_2,11,7,0.08687803149223328,-0.8995658755302429
1,task_2,11,8,0.1670255959033966,-0.8310105800628662
1,task_2,11,9,0.2503286600112915,-0.7604201436042786
1,task_2,11,10,0.3267838954925537,-0.6957971453666687
1,task_2,11,11,0.4145389199256897,-0.6207504868507385
1,task_2,11,12,0.5168377757072449,-0.5320664644241333
1,task_2,11,13,0.6010140776634216,-0.4576784670352936
1,task_2,11,14,0.7319521307945251,-0.3424912691116333
1,task_2,11,15,0.824794590473175,-0.26031893491744995
1,task_2,11,16,0.9561640024185181,-0.14346210658550262
1,task_2,11,17,1.0926977396011353,-0.021795762702822685
1,task_2,11,18,1.2280781269073486,0.10001968592405319
1,task_2,11,19,1.3670839071273804,0.22548379004001617
1,task_2,11,20,1.5341168642044067,0.37689074873924255
1,task_2,11,21,1.6894731521606445,0.5177831649780273
1,task_2,11,22,1.8566240072250366,0.67059326171875
1,task_2,11,23,2.039834499359131,0.8382501006126404
1,task_2,11,24,2.2348108291625977,1.0171117782592773
1,task_2,11,25,2.4212234020233154,1.1876364946365356
1,task_2,11,26,2.636530876159668,1.3846303224563599
1,task_2,11,27,2.8506083488464355,1.580804705619812
1,task_2,11,28,3.095717668533325,1.8049358129501343
1,task_2,11,29,4.05875825881958,2.650665044784546
1,task_2,12,0,0.0,0.5937364101409912
1,task_2,12,1,0.0,0.5937364101409912
1,task_2,12,2,0.0,0.5937364101409912
1,task_2,12,3,0.0,0.5937364101409912
1,task_2,12,4,0.0,0.5937364101409912
1,task_2,12,5,0.0,0.5937364101409912
1,task_2,12,6,0.0,0.5937364101409912
1,task_2,12,7,0.0,0.5937364101409912
1,task_2,12,8,0.0,0.5937364101409912
1,task_2,12,9,0.0,0.5937364101409912
1,task_2,12,10,0.0,0.5937364101409912
1,task_2,12,11,0.0,0.5937364101409912
1,task_2,12,12,0.0,0.5937364101409912
1,task_2,12,13,0.0,0.5937364101409912
1,task_2,12,14,0.0,0.5937364101409912
1,task_2,12,15,0.0,0.5937364101409912
1,task_2,12,16,0.0,0.5937364101409912
1,task_2,12,17,0.0,0.5937364101409912
1,task_2,12,18,0.0,0.5937364101409912
1,task_2,12,19,0.0,0.5937364101409912
1,task_2,12,20,0.01765967160463333,0.377519816160202
1,task_2,12,21,0.05507202818989754,-0.09522819519042969
1,task_2,12,22,0.08628714084625244,-0.5145362019538879
1,task_2,12,23,0.11185989528894424,-0.8539448380470276
1,task_2,12,24,0.1420476734638214,-1.2905948162078857
1,task_2,12,25,0.15281619131565094,-1.442301869392395
1,task_2,12,26,0.16483554244041443,-1.6126041412353516
1,task_2,12,27,0.1746717244386673,-1.7605042457580566
1,task_2,12,28,0.18362849950790405,-1.8967481851577759
1,task_2,12,29,1.252314567565918,-2.7857840061187744
1,task_2,13,0,0.024636611342430115,-1.0379736423492432
1,task_2,13,1,0.06259547173976898,-1.011512279510498
1,task_2,13,2,0.10026326775550842,-0.985749363899231
1,task_2,13,3,0.14198356866836548,-0.9574339389801025
1,task_2,13,4,0.1884807050228119,-0.9253454208374023
1,task_2,13,5,0.2410624474287033,-0.8911823630332947
1,task_2,13,6,0.2944409251213074,-0.8569690585136414
1,task_2,13,7,0.3531339764595032,-0.8185451626777649
1,task_2,13,8,0.40276235342025757,-0.7854010462760925
1,task_2,13,9,0.4787798523902893,-0.7344425320625305
1,task_2,13,10,0.5784350037574768,-0.667606770992279
1,task_2,13,11,0.6604732871055603,-0.612852931022644
1,task_2,13,12,0.7600486874580383,-0.5465481281280518
1,task_2,13,13,0.8865401744842529,-0.46281111240386963
1,task_2,13,14,0.9961230158805847,-0.3903355896472931
1,task_2,13,15,1.1544125080108643,-0.2866198718547821
1,task_2,13,16,1.2944443225860596,-0.19536744058132172
1,task_2,13,17,1.4606924057006836,-0.08748273551464081
1,task_2,13,18,1.6400665044784546,0.02820274420082569
1,task_2,13,19,1.8487192392349243,0.16349083185195923
1,task_2,13,20,2.0716021060943604,0.3078300356864929
1,task_2,13,21,2.3144302368164062,0.4644234776496887
1,task_2,13,22,2.5759706497192383,0.6335164904594421
1,task_2,13,23,2.8547961711883545,0.8137776851654053
1,task_2,13,24,3.1429481506347656,1.0002164840698242
1,task_2,13,25,3.4821927547454834,1.2194360494613647
1,task_2,13,26,3.812237024307251,1.4333330392837524
1,task_2,13,27,4.174200057983398,1.6674034595489502
1,task_2,13,28,4.562429428100586,1.9184874296188354
1,task_2,13,29,5.650748252868652,2.6040592193603516
1,task_2,14,0,0.0,1.387958288192749
1,task_2,14,1,0.0005979090929031372,1.368545651435852
1,task_2,14,2,0.0021065175533294678,1.313370943069458
1,task_2,14,3,0.00220431387424469,1.310418963432312
1,task_2,14,4,0.0033264458179473877,1.265523076057434
1,task_2,14,5,0.00449255108833313,1.2231037616729736
1,task_2,14,6,0.008937045931816101,1.0603240728378296
1,task_2,14,7,0.009048044681549072,1.0566966533660889
1,task_2,14,8,0.010147437453269958,1.0237451791763306
1,task_2,14,9,0.016678795218467712,0.779855489730835
1,task_2,14,10,0.01723751425743103,0.7618937492370605
1,task_2,14,11,0.017753303050994873,0.7402296662330627
1,task_2,14,12,0.018785983324050903,0.7019047141075134
1,task_2,14,13,0.02684721350669861,0.41313937306404114
1,task_2,14,14,0.2833627760410309,-0.900419294834137
1,task_2,14,15,0.2833627760410309,-0.900419294834137
1,task_2,14,16,0.2833627760410309,-0.900419294834137
1,task_2,14,17,0.2833627760410309,-0.900419294834137
1,task_2,14,18,0.2833627760410309,-0.900419294834137
1,task_2,14,19,0.2833627760410309,-0.900419294834137
1,task_2,14,20,0.2833627760410309,-0.900419294834137
1,task_2,14,21,0.2833627760410309,-0.900419294834137
1,task_2,14,22,0.2833627760410309,-0.900419294834137
1,task_2,14,23,0.2833627760410309,-0.900419294834137
1,task_2,14,24,0.2833627760410309,-0.900419294834137
1,task_2,14,25,0.2833627760410309,-0.900419294834137
1,task_2,14,26,0.2833627760410309,-0.900419294834137
1,task_2,14,27,0.2833627760410309,-0.900419294834137
1,task_2,14,28,0.2833627760410309,-0.900419294834137
1,task_2,14,29,0.2833627760410309,-0.900419294834137
1,task_2,15,0,1.4985148906707764,931.3225708007812
1,task_2,15,1,1.4985148906707764,931.3225708007812
1,task_2,15,2,1.4985148906707764,931.3225708007812
1,task_2,15,3,1.4985148906707764,931.3225708007812
1,task_2,15,4,1.4985148906707764,931.3225708007812
1,task_2,15,5,1.4985148906707764,931.3225708007812
1,task_2,15,6,1.4985148906707764,931.3225708007812
1,task_2,15,7,1.4985148906707764,931.3225708007812
1,task_2,15,8,1.4985148906707764,931.3225708007812
1,task_2,15,9,1.4985148906707764,931.3225708007812
1,task_2,15,10,1.4985148906707764,931.3225708007812
1,task_2,15,11,1.4985148906707764,931.3225708007812
1,task_2,15,12,1.4985148906707764,931.3225708007812
1,task_2,15,13,1.4985148906707764,931.3225708007812
1,task_2,15,14,1.4985148906707764,931.3225708007812
1,task_2,15,15,1.4985148906707764,931.3225708007812
1,task_2,15,16,1.4985148906707764,931.3225708007812
1,task_2,15,17,1.4985148906707764,931.3225708007812
1,task_2,15,18,1.4985148906707764,931.3225708007812
1,task_2,15,19,1.4985148906707764,931.3225708007812
1,task_2,15,20,1.4985148906707764,931.3225708007812
1,task_2,15,21,1.4985148906707764,931.3225708007812
1,task_2,15,22,1.4985148906707764,931.3225708007812
1,task_2,15,23,1.4985148906707764,931.3225708007812
1,task_2,15,24,1.4985148906707764,931.3225708007812
1,task_2,15,25,1.4985148906707764,931.3225708007812
1,task_2,15,26,1.4985148906707764,931.3225708007812
1,task_2,15,27,1.4985148906707764,931.3225708007812
1,task_2,15,28,1.4985148906707764,931.3225708007812
1,task_2,15,29,1.4985148906707764,931.3225708007812
1,task_2,16,0,0.3006710708141327,-0.7735797166824341
1,task_2,16,1,0.3065950572490692,-0.7634837031364441
1,task_2,16,2,0.31151244044303894,-0.7545413970947266
1,task_2,16,3,0.31572869420051575,-0.7469671964645386
1,task_2,16,4,0.32002854347229004,-0.7390767931938171
1,task_2,16,5,0.32588088512420654,-0.7282527089118958
1,task_2,16,6,0.33003655076026917,-0.720660924911499
1,task_2,16,7,0.3342624604701996,-0.7131198048591614
1,task_2,16,8,0.3400556147098541,-0.7029113173484802
1,task_2,16,9,0.34560874104499817,-0.6932705044746399
1,task_2,16,10,0.35454970598220825,-0.67808997631073
1,task_2,16,11,0.3723562955856323,-0.6485938429832458
1,task_2,16,12,0.39988070726394653,-0.6042593121528625
1,task_2,16,13,0.4268597662448883,-0.5605767965316772
1,task_2,16,14,0.46617391705513,-0.496181458234787
1,task_2,16,15,0.49537768959999084,-0.4484698176383972
1,task_2,16,16,0.5462734699249268,-0.3656712770462036
1,task_2,16,17,0.6202473044395447,-0.24382384121418
1,task_2,16,18,0.6782793998718262,-0.14830639958381653
1,task_2,16,19,0.7494552731513977,-0.029653174802660942
1,task_2,16,20,0.8398587703704834,0.12186097353696823
1,task_2,16,21,0.9320459961891174,0.27643337845802307
1,task_2,16,22,1.0341330766677856,0.4490949809551239
1,task_2,16,23,1.1528449058532715,0.6504305601119995
1,task_2,16,24,1.2771495580673218,0.8612902164459229
1,task_2,16,25,1.401138186454773,1.0712597370147705
1,task_2,16,26,1.5542430877685547,1.3307255506515503
1,task_2,16,27,1.7119637727737427,1.5981346368789673
1,task_2,16,28,1.899219274520874,1.915539264678955
1,task_2,16,29,2.733747959136963,3.2847201824188232
1,task_2,17,0,0.0,-0.11368683725595474
1,task_2,17,1,0.0,-0.11368683725595474
1,task_2,17,2,0.0,-0.11368683725595474
1,task_2,17,3,0.0,-0.11368683725595474
1,task_2,17,4,0.0,-0.11368683725595474
1,task_2,17,5,0.0,-0.11368683725595474
1,task_2,17,6,0.0,-0.11368683725595474
1,task_2,17,7,0.0,-0.11368683725595474
1,task_2,17,8,0.0,-0.11368683725595474
1,task_2,17,9,0.0,-0.11368683725595474
1,task_2,17,10,0.0,-0.11368683725595474
1,task_2,17,11,0.0,-0.11368683725595474
1,task_2,17,12,0.0,-0.11368683725595474
1,task_2,17,13,0.0,-0.11368683725595474
1,task_2,17,14,0.0,-0.11368683725595474
1,task_2,17,15,0.0,-0.11368683725595474
1,task_2,17,16,0.0,-0.11368683725595474
1,task_2,17,17,0.004755251109600067,-0.11368683725595474
1,task_2,17,18,0.017817847430706024,-0.11368683725595474
1,task_2,17,19,0.02813030779361725,-0.11368683725595474
1,task_2,17,20,0.03788747638463974,-0.11368683725595474
1,task_2,17,21,0.04608653485774994,-0.11368683725595474
1,task_2,17,22,0.052228257060050964,-0.11368683725595474
1,task_2,17,23,0.05772991478443146,-0.11368683725595474
1,task_2,17,24,0.06226928532123566,-0.11368683725595474
1,task_2,17,25,0.06780437380075455,-0.11368683725595474
1,task_2,17,26,0.0721755251288414,-0.11368683725595474
1,task_2,17,27,0.07663538306951523,-0.11368683725595474
1,task_2,17,28,0.08454731106758118,-0.11368683725595474
1,task_2,17,29,0.10094168037176132,-0.11368683725595474
1,task_2,18,0,0.0,-0.49093568325042725
1,task_2,18,1,0.0030456259846687317,-0.4901875853538513
1,task_2,18,2,0.008420802652835846,-0.48987749218940735
1,task_2,18,3,0.012041125446557999,-0.4894193410873413
1,task_2,18,4,0.015573393553495407,-0.48902639746665955
1,task_2,18,5,0.018361136317253113,-0.4883953034877777
1,task_2,18,6,0.021182049065828323,-0.48811790347099304
1,task_2,18,7,0.0239422544836998,-0.4879254996776581
1,task_2,18,8,0.02764330804347992,-0.4877489507198334
1,task_2,18,9,0.030611764639616013,-0.48757851123809814
1,task_2,18,10,0.03489713370800018,-0.48726415634155273
1,task_2,18,11,0.03842366486787796,-0.4871825575828552
1,task_2,18,12,0.04272792860865593,-0.4844471216201782
1,task_2,18,13,0.04713702201843262,-0.4775271713733673
1,task_2,18,14,0.053607311099767685,-0.46126899123191833
1,task_2,18,15,0.05822428688406944,-0.4475999176502228
1,task_2,18,16,0.06445181369781494,-0.4265337884426117
1,task_2,18,17,0.07435162365436554,-0.3911886215209961
1,task_2,18,18,0.08866915106773376,-0.3398480713367462
1,task_2,18,19,0.10958648473024368,-0.27582862973213196
1,task_2,18,20,0.13341721892356873,-0.17886848747730255
1,task_2,18,21,0.16030952334403992,-0.050229184329509735
1,task_2,18,22,0.1960747241973877,0.11827043443918228
1,task_2,18,23,0.22597110271453857,0.2600322961807251
1,task_2,18,24,0.26772403717041016,0.45827433466911316
1,task_2,18,25,0.3139595687389374,0.6776533722877502
1,task_2,18,26,0.358900249004364,0.8893565535545349
1,task_2,18,27,0.4139520227909088,1.1496577262878418
1,task_2,18,28,0.46255287528038025,1.3792083263397217
1,task_2,18,29,1.1317689418792725,4.464544773101807
1,task_2,19,0,0.0,-0.7421724796295166
1,task_2,19,1,0.0,-0.7421724796295166
1,task_2,19,2,0.0,-0.7421724796295166
1,task_2,19,3,0.0,-0.7421724796295166
1,task_2,19,4,0.0,-0.7421724796295166
1,task_2,19,5,0.0,-0.7421724796295166
1,task_2,19,6,0.0,-0.7421724796295166
1,task_2,19,7,0.0,-0.7421724796295166
1,task_2,19,8,0.0,-0.7421724796295166
1,task_2,19,9,0.0,-0.7421724796295166
1,task_2,19,10,0.0,-0.7421724796295166
1,task_2,19,11,0.0,-0.7421724796295166
1,task_2,19,12,0.0,-0.7421724796295166
1,task_2,19,13,0.027835696935653687,-0.6685435771942139
1,task_2,19,14,0.058957070112228394,-1.1496398448944092
1,task_2,19,15,0.11190678179264069,-1.3884553909301758
1,task_2,19,16,0.13801555335521698,-0.962211012840271
1,task_2,19,17,0.16385699808597565,-0.16099031269550323
1,task_2,19,18,0.1746002584695816,0.3205922842025757
1,task_2,19,19,0.18614836037158966,0.8960068821907043
1,task_2,19,20,0.1935529261827469,1.2761479616165161
1,task_2,19,21,0.19946469366550446,1.2761479616165161
1,task_2,19,22,0.2052059918642044,1.2761479616165161
1,task_2,19,23,0.21168683469295502,1.2761479616165161
1,task_2,19,24,0.21741284430027008,1.2761479616165161
1,task_2,19,25,0.2227611094713211,1.2761479616165161
1,task_2,19,26,0.22617070376873016,1.2761479616165161
1,task_2,19,27,0.22991497814655304,1.2761479616165161
1,task_2,19,28,0.23300038278102875,1.2761479616165161
1,task_2,19,29,0.2442345917224884,1.2761479616165161
1,task_2,20,0,0.0,-0.8483733534812927
1,task_2,20,1,0.0,-0.8483733534812927
1,task_2,20,2,0.0,-0.8483733534812927
1,task_2,20,3,0.0,-0.8483733534812927
1,task_2,20,4,0.0,-0.8483733534812927
1,task_2,20,5,0.0,-0.8483733534812927
1,task_2,20,6,0.0,-0.8483733534812927
1,task_2,20,7,0.0,-0.8483733534812927
1,task_2,20,8,0.0,-0.8483733534812927
1,task_2,20,9,0.0,-0.8483733534812927
1,task_2,20,10,0.020627304911613464,-0.8089687824249268
1,task_2,20,11,0.05860332399606705,-0.7364456057548523
1,task_2,20,12,0.09592436254024506,-0.6628838181495667
1,task_2,20,13,0.14084278047084808,-0.5746026039123535
1,task_2,20,14,0.18760977685451508,-0.4816499948501587
1,task_2,20,15,0.24309797585010529,-0.3709627389907837
1,task_2,20,16,0.29414576292037964,-0.26724720001220703
1,task_2,20,17,0.36093831062316895,-0.13307781517505646
1,task_2,20,18,0.4324236512184143,0.012544992379844189
1,task_2,20,19,0.49932724237442017,0.1494288444519043
1,task_2,20,20,0.5794990658760071,0.31341493129730225
1,task_2,20,21,0.6637351512908936,0.483035683631897
1,task_2,20,22,0.755310595035553,0.6680508255958557
1,task_2,20,23,0.8534674644470215,0.866607666015625
1,task_2,20,24,0.9555671215057373,1.0725734233856201
1,task_2,20,25,1.068737506866455,1.301228642463684
1,task_2,20,26,1.1845557689666748,1.5367697477340698
1,task_2,20,27,1.2972197532653809,1.7656540870666504
1,task_2,20,28,1.428782343864441,2.0319864749908447
1,task_2,20,29,1.5746066570281982,2.3182785511016846
1,task_2,21,0,1.407188892364502,465.6612854003906
1,task_2,21,1,1.407188892364502,465.6612854003906
1,task_2,21,2,1.407188892364502,465.6612854003906
1,task_2,21,3,1.407188892364502,465.6612854003906
1,task_2,21,4,1.407188892364502,465.6612854003906
1,task_2,21,5,1.407188892364502,465.6612854003906
1,task_2,21,6,1.407188892364502,465.6612854003906
1,task_2,21,7,1.407188892364502,465.6612854003906
1,task_2,21,8,1.407188892364502,465.6612854003906
1,task_2,21,9,1.407188892364502,465.6612854003906
1,task_2,21,10,1.407188892364502,465.6612854003906
1,task_2,21,11,1.407188892364502,465.6612854003906
1,task_2,21,12,1.407188892364502,465.6612854003906
1,task_2,21,13,1.407188892364502,465.6612854003906
1,task_2,21,14,1.407188892364502,465.6612854003906
1,task_2,21,15,1.407188892364502,465.6612854003906
1,task_2,21,16,1.407188892364502,465.6612854003906
1,task_2,21,17,1.407188892364502,465.6612854003906
1,task_2,21,18,1.407188892364502,465.6612854003906
1,task_2,21,19,1.407188892364502,465.6612854003906
1,task_2,21,20,1.407188892364502,465.6612854003906
1,task_2,21,21,1.407188892364502,465.6612854003906
1,task_2,21,22,1.407188892364502,465.6612854003906
1,task_2,21,23,1.407188892364502,465.6612854003906
1,task_2,21,24,1.407188892364502,465.6612854003906
1,task_2,21,25,1.407188892364502,465.6612854003906
1,task_2,21,26,1.407188892364502,465.6612854003906
1,task_2,21,27,1.407188892364502,465.6612854003906
1,task_2,21,28,1.407188892364502,465.6612854003906
1,task_2,21,29,1.407188892364502,465.6612854003906
1,task_2,22,0,0.4152339696884155,-1.3069871664047241
1,task_2,22,1,0.48499348759651184,-1.2354645729064941
1,task_2,22,2,0.5511254072189331,-1.1669423580169678
1,task_2,22,3,0.6266235113143921,-1.0893522500991821
1,task_2,22,4,0.6959143280982971,-1.0207548141479492
1,task_2,22,5,0.7720595002174377,-0.9472580552101135
1,task_2,22,6,0.8400640487670898,-0.8820734024047852
1,task_2,22,7,0.9145700931549072,-0.8101943135261536
1,task_2,22,8,0.9783651232719421,-0.7481740117073059
1,task_2,22,9,1.0552427768707275,-0.6735885143280029
1,task_2,22,10,1.1451354026794434,-0.5874501466751099
1,task_2,22,11,1.2247674465179443,-0.5113824009895325
1,task_2,22,12,1.3085856437683105,-0.43186715245246887
1,task_2,22,13,1.4033567905426025,-0.34174755215644836
1,task_2,22,14,1.4923055171966553,-0.2575214207172394
1,task_2,22,15,1.603898525238037,-0.15161916613578796
1,task_2,22,16,1.6971557140350342,-0.06424712389707565
1,task_2,22,17,1.8064227104187012,0.03880327567458153
1,task_2,22,18,1.9348955154418945,0.15961222350597382
1,task_2,22,19,2.055011749267578,0.27218371629714966
1,task_2,22,20,2.186783790588379,0.39552196860313416
1,task_2,22,21,2.3361597061157227,0.5351302623748779
1,task_2,22,22,2.4933018684387207,0.6816636323928833
1,task_2,22,23,2.645796775817871,0.8235566020011902
1,task_2,22,24,2.8207876682281494,0.987114667892456
1,task_2,22,25,3.003829002380371,1.158136010169983
1,task_2,22,26,3.1936800479888916,1.3351439237594604
1,task_2,22,27,3.3894717693328857,1.518147349357605
1,task_2,22,28,3.599372625350952,1.7144577503204346
1,task_2,22,29,4.589517593383789,2.6071510314941406
1,task_2,23,0,0.04215683043003082,-0.8444902896881104
1,task_2,23,1,0.04867038130760193,-0.8373881578445435
1,task_2,23,2,0.0538305789232254,-0.831596314907074
1,task_2,23,3,0.0583685040473938,-0.8254095315933228
1,task_2,23,4,0.06168689578771591,-0.8202511072158813
1,task_2,23,5,0.0663553774356842,-0.8130553960800171
1,task_2,23,6,0.0721355453133583,-0.8036182522773743
1,task_2,23,7,0.08364653587341309,-0.7839646935462952
1,task_2,23,8,0.09575050324201584,-0.762725830078125
1,task_2,23,9,0.10731826722621918,-0.742442786693573
1,task_2,23,10,0.13263443112373352,-0.6980246305465698
1,task_2,23,11,0.15787309408187866,-0.6537280082702637
1,task_2,23,12,0.18893782794475555,-0.5991373658180237
1,task_2,23,13,0.23269402980804443,-0.5219956040382385
1,task_2,23,14,0.25991564989089966,-0.47388336062431335
1,task_2,23,15,0.3189889192581177,-0.36960741877555847
1,task_2,23,16,0.35952138900756836,-0.2976991832256317
1,task_2,23,17,0.4185302257537842,-0.19323045015335083
1,task_2,23,18,0.4931706190109253,-0.06110928952693939
1,task_2,23,19,0.5617949366569519,0.060863494873046875
1,task_2,23,20,0.6411066651344299,0.20381785929203033
1,task_2,23,21,0.7309066653251648,0.36565038561820984
1,task_2,23,22,0.830090343952179,0.5452766418457031
1,task_2,23,23,0.9292172193527222,0.7249120473861694
1,task_2,23,24,1.043290138244629,0.9315035939216614
1,task_2,23,25,1.17437744140625,1.1686829328536987
1,task_2,23,26,1.2983676195144653,1.39337158203125
1,task_2,23,27,1.4381850957870483,1.6464430093765259
1,task_2,23,28,1.5796929597854614,1.9027467966079712
1,task_2,23,29,2.214189291000366,2.9900851249694824
1,task_2,24,0,0.0,-0.8222357630729675
1,task_2,24,1,0.0,-0.8222357630729675
1,task_2,24,2,0.0,-0.8222357630729675
1,task_2,24,3,0.0,-0.8222357630729675
1,task_2,24,4,0.0,-0.8222357630729675
1,task_2,24,5,0.0,-0.8222357630729675
1,task_2,24,6,0.0,-0.8222357630729675
1,task_2,24,7,0.0,-0.8222357630729675
1,task_2,24,8,0.0,-0.8222357630729675
1,task_2,24,9,0.0,-0.8222357630729675
1,task_2,24,10,0.0,-0.8222357630729675
1,task_2,24,11,0.0,-0.8222357630729675
1,task_2,24,12,0.0,-0.8222357630729675
1,task_2,24,13,0.0,-0.8222357630729675
1,task_2,24,14,0.017942041158676147,-0.6267886757850647
1,task_2,24,15,0.03160873055458069,-0.4512624442577362
1,task_2,24,16,0.046681687235832214,-0.2481091171503067
1,task_2,24,17,0.0636480301618576,0.03244541585445404
1,task_2,24,18,0.07234881818294525,0.21042130887508392
1,task_2,24,19,0.0811334103345871,0.42427659034729004
1,task_2,24,20,0.08589288592338562,0.5456422567367554
1,task_2,24,21,0.08971405029296875,0.638823390007019
1,task_2,24,22,0.09384888410568237,0.7310465574264526
1,task_2,24,23,0.09721440076828003,0.8228925466537476
1,task_2,24,24,0.10318365693092346,0.9824604988098145
1,task_2,24,25,0.10942935943603516,1.1557466983795166
1,task_2,24,26,0.11500787734985352,1.3146981000900269
1,task_2,24,27,0.12146824598312378,1.4934062957763672
1,task_2,24,28,0.13110888004302979,1.7877063751220703
1,task_2,24,29,0.16070328652858734,2.6978933811187744
1,task_2,25,0,0.6210662126541138,-116.41532135009766
1,task_2,25,1,0.6210662126541138,-116.41532135009766
1,task_2,25,2,0.6210662126541138,-116.41532135009766
1,task_2,25,3,0.6210662126541138,-116.41532135009766
1,task_2,25,4,0.6210662126541138,-116.41532135009766
1,task_2,25,5,0.6210662126541138,-116.41532135009766
1,task_2,25,6,0.6210662126541138,-116.41532135009766
1,task_2,25,7,0.6210662126541138,-116.41532135009766
1,task_2,25,8,0.6210662126541138,-116.41532135009766
1,task_2,25,9,0.6210662126541138,-116.41532135009766
1,task_2,25,10,0.6210662126541138,-116.41532135009766
1,task_2,25,11,0.6210662126541138,-116.41532135009766
1,task_2,25,12,0.6210662126541138,-116.41532135009766
1,task_2,25,13,0.6210662126541138,-116.41532135009766
1,task_2,25,14,0.6210662126541138,-116.41532135009766
1,task_2,25,15,0.6210662126541138,-116.41532135009766
1,task_2,25,16,0.6210662126541138,-116.41532135009766
1,task_2,25,17,0.6210662126541138,-116.41532135009766
1,task_2,25,18,0.6210662126541138,-116.41532135009766
1,task_2,25,19,0.6210662126541138,-116.41532135009766
1,task_2,25,20,0.6210662126541138,-116.41532135009766
1,task_2,25,21,0.6210662126541138,-116.41532135009766
1,task_2,25,22,0.6210662126541138,-116.41532135009766
1,task_2,25,23,0.6210662126541138,-116.41532135009766
1,task_2,25,24,0.6210662126541138,-116.41532135009766
1,task_2,25,25,0.6210662126541138,-116.41532135009766
1,task_2,25,26,0.6210662126541138,-116.41532135009766
1,task_2,25,27,0.6210662126541138,-116.41532135009766
1,task_2,25,28,0.6210662126541138,-116.41532135009766
1,task_2,25,29,0.6210662126541138,-116.41532135009766
1,task_2,26,0,0.6611838936805725,-1.0940132141113281
1,task_2,26,1,0.7423734068870544,-1.0460010766983032
1,task_2,26,2,0.8109751343727112,-1.0066593885421753
1,task_2,26,3,0.8803564310073853,-0.9680362343788147
1,task_2,26,4,0.955955982208252,-0.9274541735649109
1,task_2,26,5,1.0396013259887695,-0.8830212950706482
1,task_2,26,6,1.116154670715332,-0.8425320386886597
1,task_2,26,7,1.1960378885269165,-0.800566554069519
1,task_2,26,8,1.263703465461731,-0.765393078327179
1,task_2,26,9,1.3633323907852173,-0.7137437462806702
1,task_2,26,10,1.4752616882324219,-0.6552515625953674
1,task_2,26,11,1.5941871404647827,-0.5928924083709717
1,task_2,26,12,1.710797905921936,-0.5317677855491638
1,task_2,26,13,1.876191258430481,-0.4451669454574585
1,task_2,26,14,1.9929118156433105,-0.3837670385837555
1,task_2,26,15,2.1838271617889404,-0.2828671634197235
1,task_2,26,16,2.3577942848205566,-0.1903901994228363
1,task_2,26,17,2.552403211593628,-0.08689702302217484
1,task_2,26,18,2.7779288291931152,0.03328663483262062
1,task_2,26,19,3.0214109420776367,0.1626095324754715
1,task_2,26,20,3.2867517471313477,0.3033679723739624
1,task_2,26,21,3.5811514854431152,0.4595625698566437
1,task_2,26,22,3.9075214862823486,0.6323223114013672
1,task_2,26,23,4.220446586608887,0.797907292842865
1,task_2,26,24,4.596454620361328,0.9967063069343567
1,task_2,26,25,4.989809036254883,1.2046382427215576
1,task_2,26,26,5.414323329925537,1.4287651777267456
1,task_2,26,27,5.85286808013916,1.6602715253829956
1,task_2,26,28,6.3523054122924805,1.9235937595367432
1,task_2,26,29,7.700402736663818,2.613386869430542
1,task_2,27,0,0.0,0.20966635644435883
1,task_2,27,1,0.0,0.20966635644435883
1,task_2,27,2,0.0,0.20966635644435883
1,task_2,27,3,0.0,0.20966635644435883
1,task_2,27,4,0.0,0.20966635644435883
1,task_2,27,5,0.0,0.20966635644435883
1,task_2,27,6,0.0,0.20966635644435883
1,task_2,27,7,0.0,0.20966635644435883
1,task_2,27,8,0.0,0.20966635644435883
1,task_2,27,9,0.0,0.20966635644435883
1,task_2,27,10,0.0,0.20966635644435883
1,task_2,27,11,0.0,0.20966635644435883
1,task_2,27,12,0.0,0.20966635644435883
1,task_2,27,13,0.0,0.20966635644435883
1,task_2,27,14,0.0,0.20966635644435883
1,task_2,27,15,0.0,0.20966635644435883
1,task_2,27,16,0.0,0.20966635644435883
1,task_2,27,17,0.0,0.20966635644435883
1,task_2,27,18,0.0,0.20966635644435883
1,task_2,27,19,0.0,0.20966635644435883
1,task_2,27,20,0.0,0.20966635644435883
1,task_2,27,21,0.0,0.20966635644435883
1,task_2,27,22,0.0,0.20966635644435883
1,task_2,27,23,0.0,0.20966635644435883
1,task_2,27,24,0.0,0.20966635644435883
1,task_2,27,25,0.0,0.20966635644435883
1,task_2,27,26,0.0,0.20966635644435883
1,task_2,27,27,0.014103412628173828,0.022485624998807907
1,task_2,27,28,0.04727788269519806,-0.42703279852867126
1,task_2,27,29,1.1518110036849976,-5.256444931030273
1,task_2,28,0,0.0,0.23501095175743103
1,task_2,28,1,0.0,0.23501095175743103
1,task_2,28,2,0.0,0.23501095175743103
1,task_2,28,3,0.0,0.23501095175743103
1,task_2,28,4,0.0,0.23501095175743103
1,task_2,28,5,0.0,0.23501095175743103
1,task_2,28,6,0.0,0.23501095175743103
1,task_2,28,7,0.0,0.23501095175743103
1,task_2,28,8,0.0,0.23501095175743103
1,task_2,28,9,0.0,0.23501095175743103
1,task_2,28,10,0.0,0.23501095175743103
1,task_2,28,11,0.0,0.23501095175743103
1,task_2,28,12,0.0,0.23501095175743103
1,task_2,28,13,0.0,0.23501095175743103
1,task_2,28,14,0.0,0.23501095175743103
1,task_2,28,15,0.0,0.23501095175743103
1,task_2,28,16,0.0,0.23501095175743103
1,task_2,28,17,0.0,0.23501095175743103
1,task_2,28,18,0.0,0.23501095175743103
1,task_2,28,19,0.0,0.23501095175743103
1,task_2,28,20,0.0,0.23501095175743103
1,task_2,28,21,0.0,0.23501095175743103
1,task_2,28,22,0.0,0.23501095175743103
1,task_2,28,23,0.0,0.23501095175743103
1,task_2,28,24,0.0,0.23501095175743103
1,task_2,28,25,0.0,0.23501095175743103
1,task_2,28,26,0.0,0.23501095175743103
1,task_2,28,27,0.04104098677635193,-0.3117387592792511
1,task_2,28,28,0.08196815848350525,-0.870887279510498
1,task_2,28,29,1.030124306678772,-5.162669658660889
1,task_2,29,0,0.0,0.47055530548095703
1,task_2,29,1,0.0,0.47055530548095703
1,task_2,29,2,0.0,0.47055530548095703
1,task_2,29,3,0.0,0.47055530548095703
1,task_2,29,4,0.0,0.47055530548095703
1,task_2,29,5,0.0,0.47055530548095703
1,task_2,29,6,0.0,0.47055530548095703
1,task_2,29,7,0.0,0.47055530548095703
1,task_2,29,8,0.0,0.47055530548095703
1,task_2,29,9,0.0,0.47055530548095703
1,task_2,29,10,0.0,0.47055530548095703
1,task_2,29,11,0.0,0.47055530548095703
1,task_2,29,12,0.0,0.47055530548095703
1,task_2,29,13,0.0,0.47055530548095703
1,task_2,29,14,0.0,0.47055530548095703
1,task_2,29,15,0.0,0.47055530548095703
1,task_2,29,16,0.0,0.47055530548095703
1,task_2,29,17,0.0,0.47055530548095703
1,task_2,29,18,0.0,0.47055530548095703
1,task_2,29,19,0.0,0.47055530548095703
1,task_2,29,20,0.0,0.47055530548095703
1,task_2,29,21,0.008449546061456203,0.4197154939174652
1,task_2,29,22,0.06606197357177734,0.07236380875110626
1,task_2,29,23,0.12353841960430145,-0.2626180648803711
1,task_2,29,24,0.17639002203941345,-0.5943549871444702
1,task_2,29,25,0.23256881535053253,-0.9205366969108582
1,task_2,29,26,0.28128403425216675,-1.2313098907470703
1,task_2,29,27,0.32974672317504883,-1.5487102270126343
1,task_2,29,28,0.3817023038864136,-1.8906694650650024
1,task_2,29,29,1.046499490737915,-3.925539493560791
1,task_2,30,0,0.0,-1.0231236219406128
1,task_2,30,1,0.0,-1.0231236219406128
1,task_2,30,2,0.0,-1.0231236219406128
1,task_2,30,3,0.0,-1.0231236219406128
1,task_2,30,4,0.01930132508277893,-1.0099848508834839
1,task_2,30,5,0.09177426993846893,-0.9611109495162964
1,task_2,30,6,0.15227635204792023,-0.9173328280448914
1,task_2,30,7,0.23177893459796906,-0.8615225553512573
1,task_2,30,8,0.30329805612564087,-0.8125040531158447
1,task_2,30,9,0.3888775110244751,-0.7546420693397522
1,task_2,30,10,0.48955225944519043,-0.6852421760559082
1,task_2,30,11,0.5929118990898132,-0.6131210923194885
1,task_2,30,12,0.7031283378601074,-0.5380513072013855
1,task_2,30,13,0.8142054080963135,-0.4580116271972656
1,task_2,30,14,0.9445127248764038,-0.3645666539669037
1,task_2,30,15,1.0823652744293213,-0.26371777057647705
1,task_2,30,16,1.2272464036941528,-0.15536938607692719
1,task_2,30,17,1.382250428199768,-0.044460032135248184
1,task_2,30,18,1.5584418773651123,0.08481450378894806
1,task_2,30,19,1.7429078817367554,0.22276552021503448
1,task_2,30,20,1.9405540227890015,0.3668035566806793
1,task_2,30,21,2.1644248962402344,0.5327207446098328
1,task_2,30,22,2.3913462162017822,0.7009355425834656
1,task_2,30,23,2.626070261001587,0.8733665943145752
1,task_2,30,24,2.889448642730713,1.0691224336624146
1,task_2,30,25,3.1834194660186768,1.284090518951416
1,task_2,30,26,3.4745941162109375,1.4992097616195679
1,task_2,30,27,3.777071475982666,1.7229489088058472
1,task_2,30,28,4.109381198883057,1.9687987565994263
1,task_2,30,29,4.460312366485596,2.206554412841797
1,task_2,31,0,0.7939156293869019,-58.20766067504883
1,task_2,31,1,0.7939156293869019,-58.20766067504883
1,task_2,31,2,0.7939156293869019,-58.20766067504883
1,task_2,31,3,0.7939156293869019,-58.20766067504883
1,task_2,31,4,0.7939156293869019,-58.20766067504883
1,task_2,31,5,0.7939156293869019,-58.20766067504883
1,task_2,31,6,0.7939156293869019,-58.20766067504883
1,task_2,31,7,0.7939156293869019,-58.20766067504883
1,task_2,31,8,0.7939156293869019,-58.20766067504883
1,task_2,31,9,0.7939156293869019,-58.20766067504883
1,task_2,31,10,0.7939156293869019,-58.20766067504883
1,task_2,31,11,0.7939156293869019,-58.20766067504883
1,task_2,31,12,0.7939156293869019,-58.20766067504883
1,task_2,31,13,0.7939156293869019,-58.20766067504883
1,task_2,31,14,0.7939156293869019,-58.20766067504883
1,task_2,31,15,0.7939156293869019,-58.20766067504883
1,task_2,31,16,0.7939156293869019,-58.20766067504883
1,task_2,31,17,0.7939156293869019,-58.20766067504883
1,task_2,31,18,0.7939156293869019,-58.20766067504883
1,task_2,31,19,0.7939156293869019,-58.20766067504883
1,task_2,31,20,0.7939156293869019,-58.20766067504883
1,task_2,31,21,0.7939156293869019,-58.20766067504883
1,task_2,31,22,0.7939156293869019,-58.20766067504883
1,task_2,31,23,0.7939156293869019,-58.20766067504883
1,task_2,31,24,0.7939156293869019,-58.20766067504883
1,task_2,31,25,0.7939156293869019,-58.20766067504883
1,task_2,31,26,0.7939156293869019,-58.20766067504883
1,task_2,31,27,0.7939156293869019,-58.20766067504883
1,task_2,31,28,0.7939156293869019,-58.20766067504883
1,task_2,31,29,0.7939156293869019,-58.20766067504883
1,task_2,32,0,0.0,-1.656859278678894
1,task_2,32,1,0.0,-1.656859278678894
1,task_2,32,2,0.0,-1.656859278678894
1,task_2,32,3,0.0,-1.656859278678894
1,task_2,32,4,0.0,-1.656859278678894
1,task_2,32,5,0.0,-1.656859278678894
1,task_2,32,6,0.042915571480989456,-1.2191948890686035
1,task_2,32,7,0.07302025705575943,-0.7696529626846313
1,task_2,32,8,0.10957583039999008,-0.29976218938827515
1,task_2,32,9,0.1254526674747467,-0.14153563976287842
1,task_2,32,10,0.13503921031951904,-0.05417672544717789
1,task_2,32,11,0.15013453364372253,0.06549002975225449
1,task_2,32,12,0.15768484771251678,0.12807638943195343
1,task_2,32,13,0.16962222754955292,0.22811660170555115
1,task_2,32,14,0.1758722960948944,0.2820078432559967
1,task_2,32,15,0.18708808720111847,0.3762172758579254
1,task_2,32,16,0.19563710689544678,0.45351627469062805
1,task_2,32,17,0.20373377203941345,0.5229953527450562
1,task_2,32,18,0.2106957584619522,0.5832680463790894
1,task_2,32,19,0.21614861488342285,0.6299476623535156
1,task_2,32,20,0.22356824576854706,0.6941608786582947
1,task_2,32,21,0.22934700548648834,0.746296226978302
1,task_2,32,22,0.2340586632490158,0.7877091765403748
1,task_2,32,23,0.23846279084682465,0.8267448544502258
1,task_2,32,24,0.24179384112358093,0.8567660450935364
1,task_2,32,25,0.24482609331607819,0.8855723142623901
1,task_2,32,26,0.24860306084156036,0.9191284775733948
1,task_2,32,27,0.2522176504135132,0.9504196047782898
1,task_2,32,28,0.2575441598892212,0.9991788864135742
1,task_2,32,29,0.31387612223625183,1.489862322807312
1,task_2,33,0,0.0,-0.7984632849693298
1,task_2,33,1,0.0,-0.7984632849693298
1,task_2,33,2,0.0,-0.7984632849693298
1,task_2,33,3,0.0,-0.7984632849693298
1,task_2,33,4,0.0,-0.7984632849693298
1,task_2,33,5,0.0,-0.7984632849693298
1,task_2,33,6,0.0,-0.7984632849693298
1,task_2,33,7,0.0,-0.7984632849693298
1,task_2,33,8,0.0,-0.7984632849693298
1,task_2,33,9,0.0,-0.7984632849693298
1,task_2,33,10,0.014757931232452393,-0.784123420715332
1,task_2,33,11,0.07077854871749878,-0.7290618419647217
1,task_2,33,12,0.1478266566991806,-0.6531720757484436
1,task_2,33,13,0.21147708594799042,-0.5905618071556091
1,task_2,33,14,0.3105009198188782,-0.4934685230255127
1,task_2,33,15,0.39400798082351685,-0.4113236963748932
1,task_2,33,16,0.49977874755859375,-0.30700090527534485
1,task_2,33,17,0.625318169593811,-0.18277226388454437
1,task_2,33,18,0.7524695992469788,-0.05666279047727585
1,task_2,33,19,0.8838732242584229,0.07493077963590622
1,task_2,33,20,1.045357584953308,0.23697039484977722
1,task_2,33,21,1.2109284400939941,0.40389156341552734
1,task_2,33,22,1.3822574615478516,0.5773000717163086
1,task_2,33,23,1.581502079963684,0.7786667346954346
1,task_2,33,24,1.7942663431167603,0.9939213395118713
1,task_2,33,25,2.014331340789795,1.2163152694702148
1,task_2,33,26,2.253506898880005,1.458135724067688
1,task_2,33,27,2.5147430896759033,1.7222739458084106
1,task_2,33,28,2.8032803535461426,2.0138940811157227
1,task_2,33,29,3.5057427883148193,2.7164804935455322
1,task_2,34,0,0.0,-0.9517571926116943
1,task_2,34,1,0.0,-0.9517571926116943
1,task_2,34,2,0.0,-0.9517571926116943
1,task_2,34,3,0.0,-0.9517571926116943
1,task_2,34,4,0.0,-0.9517571926116943
1,task_2,34,5,0.0,-0.9517571926116943
1,task_2,34,6,0.0,-0.9517571926116943
1,task_2,34,7,0.0,-0.9517571926116943
1,task_2,34,8,0.012207329273223877,-0.9275543689727783
1,task_2,34,9,0.04851976037025452,-0.8498762249946594
1,task_2,34,10,0.10006064176559448,-0.7399293184280396
1,task_2,34,11,0.14423930644989014,-0.6454020738601685
1,task_2,34,12,0.18350517749786377,-0.5616374015808105
1,task_2,34,13,0.24318763613700867,-0.4345114529132843
1,task_2,34,14,0.2816375494003296,-0.3531006872653961
1,task_2,34,15,0.34663426876068115,-0.21931935846805573
1,task_2,34,16,0.4022531509399414,-0.10546956956386566
1,task_2,34,17,0.45215970277786255,-0.005039592739194632
1,task_2,34,18,0.5161886811256409,0.12355879694223404
1,task_2,34,19,0.5956845879554749,0.2766713798046112
1,task_2,34,20,0.6619112491607666,0.4027608036994934
1,task_2,34,21,0.7355252504348755,0.5411452651023865
1,task_2,34,22,0.8216394782066345,0.7008411288261414
1,task_2,34,23,0.8963261246681213,0.8396289348602295
1,task_2,34,24,0.9984917044639587,1.0301352739334106
1,task_2,34,25,1.0928819179534912,1.204556941986084
1,task_2,34,26,1.1933448314666748,1.3903526067733765
1,task_2,34,27,1.297356128692627,1.5848586559295654
1,task_2,34,28,1.4072108268737793,1.7885513305664062
1,task_2,34,29,1.8585658073425293,2.5728349685668945
1,task_2,35,0,1.920119047164917,0.0
1,task_2,35,1,1.920119047164917,0.0
1,task_2,35,2,1.920119047164917,0.0
1,task_2,35,3,1.920119047164917,0.0
1,task_2,35,4,1.920119047164917,0.0
1,task_2,35,5,1.920119047164917,0.0
1,task_2,35,6,1.920119047164917,0.0
1,task_2,35,7,1.920119047164917,0.0
1,task_2,35,8,1.920119047164917,0.0
1,task_2,35,9,1.920119047164917,0.0
1,task_2,35,10,1.920119047164917,0.0
1,task_2,35,11,1.920119047164917,0.0
1,task_2,35,12,1.920119047164917,0.0
1,task_2,35,13,1.920119047164917,0.0
1,task_2,35,14,1.920119047164917,0.0
1,task_2,35,15,1.920119047164917,0.0
1,task_2,35,16,1.920119047164917,0.0
1,task_2,35,17,1.920119047164917,0.0
1,task_2,35,18,1.920119047164917,0.0
1,task_2,35,19,1.920119047164917,0.0
1,task_2,35,20,1.920119047164917,0.0
1,task_2,35,21,1.920119047164917,0.0
1,task_2,35,22,1.920119047164917,0.0
1,task_2,35,23,1.920119047164917,0.0
1,task_2,35,24,1.920119047164917,0.0
1,task_2,35,25,1.920119047164917,0.0
1,task_2,35,26,1.920119047164917,0.0
1,task_2,35,27,1.920119047164917,0.0
1,task_2,35,28,1.920119047164917,0.0
1,task_2,35,29,1.920119047164917,0.0
1,task_2,36,0,0.0,-0.4709447920322418
1,task_2,36,1,0.0,-0.4709447920322418
1,task_2,36,2,0.0,-0.4709447920322418
1,task_2,36,3,0.0,-0.4709447920322418
1,task_2,36,4,0.0,-0.4709447920322418
1,task_2,36,5,0.0,-0.4709447920322418
1,task_2,36,6,0.0,-0.4709447920322418
1,task_2,36,7,0.0,-0.4709447920322418
1,task_2,36,8,0.0,-0.4709447920322418
1,task_2,36,9,0.0,-0.4709447920322418
1,task_2,36,10,0.0,-0.4709447920322418
1,task_2,36,11,0.0,-0.4709447920322418
1,task_2,36,12,0.0,-0.4709447920322418
1,task_2,36,13,0.0,-0.4709447920322418
1,task_2,36,14,0.0,-0.4709447920322418
1,task_2,36,15,0.0,-0.4709447920322418
1,task_2,36,16,0.0,-0.4709447920322418
1,task_2,36,17,0.0,-0.4709447920322418
1,task_2,36,18,0.0,-0.4709447920322418
1,task_2,36,19,0.0,-0.4709447920322418
1,task_2,36,20,0.0,-0.4709447920322418
1,task_2,36,21,0.03428387641906738,-0.33116281032562256
1,task_2,36,22,0.10599791258573532,-0.0931391641497612
1,task_2,36,23,0.1678922176361084,0.21848972141742706
1,task_2,36,24,0.2349807173013687,0.5925470590591431
1,task_2,36,25,0.2948378920555115,0.8874300122261047
1,task_2,36,26,0.3481196165084839,1.203508734703064
1,task_2,36,27,0.3995680809020996,1.5452682971954346
1,task_2,36,28,0.4549296200275421,1.9356589317321777
1,task_2,36,29,2.0094592571258545,3.9312386512756348
1,task_2,37,0,0.22185958921909332,0.0
1,task_2,37,1,0.22185958921909332,0.0
1,task_2,37,2,0.22185958921909332,0.0
1,task_2,37,3,0.22185958921909332,0.0
1,task_2,37,4,0.22185958921909332,0.0
1,task_2,37,5,0.22185958921909332,0.0
1,task_2,37,6,0.22185958921909332,0.0
1,task_2,37,7,0.22185958921909332,0.0
1,task_2,37,8,0.22185958921909332,0.0
1,task_2,37,9,0.22185958921909332,0.0
1,task_2,37,10,0.22185958921909332,0.0
1,task_2,37,11,0.22185958921909332,0.0
1,task_2,37,12,0.22185958921909332,0.0
1,task_2,37,13,0.22185958921909332,0.0
1,task_2,37,14,0.22185958921909332,0.0
1,task_2,37,15,0.22185958921909332,0.0
1,task_2,37,16,0.22185958921909332,0.0
1,task_2,37,17,0.22185958921909332,0.0
1,task_2,37,18,0.22185958921909332,0.0
1,task_2,37,19,0.22185958921909332,0.0
1,task_2,37,20,0.22185958921909332,0.0
1,task_2,37,21,0.22185958921909332,0.0
1,task_2,37,22,0.22185958921909332,0.0
1,task_2,37,23,0.22185958921909332,0.0
1,task_2,37,24,0.22185958921909332,0.0
1,task_2,37,25,0.22185958921909332,0.0
1,task_2,37,26,0.22185958921909332,0.0
1,task_2,37,27,0.22185958921909332,0.0
1,task_2,37,28,0.22185958921909332,0.0
1,task_2,37,29,0.22185958921909332,0.0
1,task_2,38,0,0.0,0.18275709450244904
1,task_2,38,1,0.0,0.18275709450244904
1,task_2,38,2,0.0,0.18275709450244904
1,task_2,38,3,0.0,0.18275709450244904
1,task_2,38,4,0.0,0.18275709450244904
1,task_2,38,5,0.0,0.18275709450244904
1,task_2,38,6,0.0,0.18275709450244904
1,task_2,38,7,0.0,0.18275709450244904
1,task_2,38,8,0.0,0.18275709450244904
1,task_2,38,9,0.0,0.18275709450244904
1,task_2,38,10,0.0,0.18275709450244904
1,task_2,38,11,0.0,0.18275709450244904
1,task_2,38,12,0.0,0.18275709450244904
1,task_2,38,13,0.0,0.18275709450244904
1,task_2,38,14,0.0,0.18275709450244904
1,task_2,38,15,0.0,0.18275709450244904
1,task_2,38,16,0.0,0.18275709450244904
1,task_2,38,17,0.0,0.18275709450244904
1,task_2,38,18,0.0,0.18275709450244904
1,task_2,38,19,0.0,0.18275709450244904
1,task_2,38,20,0.0,0.18275709450244904
1,task_2,38,21,0.0,0.18275709450244904
1,task_2,38,22,0.0,0.18275709450244904
1,task_2,38,23,0.0,0.18275709450244904
1,task_2,38,24,0.0,0.18275709450244904
1,task_2,38,25,0.0,0.18275709450244904
1,task_2,38,26,0.0,0.18275709450244904
1,task_2,38,27,0.0,0.18275709450244904
1,task_2,38,28,0.0002866685390472412,0.1774507462978363
1,task_2,38,29,0.47003522515296936,-5.294649124145508
1,task_2,39,0,0.27088794112205505,465.6612854003906
1,task_2,39,1,0.27088794112205505,465.6612854003906
1,task_2,39,2,0.27088794112205505,465.6612854003906
1,task_2,39,3,0.27088794112205505,465.6612854003906
1,task_2,39,4,0.27088794112205505,465.6612854003906
1,task_2,39,5,0.27088794112205505,465.6612854003906
1,task_2,39,6,0.27088794112205505,465.6612854003906
1,task_2,39,7,0.27088794112205505,465.6612854003906
1,task_2,39,8,0.27088794112205505,465.6612854003906
1,task_2,39,9,0.27088794112205505,465.6612854003906
1,task_2,39,10,0.27088794112205505,465.6612854003906
1,task_2,39,11,0.27088794112205505,465.6612854003906
1,task_2,39,12,0.27088794112205505,465.6612854003906
1,task_2,39,13,0.27088794112205505,465.6612854003906
1,task_2,39,14,0.27088794112205505,465.6612854003906
1,task_2,39,15,0.27088794112205505,465.6612854003906
1,task_2,39,16,0.27088794112205505,465.6612854003906
1,task_2,39,17,0.27088794112205505,465.6612854003906
1,task_2,39,18,0.27088794112205505,465.6612854003906
1,task_2,39,19,0.27088794112205505,465.6612854003906
1,task_2,39,20,0.27088794112205505,465.6612854003906
1,task_2,39,21,0.27088794112205505,465.6612854003906
1,task_2,39,22,0.27088794112205505,465.6612854003906
1,task_2,39,23,0.27088794112205505,465.6612854003906
1,task_2,39,24,0.27088794112205505,465.6612854003906
1,task_2,39,25,0.27088794112205505,465.6612854003906
1,task_2,39,26,0.27088794112205505,465.6612854003906
1,task_2,39,27,0.27088794112205505,465.6612854003906
1,task_2,39,28,0.27088794112205505,465.6612854003906
1,task_2,39,29,0.27088794112205505,465.6612854003906
1,task_2,40,0,0.5311665534973145,-0.99310702085495
1,task_2,40,1,0.5635496377944946,-0.9666979312896729
1,task_2,40,2,0.5965548753738403,-0.9392768740653992
1,task_2,40,3,0.6231831908226013,-0.9167216420173645
1,task_2,40,4,0.6594403982162476,-0.8869684338569641
1,task_2,40,5,0.6988370418548584,-0.8548935055732727
1,task_2,40,6,0.7309152483940125,-0.8288705348968506
1,task_2,40,7,0.7700075507164001,-0.7973546385765076
1,task_2,40,8,0.818812370300293,-0.7585335969924927
1,task_2,40,9,0.8709758520126343,-0.7170981764793396
1,task_2,40,10,0.9325835108757019,-0.668682873249054
1,task_2,40,11,0.998944878578186,-0.6165155172348022
1,task_2,40,12,1.0778108835220337,-0.5542292594909668
1,task_2,40,13,1.1608980894088745,-0.48853054642677307
1,task_2,40,14,1.2579669952392578,-0.4118315279483795
1,task_2,40,15,1.3644781112670898,-0.32867714762687683
1,task_2,40,16,1.4890389442443848,-0.23211711645126343
1,task_2,40,17,1.627902626991272,-0.12451565265655518
1,task_2,40,18,1.775511622428894,-0.010951310396194458
1,task_2,40,19,1.9410772323608398,0.11685152351856232
1,task_2,40,20,2.120560884475708,0.2551645040512085
1,task_2,40,21,2.329848527908325,0.416057288646698
1,task_2,40,22,2.553426504135132,0.5880051851272583
1,task_2,40,23,2.7871248722076416,0.768054187297821
1,task_2,40,24,3.057133674621582,0.9762221574783325
1,task_2,40,25,3.324831485748291,1.1825599670410156
1,task_2,40,26,3.639244318008423,1.425042986869812
1,task_2,40,27,3.9578280448913574,1.6706467866897583
1,task_2,40,28,4.3222832679748535,1.9516876935958862
1,task_2,40,29,5.383817195892334,2.745283603668213
1,task_2,41,0,0.0,-1.1216257810592651
1,task_2,41,1,0.0,-1.1216257810592651
1,task_2,41,2,0.0,-1.1216257810592651
1,task_2,41,3,0.0,-1.1216257810592651
1,task_2,41,4,0.0,-1.1216257810592651
1,task_2,41,5,0.0,-1.1216257810592651
1,task_2,41,6,0.0,-1.1216257810592651
1,task_2,41,7,0.0,-1.1216257810592651
1,task_2,41,8,0.0,-1.1216257810592651
1,task_2,41,9,0.006365790963172913,-1.0778589248657227
1,task_2,41,10,0.023062795400619507,-0.9440693855285645
1,task_2,41,11,0.04408363252878189,-0.7806693911552429
1,task_2,41,12,0.0693952888250351,-0.5622169971466064
1,task_2,41,13,0.09547613561153412,-0.33236053586006165
1,task_2,41,14,0.11821158230304718,-0.13066281378269196
1,task_2,41,15,0.13973508775234222,0.060176294296979904
1,task_2,41,16,0.1708909273147583,0.341111958026886
1,task_2,41,17,0.19866344332695007,0.5759662985801697
1,task_2,41,18,0.22411689162254333,0.7584619522094727
1,task_2,41,19,0.24868613481521606,0.9102431535720825
1,task_2,41,20,0.28501182794570923,1.1276507377624512
1,task_2,41,21,0.316841721534729,1.1276507377624512
1,task_2,41,22,0.34623807668685913,1.1276507377624512
1,task_2,41,23,0.3816222548484802,1.1276507377624512
1,task_2,41,24,0.4088682234287262,1.1276507377624512
1,task_2,41,25,0.44413551688194275,1.1276507377624512
1,task_2,41,26,0.48164013028144836,1.1276507377624512
1,task_2,41,27,0.5146410465240479,1.1276507377624512
1,task_2,41,28,0.5527969598770142,1.1276507377624512
1,task_2,41,29,0.6148384809494019,1.1276507377624512
1,task_2,42,0,0.004424065351486206,-0.8300758004188538
1,task_2,42,1,0.012120082974433899,-0.8239195346832275
1,task_2,42,2,0.018378689885139465,-0.8189615607261658
1,task_2,42,3,0.025226518511772156,-0.8135900497436523
1,task_2,42,4,0.03457026183605194,-0.8061724305152893
1,task_2,42,5,0.044406548142433167,-0.798553466796875
1,task_2,42,6,0.055485114455223083,-0.7899067997932434
1,task_2,42,7,0.07153107225894928,-0.7774890065193176
1,task_2,42,8,0.09312231838703156,-0.760631799697876
1,task_2,42,9,0.12205611169338226,-0.7378760576248169
1,task_2,42,10,0.17695771157741547,-0.6942192912101746
1,task_2,42,11,0.22106151282787323,-0.6590723991394043
1,task_2,42,12,0.2762860059738159,-0.615057110786438
1,task_2,42,13,0.3657294511795044,-0.5436226725578308
1,task_2,42,14,0.4295817017555237,-0.4925491511821747
1,task_2,42,15,0.544816255569458,-0.40036818385124207
1,task_2,42,16,0.6488642692565918,-0.3170241415500641
1,task_2,42,17,0.7775578498840332,-0.21390683948993683
1,task_2,42,18,0.9277564287185669,-0.09350122511386871
1,task_2,42,19,1.0888524055480957,0.036086246371269226
1,task_2,42,20,1.2678529024124146,0.18033888936042786
1,task_2,42,21,1.4838968515396118,0.35449254512786865
1,task_2,42,22,1.7132614850997925,0.5398826599121094
1,task_2,42,23,1.9390500783920288,0.7224220037460327
1,task_2,42,24,2.2162349224090576,0.9465318322181702
1,task_2,42,25,2.512230396270752,1.1858134269714355
1,task_2,42,26,2.832642078399658,1.4449654817581177
1,task_2,42,27,3.149869441986084,1.7013691663742065
1,task_2,42,28,3.525268316268921,2.004837989807129
1,task_2,42,29,4.623946189880371,2.8697569370269775
1,task_2,43,0,0.0,-1.1243231296539307
1,task_2,43,1,0.0,-1.1243231296539307
1,task_2,43,2,0.0,-1.1243231296539307
1,task_2,43,3,0.0,-1.1243231296539307
1,task_2,43,4,0.0,-1.1243231296539307
1,task_2,43,5,0.0,-1.1243231296539307
1,task_2,43,6,0.0,-1.1243231296539307
1,task_2,43,7,0.0,-1.1243231296539307
1,task_2,43,8,0.0,-1.1243231296539307
1,task_2,43,9,0.0,-1.1243231296539307
1,task_2,43,10,0.0,-1.1243231296539307
1,task_2,43,11,0.0,-1.1243231296539307
1,task_2,43,12,0.0,-1.1243231296539307
1,task_2,43,13,0.014274001121520996,0.8597766757011414
1,task_2,43,14,0.024064943194389343,0.8597766757011414
1,task_2,43,15,0.035713449120521545,0.8597766757011414
1,task_2,43,16,0.04519858956336975,0.8597766757011414
1,task_2,43,17,0.058049276471138,0.8597766757011414
1,task_2,43,18,0.06722836196422577,0.8597766757011414
1,task_2,43,19,0.07529996335506439,0.8597766757011414
1,task_2,43,20,0.084653839468956,0.8597766757011414
1,task_2,43,21,0.09159864485263824,0.8597766757011414
1,task_2,43,22,0.09834866225719452,0.8597766757011414
1,task_2,43,23,0.10452170670032501,0.8597766757011414
1,task_2,43,24,0.11166350543498993,0.8597766757011414
1,task_2,43,25,0.11649717390537262,0.8597766757011414
1,task_2,43,26,0.12163133919239044,0.8597766757011414
1,task_2,43,27,0.12694309651851654,0.8597766757011414
1,task_2,43,28,0.13289977610111237,0.8597766757011414
1,task_2,43,29,0.15414530038833618,0.8597766757011414
1,task_2,44,0,0.0,-0.8672618865966797
1,task_2,44,1,0.0,-0.8672618865966797
1,task_2,44,2,0.0,-0.8672618865966797
1,task_2,44,3,0.0,-0.8672618865966797
1,task_2,44,4,0.0,-0.8672618865966797
1,task_2,44,5,0.0,-0.8672618865966797
1,task_2,44,6,0.0,-0.8672618865966797
1,task_2,44,7,0.02078425884246826,-0.8571850657463074
1,task_2,44,8,0.10137426853179932,-0.8182713985443115
1,task_2,44,9,0.19864070415496826,-0.7721237540245056
1,task_2,44,10,0.31674423813819885,-0.7172104716300964
1,task_2,44,11,0.42765089869499207,-0.6652649641036987
1,task_2,44,12,0.5654894113540649,-0.6000084280967712
1,task_2,44,13,0.7146352529525757,-0.5279719233512878
1,task_2,44,14,0.871050238609314,-0.45158231258392334
1,task_2,44,15,1.057992935180664,-0.357374370098114
1,task_2,44,16,1.2494803667068481,-0.2596936821937561
1,task_2,44,17,1.4770028591156006,-0.14228330552577972
1,task_2,44,18,1.7158743143081665,-0.017615042626857758
1,task_2,44,19,1.97101628780365,0.11838401854038239
1,task_2,44,20,2.2523393630981445,0.26906850934028625
1,task_2,44,21,2.5594704151153564,0.43535780906677246
1,task_2,44,22,2.8944969177246094,0.6171405911445618
1,task_2,44,23,3.231905221939087,0.8011624813079834
1,task_2,44,24,3.616091012954712,1.0103086233139038
1,task_2,44,25,4.007374286651611,1.2232478857040405
1,task_2,44,26,4.447208881378174,1.4622180461883545
1,task_2,44,27,4.901268005371094,1.7089866399765015
1,task_2,44,28,5.401042938232422,1.980571985244751
1,task_2,44,29,6.658201694488525,2.630969524383545
1,task_2,45,0,0.0,-1.3408068418502808
1,task_2,45,1,0.07072295993566513,-1.2826626300811768
1,task_2,45,2,0.14279545843601227,-1.221494436264038
1,task_2,45,3,0.2167423665523529,-1.154447317123413
1,task_2,45,4,0.28996044397354126,-1.0869858264923096
1,task_2,45,5,0.37422066926956177,-1.0062214136123657
1,task_2,45,6,0.44548743963241577,-0.9379799962043762
1,task_2,45,7,0.5229864716529846,-0.8642368912696838
1,task_2,45,8,0.6009520888328552,-0.7904314994812012
1,task_2,45,9,0.6941915154457092,-0.7018162608146667
1,task_2,45,10,0.7821061611175537,-0.6167623996734619
1,task_2,45,11,0.8745160698890686,-0.5257685780525208
1,task_2,45,12,0.9711106419563293,-0.430656373500824
1,task_2,45,13,1.0702804327011108,-0.3323512673377991
1,task_2,45,14,1.1630141735076904,-0.24040143191814423
1,task_2,45,15,1.2846556901931763,-0.11975081264972687
1,task_2,45,16,1.3850669860839844,-0.019776245579123497
1,task_2,45,17,1.501082181930542,0.09614567458629608
1,task_2,45,18,1.6231317520141602,0.21790656447410583
1,task_2,45,19,1.7596715688705444,0.3545417785644531
1,task_2,45,20,1.8945338726043701,0.4897937476634979
1,task_2,45,21,2.0371694564819336,0.6331484317779541
1,task_2,45,22,2.18275785446167,0.7791168093681335
1,task_2,45,23,2.3418266773223877,0.938944399356842
1,task_2,45,24,2.4987146854400635,1.0964895486831665
1,task_2,45,25,2.685122489929199,1.2838647365570068
1,task_2,45,26,2.851964235305786,1.4512680768966675
1,task_2,45,27,3.045438528060913,1.6456958055496216
1,task_2,45,28,3.241576910018921,1.842816710472107
1,task_2,45,29,3.4490864276885986,1.842816710472107
1,task_2,46,0,0.005359710659831762,-1.5810415744781494
1,task_2,46,1,0.010944357141852379,-1.4961847066879272
1,task_2,46,2,0.016408627852797508,-1.3933916091918945
1,task_2,46,3,0.02101520262658596,-1.3169392347335815
1,task_2,46,4,0.026539888232946396,-1.2343817949295044
1,task_2,46,5,0.031237073242664337,-1.1598867177963257
1,task_2,46,6,0.03849159553647041,-1.0441333055496216
1,task_2,46,7,0.045461319386959076,-0.935794472694397
1,task_2,46,8,0.05263703316450119,-0.8384422063827515
1,task_2,46,9,0.06465552002191544,-0.6854614615440369
1,task_2,46,10,0.07483045756816864,-0.5948972702026367
1,task_2,46,11,0.0871720090508461,-0.5065807700157166
1,task_2,46,12,0.10485127568244934,-0.392377108335495
1,task_2,46,13,0.11930633336305618,-0.2920357882976532
1,task_2,46,14,0.14185814559459686,-0.09551271051168442
1,task_2,46,15,0.16073894500732422,0.07922852039337158
1,task_2,46,16,0.18654076755046844,0.3210538923740387
1,task_2,46,17,0.2128610610961914,0.5732902884483337
1,task_2,46,18,0.23590531945228577,0.8056818246841431
1,task_2,46,19,0.2603475749492645,1.071618676185608
1,task_2,46,20,0.2976653575897217,1.071618676185608
1,task_2,46,21,0.326964408159256,1.071618676185608
1,task_2,46,22,0.3646475672721863,1.071618676185608
1,task_2,46,23,0.41290828585624695,1.071618676185608
1,task_2,46,24,0.44194915890693665,1.071618676185608
1,task_2,46,25,0.48257943987846375,1.071618676185608
1,task_2,46,26,0.5377510786056519,1.071618676185608
1,task_2,46,27,0.5769349932670593,1.071618676185608
1,task_2,46,28,0.6274136304855347,1.071618676185608
1,task_2,46,29,0.7059553265571594,1.071618676185608
1,task_2,47,0,0.0,0.5995302200317383
1,task_2,47,1,0.0,0.5995302200317383
1,task_2,47,2,0.0,0.5995302200317383
1,task_2,47,3,0.0,0.5995302200317383
1,task_2,47,4,0.0,0.5995302200317383
1,task_2,47,5,0.0,0.5995302200317383
1,task_2,47,6,0.0,0.5995302200317383
1,task_2,47,7,0.0,0.5995302200317383
1,task_2,47,8,0.0,0.5995302200317383
1,task_2,47,9,0.0,0.5995302200317383
1,task_2,47,10,0.0,0.5995302200317383
1,task_2,47,11,0.0,0.5995302200317383
1,task_2,47,12,0.0,0.5995302200317383
1,task_2,47,13,0.0,0.5995302200317383
1,task_2,47,14,0.0,0.5995302200317383
1,task_2,47,15,0.0,0.5995302200317383
1,task_2,47,16,0.033247560262680054,0.1965482383966446
1,task_2,47,17,0.06274107098579407,0.14416424930095673
1,task_2,47,18,0.09505484998226166,-0.2659831643104553
1,task_2,47,19,0.12818485498428345,-0.776583194732666
1,task_2,47,20,0.151996448636055,-0.7179017066955566
1,task_2,47,21,0.16636744141578674,-0.9094966053962708
1,task_2,47,22,0.17740759253501892,-0.8682917952537537
1,task_2,47,23,0.19159507751464844,-1.1045352220535278
1,task_2,47,24,0.20473256707191467,-1.3660085201263428
1,task_2,47,25,0.2122846245765686,-1.490480899810791
1,task_2,47,26,0.21942324936389923,-1.5703959465026855
1,task_2,47,27,0.2258743941783905,-1.6642369031906128
1,task_2,47,28,0.2339985966682434,-1.7854313850402832
1,task_2,47,29,0.8172280788421631,2.5861496925354004
1,task_2,48,0,0.0,-0.9313897490501404
1,task_2,48,1,0.0,-0.9313897490501404
1,task_2,48,2,0.0,-0.9313897490501404
1,task_2,48,3,0.0,-0.9313897490501404
1,task_2,48,4,0.0,-0.9313897490501404
1,task_2,48,5,0.0,-0.9313897490501404
1,task_2,48,6,0.0,-0.9313897490501404
1,task_2,48,7,0.007015600800514221,-0.9153589010238647
1,task_2,48,8,0.021569527685642242,-0.8819639682769775
1,task_2,48,9,0.035949818789958954,-0.8476904630661011
1,task_2,48,10,0.06495712697505951,-0.7811337113380432
1,task_2,48,11,0.08834024518728256,-0.7268387079238892
1,task_2,48,12,0.1251729130744934,-0.6423467993736267
1,task_2,48,13,0.16735775768756866,-0.5464415550231934
1,task_2,48,14,0.19730034470558167,-0.47887754440307617
1,task_2,48,15,0.25632911920547485,-0.34446975588798523
1,task_2,48,16,0.30394846200942993,-0.23656006157398224
1,task_2,48,17,0.3577381372451782,-0.11491141468286514
1,task_2,48,18,0.4352520704269409,0.060251038521528244
1,task_2,48,19,0.5191193222999573,0.24924525618553162
1,task_2,48,20,0.6001212000846863,0.4325491487979889
1,task_2,48,21,0.6912035942077637,0.6391736268997192
1,task_2,48,22,0.7980431318283081,0.8789740800857544
1,task_2,48,23,0.8938790559768677,1.097103238105774
1,task_2,48,24,1.0119211673736572,1.363318681716919
1,task_2,48,25,1.1473807096481323,1.6631406545639038
1,task_2,48,26,1.2801886796951294,1.6631406545639038
1,task_2,48,27,1.4243438243865967,1.6631406545639038
1,task_2,48,28,1.570766568183899,1.6631406545639038
1,task_2,48,29,1.7375338077545166,1.6631406545639038
1,task_2,49,0,0.35895809531211853,116.41532135009766
1,task_2,49,1,0.35895809531211853,116.41532135009766
1,task_2,49,2,0.35895809531211853,116.41532135009766
1,task_2,49,3,0.35895809531211853,116.41532135009766
1,task_2,49,4,0.35895809531211853,116.41532135009766
1,task_2,49,5,0.35895809531211853,116.41532135009766
1,task_2,49,6,0.35895809531211853,116.41532135009766
1,task_2,49,7,0.35895809531211853,116.41532135009766
1,task_2,49,8,0.35895809531211853,116.41532135009766
1,task_2,49,9,0.35895809531211853,116.41532135009766
1,task_2,49,10,0.35895809531211853,116.41532135009766
1,task_2,49,11,0.35895809531211853,116.41532135009766
1,task_2,49,12,0.35895809531211853,116.41532135009766
1,task_2,49,13,0.35895809531211853,116.41532135009766
1,task_2,49,14,0.35895809531211853,116.41532135009766
1,task_2,49,15,0.35895809531211853,116.41532135009766
1,task_2,49,16,0.35895809531211853,116.41532135009766
1,task_2,49,17,0.35895809531211853,116.41532135009766
1,task_2,49,18,0.35895809531211853,116.41532135009766
1,task_2,49,19,0.35895809531211853,116.41532135009766
1,task_2,49,20,0.35895809531211853,116.41532135009766
1,task_2,49,21,0.35895809531211853,116.41532135009766
1,task_2,49,22,0.35895809531211853,116.41532135009766
1,task_2,49,23,0.35895809531211853,116.41532135009766
1,task_2,49,24,0.35895809531211853,116.41532135009766
1,task_2,49,25,0.35895809531211853,116.41532135009766
1,task_2,49,26,0.35895809531211853,116.41532135009766
1,task_2,49,27,0.35895809531211853,116.41532135009766
1,task_2,49,28,0.35895809531211853,116.41532135009766
1,task_2,49,29,0.35895809531211853,116.41532135009766
1,task_2,50,0,0.0,0.6116663217544556
1,task_2,50,1,0.0,0.6116663217544556
1,task_2,50,2,0.0,0.6116663217544556
1,task_2,50,3,0.0,0.6116663217544556
1,task_2,50,4,0.0,0.6116663217544556
1,task_2,50,5,0.0,0.6116663217544556
1,task_2,50,6,0.0,0.6116663217544556
1,task_2,50,7,0.0,0.6116663217544556
1,task_2,50,8,0.0,0.6116663217544556
1,task_2,50,9,0.0,0.6116663217544556
1,task_2,50,10,0.0,0.6116663217544556
1,task_2,50,11,0.0,0.6116663217544556
1,task_2,50,12,0.0,0.6116663217544556
1,task_2,50,13,0.0,0.6116663217544556
1,task_2,50,14,0.0,0.6116663217544556
1,task_2,50,15,0.0,0.6116663217544556
1,task_2,50,16,0.0,0.6116663217544556
1,task_2,50,17,0.0,0.6116663217544556
1,task_2,50,18,0.0,0.6116663217544556
1,task_2,50,19,0.011802256107330322,0.5244947671890259
1,task_2,50,20,0.06130564212799072,-0.07097750902175903
1,task_2,50,21,0.08792871236801147,-0.37775546312332153
1,task_2,50,22,0.10565115511417389,-0.65052729845047
1,task_2,50,23,0.11689265817403793,-0.8423768281936646
1,task_2,50,24,0.13055403530597687,-1.0820941925048828
1,task_2,50,25,0.1380264163017273,-1.2338402271270752
1,task_2,50,26,0.1459885537624359,-1.4101645946502686
1,task_2,50,27,0.15219324827194214,-1.5361299514770508
1,task_2,50,28,0.1621469259262085,-1.7359086275100708
1,task_2,50,29,1.2730849981307983,-3.206380844116211
1,task_2,51,0,0.0,5.294651985168457
1,task_2,51,1,1.593819499015808,-0.18257372081279755
1,task_2,51,2,1.593819499015808,-0.18257372081279755
1,task_2,51,3,1.593819499015808,-0.18257372081279755
1,task_2,51,4,1.593819499015808,-0.18257372081279755
1,task_2,51,5,1.593819499015808,-0.18257372081279755
1,task_2,51,6,1.593819499015808,-0.18257372081279755
1,task_2,51,7,1.593819499015808,-0.18257372081279755
1,task_2,51,8,1.593819499015808,-0.18257372081279755
1,task_2,51,9,1.593819499015808,-0.18257372081279755
1,task_2,51,10,1.593819499015808,-0.18257372081279755
1,task_2,51,11,1.593819499015808,-0.18257372081279755
1,task_2,51,12,1.593819499015808,-0.18257372081279755
1,task_2,51,13,1.593819499015808,-0.18257372081279755
1,task_2,51,14,1.593819499015808,-0.18257372081279755
1,task_2,51,15,1.593819499015808,-0.18257372081279755
1,task_2,51,16,1.593819499015808,-0.18257372081279755
1,task_2,51,17,1.593819499015808,-0.18257372081279755
1,task_2,51,18,1.593819499015808,-0.18257372081279755
1,task_2,51,19,1.593819499015808,-0.18257372081279755
1,task_2,51,20,1.593819499015808,-0.18257372081279755
1,task_2,51,21,1.593819499015808,-0.18257372081279755
1,task_2,51,22,1.593819499015808,-0.18257372081279755
1,task_2,51,23,1.593819499015808,-0.18257372081279755
1,task_2,51,24,1.593819499015808,-0.18257372081279755
1,task_2,51,25,1.593819499015808,-0.18257372081279755
1,task_2,51,26,1.593819499015808,-0.18257372081279755
1,task_2,51,27,1.593819499015808,-0.18257372081279755
1,task_2,51,28,1.593819499015808,-0.18257372081279755
1,task_2,51,29,1.593819499015808,-0.18257372081279755
1,task_2,52,0,0.15135779976844788,-1.0638980865478516
1,task_2,52,1,0.21728509664535522,-1.0295112133026123
1,task_2,52,2,0.2818925976753235,-0.9957481622695923
1,task_2,52,3,0.3388459086418152,-0.9661221504211426
1,task_2,52,4,0.41203516721725464,-0.9283929467201233
1,task_2,52,5,0.47397303581237793,-0.8969031572341919
1,task_2,52,6,0.5520960688591003,-0.8569232225418091
1,task_2,52,7,0.6345426440238953,-0.8147455453872681
1,task_2,52,8,0.7171396017074585,-0.7722105979919434
1,task_2,52,9,0.8178552985191345,-0.7208837866783142
1,task_2,52,10,0.9315852522850037,-0.6632975339889526
1,task_2,52,11,1.044006109237671,-0.606509268283844
1,task_2,52,12,1.1824185848236084,-0.536595344543457
1,task_2,52,13,1.3342556953430176,-0.45995742082595825
1,task_2,52,14,1.4876084327697754,-0.3825860321521759
1,task_2,52,15,1.6614179611206055,-0.2942747175693512
1,task_2,52,16,1.857119083404541,-0.19487282633781433
1,task_2,52,17,2.0831353664398193,-0.07994893938302994
1,task_2,52,18,2.318305492401123,0.04040585458278656
1,task_2,52,19,2.5603017807006836,0.16417698562145233
1,task_2,52,20,2.847080707550049,0.3109778165817261
1,task_2,52,21,3.1529810428619385,0.4683173596858978
1,task_2,52,22,3.4737777709960938,0.6326156258583069
1,task_2,52,23,3.813549757003784,0.8067960143089294
1,task_2,52,24,4.208147048950195,1.0090932846069336
1,task_2,52,25,4.602725982666016,1.2113206386566162
1,task_2,52,26,5.046087265014648,1.4383970499038696
1,task_2,52,27,5.49835729598999,1.670224905014038
1,task_2,52,28,6.0188093185424805,1.9365782737731934
1,task_2,52,29,7.2907185554504395,2.574476718902588
1,task_2,53,0,0.6792391538619995,-1.005582332611084
1,task_2,53,1,0.719531774520874,-0.9801685810089111
1,task_2,53,2,0.760568380355835,-0.9560096859931946
1,task_2,53,3,0.7944949269294739,-0.9376545548439026
1,task_2,53,4,0.8399770259857178,-0.9119217991828918
1,task_2,53,5,0.888847827911377,-0.8844013214111328
1,task_2,53,6,0.9388591051101685,-0.8564680218696594
1,task_2,53,7,0.9928371906280518,-0.8269987106323242
1,task_2,53,8,1.0550978183746338,-0.792898416519165
1,task_2,53,9,1.1356436014175415,-0.7492848038673401
1,task_2,53,10,1.23140549659729,-0.6970934867858887
1,task_2,53,11,1.3281347751617432,-0.6447715163230896
1,task_2,53,12,1.4596507549285889,-0.5744949579238892
1,task_2,53,13,1.5953242778778076,-0.5029911398887634
1,task_2,53,14,1.7386729717254639,-0.42718634009361267
1,task_2,53,15,1.911614179611206,-0.33677029609680176
1,task_2,53,16,2.1059443950653076,-0.23452070355415344
1,task_2,53,17,2.3252999782562256,-0.11973634362220764
1,task_2,53,18,2.5696427822113037,0.008461901918053627
1,task_2,53,19,2.8270695209503174,0.14374610781669617
1,task_2,53,20,3.122048854827881,0.2987862229347229
1,task_2,53,21,3.445664644241333,0.4690142273902893
1,task_2,53,22,3.7962546348571777,0.6543931365013123
1,task_2,53,23,4.156451225280762,0.8446115255355835
1,task_2,53,24,4.580921649932861,1.0697886943817139
1,task_2,53,25,5.015321254730225,1.3007398843765259
1,task_2,53,26,5.502965927124023,1.559828281402588
1,task_2,53,27,6.006295204162598,1.8272029161453247
1,task_2,53,28,6.580944538116455,2.1311886310577393
1,task_2,53,29,7.140687465667725,2.1311886310577393
1,task_2,54,0,0.0,-1.226961374282837
1,task_2,54,1,0.0,-1.226961374282837
1,task_2,54,2,0.0,-1.226961374282837
1,task_2,54,3,0.036573514342308044,-1.1758770942687988
1,task_2,54,4,0.10970693826675415,-1.0775253772735596
1,task_2,54,5,0.1807665377855301,-1.0048198699951172
1,task_2,54,6,0.24962662160396576,-0.9327067136764526
1,task_2,54,7,0.32795608043670654,-0.8500410914421082
1,task_2,54,8,0.39125555753707886,-0.7859490513801575
1,task_2,54,9,0.463927686214447,-0.7144889831542969
1,task_2,54,10,0.5563869476318359,-0.6271392107009888
1,task_2,54,11,0.6397028565406799,-0.5484305024147034
1,task_2,54,12,0.7167842984199524,-0.47403484582901
1,task_2,54,13,0.8140708208084106,-0.3649079501628876
1,task_2,54,14,0.8912194967269897,-0.27817362546920776
1,task_2,54,15,0.9938119649887085,-0.15420085191726685
1,task_2,54,16,1.0876914262771606,-0.04091448336839676
1,task_2,54,17,1.191012978553772,0.07979382574558258
1,task_2,54,18,1.2959930896759033,0.20762485265731812
1,task_2,54,19,1.4054681062698364,0.3397557735443115
1,task_2,54,20,1.521795630455017,0.48085275292396545
1,task_2,54,21,1.644853949546814,0.6288578510284424
1,task_2,54,22,1.7724248170852661,0.7835357189178467
1,task_2,54,23,1.895902395248413,0.9329785108566284
1,task_2,54,24,2.037336826324463,1.1049182415008545
1,task_2,54,25,2.1909050941467285,1.290683388710022
1,task_2,54,26,2.3284642696380615,1.4568660259246826
1,task_2,54,27,2.4877805709838867,1.64990234375
1,task_2,54,28,2.6613407135009766,1.8771616220474243
1,task_2,54,29,2.83240008354187,1.8771616220474243
1,task_2,55,0,0.0802154541015625,-0.8105850219726562
1,task_2,55,1,0.088934987783432,-0.8038578033447266
1,task_2,55,2,0.09628131985664368,-0.7970062494277954
1,task_2,55,3,0.10191240906715393,-0.7913268804550171
1,task_2,55,4,0.10764509439468384,-0.785659670829773
1,task_2,55,5,0.11247298121452332,-0.7808433771133423
1,task_2,55,6,0.11760851740837097,-0.7757017016410828
1,task_2,55,7,0.1274021863937378,-0.7657164335250854
1,task_2,55,8,0.13725292682647705,-0.7557421326637268
1,task_2,55,9,0.15522277355194092,-0.7374701499938965
1,task_2,55,10,0.18677932024002075,-0.7048765420913696
1,task_2,55,11,0.21814432740211487,-0.6721984148025513
1,task_2,55,12,0.27111390233039856,-0.6164849400520325
1,task_2,55,13,0.32779455184936523,-0.5562999844551086
1,task_2,55,14,0.3688642978668213,-0.5126068592071533
1,task_2,55,15,0.4568405747413635,-0.4186035692691803
1,task_2,55,16,0.5336107611656189,-0.33571353554725647
1,task_2,55,17,0.6208040118217468,-0.24192966520786285
1,task_2,55,18,0.7450497150421143,-0.10866914689540863
1,task_2,55,19,0.8646787405014038,0.020221862941980362
1,task_2,55,20,1.0076535940170288,0.17196640372276306
1,task_2,55,21,1.1673837900161743,0.34150180220603943
1,task_2,55,22,1.3431589603424072,0.5283742547035217
1,task_2,55,23,1.5115960836410522,0.7066009640693665
1,task_2,55,24,1.7279821634292603,0.935990571975708
1,task_2,55,25,1.976891040802002,1.1999828815460205
1,task_2,55,26,2.2079083919525146,1.4450167417526245
1,task_2,55,27,2.4748594760894775,1.728273630142212
1,task_2,55,28,2.7536141872406006,2.02392315864563
1,task_2,55,29,3.5804970264434814,2.8694400787353516
1,task_2,56,0,0.2112313210964203,-1.0843263864517212
1,task_2,56,1,0.27022916078567505,-1.0496004819869995
1,task_2,56,2,0.3259051740169525,-1.0174568891525269
1,task_2,56,3,0.3835984170436859,-0.9845317602157593
1,task_2,56,4,0.45835423469543457,-0.9432419538497925
1,task_2,56,5,0.5199062824249268,-0.9094030857086182
1,task_2,56,6,0.5998948812484741,-0.8651891350746155
1,task_2,56,7,0.6698585748672485,-0.8265581727027893
1,task_2,56,8,0.7565491199493408,-0.7785120010375977
1,task_2,56,9,0.8513600826263428,-0.7257775664329529
1,task_2,56,10,0.954330563545227,-0.6683231592178345
1,task_2,56,11,1.0739154815673828,-0.6011717915534973
1,task_2,56,12,1.2024484872817993,-0.5288602113723755
1,task_2,56,13,1.3467516899108887,-0.4477168619632721
1,task_2,56,14,1.4798692464828491,-0.37285494804382324
1,task_2,56,15,1.6653945446014404,-0.268543004989624
1,task_2,56,16,1.8307318687438965,-0.17566323280334473
1,task_2,56,17,2.0407204627990723,-0.05783143267035484
1,task_2,56,18,2.2484636306762695,0.05866155028343201
1,task_2,56,19,2.4822683334350586,0.18965642154216766
1,task_2,56,20,2.7375855445861816,0.33240842819213867
1,task_2,56,21,3.008452892303467,0.4838148057460785
1,task_2,56,22,3.311094284057617,0.6530405282974243
1,task_2,56,23,3.623405933380127,0.8277378082275391
1,task_2,56,24,3.949286937713623,1.010026216506958
1,task_2,56,25,4.302217483520508,1.2072523832321167
1,task_2,56,26,4.697676658630371,1.4281647205352783
1,task_2,56,27,5.106566905975342,1.656470537185669
1,task_2,56,28,5.554728984832764,1.906590223312378
1,task_2,56,29,6.738879203796387,2.5517375469207764
1,task_2,57,0,0.0,0.358707070350647
1,task_2,57,1,0.0,0.358707070350647
1,task_2,57,2,0.0,0.358707070350647
1,task_2,57,3,0.0,0.358707070350647
1,task_2,57,4,0.0,0.358707070350647
1,task_2,57,5,0.0,0.358707070350647
1,task_2,57,6,0.0,0.358707070350647
1,task_2,57,7,0.0,0.358707070350647
1,task_2,57,8,0.0,0.358707070350647
1,task_2,57,9,0.0,0.358707070350647
1,task_2,57,10,0.0,0.358707070350647
1,task_2,57,11,0.0,0.358707070350647
1,task_2,57,12,0.0,0.358707070350647
1,task_2,57,13,0.0,0.358707070350647
1,task_2,57,14,0.0,0.358707070350647
1,task_2,57,15,0.0,0.358707070350647
1,task_2,57,16,0.0,0.358707070350647
1,task_2,57,17,0.0,0.358707070350647
1,task_2,57,18,0.0,0.358707070350647
1,task_2,57,19,0.0,0.358707070350647
1,task_2,57,20,0.0,0.358707070350647
1,task_2,57,21,0.0,0.358707070350647
1,task_2,57,22,0.0,0.358707070350647
1,task_2,57,23,0.0,0.358707070350647
1,task_2,57,24,0.0203656405210495,0.24860936403274536
1,task_2,57,25,0.10247628390789032,-0.29609236121177673
1,task_2,57,26,0.17754118144512177,-0.7596223950386047
1,task_2,57,27,0.25602987408638,-1.4032126665115356
1,task_2,57,28,0.3347887694835663,-2.027783155441284
1,task_2,57,29,1.9800755977630615,-4.370867729187012
1,task_2,58,0,1.7234225273132324,1862.6451416015625
1,task_2,58,1,1.7234225273132324,1862.6451416015625
1,task_2,58,2,1.7234225273132324,1862.6451416015625
1,task_2,58,3,1.7234225273132324,1862.6451416015625
1,task_2,58,4,1.7234225273132324,1862.6451416015625
1,task_2,58,5,1.7234225273132324,1862.6451416015625
1,task_2,58,6,1.7234225273132324,1862.6451416015625
1,task_2,58,7,1.7234225273132324,1862.6451416015625
1,task_2,58,8,1.7234225273132324,1862.6451416015625
1,task_2,58,9,1.7234225273132324,1862.6451416015625
1,task_2,58,10,1.7234225273132324,1862.6451416015625
1,task_2,58,11,1.7234225273132324,1862.6451416015625
1,task_2,58,12,1.7234225273132324,1862.6451416015625
1,task_2,58,13,1.7234225273132324,1862.6451416015625
1,task_2,58,14,1.7234225273132324,1862.6451416015625
1,task_2,58,15,1.7234225273132324,1862.6451416015625
1,task_2,58,16,1.7234225273132324,1862.6451416015625
1,task_2,58,17,1.7234225273132324,1862.6451416015625
1,task_2,58,18,1.7234225273132324,1862.6451416015625
1,task_2,58,19,1.7234225273132324,1862.6451416015625
1,task_2,58,20,1.7234225273132324,1862.6451416015625
1,task_2,58,21,1.7234225273132324,1862.6451416015625
1,task_2,58,22,1.7234225273132324,1862.6451416015625
1,task_2,58,23,1.7234225273132324,1862.6451416015625
1,task_2,58,24,1.7234225273132324,1862.6451416015625
1,task_2,58,25,1.7234225273132324,1862.6451416015625
1,task_2,58,26,1.7234225273132324,1862.6451416015625
1,task_2,58,27,1.7234225273132324,1862.6451416015625
1,task_2,58,28,1.7234225273132324,1862.6451416015625
1,task_2,58,29,1.7234225273132324,1862.6451416015625
1,task_2,59,0,0.8421079516410828,465.6612854003906
1,task_2,59,1,0.8421079516410828,465.6612854003906
1,task_2,59,2,0.8421079516410828,465.6612854003906
1,task_2,59,3,0.8421079516410828,465.6612854003906
1,task_2,59,4,0.8421079516410828,465.6612854003906
1,task_2,59,5,0.8421079516410828,465.6612854003906
1,task_2,59,6,0.8421079516410828,465.6612854003906
1,task_2,59,7,0.8421079516410828,465.6612854003906
1,task_2,59,8,0.8421079516410828,465.6612854003906
1,task_2,59,9,0.8421079516410828,465.6612854003906
1,task_2,59,10,0.8421079516410828,465.6612854003906
1,task_2,59,11,0.8421079516410828,465.6612854003906
1,task_2,59,12,0.8421079516410828,465.6612854003906
1,task_2,59,13,0.8421079516410828,465.6612854003906
1,task_2,59,14,0.8421079516410828,465.6612854003906
1,task_2,59,15,0.8421079516410828,465.6612854003906
1,task_2,59,16,0.8421079516410828,465.6612854003906
1,task_2,59,17,0.8421079516410828,465.6612854003906
1,task_2,59,18,0.8421079516410828,465.6612854003906
1,task_2,59,19,0.8421079516410828,465.6612854003906
1,task_2,59,20,0.8421079516410828,465.6612854003906
1,task_2,59,21,0.8421079516410828,465.6612854003906
1,task_2,59,22,0.8421079516410828,465.6612854003906
1,task_2,59,23,0.8421079516410828,465.6612854003906
1,task_2,59,24,0.8421079516410828,465.6612854003906
1,task_2,59,25,0.8421079516410828,465.6612854003906
1,task_2,59,26,0.8421079516410828,465.6612854003906
1,task_2,59,27,0.8421079516410828,465.6612854003906
1,task_2,59,28,0.8421079516410828,465.6612854003906
1,task_2,59,29,0.8421079516410828,465.6612854003906
1,task_2,60,0,0.1602051854133606,-116.41532135009766
1,task_2,60,1,0.1602051854133606,-116.41532135009766
1,task_2,60,2,0.1602051854133606,-116.41532135009766
1,task_2,60,3,0.1602051854133606,-116.41532135009766
1,task_2,60,4,0.1602051854133606,-116.41532135009766
1,task_2,60,5,0.1602051854133606,-116.41532135009766
1,task_2,60,6,0.1602051854133606,-116.41532135009766
1,task_2,60,7,0.1602051854133606,-116.41532135009766
1,task_2,60,8,0.1602051854133606,-116.41532135009766
1,task_2,60,9,0.1602051854133606,-116.41532135009766
1,task_2,60,10,0.1602051854133606,-116.41532135009766
1,task_2,60,11,0.1602051854133606,-116.41532135009766
1,task_2,60,12,0.1602051854133606,-116.41532135009766
1,task_2,60,13,0.1602051854133606,-116.41532135009766
1,task_2,60,14,0.1602051854133606,-116.41532135009766
1,task_2,60,15,0.1602051854133606,-116.41532135009766
1,task_2,60,16,0.1602051854133606,-116.41532135009766
1,task_2,60,17,0.1602051854133606,-116.41532135009766
1,task_2,60,18,0.1602051854133606,-116.41532135009766
1,task_2,60,19,0.1602051854133606,-116.41532135009766
1,task_2,60,20,0.1602051854133606,-116.41532135009766
1,task_2,60,21,0.1602051854133606,-116.41532135009766
1,task_2,60,22,0.1602051854133606,-116.41532135009766
1,task_2,60,23,0.1602051854133606,-116.41532135009766
1,task_2,60,24,0.1602051854133606,-116.41532135009766
1,task_2,60,25,0.1602051854133606,-116.41532135009766
1,task_2,60,26,0.1602051854133606,-116.41532135009766
1,task_2,60,27,0.1602051854133606,-116.41532135009766
1,task_2,60,28,0.1602051854133606,-116.41532135009766
1,task_2,60,29,0.1602051854133606,-116.41532135009766
1,task_2,61,0,0.0,0.24288468062877655
1,task_2,61,1,0.0,0.24288468062877655
1,task_2,61,2,0.0,0.24288468062877655
1,task_2,61,3,0.0,0.24288468062877655
1,task_2,61,4,0.0,0.24288468062877655
1,task_2,61,5,0.0,0.24288468062877655
1,task_2,61,6,0.0,0.24288468062877655
1,task_2,61,7,0.0,0.24288468062877655
1,task_2,61,8,0.0,0.24288468062877655
1,task_2,61,9,0.0,0.24288468062877655
1,task_2,61,10,0.0,0.24288468062877655
1,task_2,61,11,0.0,0.24288468062877655
1,task_2,61,12,0.0,0.24288468062877655
1,task_2,61,13,0.0,0.24288468062877655
1,task_2,61,14,0.0,0.24288468062877655
1,task_2,61,15,0.0,0.24288468062877655
1,task_2,61,16,0.0,0.24288468062877655
1,task_2,61,17,0.0,0.24288468062877655
1,task_2,61,18,0.0,0.24288468062877655
1,task_2,61,19,0.0,0.24288468062877655
1,task_2,61,20,0.0,0.24288468062877655
1,task_2,61,21,0.0,0.24288468062877655
1,task_2,61,22,0.0,0.24288468062877655
1,task_2,61,23,0.0,0.24288468062877655
1,task_2,61,24,0.0,0.24288468062877655
1,task_2,61,25,0.0,0.24288468062877655
1,task_2,61,26,0.0,0.24288468062877655
1,task_2,61,27,0.05826864391565323,-0.39121031761169434
1,task_2,61,28,0.11953116953372955,-1.0535356998443604
1,task_2,61,29,1.5476194620132446,-5.113141059875488
1,task_2,62,0,0.02815183624625206,-1.085435390472412
1,task_2,62,1,0.06829309463500977,-1.0529136657714844
1,task_2,62,2,0.10348246246576309,-1.023067593574524
1,task_2,62,3,0.13876347243785858,-0.9937398433685303
1,task_2,62,4,0.18489447236061096,-0.9546908736228943
1,task_2,62,5,0.22726671397686005,-0.9194860458374023
1,task_2,62,6,0.2704097330570221,-0.8832967877388
1,task_2,62,7,0.3208187222480774,-0.8408189415931702
1,task_2,62,8,0.37702426314353943,-0.7933380603790283
1,task_2,62,9,0.44152870774269104,-0.7393471598625183
1,task_2,62,10,0.5128099322319031,-0.6791675090789795
1,task_2,62,11,0.5837740898132324,-0.618195116519928
1,task_2,62,12,0.6806235313415527,-0.5351979732513428
1,task_2,62,13,0.7670228481292725,-0.460923969745636
1,task_2,62,14,0.8644516468048096,-0.3765776455402374
1,task_2,62,15,0.9740810394287109,-0.2817932665348053
1,task_2,62,16,1.0953906774520874,-0.17675743997097015
1,task_2,62,17,1.2270395755767822,-0.06217089295387268
1,task_2,62,18,1.3780372142791748,0.06978759169578552
1,task_2,62,19,1.5270169973373413,0.2002042680978775
1,task_2,62,20,1.7007737159729004,0.35339707136154175
1,task_2,62,21,1.8810917139053345,0.5110843181610107
1,task_2,62,22,2.0726053714752197,0.6792131066322327
1,task_2,62,23,2.2792439460754395,0.8606280088424683
1,task_2,62,24,2.5067861080169678,1.0609124898910522
1,task_2,62,25,2.7405052185058594,1.2659400701522827
1,task_2,62,26,2.998675584793091,1.4930399656295776
1,task_2,62,27,3.269798517227173,1.7304155826568604
1,task_2,62,28,3.570308208465576,1.994710922241211
1,task_2,62,29,3.8665590286254883,2.257585287094116
1,task_2,63,0,0.04106907546520233,-0.7146250605583191
1,task_2,63,1,0.04865771532058716,-0.7003920078277588
1,task_2,63,2,0.053524672985076904,-0.6939109563827515
1,task_2,63,3,0.05896198749542236,-0.6838995218276978
1,task_2,63,4,0.06521917134523392,-0.6731875538825989
1,task_2,63,5,0.07095453888177872,-0.6652806401252747
1,task_2,63,6,0.07597102224826813,-0.6577686667442322
1,task_2,63,7,0.0829194188117981,-0.6500946283340454
1,task_2,63,8,0.09086452424526215,-0.6407983303070068
1,task_2,63,9,0.09997022897005081,-0.6292247772216797
1,task_2,63,10,0.10689713805913925,-0.620686411857605
1,task_2,63,11,0.11346045881509781,-0.613949716091156
1,task_2,63,12,0.11972084641456604,-0.6072418093681335
1,task_2,63,13,0.13309632241725922,-0.5948134660720825
1,task_2,63,14,0.14437106251716614,-0.5862784385681152
1,task_2,63,15,0.1626805067062378,-0.5784308314323425
1,task_2,63,16,0.18813996016979218,-0.570438802242279
1,task_2,63,17,0.23725344240665436,-0.513787567615509
1,task_2,63,18,0.2917737066745758,-0.3754667639732361
1,task_2,63,19,0.35546162724494934,-0.2136455476284027
1,task_2,63,20,0.4295693039894104,-0.025034278631210327
1,task_2,63,21,0.5159907341003418,0.19535084068775177
1,task_2,63,22,0.6076324582099915,0.4280948340892792
1,task_2,63,23,0.7028852105140686,0.6703431606292725
1,task_2,63,24,0.8182030320167542,0.9638341665267944
1,task_2,63,25,0.9523457288742065,1.3048806190490723
1,task_2,63,26,1.0802403688430786,1.6305153369903564
1,task_2,63,27,1.2280628681182861,2.0067179203033447
1,task_2,63,28,1.387474775314331,2.404608964920044
1,task_2,63,29,1.5613242387771606,2.404608964920044
1,task_2,64,0,0.029795825481414795,-0.7786228656768799
1,task_2,64,1,0.07114953547716141,-1.5958932638168335
1,task_2,64,2,0.09966486692428589,-2.268500566482544
1,task_2,64,3,0.13472189009189606,-3.1645569801330566
1,task_2,64,4,0.16788128018379211,-1.8977988958358765
1,task_2,64,5,0.1930336207151413,-0.419964998960495
1,task_2,64,6,0.21235966682434082,0.44662877917289734
1,task_2,64,7,0.22366639971733093,0.7472036480903625
1,task_2,64,8,0.2327781468629837,0.8503081798553467
1,task_2,64,9,0.24289387464523315,0.9439207911491394
1,task_2,64,10,0.25182899832725525,0.9362722635269165
1,task_2,64,11,0.2601572275161743,0.8701221942901611
1,task_2,64,12,0.266421914100647,0.817907989025116
1,task_2,64,13,0.27525460720062256,0.7133846282958984
1,task_2,64,14,0.28297701478004456,0.6078057289123535
1,task_2,64,15,0.29015326499938965,0.5186708569526672
1,task_2,64,16,0.296239972114563,0.45469415187835693
1,task_2,64,17,0.3018791675567627,0.4044506847858429
1,task_2,64,18,0.30679795145988464,0.36642080545425415
1,task_2,64,19,0.3111315369606018,0.3332982063293457
1,task_2,64,20,0.3179073631763458,0.2783906161785126
1,task_2,64,21,0.3218749463558197,0.24246148765087128
1,task_2,64,22,0.324921578168869,0.21589677035808563
1,task_2,64,23,0.3275168538093567,0.20163442194461823
1,task_2,64,24,0.33132195472717285,0.1716165691614151
1,task_2,64,25,0.3343067765235901,0.15192744135856628
1,task_2,64,26,0.3381260335445404,0.12595410645008087
1,task_2,64,27,0.34273281693458557,0.08512047678232193
1,task_2,64,28,0.3473215103149414,0.05219639092683792
1,task_2,64,29,0.43224507570266724,-0.4109501242637634
1,task_2,65,0,0.06724505126476288,-0.9612398147583008
1,task_2,65,1,0.07981067895889282,-0.9254415035247803
1,task_2,65,2,0.09395702183246613,-0.8864052891731262
1,task_2,65,3,0.10276900231838226,-0.8622297048568726
1,task_2,65,4,0.1134566068649292,-0.8334800004959106
1,task_2,65,5,0.1292800009250641,-0.7915594577789307
1,task_2,65,6,0.139032781124115,-0.766106128692627
1,task_2,65,7,0.15208888053894043,-0.7317342758178711
1,task_2,65,8,0.16707953810691833,-0.6924357414245605
1,task_2,65,9,0.1865023672580719,-0.6412914395332336
1,task_2,65,10,0.2052048146724701,-0.5917633771896362
1,task_2,65,11,0.22062084078788757,-0.5507243275642395
1,task_2,65,12,0.24412718415260315,-0.487937331199646
1,task_2,65,13,0.26451829075813293,-0.43335098028182983
1,task_2,65,14,0.295132040977478,-0.3515472710132599
1,task_2,65,15,0.3177109956741333,-0.2918025553226471
1,task_2,65,16,0.35075199604034424,-0.20496749877929688
1,task_2,65,17,0.3839736580848694,-0.11747505515813828
1,task_2,65,18,0.42400920391082764,-0.011755705811083317
1,task_2,65,19,0.45468902587890625,0.06990184634923935
1,task_2,65,20,0.5051974654197693,0.20480437576770782
1,task_2,65,21,0.5519869923591614,0.33044174313545227
1,task_2,65,22,0.6032640337944031,0.4689699411392212
1,task_2,65,23,0.6600936651229858,0.6228954792022705
1,task_2,65,24,0.7220467925071716,0.7906053066253662
1,task_2,65,25,0.7838969826698303,0.9587100744247437
1,task_2,65,26,0.854857325553894,1.1529223918914795
1,task_2,65,27,0.9267740249633789,1.3487052917480469
1,task_2,65,28,1.0065906047821045,1.5650068521499634
1,task_2,65,29,1.7912598848342896,3.620281219482422
1,task_2,66,0,0.0,-0.4150426387786865
1,task_2,66,1,0.0,-0.4150426387786865
1,task_2,66,2,0.0,-0.4150426387786865
1,task_2,66,3,0.0,-0.4150426387786865
1,task_2,66,4,0.0,-0.4150426387786865
1,task_2,66,5,0.0,-0.4150426387786865
1,task_2,66,6,0.0,-0.4150426387786865
1,task_2,66,7,0.0,-0.4150426387786865
1,task_2,66,8,0.0,-0.4150426387786865
1,task_2,66,9,0.0,-0.4150426387786865
1,task_2,66,10,0.0,-0.4150426387786865
1,task_2,66,11,0.0,-0.4150426387786865
1,task_2,66,12,0.0,-0.4150426387786865
1,task_2,66,13,0.0,-0.4150426387786865
1,task_2,66,14,0.0,-0.4150426387786865
1,task_2,66,15,0.0,-0.4150426387786865
1,task_2,66,16,0.0,-0.4150426387786865
1,task_2,66,17,0.0,-0.4150426387786865
1,task_2,66,18,0.0,-0.4150426387786865
1,task_2,66,19,0.01821400225162506,-0.30893251299858093
1,task_2,66,20,0.039465680718421936,-0.18415230512619019
1,task_2,66,21,0.06163319945335388,-0.05276765674352646
1,task_2,66,22,0.08557693660259247,0.088699109852314
1,task_2,66,23,0.11014674603939056,0.23475755751132965
1,task_2,66,24,0.13119608163833618,0.3603675067424774
1,task_2,66,25,0.158866286277771,0.5259135961532593
1,task_2,66,26,0.1793833076953888,0.6472655534744263
1,task_2,66,27,0.20508810877799988,0.7988620400428772
1,task_2,66,28,0.23306092619895935,0.9658631086349487
1,task_2,66,29,0.8877039551734924,4.809934139251709
1,task_2,67,0,0.0,0.18924245238304138
1,task_2,67,1,0.0,0.18924245238304138
1,task_2,67,2,0.0,0.18924245238304138
1,task_2,67,3,0.0,0.18924245238304138
1,task_2,67,4,0.0,0.18924245238304138
1,task_2,67,5,0.0,0.18924245238304138
1,task_2,67,6,0.0,0.18924245238304138
1,task_2,67,7,0.0,0.18924245238304138
1,task_2,67,8,0.0,0.18924245238304138
1,task_2,67,9,0.0,0.18924245238304138
1,task_2,67,10,0.0,0.18924245238304138
1,task_2,67,11,0.0,0.18924245238304138
1,task_2,67,12,0.0,0.18924245238304138
1,task_2,67,13,0.0,0.18924245238304138
1,task_2,67,14,0.0,0.18924245238304138
1,task_2,67,15,0.0,0.18924245238304138
1,task_2,67,16,0.0,0.18924245238304138
1,task_2,67,17,0.0,0.18924245238304138
1,task_2,67,18,0.0,0.18924245238304138
1,task_2,67,19,0.0,0.18924245238304138
1,task_2,67,20,0.0,0.18924245238304138
1,task_2,67,21,0.0,0.18924245238304138
1,task_2,67,22,0.0,0.18924245238304138
1,task_2,67,23,0.0,0.18924245238304138
1,task_2,67,24,0.0,0.18924245238304138
1,task_2,67,25,0.0,0.18924245238304138
1,task_2,67,26,0.0,0.18924245238304138
1,task_2,67,27,0.0017731040716171265,0.17495667934417725
1,task_2,67,28,0.02182444930076599,0.007225036155432463
1,task_2,67,29,1.551680088043213,-5.291728496551514
1,task_2,68,0,1.1246073246002197,1862.6451416015625
1,task_2,68,1,1.1246073246002197,1862.6451416015625
1,task_2,68,2,1.1246073246002197,1862.6451416015625
1,task_2,68,3,1.1246073246002197,1862.6451416015625
1,task_2,68,4,1.1246073246002197,1862.6451416015625
1,task_2,68,5,1.1246073246002197,1862.6451416015625
1,task_2,68,6,1.1246073246002197,1862.6451416015625
1,task_2,68,7,1.1246073246002197,1862.6451416015625
1,task_2,68,8,1.1246073246002197,1862.6451416015625
1,task_2,68,9,1.1246073246002197,1862.6451416015625
1,task_2,68,10,1.1246073246002197,1862.6451416015625
1,task_2,68,11,1.1246073246002197,1862.6451416015625
1,task_2,68,12,1.1246073246002197,1862.6451416015625
1,task_2,68,13,1.1246073246002197,1862.6451416015625
1,task_2,68,14,1.1246073246002197,1862.6451416015625
1,task_2,68,15,1.1246073246002197,1862.6451416015625
1,task_2,68,16,1.1246073246002197,1862.6451416015625
1,task_2,68,17,1.1246073246002197,1862.6451416015625
1,task_2,68,18,1.1246073246002197,1862.6451416015625
1,task_2,68,19,1.1246073246002197,1862.6451416015625
1,task_2,68,20,1.1246073246002197,1862.6451416015625
1,task_2,68,21,1.1246073246002197,1862.6451416015625
1,task_2,68,22,1.1246073246002197,1862.6451416015625
1,task_2,68,23,1.1246073246002197,1862.6451416015625
1,task_2,68,24,1.1246073246002197,1862.6451416015625
1,task_2,68,25,1.1246073246002197,1862.6451416015625
1,task_2,68,26,1.1246073246002197,1862.6451416015625
1,task_2,68,27,1.1246073246002197,1862.6451416015625
1,task_2,68,28,1.1246073246002197,1862.6451416015625
1,task_2,68,29,1.1246073246002197,1862.6451416015625
1,task_2,69,0,0.275461882352829,-1.0686193704605103
1,task_2,69,1,0.314939022064209,-1.0335984230041504
1,task_2,69,2,0.34484535455703735,-1.0060582160949707
1,task_2,69,3,0.3832373023033142,-0.9690266251564026
1,task_2,69,4,0.4190000295639038,-0.9348159432411194
1,task_2,69,5,0.46542617678642273,-0.8883460164070129
1,task_2,69,6,0.49542754888534546,-0.8574008345603943
1,task_2,69,7,0.5377339124679565,-0.8134657144546509
1,task_2,69,8,0.579395055770874,-0.7688224911689758
1,task_2,69,9,0.6272086501121521,-0.7167320251464844
1,task_2,69,10,0.6898031830787659,-0.649238109588623
1,task_2,69,11,0.7465338706970215,-0.589164674282074
1,task_2,69,12,0.8143631219863892,-0.5181480646133423
1,task_2,69,13,0.8938234448432922,-0.43585413694381714
1,task_2,69,14,0.9586594700813293,-0.36860790848731995
1,task_2,69,15,1.0552582740783691,-0.26958250999450684
1,task_2,69,16,1.1496752500534058,-0.17493785917758942
1,task_2,69,17,1.255697250366211,-0.0685269758105278
1,task_2,69,18,1.369638204574585,0.04427574947476387
1,task_2,69,19,1.4957927465438843,0.16818399727344513
1,task_2,69,20,1.6452633142471313,0.31468936800956726
1,task_2,69,21,1.7943938970565796,0.4601517915725708
1,task_2,69,22,1.9541189670562744,0.6136127710342407
1,task_2,69,23,2.1269302368164062,0.7805517315864563
1,task_2,69,24,2.3205504417419434,0.9671270251274109
1,task_2,69,25,2.531928062438965,1.170680046081543
1,task_2,69,26,2.7553277015686035,1.3855456113815308
1,task_2,69,27,2.986393928527832,1.6084175109863281
1,task_2,69,28,3.248535633087158,1.8605449199676514
1,task_2,69,29,4.2075300216674805,2.7571637630462646
1,task_2,70,0,0.8287056684494019,1862.6451416015625
1,task_2,70,1,0.8287056684494019,1862.6451416015625
1,task_2,70,2,0.8287056684494019,1862.6451416015625
1,task_2,70,3,0.8287056684494019,1862.6451416015625
1,task_2,70,4,0.8287056684494019,1862.6451416015625
1,task_2,70,5,0.8287056684494019,1862.6451416015625
1,task_2,70,6,0.8287056684494019,1862.6451416015625
1,task_2,70,7,0.8287056684494019,1862.6451416015625
1,task_2,70,8,0.8287056684494019,1862.6451416015625
1,task_2,70,9,0.8287056684494019,1862.6451416015625
1,task_2,70,10,0.8287056684494019,1862.6451416015625
1,task_2,70,11,0.8287056684494019,1862.6451416015625
1,task_2,70,12,0.8287056684494019,1862.6451416015625
1,task_2,70,13,0.8287056684494019,1862.6451416015625
1,task_2,70,14,0.8287056684494019,1862.6451416015625
1,task_2,70,15,0.8287056684494019,1862.6451416015625
1,task_2,70,16,0.8287056684494019,1862.6451416015625
1,task_2,70,17,0.8287056684494019,1862.6451416015625
1,task_2,70,18,0.8287056684494019,1862.6451416015625
1,task_2,70,19,0.8287056684494019,1862.6451416015625
1,task_2,70,20,0.8287056684494019,1862.6451416015625
1,task_2,70,21,0.8287056684494019,1862.6451416015625
1,task_2,70,22,0.8287056684494019,1862.6451416015625
1,task_2,70,23,0.8287056684494019,1862.6451416015625
1,task_2,70,24,0.8287056684494019,1862.6451416015625
1,task_2,70,25,0.8287056684494019,1862.6451416015625
1,task_2,70,26,0.8287056684494019,1862.6451416015625
1,task_2,70,27,0.8287056684494019,1862.6451416015625
1,task_2,70,28,0.8287056684494019,1862.6451416015625
1,task_2,70,29,0.8287056684494019,1862.6451416015625
1,task_2,71,0,0.0,-0.9069900512695312
1,task_2,71,1,0.0,-0.9069900512695312
1,task_2,71,2,0.0,-0.9069900512695312
1,task_2,71,3,0.0,-0.9069900512695312
1,task_2,71,4,0.0,-0.9069900512695312
1,task_2,71,5,0.027269747108221054,-0.8882585167884827
1,task_2,71,6,0.05719660595059395,-0.868468701839447
1,task_2,71,7,0.09996173530817032,-0.8402978181838989
1,task_2,71,8,0.15131479501724243,-0.8069055676460266
1,task_2,71,9,0.220204696059227,-0.7623329162597656
1,task_2,71,10,0.29925134778022766,-0.7119226455688477
1,task_2,71,11,0.37434157729148865,-0.6641120314598083
1,task_2,71,12,0.48593929409980774,-0.592627227306366
1,task_2,71,13,0.5965211987495422,-0.5222813487052917
1,task_2,71,14,0.7300519943237305,-0.43796300888061523
1,task_2,71,15,0.8674939274787903,-0.35174837708473206
1,task_2,71,16,1.0371379852294922,-0.24565035104751587
1,task_2,71,17,1.2288808822631836,-0.12644018232822418
1,task_2,71,18,1.4350022077560425,0.0014770951820537448
1,task_2,71,19,1.6486860513687134,0.13314679265022278
1,task_2,71,20,1.9005684852600098,0.28945741057395935
1,task_2,71,21,2.1677770614624023,0.45347467064857483
1,task_2,71,22,2.454988956451416,0.631070077419281
1,task_2,71,23,2.7606494426727295,0.8199241161346436
1,task_2,71,24,3.115072250366211,1.0391188859939575
1,task_2,71,25,3.469133138656616,1.2564698457717896
1,task_2,71,26,3.864960193634033,1.501865267753601
1,task_2,71,27,4.283339023590088,1.7595332860946655
1,task_2,71,28,4.746931076049805,2.046571969985962
1,task_2,71,29,5.386202335357666,2.4218478202819824
1,task_2,72,0,0.3307843506336212,-0.8639341592788696
1,task_2,72,1,0.3397480845451355,-0.8587762713432312
1,task_2,72,2,0.3460599482059479,-0.8544374108314514
1,task_2,72,3,0.3530137538909912,-0.8491185307502747
1,task_2,72,4,0.3630857467651367,-0.8416012525558472
1,task_2,72,5,0.37181249260902405,-0.8352494835853577
1,task_2,72,6,0.38116753101348877,-0.8281281590461731
1,task_2,72,7,0.39643383026123047,-0.81583172082901
1,task_2,72,8,0.42293423414230347,-0.7937836050987244
1,task_2,72,9,0.4630924165248871,-0.7600952982902527
1,task_2,72,10,0.5118777751922607,-0.7185394763946533
1,task_2,72,11,0.5625908374786377,-0.6751663088798523
1,task_2,72,12,0.6386366486549377,-0.6109949350357056
1,task_2,72,13,0.7070827484130859,-0.5532759428024292
1,task_2,72,14,0.8065817356109619,-0.46983203291893005
1,task_2,72,15,0.9068887233734131,-0.38596391677856445
1,task_2,72,16,1.018797755241394,-0.2927567958831787
1,task_2,72,17,1.1645174026489258,-0.17229634523391724
1,task_2,72,18,1.3147904872894287,-0.04877384752035141
1,task_2,72,19,1.4685108661651611,0.07762517780065536
1,task_2,72,20,1.672311544418335,0.24424253404140472
1,task_2,72,21,1.8736608028411865,0.4090024530887604
1,task_2,72,22,2.079836845397949,0.5775306224822998
1,task_2,72,23,2.328660488128662,0.7810645699501038
1,task_2,72,24,2.58897066116333,0.9935153126716614
1,task_2,72,25,2.9061543941497803,1.2527525424957275
1,task_2,72,26,3.2002551555633545,1.493212103843689
1,task_2,72,27,3.5265541076660156,1.7599306106567383
1,task_2,72,28,3.8909127712249756,2.05766224861145
1,task_2,72,29,4.576630115509033,2.5820159912109375
1,task_2,73,0,0.8610942959785461,-1.0256268978118896
1,task_2,73,1,0.9377719759941101,-0.9960739612579346
1,task_2,73,2,1.0104856491088867,-0.9675027132034302
1,task_2,73,3,1.077207326889038,-0.9412160515785217
1,task_2,73,4,1.1619409322738647,-0.9071259498596191
1,task_2,73,5,1.2512195110321045,-0.87247234582901
1,task_2,73,6,1.3249574899673462,-0.8442696332931519
1,task_2,73,7,1.4201856851577759,-0.8081799745559692
1,task_2,73,8,1.5063457489013672,-0.7756490111351013
1,task_2,73,9,1.6310721635818481,-0.7283313274383545
1,task_2,73,10,1.7677723169326782,-0.6761035323143005
1,task_2,73,11,1.9185519218444824,-0.618466854095459
1,task_2,73,12,2.084965229034424,-0.5548877120018005
1,task_2,73,13,2.291841745376587,-0.4763067662715912
1,task_2,73,14,2.4634671211242676,-0.41112229228019714
1,task_2,73,15,2.7244224548339844,-0.3115336000919342
1,task_2,73,16,2.9585306644439697,-0.22227272391319275
1,task_2,73,17,3.2414889335632324,-0.11404557526111603
1,task_2,73,18,3.5694658756256104,0.011950504966080189
1,task_2,73,19,3.9049289226531982,0.140694260597229
1,task_2,73,20,4.279880523681641,0.28523582220077515
1,task_2,73,21,4.702333450317383,0.44838470220565796
1,task_2,73,22,5.168797492980957,0.628235399723053
1,task_2,73,23,5.616011619567871,0.8005673885345459
1,task_2,73,24,6.157147407531738,1.0090270042419434
1,task_2,73,25,6.713169097900391,1.2230334281921387
1,task_2,73,26,7.328549385070801,1.4599961042404175
1,task_2,73,27,7.973494529724121,1.7081798315048218
1,task_2,73,28,8.691540718078613,1.98464035987854
1,task_2,73,29,10.207120895385742,2.5512406826019287
1,task_2,74,0,0.0,3.0362730026245117
1,task_2,74,1,0.002338498830795288,3.007533073425293
1,task_2,74,2,0.01970788836479187,2.7998433113098145
1,task_2,74,3,0.34234967827796936,-0.32754242420196533
1,task_2,74,4,0.34234967827796936,-0.32754242420196533
1,task_2,74,5,0.34234967827796936,-0.32754242420196533
1,task_2,74,6,0.34234967827796936,-0.32754242420196533
1,task_2,74,7,0.34234967827796936,-0.32754242420196533
1,task_2,74,8,0.34234967827796936,-0.32754242420196533
1,task_2,74,9,0.34234967827796936,-0.32754242420196533
1,task_2,74,10,0.34234967827796936,-0.32754242420196533
1,task_2,74,11,0.34234967827796936,-0.32754242420196533
1,task_2,74,12,0.34234967827796936,-0.32754242420196533
1,task_2,74,13,0.34234967827796936,-0.32754242420196533
1,task_2,74,14,0.34234967827796936,-0.32754242420196533
1,task_2,74,15,0.34234967827796936,-0.32754242420196533
1,task_2,74,16,0.34234967827796936,-0.32754242420196533
1,task_2,74,17,0.34234967827796936,-0.32754242420196533
1,task_2,74,18,0.34234967827796936,-0.32754242420196533
1,task_2,74,19,0.34234967827796936,-0.32754242420196533
1,task_2,74,20,0.34234967827796936,-0.32754242420196533
1,task_2,74,21,0.34234967827796936,-0.32754242420196533
1,task_2,74,22,0.34234967827796936,-0.32754242420196533
1,task_2,74,23,0.34234967827796936,-0.32754242420196533
1,task_2,74,24,0.34234967827796936,-0.32754242420196533
1,task_2,74,25,0.34234967827796936,-0.32754242420196533
1,task_2,74,26,0.34234967827796936,-0.32754242420196533
1,task_2,74,27,0.34234967827796936,-0.32754242420196533
1,task_2,74,28,0.34234967827796936,-0.32754242420196533
1,task_2,74,29,0.34234967827796936,-0.32754242420196533
1,task_2,75,0,0.0044900476932525635,-0.7801001071929932
1,task_2,75,1,0.011093005537986755,-0.7759014964103699
1,task_2,75,2,0.016531601548194885,-0.7723090648651123
1,task_2,75,3,0.021100923418998718,-0.7682375907897949
1,task_2,75,4,0.02529260516166687,-0.7640490531921387
1,task_2,75,5,0.028457283973693848,-0.760723352432251
1,task_2,75,6,0.032243743538856506,-0.7567697167396545
1,task_2,75,7,0.036504536867141724,-0.7521677613258362
1,task_2,75,8,0.043817341327667236,-0.7440070509910583
1,task_2,75,9,0.056341469287872314,-0.7297791242599487
1,task_2,75,10,0.08159652352333069,-0.700908899307251
1,task_2,75,11,0.10784196853637695,-0.6709412336349487
1,task_2,75,12,0.14964193105697632,-0.6234804391860962
1,task_2,75,13,0.19437986612319946,-0.5728024244308472
1,task_2,75,14,0.25364595651626587,-0.5059002041816711
1,task_2,75,15,0.31972378492355347,-0.4313807785511017
1,task_2,75,16,0.39019638299942017,-0.35123971104621887
1,task_2,75,17,0.4815415143966675,-0.24712499976158142
1,task_2,75,18,0.592293381690979,-0.12067987024784088
1,task_2,75,19,0.6965673565864563,-0.0012923615286126733
1,task_2,75,20,0.8337609171867371,0.1569364368915558
1,task_2,75,21,0.9702222943305969,0.3145595192909241
1,task_2,75,22,1.1209259033203125,0.48972123861312866
1,task_2,75,23,1.2975690364837646,0.6943068504333496
1,task_2,75,24,1.4825100898742676,0.908721387386322
1,task_2,75,25,1.7005794048309326,1.160919189453125
1,task_2,75,26,1.9133076667785645,1.4075371026992798
1,task_2,75,27,2.1549956798553467,1.687422275543213
1,task_2,75,28,2.4201366901397705,1.9946873188018799
1,task_2,75,29,3.3373050689697266,3.014982223510742
1,task_2,76,0,0.0,-0.7189729809761047
1,task_2,76,1,0.0,-0.7189729809761047
1,task_2,76,2,0.0,-0.7189729809761047
1,task_2,76,3,0.0,-0.7189729809761047
1,task_2,76,4,0.0,-0.7189729809761047
1,task_2,76,5,0.0,-0.7189729809761047
1,task_2,76,6,0.0,-0.7189729809761047
1,task_2,76,7,0.0,-0.7189729809761047
1,task_2,76,8,0.0,-0.7189729809761047
1,task_2,76,9,0.0,-0.7189729809761047
1,task_2,76,10,0.0,-0.7189729809761047
1,task_2,76,11,0.0,-0.7189729809761047
1,task_2,76,12,0.0,-0.7189729809761047
1,task_2,76,13,0.0,-0.7189729809761047
1,task_2,76,14,0.002083227038383484,-0.7142735123634338
1,task_2,76,15,0.04230359196662903,-0.6201929450035095
1,task_2,76,16,0.10034209489822388,-0.4846963882446289
1,task_2,76,17,0.16421470046043396,-0.3357708156108856
1,task_2,76,18,0.23238909244537354,-0.17752350866794586
1,task_2,76,19,0.30036240816116333,-0.01961863599717617
1,task_2,76,20,0.3918547034263611,0.19219036400318146
1,task_2,76,21,0.4750610589981079,0.38515767455101013
1,task_2,76,22,0.5584991574287415,0.5787668824195862
1,task_2,76,23,0.6763226985931396,0.8523291349411011
1,task_2,76,24,0.770413339138031,1.0704246759414673
1,task_2,76,25,0.8842140436172485,1.3342149257659912
1,task_2,76,26,0.9960712194442749,1.593629002571106
1,task_2,76,27,1.1318089962005615,1.9116697311401367
1,task_2,76,28,1.2743855714797974,2.2496557235717773
1,task_2,76,29,1.4322253465652466,2.2496557235717773
1,task_2,77,0,0.15481401979923248,14.551915168762207
1,task_2,77,1,0.15481401979923248,14.551915168762207
1,task_2,77,2,0.15481401979923248,14.551915168762207
1,task_2,77,3,0.15481401979923248,14.551915168762207
1,task_2,77,4,0.15481401979923248,14.551915168762207
1,task_2,77,5,0.15481401979923248,14.551915168762207
1,task_2,77,6,0.15481401979923248,14.551915168762207
1,task_2,77,7,0.15481401979923248,14.551915168762207
1,task_2,77,8,0.15481401979923248,14.551915168762207
1,task_2,77,9,0.15481401979923248,14.551915168762207
1,task_2,77,10,0.15481401979923248,14.551915168762207
1,task_2,77,11,0.15481401979923248,14.551915168762207
1,task_2,77,12,0.15481401979923248,14.551915168762207
1,task_2,77,13,0.15481401979923248,14.551915168762207
1,task_2,77,14,0.15481401979923248,14.551915168762207
1,task_2,77,15,0.15481401979923248,14.551915168762207
1,task_2,77,16,0.15481401979923248,14.551915168762207
1,task_2,77,17,0.15481401979923248,14.551915168762207
1,task_2,77,18,0.15481401979923248,14.551915168762207
1,task_2,77,19,0.15481401979923248,14.551915168762207
1,task_2,77,20,0.15481401979923248,14.551915168762207
1,task_2,77,21,0.15481401979923248,14.551915168762207
1,task_2,77,22,0.15481401979923248,14.551915168762207
1,task_2,77,23,0.15481401979923248,14.551915168762207
1,task_2,77,24,0.15481401979923248,14.551915168762207
1,task_2,77,25,0.15481401979923248,14.551915168762207
1,task_2,77,26,0.15481401979923248,14.551915168762207
1,task_2,77,27,0.15481401979923248,14.551915168762207
1,task_2,77,28,0.15481401979923248,14.551915168762207
1,task_2,77,29,0.15481401979923248,14.551915168762207
1,task_2,78,0,0.0,0.0
1,task_2,78,1,0.005922675132751465,0.0
1,task_2,78,2,0.012850677594542503,0.0
1,task_2,78,3,0.012850677594542503,0.0
1,task_2,78,4,0.012850677594542503,0.0
1,task_2,78,5,0.012850677594542503,0.0
1,task_2,78,6,0.012850677594542503,0.0
1,task_2,78,7,0.012850677594542503,0.0
1,task_2,78,8,0.012850677594542503,0.0
1,task_2,78,9,0.012850677594542503,0.0
1,task_2,78,10,0.012850677594542503,0.0
1,task_2,78,11,0.012850677594542503,0.0
1,task_2,78,12,0.012850677594542503,0.0
1,task_2,78,13,0.012850677594542503,0.0
1,task_2,78,14,0.012850677594542503,0.0
1,task_2,78,15,0.012850677594542503,0.0
1,task_2,78,16,0.012850677594542503,0.0
1,task_2,78,17,0.012850677594542503,0.0
1,task_2,78,18,0.012850677594542503,0.0
1,task_2,78,19,0.012850677594542503,0.0
1,task_2,78,20,0.012850677594542503,0.0
1,task_2,78,21,0.012850677594542503,0.0
1,task_2,78,22,0.012850677594542503,0.0
1,task_2,78,23,0.012850677594542503,0.0
1,task_2,78,24,0.012850677594542503,0.0
1,task_2,78,25,0.012850677594542503,0.0
1,task_2,78,26,0.012850677594542503,0.0
1,task_2,78,27,0.012850677594542503,0.0
1,task_2,78,28,0.012850677594542503,0.0
1,task_2,78,29,0.012850677594542503,0.0
1,task_2,79,0,0.0,-0.8723490834236145
1,task_2,79,1,0.0,-0.8723490834236145
1,task_2,79,2,0.0,-0.8723490834236145
1,task_2,79,3,0.0,-0.8723490834236145
1,task_2,79,4,0.0,-0.8723490834236145
1,task_2,79,5,0.0,-0.8723490834236145
1,task_2,79,6,0.012163177132606506,-0.8629366159439087
1,task_2,79,7,0.04792952537536621,-0.8361102342605591
1,task_2,79,8,0.09690800309181213,-0.8001800775527954
1,task_2,79,9,0.15659502148628235,-0.7573868036270142
1,task_2,79,10,0.2170875072479248,-0.7146664261817932
1,task_2,79,11,0.2813992500305176,-0.6697193384170532
1,task_2,79,12,0.37882688641548157,-0.599923849105835
1,task_2,79,13,0.4640975892543793,-0.5384580492973328
1,task_2,79,14,0.5827733278274536,-0.4526107907295227
1,task_2,79,15,0.6928553581237793,-0.3712989091873169
1,task_2,79,16,0.8279867172241211,-0.271665096282959
1,task_2,79,17,0.989838719367981,-0.14982418715953827
1,task_2,79,18,1.157868504524231,-0.024683890864253044
1,task_2,79,19,1.3339195251464844,0.1067052036523819
1,task_2,79,20,1.5412863492965698,0.2625262439250946
1,task_2,79,21,1.7631921768188477,0.4284619390964508
1,task_2,79,22,2.0000035762786865,0.6062586307525635
1,task_2,79,23,2.261286497116089,0.8028886914253235
1,task_2,79,24,2.5504653453826904,1.0202744007110596
1,task_2,79,25,2.8409223556518555,1.2389886379241943
1,task_2,79,26,3.1699092388153076,1.486743450164795
1,task_2,79,27,3.525832414627075,1.7549439668655396
1,task_2,79,28,3.9119787216186523,2.046532154083252
1,task_2,79,29,4.592696189880371,2.529235601425171
1,task_2,80,0,0.2530508041381836,0.0
1,task_2,80,1,0.2530508041381836,0.0
1,task_2,80,2,0.2530508041381836,0.0
1,task_2,80,3,0.2530508041381836,0.0
1,task_2,80,4,0.2530508041381836,0.0
1,task_2,80,5,0.2530508041381836,0.0
1,task_2,80,6,0.2530508041381836,0.0
1,task_2,80,7,0.2530508041381836,0.0
1,task_2,80,8,0.2530508041381836,0.0
1,task_2,80,9,0.2530508041381836,0.0
1,task_2,80,10,0.2530508041381836,0.0
1,task_2,80,11,0.2530508041381836,0.0
1,task_2,80,12,0.2530508041381836,0.0
1,task_2,80,13,0.2530508041381836,0.0
1,task_2,80,14,0.2530508041381836,0.0
1,task_2,80,15,0.2530508041381836,0.0
1,task_2,80,16,0.2530508041381836,0.0
1,task_2,80,17,0.2530508041381836,0.0
1,task_2,80,18,0.2530508041381836,0.0
1,task_2,80,19,0.2530508041381836,0.0
1,task_2,80,20,0.2530508041381836,0.0
1,task_2,80,21,0.2530508041381836,0.0
1,task_2,80,22,0.2530508041381836,0.0
1,task_2,80,23,0.2530508041381836,0.0
1,task_2,80,24,0.2530508041381836,0.0
1,task_2,80,25,0.2530508041381836,0.0
1,task_2,80,26,0.2530508041381836,0.0
1,task_2,80,27,0.2530508041381836,0.0
1,task_2,80,28,0.2530508041381836,0.0
1,task_2,80,29,0.2530508041381836,0.0
1,task_2,81,0,0.0,-0.3393721878528595
1,task_2,81,1,0.0,-0.3393721878528595
1,task_2,81,2,0.0,-0.3393721878528595
1,task_2,81,3,0.0,-0.3393721878528595
1,task_2,81,4,0.0,-0.3393721878528595
1,task_2,81,5,0.0,-0.3393721878528595
1,task_2,81,6,0.0,-0.3393721878528595
1,task_2,81,7,0.0,-0.3393721878528595
1,task_2,81,8,0.0,-0.3393721878528595
1,task_2,81,9,0.0,-0.3393721878528595
1,task_2,81,10,0.0,-0.3393721878528595
1,task_2,81,11,0.0,-0.3393721878528595
1,task_2,81,12,0.0,-0.3393721878528595
1,task_2,81,13,0.0,-0.3393721878528595
1,task_2,81,14,0.0,-0.3393721878528595
1,task_2,81,15,0.0,-0.3393721878528595
1,task_2,81,16,0.0,-0.3393721878528595
1,task_2,81,17,0.00663486123085022,-0.2877218723297119
1,task_2,81,18,0.019401758909225464,-0.1901692897081375
1,task_2,81,19,0.029757410287857056,-0.10861176997423172
1,task_2,81,20,0.040459394454956055,-0.023188291117548943
1,task_2,81,21,0.047409385442733765,0.031532276421785355
1,task_2,81,22,0.052624285221099854,0.07018132507801056
1,task_2,81,23,0.057110339403152466,0.10607212781906128
1,task_2,81,24,0.06114912033081055,0.13913339376449585
1,task_2,81,25,0.0642595887184143,0.16232924163341522
1,task_2,81,26,0.0691315233707428,0.2032693326473236
1,task_2,81,27,0.07261544466018677,0.23184819519519806
1,task_2,81,28,0.07749184966087341,0.26935866475105286
1,task_2,81,29,0.6792310476303101,5.1652936935424805
1,task_2,82,0,0.0,-2.087575912475586
1,task_2,82,1,0.0,-2.087575912475586
1,task_2,82,2,0.0,-2.087575912475586
1,task_2,82,3,0.020538434386253357,-1.8451783657073975
1,task_2,82,4,0.07181714475154877,-1.4065630435943604
1,task_2,82,5,0.11293239891529083,-1.0626696348190308
1,task_2,82,6,0.15289807319641113,-0.7182783484458923
1,task_2,82,7,0.19392003118991852,-0.49018266797065735
1,task_2,82,8,0.23373277485370636,-0.25923967361450195
1,task_2,82,9,0.27073559165000916,0.010150285437703133
1,task_2,82,10,0.3042420744895935,0.1893841028213501
1,task_2,82,11,0.33579227328300476,0.46156343817710876
1,task_2,82,12,0.3706209063529968,0.6764433979988098
1,task_2,82,13,0.39868009090423584,0.5757251977920532
1,task_2,82,14,0.42175087332725525,0.27633804082870483
1,task_2,82,15,0.44472411274909973,0.12263762205839157
1,task_2,82,16,0.4659889340400696,0.18440860509872437
1,task_2,82,17,0.4879278838634491,0.2900594472885132
1,task_2,82,18,0.5021355152130127,0.42232897877693176
1,task_2,82,19,0.5173221826553345,0.556526243686676
1,task_2,82,20,0.5288453102111816,0.82792729139328
1,task_2,82,21,0.5356932878494263,0.82792729139328
1,task_2,82,22,0.5405547618865967,0.82792729139328
1,task_2,82,23,0.5447402596473694,0.82792729139328
1,task_2,82,24,0.5500043630599976,0.82792729139328
1,task_2,82,25,0.5554007291793823,0.82792729139328
1,task_2,82,26,0.5589032769203186,0.82792729139328
1,task_2,82,27,0.5654913187026978,0.82792729139328
1,task_2,82,28,0.5732123851776123,0.82792729139328
1,task_2,82,29,0.601875901222229,0.82792729139328
1,task_2,83,0,0.25683915615081787,0.0
1,task_2,83,1,0.25683915615081787,0.0
1,task_2,83,2,0.25683915615081787,0.0
1,task_2,83,3,0.25683915615081787,0.0
1,task_2,83,4,0.25683915615081787,0.0
1,task_2,83,5,0.25683915615081787,0.0
1,task_2,83,6,0.25683915615081787,0.0
1,task_2,83,7,0.25683915615081787,0.0
1,task_2,83,8,0.25683915615081787,0.0
1,task_2,83,9,0.25683915615081787,0.0
1,task_2,83,10,0.25683915615081787,0.0
1,task_2,83,11,0.25683915615081787,0.0
1,task_2,83,12,0.25683915615081787,0.0
1,task_2,83,13,0.25683915615081787,0.0
1,task_2,83,14,0.25683915615081787,0.0
1,task_2,83,15,0.25683915615081787,0.0
1,task_2,83,16,0.25683915615081787,0.0
1,task_2,83,17,0.25683915615081787,0.0
1,task_2,83,18,0.25683915615081787,0.0
1,task_2,83,19,0.25683915615081787,0.0
1,task_2,83,20,0.25683915615081787,0.0
1,task_2,83,21,0.25683915615081787,0.0
1,task_2,83,22,0.25683915615081787,0.0
1,task_2,83,23,0.25683915615081787,0.0
1,task_2,83,24,0.25683915615081787,0.0
1,task_2,83,25,0.25683915615081787,0.0
1,task_2,83,26,0.25683915615081787,0.0
1,task_2,83,27,0.25683915615081787,0.0
1,task_2,83,28,0.25683915615081787,0.0
1,task_2,83,29,0.25683915615081787,0.0
1,task_2,84,0,1.6846836805343628,0.0
1,task_2,84,1,1.6846836805343628,0.0
1,task_2,84,2,1.6846836805343628,0.0
1,task_2,84,3,1.6846836805343628,0.0
1,task_2,84,4,1.6846836805343628,0.0
1,task_2,84,5,1.6846836805343628,0.0
1,task_2,84,6,1.6846836805343628,0.0
1,task_2,84,7,1.6846836805343628,0.0
1,task_2,84,8,1.6846836805343628,0.0
1,task_2,84,9,1.6846836805343628,0.0
1,task_2,84,10,1.6846836805343628,0.0
1,task_2,84,11,1.6846836805343628,0.0
1,task_2,84,12,1.6846836805343628,0.0
1,task_2,84,13,1.6846836805343628,0.0
1,task_2,84,14,1.6846836805343628,0.0
1,task_2,84,15,1.6846836805343628,0.0
1,task_2,84,16,1.6846836805343628,0.0
1,task_2,84,17,1.6846836805343628,0.0
1,task_2,84,18,1.6846836805343628,0.0
1,task_2,84,19,1.6846836805343628,0.0
1,task_2,84,20,1.6846836805343628,0.0
1,task_2,84,21,1.6846836805343628,0.0
1,task_2,84,22,1.6846836805343628,0.0
1,task_2,84,23,1.6846836805343628,0.0
1,task_2,84,24,1.6846836805343628,0.0
1,task_2,84,25,1.6846836805343628,0.0
1,task_2,84,26,1.6846836805343628,0.0
1,task_2,84,27,1.6846836805343628,0.0
1,task_2,84,28,1.6846836805343628,0.0
1,task_2,84,29,1.6846836805343628,0.0
1,task_2,85,0,0.3986783027648926,-1.1010518074035645
1,task_2,85,1,0.4343230128288269,-1.060269832611084
1,task_2,85,2,0.4641045928001404,-1.0263341665267944
1,task_2,85,3,0.4944341480731964,-0.9915870428085327
1,task_2,85,4,0.5288162231445312,-0.9504061937332153
1,task_2,85,5,0.5708543062210083,-0.8971584439277649
1,task_2,85,6,0.6015961170196533,-0.857221782207489
1,task_2,85,7,0.6373324990272522,-0.8102179169654846
1,task_2,85,8,0.679419994354248,-0.7547587156295776
1,task_2,85,9,0.7229428291320801,-0.6970754861831665
1,task_2,85,10,0.7722127437591553,-0.6318144202232361
1,task_2,85,11,0.8157625198364258,-0.5744356513023376
1,task_2,85,12,0.8751479387283325,-0.49630478024482727
1,task_2,85,13,0.9317697286605835,-0.42166435718536377
1,task_2,85,14,0.9877098798751831,-0.34760782122612
1,task_2,85,15,1.0591602325439453,-0.2531222105026245
1,task_2,85,16,1.134563684463501,-0.15406127274036407
1,task_2,85,17,1.213146448135376,-0.05084525793790817
1,task_2,85,18,1.3010250329971313,0.06407976895570755
1,task_2,85,19,1.3941045999526978,0.1852961629629135
1,task_2,85,20,1.4885624647140503,0.3088289499282837
1,task_2,85,21,1.6082841157913208,0.46514707803726196
1,task_2,85,22,1.7239478826522827,0.6160241365432739
1,task_2,85,23,1.8419711589813232,0.769791841506958
1,task_2,85,24,1.9882428646087646,0.9607589244842529
1,task_2,85,25,2.1370620727539062,1.1547776460647583
1,task_2,85,26,2.2923076152801514,1.3568644523620605
1,task_2,85,27,2.455113410949707,1.569321632385254
1,task_2,85,28,2.6305313110351562,1.7981353998184204
1,task_2,85,29,3.438572883605957,2.8269102573394775
1,task_2,86,0,1.0247254371643066,0.0
1,task_2,86,1,1.0247254371643066,0.0
1,task_2,86,2,1.0247254371643066,0.0
1,task_2,86,3,1.0247254371643066,0.0
1,task_2,86,4,1.0247254371643066,0.0
1,task_2,86,5,1.0247254371643066,0.0
1,task_2,86,6,1.0247254371643066,0.0
1,task_2,86,7,1.0247254371643066,0.0
1,task_2,86,8,1.0247254371643066,0.0
1,task_2,86,9,1.0247254371643066,0.0
1,task_2,86,10,1.0247254371643066,0.0
1,task_2,86,11,1.0247254371643066,0.0
1,task_2,86,12,1.0247254371643066,0.0
1,task_2,86,13,1.0247254371643066,0.0
1,task_2,86,14,1.0247254371643066,0.0
1,task_2,86,15,1.0247254371643066,0.0
1,task_2,86,16,1.0247254371643066,0.0
1,task_2,86,17,1.0247254371643066,0.0
1,task_2,86,18,1.0247254371643066,0.0
1,task_2,86,19,1.0247254371643066,0.0
1,task_2,86,20,1.0247254371643066,0.0
1,task_2,86,21,1.0247254371643066,0.0
1,task_2,86,22,1.0247254371643066,0.0
1,task_2,86,23,1.0247254371643066,0.0
1,task_2,86,24,1.0247254371643066,0.0
1,task_2,86,25,1.0247254371643066,0.0
1,task_2,86,26,1.0247254371643066,0.0
1,task_2,86,27,1.0247254371643066,0.0
1,task_2,86,28,1.0247254371643066,0.0
1,task_2,86,29,1.0247254371643066,0.0
1,task_2,87,0,0.0,-0.6497387290000916
1,task_2,87,1,0.0,-0.6497387290000916
1,task_2,87,2,0.0,-0.6497387290000916
1,task_2,87,3,0.0,-0.6497387290000916
1,task_2,87,4,0.0,-0.6497387290000916
1,task_2,87,5,0.0,-0.6497387290000916
1,task_2,87,6,0.0,-0.6497387290000916
1,task_2,87,7,0.0,-0.6497387290000916
1,task_2,87,8,0.0,-0.6497387290000916
1,task_2,87,9,0.0,-0.6497387290000916
1,task_2,87,10,0.0,-0.6497387290000916
1,task_2,87,11,0.0,-0.6497387290000916
1,task_2,87,12,0.0,-0.6497387290000916
1,task_2,87,13,0.0,-0.6497387290000916
1,task_2,87,14,0.0,-0.6497387290000916
1,task_2,87,15,0.0,-0.6497387290000916
1,task_2,87,16,0.04799194633960724,-0.5624381303787231
1,task_2,87,17,0.11327077448368073,-0.44417858123779297
1,task_2,87,18,0.19982841610908508,-0.28733527660369873
1,task_2,87,19,0.2858876585960388,-0.13149802386760712
1,task_2,87,20,0.374688982963562,0.02913728728890419
1,task_2,87,21,0.489899218082428,0.2375951111316681
1,task_2,87,22,0.6100320816040039,0.4552253484725952
1,task_2,87,23,0.7216529250144958,0.6574983596801758
1,task_2,87,24,0.862217128276825,0.9121866226196289
1,task_2,87,25,1.018892526626587,1.196144700050354
1,task_2,87,26,1.1694209575653076,1.4689230918884277
1,task_2,87,27,1.3372774124145508,1.7730469703674316
1,task_2,87,28,1.514167308807373,2.093489170074463
1,task_2,87,29,2.0257396697998047,2.9980220794677734
1,task_2,88,0,0.0,0.2515358328819275
1,task_2,88,1,0.0,0.2515358328819275
1,task_2,88,2,0.0,0.2515358328819275
1,task_2,88,3,0.0,0.2515358328819275
1,task_2,88,4,0.0,0.2515358328819275
1,task_2,88,5,0.0,0.2515358328819275
1,task_2,88,6,0.0,0.2515358328819275
1,task_2,88,7,0.0,0.2515358328819275
1,task_2,88,8,0.0,0.2515358328819275
1,task_2,88,9,0.0,0.2515358328819275
1,task_2,88,10,0.0,0.2515358328819275
1,task_2,88,11,0.0,0.2515358328819275
1,task_2,88,12,0.0,0.2515358328819275
1,task_2,88,13,0.0,0.2515358328819275
1,task_2,88,14,0.0,0.2515358328819275
1,task_2,88,15,0.0,0.2515358328819275
1,task_2,88,16,0.0,0.2515358328819275
1,task_2,88,17,0.0,0.2515358328819275
1,task_2,88,18,0.0,0.2515358328819275
1,task_2,88,19,0.0,0.2515358328819275
1,task_2,88,20,0.0,0.2515358328819275
1,task_2,88,21,0.0,0.2515358328819275
1,task_2,88,22,0.0,0.2515358328819275
1,task_2,88,23,0.0,0.2515358328819275
1,task_2,88,24,0.0,0.2515358328819275
1,task_2,88,25,0.0,0.2515358328819275
1,task_2,88,26,0.0016303807497024536,0.20423129200935364
1,task_2,88,27,0.0260191410779953,-0.5309705138206482
1,task_2,88,28,0.04633474349975586,-1.1407047510147095
1,task_2,88,29,0.3285384178161621,-5.0724873542785645
1,task_2,89,0,0.0,0.8795357942581177
1,task_2,89,1,0.0,0.8795357942581177
1,task_2,89,2,0.0,0.8795357942581177
1,task_2,89,3,0.0,0.8795357942581177
1,task_2,89,4,0.0,0.8795357942581177
1,task_2,89,5,0.0,0.8795357942581177
1,task_2,89,6,0.0,0.8795357942581177
1,task_2,89,7,0.0,0.8795357942581177
1,task_2,89,8,0.0,0.8795357942581177
1,task_2,89,9,0.0,0.8795357942581177
1,task_2,89,10,0.0,0.8795357942581177
1,task_2,89,11,0.0,0.8795357942581177
1,task_2,89,12,0.0,0.8795357942581177
1,task_2,89,13,0.0,0.8795357942581177
1,task_2,89,14,0.006768971681594849,0.8542971611022949
1,task_2,89,15,0.09215125441551208,0.39216378331184387
1,task_2,89,16,0.13172143697738647,0.21632978320121765
1,task_2,89,17,0.19652199745178223,-0.12570522725582123
1,task_2,89,18,0.24148432910442352,-0.3605155050754547
1,task_2,89,19,0.28227829933166504,-0.5599046349525452
1,task_2,89,20,0.33061301708221436,-0.7880504131317139
1,task_2,89,21,0.36820563673973083,-0.9626068472862244
1,task_2,89,22,0.3956117630004883,-1.104231595993042
1,task_2,89,23,0.41890591382980347,-1.21045982837677
1,task_2,89,24,0.44079792499542236,-1.3066288232803345
1,task_2,89,25,0.46128520369529724,-1.3894864320755005
1,task_2,89,26,0.4803152084350586,-1.4512848854064941
1,task_2,89,27,0.49162718653678894,-1.47959566116333
1,task_2,89,28,0.5065239667892456,-1.5045192241668701
1,task_2,89,29,0.7852814197540283,-1.5333025455474854
1,task_2,90,0,1.5572609901428223,1862.6451416015625
1,task_2,90,1,1.5572609901428223,1862.6451416015625
1,task_2,90,2,1.5572609901428223,1862.6451416015625
1,task_2,90,3,1.5572609901428223,1862.6451416015625
1,task_2,90,4,1.5572609901428223,1862.6451416015625
1,task_2,90,5,1.5572609901428223,1862.6451416015625
1,task_2,90,6,1.5572609901428223,1862.6451416015625
1,task_2,90,7,1.5572609901428223,1862.6451416015625
1,task_2,90,8,1.5572609901428223,1862.6451416015625
1,task_2,90,9,1.5572609901428223,1862.6451416015625
1,task_2,90,10,1.5572609901428223,1862.6451416015625
1,task_2,90,11,1.5572609901428223,1862.6451416015625
1,task_2,90,12,1.5572609901428223,1862.6451416015625
1,task_2,90,13,1.5572609901428223,1862.6451416015625
1,task_2,90,14,1.5572609901428223,1862.6451416015625
1,task_2,90,15,1.5572609901428223,1862.6451416015625
1,task_2,90,16,1.5572609901428223,1862.6451416015625
1,task_2,90,17,1.5572609901428223,1862.6451416015625
1,task_2,90,18,1.5572609901428223,1862.6451416015625
1,task_2,90,19,1.5572609901428223,1862.6451416015625
1,task_2,90,20,1.5572609901428223,1862.6451416015625
1,task_2,90,21,1.5572609901428223,1862.6451416015625
1,task_2,90,22,1.5572609901428223,1862.6451416015625
1,task_2,90,23,1.5572609901428223,1862.6451416015625
1,task_2,90,24,1.5572609901428223,1862.6451416015625
1,task_2,90,25,1.5572609901428223,1862.6451416015625
1,task_2,90,26,1.5572609901428223,1862.6451416015625
1,task_2,90,27,1.5572609901428223,1862.6451416015625
1,task_2,90,28,1.5572609901428223,1862.6451416015625
1,task_2,90,29,1.5572609901428223,1862.6451416015625
1,task_2,91,0,0.23214460909366608,-0.9917877912521362
1,task_2,91,1,0.27815699577331543,-0.9700247645378113
1,task_2,91,2,0.3237231373786926,-0.9490600228309631
1,task_2,91,3,0.36445537209510803,-0.9307936429977417
1,task_2,91,4,0.4186418652534485,-0.9073935151100159
1,task_2,91,5,0.48196491599082947,-0.8805504441261292
1,task_2,91,6,0.5419878363609314,-0.8548925518989563
1,task_2,91,7,0.6123479604721069,-0.8244228959083557
1,task_2,91,8,0.6982350945472717,-0.7870348691940308
1,task_2,91,9,0.7905415892601013,-0.7466471791267395
1,task_2,91,10,0.917292058467865,-0.6909131407737732
1,task_2,91,11,1.0306421518325806,-0.640659511089325
1,task_2,91,12,1.18616783618927,-0.5713385939598083
1,task_2,91,13,1.3442959785461426,-0.500968873500824
1,task_2,91,14,1.5420734882354736,-0.4133634865283966
1,task_2,91,15,1.732511043548584,-0.3293922245502472
1,task_2,91,16,1.9676339626312256,-0.22584617137908936
1,task_2,91,17,2.2226827144622803,-0.11389178037643433
1,task_2,91,18,2.5007200241088867,0.008295919746160507
1,task_2,91,19,2.805314064025879,0.14240393042564392
1,task_2,91,20,3.1433427333831787,0.2909526526927948
1,task_2,91,21,3.525674819946289,0.45900940895080566
1,task_2,91,22,3.93070125579834,0.6371340751647949
1,task_2,91,23,4.340461730957031,0.8172898888587952
1,task_2,91,24,4.820976734161377,1.0283724069595337
1,task_2,91,25,5.323464870452881,1.2490414381027222
1,task_2,91,26,5.870481014251709,1.489119529724121
1,task_2,91,27,6.461571216583252,1.7484521865844727
1,task_2,91,28,7.071703910827637,2.016298770904541
1,task_2,91,29,8.076299667358398,2.4426097869873047
1,task_2,92,0,0.0,-0.7299187183380127
1,task_2,92,1,0.0,-0.7299187183380127
1,task_2,92,2,0.0,-0.7299187183380127
1,task_2,92,3,0.0,-0.7299187183380127
1,task_2,92,4,0.0,-0.7299187183380127
1,task_2,92,5,0.0,-0.7299187183380127
1,task_2,92,6,0.0,-0.7299187183380127
1,task_2,92,7,0.0,-0.7299187183380127
1,task_2,92,8,0.0,-0.7299187183380127
1,task_2,92,9,0.0,-0.7299187183380127
1,task_2,92,10,0.0,-0.7299187183380127
1,task_2,92,11,0.0,-0.7299187183380127
1,task_2,92,12,0.0,-0.7299187183380127
1,task_2,92,13,0.0,-0.7299187183380127
1,task_2,92,14,0.0,-0.7299187183380127
1,task_2,92,15,0.04245805740356445,-0.6385526657104492
1,task_2,92,16,0.0999898612499237,-0.5204371809959412
1,task_2,92,17,0.17435124516487122,-0.3682444393634796
1,task_2,92,18,0.2616245746612549,-0.18469949066638947
1,task_2,92,19,0.3435359299182892,-0.014064455404877663
1,task_2,92,20,0.45135506987571716,0.21018733084201813
1,task_2,92,21,0.557837963104248,0.4338478147983551
1,task_2,92,22,0.6700598001480103,0.6686655879020691
1,task_2,92,23,0.7802450656890869,0.8949338793754578
1,task_2,92,24,0.930795431137085,1.2223917245864868
1,task_2,92,25,1.0811350345611572,1.5776361227035522
1,task_2,92,26,1.224645733833313,1.916778802871704
1,task_2,92,27,1.395788311958313,1.916778802871704
1,task_2,92,28,1.5654367208480835,1.916778802871704
1,task_2,92,29,1.7510868310928345,1.916778802871704
1,task_2,93,0,0.2468942552804947,-0.7611121535301208
1,task_2,93,1,0.25225287675857544,-0.7554767727851868
1,task_2,93,2,0.25685620307922363,-0.7504702210426331
1,task_2,93,3,0.26095229387283325,-0.7460986971855164
1,task_2,93,4,0.2658453583717346,-0.7408589720726013
1,task_2,93,5,0.26888954639434814,-0.7375344634056091
1,task_2,93,6,0.2727106213569641,-0.733429491519928
1,task_2,93,7,0.27936291694641113,-0.7262406349182129
1,task_2,93,8,0.2859419584274292,-0.7190482020378113
1,task_2,93,9,0.29426461458206177,-0.7097790837287903
1,task_2,93,10,0.30833250284194946,-0.6934221982955933
1,task_2,93,11,0.3354184031486511,-0.6606597900390625
1,task_2,93,12,0.36801671981811523,-0.621062159538269
1,task_2,93,13,0.4107005000114441,-0.5689430832862854
1,task_2,93,14,0.4587046504020691,-0.509984016418457
1,task_2,93,15,0.5124322772026062,-0.443543404340744
1,task_2,93,16,0.579571008682251,-0.3605422377586365
1,task_2,93,17,0.6645002961158752,-0.2555387318134308
1,task_2,93,18,0.748450517654419,-0.15204760432243347
1,task_2,93,19,0.8497341871261597,-0.0272739939391613
1,task_2,93,20,0.9701564311981201,0.12196740508079529
1,task_2,93,21,1.1083431243896484,0.29326122999191284
1,task_2,93,22,1.240419626235962,0.4567328989505768
1,task_2,93,23,1.4118449687957764,0.6695579290390015
1,task_2,93,24,1.577519178390503,0.8753857612609863
1,task_2,93,25,1.7647192478179932,1.107964277267456
1,task_2,93,26,1.9733400344848633,1.3670141696929932
1,task_2,93,27,2.1998298168182373,1.6488049030303955
1,task_2,93,28,2.4484152793884277,1.9583983421325684
1,task_2,93,29,3.4685614109039307,3.1739773750305176
1,task_2,94,0,0.0,0.38494873046875
1,task_2,94,1,0.0,0.38494873046875
1,task_2,94,2,0.0,0.38494873046875
1,task_2,94,3,0.0,0.38494873046875
1,task_2,94,4,0.0,0.38494873046875
1,task_2,94,5,0.0,0.38494873046875
1,task_2,94,6,0.0,0.38494873046875
1,task_2,94,7,0.0,0.38494873046875
1,task_2,94,8,0.0,0.38494873046875
1,task_2,94,9,0.0,0.38494873046875
1,task_2,94,10,0.0,0.38494873046875
1,task_2,94,11,0.0,0.38494873046875
1,task_2,94,12,0.0,0.38494873046875
1,task_2,94,13,0.0,0.38494873046875
1,task_2,94,14,0.0,0.38494873046875
1,task_2,94,15,0.0,0.38494873046875
1,task_2,94,16,0.0,0.38494873046875
1,task_2,94,17,0.0,0.38494873046875
1,task_2,94,18,0.0,0.38494873046875
1,task_2,94,19,0.0,0.38494873046875
1,task_2,94,20,0.0,0.38494873046875
1,task_2,94,21,0.0,0.38494873046875
1,task_2,94,22,0.012628905475139618,0.29548007249832153
1,task_2,94,23,0.041432708501815796,0.08950667083263397
1,task_2,94,24,0.09245842695236206,-0.274258553981781
1,task_2,94,25,0.1265043318271637,-0.5348454713821411
1,task_2,94,26,0.1637665182352066,-0.8381490707397461
1,task_2,94,27,0.19748392701148987,-1.1406704187393188
1,task_2,94,28,0.23317080736160278,-1.4706109762191772
1,task_2,94,29,0.8381195068359375,-4.5953240394592285
1,task_2,95,0,0.0,-0.6528441905975342
1,task_2,95,1,0.0015963464975357056,-0.6502072811126709
1,task_2,95,2,0.004987560212612152,-0.6441789865493774
1,task_2,95,3,0.007994487881660461,-0.6391083598136902
1,task_2,95,4,0.011026136577129364,-0.6331363916397095
1,task_2,95,5,0.013921227306127548,-0.6275485157966614
1,task_2,95,6,0.01729315146803856,-0.6203356385231018
1,task_2,95,7,0.019525017589330673,-0.6148632168769836
1,task_2,95,8,0.02231578528881073,-0.6073259711265564
1,task_2,95,9,0.02553180232644081,-0.5979952812194824
1,task_2,95,10,0.029708057641983032,-0.5844747424125671
1,task_2,95,11,0.03307846561074257,-0.5739673376083374
1,task_2,95,12,0.038913823664188385,-0.5551218390464783
1,task_2,95,13,0.049332499504089355,-0.5203076004981995
1,task_2,95,14,0.06041710823774338,-0.48298460245132446
1,task_2,95,15,0.08083716779947281,-0.4135700762271881
1,task_2,95,16,0.09743799269199371,-0.3568725287914276
1,task_2,95,17,0.11804471909999847,-0.2857348322868347
1,task_2,95,18,0.14719922840595245,-0.1851917803287506
1,task_2,95,19,0.18005035817623138,-0.07151352614164352
1,task_2,95,20,0.21231572329998016,0.040088314563035965
1,task_2,95,21,0.24725230038166046,0.1613122969865799
1,task_2,95,22,0.2848178744316101,0.29149413108825684
1,task_2,95,23,0.33398282527923584,0.46159589290618896
1,task_2,95,24,0.3899584114551544,0.6554306745529175
1,task_2,95,25,0.438650518655777,0.8238047957420349
1,task_2,95,26,0.49774715304374695,1.0278552770614624
1,task_2,95,27,0.5666011571884155,1.2655775547027588
1,task_2,95,28,0.6306735277175903,1.486607313156128
1,task_2,95,29,1.4183789491653442,4.103518009185791
1,task_2,96,0,0.12728875875473022,-1.0123389959335327
1,task_2,96,1,0.1650485396385193,-0.9827896356582642
1,task_2,96,2,0.1967754364013672,-0.9575721025466919
1,task_2,96,3,0.2305174171924591,-0.9304612278938293
1,task_2,96,4,0.2684207558631897,-0.9006657004356384
1,task_2,96,5,0.30314183235168457,-0.8735005259513855
1,task_2,96,6,0.34415143728256226,-0.8411791920661926
1,task_2,96,7,0.3882980942726135,-0.8065144419670105
1,task_2,96,8,0.43347275257110596,-0.7705990672111511
1,task_2,96,9,0.4947746992111206,-0.7216180562973022
1,task_2,96,10,0.5641648769378662,-0.6662414073944092
1,task_2,96,11,0.6251503229141235,-0.6175520420074463
1,task_2,96,12,0.7035083770751953,-0.5548481345176697
1,task_2,96,13,0.7980956435203552,-0.4789847731590271
1,task_2,96,14,0.8909974098205566,-0.40449976921081543
1,task_2,96,15,0.9991127252578735,-0.3180387020111084
1,task_2,96,16,1.1213297843933105,-0.2199137806892395
1,task_2,96,17,1.255519986152649,-0.11231586337089539
1,task_2,96,18,1.409139633178711,0.01031792163848877
1,task_2,96,19,1.555674433708191,0.1284594088792801
1,task_2,96,20,1.7475978136062622,0.2834051251411438
1,task_2,96,21,1.9411779642105103,0.438929945230484
1,task_2,96,22,2.146430492401123,0.6047727465629578
1,task_2,96,23,2.373002529144287,0.7875877618789673
1,task_2,96,24,2.620358467102051,0.9870952367782593
1,task_2,96,25,2.8877458572387695,1.2039669752120972
1,task_2,96,26,3.1727771759033203,1.4337421655654907
1,task_2,96,27,3.4593076705932617,1.6658680438995361
1,task_2,96,28,3.8110642433166504,1.9496334791183472
1,task_2,96,29,4.745076656341553,2.6758511066436768
1,task_2,97,0,0.1305224895477295,-1.3890234231948853
1,task_2,97,1,0.14996285736560822,-1.2769602537155151
1,task_2,97,2,0.1622668206691742,-1.2084044218063354
1,task_2,97,3,0.17725765705108643,-1.1244088411331177
1,task_2,97,4,0.19406156241893768,-1.0324509143829346
1,task_2,97,5,0.20845313370227814,-0.954664945602417
1,task_2,97,6,0.22287771105766296,-0.8753848671913147
1,task_2,97,7,0.2371647208929062,-0.7996464967727661
1,task_2,97,8,0.2511139214038849,-0.7247560620307922
1,task_2,97,9,0.2665296792984009,-0.643779456615448
1,task_2,97,10,0.2806559205055237,-0.5692052245140076
1,task_2,97,11,0.29708218574523926,-0.48290327191352844
1,task_2,97,12,0.3164390027523041,-0.38020285964012146
1,task_2,97,13,0.33275461196899414,-0.2932608723640442
1,task_2,97,14,0.3492288589477539,-0.20556898415088654
1,task_2,97,15,0.3636687695980072,-0.12998278439044952
1,task_2,97,16,0.38931578397750854,0.004675942938774824
1,task_2,97,17,0.40846407413482666,0.10452800244092941
1,task_2,97,18,0.4222988486289978,0.17468778789043427
1,task_2,97,19,0.4465347230434418,0.2989324629306793
1,task_2,97,20,0.4668239951133728,0.4000174403190613
1,task_2,97,21,0.4934370815753937,0.53257817029953
1,task_2,97,22,0.5212467908859253,0.6713941097259521
1,task_2,97,23,0.5467609763145447,0.7994995713233948
1,task_2,97,24,0.573128342628479,0.9304783940315247
1,task_2,97,25,0.6088433265686035,1.1094106435775757
1,task_2,97,26,0.6381664276123047,1.2564125061035156
1,task_2,97,27,0.6749412417411804,1.4421597719192505
1,task_2,97,28,0.7146399021148682,1.6369743347167969
1,task_2,97,29,0.9312248229980469,2.728853464126587
1,task_2,98,0,0.34504514932632446,-1.0699082612991333
1,task_2,98,1,0.38462358713150024,-1.0361056327819824
1,task_2,98,2,0.4224768877029419,-1.0032790899276733
1,task_2,98,3,0.4666097164154053,-0.9646162390708923
1,task_2,98,4,0.5027965903282166,-0.9328671097755432
1,task_2,98,5,0.5677505731582642,-0.8773831129074097
1,task_2,98,6,0.6032562851905823,-0.8477826118469238
1,task_2,98,7,0.6558589935302734,-0.804797887802124
1,task_2,98,8,0.7066798210144043,-0.7638503909111023
1,task_2,98,9,0.7655562162399292,-0.7172651886940002
1,task_2,98,10,0.8521599173545837,-0.6489342451095581
1,task_2,98,11,0.92333984375,-0.5926505923271179
1,task_2,98,12,1.0069077014923096,-0.5265902280807495
1,task_2,98,13,1.110274314880371,-0.44423770904541016
1,task_2,98,14,1.1913628578186035,-0.37958553433418274
1,task_2,98,15,1.3243625164031982,-0.2738856375217438
1,task_2,98,16,1.431347370147705,-0.18945108354091644
1,task_2,98,17,1.5566067695617676,-0.09021394699811935
1,task_2,98,18,1.7167325019836426,0.03616097941994667
1,task_2,98,19,1.875817060470581,0.1617986559867859
1,task_2,98,20,2.0487639904022217,0.29931020736694336
1,task_2,98,21,2.2478678226470947,0.4569341838359833
1,task_2,98,22,2.4561798572540283,0.6214556694030762
1,task_2,98,23,2.6547834873199463,0.7791435718536377
1,task_2,98,24,2.9089372158050537,0.980696976184845
1,task_2,98,25,3.1820449829101562,1.1974852085113525
1,task_2,98,26,3.4436895847320557,1.4052436351776123
1,task_2,98,27,3.737597942352295,1.638542652130127
1,task_2,98,28,4.045200347900391,1.882707118988037
1,task_2,98,29,5.117714881896973,2.7039225101470947
1,task_2,99,0,0.0,-1.0352832078933716
1,task_2,99,1,0.006779372692108154,-1.0306296348571777
1,task_2,99,2,0.0422675758600235,-1.0065429210662842
1,task_2,99,3,0.08533079922199249,-0.9773844480514526
1,task_2,99,4,0.13522276282310486,-0.9436947703361511
1,task_2,99,5,0.19448763132095337,-0.903050422668457
1,task_2,99,6,0.2462671995162964,-0.8672460317611694
1,task_2,99,7,0.2988702952861786,-0.8308826684951782
1,task_2,99,8,0.36554333567619324,-0.7837281823158264
1,task_2,99,9,0.43702787160873413,-0.7328855991363525
1,task_2,99,10,0.5262715816497803,-0.6695801615715027
1,task_2,99,11,0.6190521717071533,-0.6039038896560669
1,task_2,99,12,0.7223224639892578,-0.5308077335357666
1,task_2,99,13,0.8357378244400024,-0.4504159390926361
1,task_2,99,14,0.9374511241912842,-0.37835749983787537
1,task_2,99,15,1.0839595794677734,-0.27431416511535645
1,task_2,99,16,1.2135121822357178,-0.1820913702249527
1,task_2,99,17,1.3728166818618774,-0.06824623793363571
1,task_2,99,18,1.5383124351501465,0.049652453511953354
1,task_2,99,19,1.7273411750793457,0.18533477187156677
1,task_2,99,20,1.928821086883545,0.32931098341941833
1,task_2,99,21,2.1407904624938965,0.4814508855342865
1,task_2,99,22,2.3722305297851562,0.6474475264549255
1,task_2,99,23,2.6032721996307373,0.8133912086486816
1,task_2,99,24,2.8597042560577393,0.9971967339515686
1,task_2,99,25,3.150479316711426,1.2056907415390015
1,task_2,99,26,3.4360063076019287,1.410781741142273
1,task_2,99,27,3.7471065521240234,1.6342761516571045
1,task_2,99,28,4.088004112243652,1.8789021968841553
1,task_2,99,29,5.174405097961426,2.635608196258545
1,task_2,100,0,1.1440532207489014,0.0
1,task_2,100,1,1.1440532207489014,0.0
1,task_2,100,2,1.1440532207489014,0.0
1,task_2,100,3,1.1440532207489014,0.0
1,task_2,100,4,1.1440532207489014,0.0
1,task_2,100,5,1.1440532207489014,0.0
1,task_2,100,6,1.1440532207489014,0.0
1,task_2,100,7,1.1440532207489014,0.0
1,task_2,100,8,1.1440532207489014,0.0
1,task_2,100,9,1.1440532207489014,0.0
1,task_2,100,10,1.1440532207489014,0.0
1,task_2,100,11,1.1440532207489014,0.0
1,task_2,100,12,1.1440532207489014,0.0
1,task_2,100,13,1.1440532207489014,0.0
1,task_2,100,14,1.1440532207489014,0.0
1,task_2,100,15,1.1440532207489014,0.0
1,task_2,100,16,1.1440532207489014,0.0
1,task_2,100,17,1.1440532207489014,0.0
1,task_2,100,18,1.1440532207489014,0.0
1,task_2,100,19,1.1440532207489014,0.0
1,task_2,100,20,1.1440532207489014,0.0
1,task_2,100,21,1.1440532207489014,0.0
1,task_2,100,22,1.1440532207489014,0.0
1,task_2,100,23,1.1440532207489014,0.0
1,task_2,100,24,1.1440532207489014,0.0
1,task_2,100,25,1.1440532207489014,0.0
1,task_2,100,26,1.1440532207489014,0.0
1,task_2,100,27,1.1440532207489014,0.0
1,task_2,100,28,1.1440532207489014,0.0
1,task_2,100,29,1.1440532207489014,0.0
1,task_2,101,0,0.07870540022850037,-1.082237958908081
1,task_2,101,1,0.09812456369400024,-1.0439088344573975
1,task_2,101,2,0.11738698184490204,-1.0071086883544922
1,task_2,101,3,0.13394322991371155,-0.9755904674530029
1,task_2,101,4,0.1564520299434662,-0.9329462647438049
1,task_2,101,5,0.1738680899143219,-0.900347113609314
1,task_2,101,6,0.19942958652973175,-0.853308379650116
1,task_2,101,7,0.2182140201330185,-0.8192428350448608
1,task_2,101,8,0.2585781216621399,-0.7467554807662964
1,task_2,101,9,0.28442811965942383,-0.7005379796028137
1,task_2,101,10,0.31845253705978394,-0.6398211121559143
1,task_2,101,11,0.35796958208084106,-0.5700558423995972
1,task_2,101,12,0.3985495865345001,-0.49865761399269104
1,task_2,101,13,0.4441092312335968,-0.4183836579322815
1,task_2,101,14,0.49394145607948303,-0.32998865842819214
1,task_2,101,15,0.5406131744384766,-0.24715930223464966
1,task_2,101,16,0.597619891166687,-0.1459902673959732
1,task_2,101,17,0.6619731187820435,-0.031585443764925
1,task_2,101,18,0.7174746990203857,0.06690998375415802
1,task_2,101,19,0.7827547788619995,0.1829083263874054
1,task_2,101,20,0.8606703877449036,0.32150933146476746
1,task_2,101,21,0.9478175044059753,0.477195143699646
1,task_2,101,22,1.0201637744903564,0.6064302325248718
1,task_2,101,23,1.1147416830062866,0.7757589817047119
1,task_2,101,24,1.2011234760284424,0.9299814105033875
1,task_2,101,25,1.3024485111236572,1.1103193759918213
1,task_2,101,26,1.392867088317871,1.2712239027023315
1,task_2,101,27,1.510157585144043,1.4799152612686157
1,task_2,101,28,1.627042293548584,1.6879181861877441
1,task_2,101,29,2.4083244800567627,3.033555507659912
1,task_2,102,0,0.0,2.2799501419067383
1,task_2,102,1,0.0,2.2799501419067383
1,task_2,102,2,0.0,2.2799501419067383
1,task_2,102,3,0.04126487672328949,1.6755770444869995
1,task_2,102,4,0.09090058505535126,1.1598469018936157
1,task_2,102,5,0.14541958272457123,0.5513289570808411
1,task_2,102,6,0.18080759048461914,0.27778851985931396
1,task_2,102,7,0.19790694117546082,0.16510991752147675
1,task_2,102,8,0.20956376194953918,0.09441675990819931
1,task_2,102,9,0.21871232986450195,0.04248923435807228
1,task_2,102,10,0.2313266098499298,-0.024316471070051193
1,task_2,102,11,0.23926116526126862,-0.06959400326013565
1,task_2,102,12,0.2480381429195404,-0.11464056372642517
1,task_2,102,13,0.25743308663368225,-0.1790192872285843
1,task_2,102,14,0.264623761177063,-0.22076618671417236
1,task_2,102,15,0.27464205026626587,-0.288088321685791
1,task_2,102,16,0.282699316740036,-0.3488786220550537
1,task_2,102,17,0.29067328572273254,-0.4157581627368927
1,task_2,102,18,0.298995703458786,-0.47550028562545776
1,task_2,102,19,0.30462825298309326,-0.5224988460540771
1,task_2,102,20,0.3114393353462219,-0.5710721015930176
1,task_2,102,21,0.3163834810256958,-0.6116216778755188
1,task_2,102,22,0.321572482585907,-0.648718535900116
1,task_2,102,23,0.32427069544792175,-0.6681077480316162
1,task_2,102,24,0.3281296491622925,-0.6899145245552063
1,task_2,102,25,0.332246333360672,-0.7205192446708679
1,task_2,102,26,0.3370135724544525,-0.7559564709663391
1,task_2,102,27,0.34335604310035706,-0.796887218952179
1,task_2,102,28,0.35158154368400574,-0.8497763276100159
1,task_2,102,29,0.5250693559646606,-1.8347676992416382
1,task_2,103,0,0.0,5.294651508331299
1,task_2,103,1,0.8213785290718079,-0.18257369101047516
1,task_2,103,2,0.8213785290718079,-0.18257369101047516
1,task_2,103,3,0.8213785290718079,-0.18257369101047516
1,task_2,103,4,0.8213785290718079,-0.18257369101047516
1,task_2,103,5,0.8213785290718079,-0.18257369101047516
1,task_2,103,6,0.8213785290718079,-0.18257369101047516
1,task_2,103,7,0.8213785290718079,-0.18257369101047516
1,task_2,103,8,0.8213785290718079,-0.18257369101047516
1,task_2,103,9,0.8213785290718079,-0.18257369101047516
1,task_2,103,10,0.8213785290718079,-0.18257369101047516
1,task_2,103,11,0.8213785290718079,-0.18257369101047516
1,task_2,103,12,0.8213785290718079,-0.18257369101047516
1,task_2,103,13,0.8213785290718079,-0.18257369101047516
1,task_2,103,14,0.8213785290718079,-0.18257369101047516
1,task_2,103,15,0.8213785290718079,-0.18257369101047516
1,task_2,103,16,0.8213785290718079,-0.18257369101047516
1,task_2,103,17,0.8213785290718079,-0.18257369101047516
1,task_2,103,18,0.8213785290718079,-0.18257369101047516
1,task_2,103,19,0.8213785290718079,-0.18257369101047516
1,task_2,103,20,0.8213785290718079,-0.18257369101047516
1,task_2,103,21,0.8213785290718079,-0.18257369101047516
1,task_2,103,22,0.8213785290718079,-0.18257369101047516
1,task_2,103,23,0.8213785290718079,-0.18257369101047516
1,task_2,103,24,0.8213785290718079,-0.18257369101047516
1,task_2,103,25,0.8213785290718079,-0.18257369101047516
1,task_2,103,26,0.8213785290718079,-0.18257369101047516
1,task_2,103,27,0.8213785290718079,-0.18257369101047516
1,task_2,103,28,0.8213785290718079,-0.18257369101047516
1,task_2,103,29,0.8213785290718079,-0.18257369101047516
1,task_2,104,0,0.0,0.3764091432094574
1,task_2,104,1,0.0,0.3764091432094574
1,task_2,104,2,0.0,0.3764091432094574
1,task_2,104,3,0.0,0.3764091432094574
1,task_2,104,4,0.0,0.3764091432094574
1,task_2,104,5,0.0,0.3764091432094574
1,task_2,104,6,0.0,0.3764091432094574
1,task_2,104,7,0.0,0.3764091432094574
1,task_2,104,8,0.0,0.3764091432094574
1,task_2,104,9,0.0,0.3764091432094574
1,task_2,104,10,0.0,0.3764091432094574
1,task_2,104,11,0.0,0.3764091432094574
1,task_2,104,12,0.0,0.3764091432094574
1,task_2,104,13,0.0,0.3764091432094574
1,task_2,104,14,0.0,0.3764091432094574
1,task_2,104,15,0.0,0.3764091432094574
1,task_2,104,16,0.0,0.3764091432094574
1,task_2,104,17,0.0,0.3764091432094574
1,task_2,104,18,0.0,0.3764091432094574
1,task_2,104,19,0.012048095464706421,0.3680707514286041
1,task_2,104,20,0.07946448028087616,0.2496727555990219
1,task_2,104,21,0.1423719823360443,0.13634705543518066
1,task_2,104,22,0.21496166288852692,-0.001992280362173915
1,task_2,104,23,0.2773970365524292,-0.13431915640830994
1,task_2,104,24,0.34179991483688354,-0.2779858112335205
1,task_2,104,25,0.39856141805648804,-0.4018941819667816
1,task_2,104,26,0.4594876170158386,-0.5490870475769043
1,task_2,104,27,0.5137256383895874,-0.7173601388931274
1,task_2,104,28,0.5682552456855774,-0.9036661386489868
1,task_2,104,29,1.4413173198699951,-4.919557571411133
1,task_2,105,0,1.9146926403045654,1862.6451416015625
1,task_2,105,1,1.9146926403045654,1862.6451416015625
1,task_2,105,2,1.9146926403045654,1862.6451416015625
1,task_2,105,3,1.9146926403045654,1862.6451416015625
1,task_2,105,4,1.9146926403045654,1862.6451416015625
1,task_2,105,5,1.9146926403045654,1862.6451416015625
1,task_2,105,6,1.9146926403045654,1862.6451416015625
1,task_2,105,7,1.9146926403045654,1862.6451416015625
1,task_2,105,8,1.9146926403045654,1862.6451416015625
1,task_2,105,9,1.9146926403045654,1862.6451416015625
1,task_2,105,10,1.9146926403045654,1862.6451416015625
1,task_2,105,11,1.9146926403045654,1862.6451416015625
1,task_2,105,12,1.9146926403045654,1862.6451416015625
1,task_2,105,13,1.9146926403045654,1862.6451416015625
1,task_2,105,14,1.9146926403045654,1862.6451416015625
1,task_2,105,15,1.9146926403045654,1862.6451416015625
1,task_2,105,16,1.9146926403045654,1862.6451416015625
1,task_2,105,17,1.9146926403045654,1862.6451416015625
1,task_2,105,18,1.9146926403045654,1862.6451416015625
1,task_2,105,19,1.9146926403045654,1862.6451416015625
1,task_2,105,20,1.9146926403045654,1862.6451416015625
1,task_2,105,21,1.9146926403045654,1862.6451416015625
1,task_2,105,22,1.9146926403045654,1862.6451416015625
1,task_2,105,23,1.9146926403045654,1862.6451416015625
1,task_2,105,24,1.9146926403045654,1862.6451416015625
1,task_2,105,25,1.9146926403045654,1862.6451416015625
1,task_2,105,26,1.9146926403045654,1862.6451416015625
1,task_2,105,27,1.9146926403045654,1862.6451416015625
1,task_2,105,28,1.9146926403045654,1862.6451416015625
1,task_2,105,29,1.9146926403045654,1862.6451416015625
1,task_2,106,0,0.22936475276947021,58.20766067504883
1,task_2,106,1,0.22936475276947021,58.20766067504883
1,task_2,106,2,0.22936475276947021,58.20766067504883
1,task_2,106,3,0.22936475276947021,58.20766067504883
1,task_2,106,4,0.22936475276947021,58.20766067504883
1,task_2,106,5,0.22936475276947021,58.20766067504883
1,task_2,106,6,0.22936475276947021,58.20766067504883
1,task_2,106,7,0.22936475276947021,58.20766067504883
1,task_2,106,8,0.22936475276947021,58.20766067504883
1,task_2,106,9,0.22936475276947021,58.20766067504883
1,task_2,106,10,0.22936475276947021,58.20766067504883
1,task_2,106,11,0.22936475276947021,58.20766067504883
1,task_2,106,12,0.22936475276947021,58.20766067504883
1,task_2,106,13,0.22936475276947021,58.20766067504883
1,task_2,106,14,0.22936475276947021,58.20766067504883
1,task_2,106,15,0.22936475276947021,58.20766067504883
1,task_2,106,16,0.22936475276947021,58.20766067504883
1,task_2,106,17,0.22936475276947021,58.20766067504883
1,task_2,106,18,0.22936475276947021,58.20766067504883
1,task_2,106,19,0.22936475276947021,58.20766067504883
1,task_2,106,20,0.22936475276947021,58.20766067504883
1,task_2,106,21,0.22936475276947021,58.20766067504883
1,task_2,106,22,0.22936475276947021,58.20766067504883
1,task_2,106,23,0.22936475276947021,58.20766067504883
1,task_2,106,24,0.22936475276947021,58.20766067504883
1,task_2,106,25,0.22936475276947021,58.20766067504883
1,task_2,106,26,0.22936475276947021,58.20766067504883
1,task_2,106,27,0.22936475276947021,58.20766067504883
1,task_2,106,28,0.22936475276947021,58.20766067504883
1,task_2,106,29,0.22936475276947021,58.20766067504883
1,task_2,107,0,0.39340680837631226,-0.9949644207954407
1,task_2,107,1,0.4183368980884552,-0.9740057587623596
1,task_2,107,2,0.44850611686706543,-0.9487796425819397
1,task_2,107,3,0.47415003180503845,-0.9275864362716675
1,task_2,107,4,0.5143779516220093,-0.8945719003677368
1,task_2,107,5,0.5439897775650024,-0.8705739974975586
1,task_2,107,6,0.5816274285316467,-0.8404713869094849
1,task_2,107,7,0.6213186979293823,-0.8087230920791626
1,task_2,107,8,0.6762191653251648,-0.7650876045227051
1,task_2,107,9,0.7340816259384155,-0.7192019820213318
1,task_2,107,10,0.7909258604049683,-0.674096405506134
1,task_2,107,11,0.8577834367752075,-0.6209443807601929
1,task_2,107,12,0.9552057981491089,-0.5433883666992188
1,task_2,107,13,1.0250849723815918,-0.4876921474933624
1,task_2,107,14,1.1442410945892334,-0.3925414979457855
1,task_2,107,15,1.2371729612350464,-0.3182584047317505
1,task_2,107,16,1.3650766611099243,-0.2158401608467102
1,task_2,107,17,1.5100923776626587,-0.09968939423561096
1,task_2,107,18,1.6540427207946777,0.015639642253518105
1,task_2,107,19,1.8071342706680298,0.1382344514131546
1,task_2,107,20,1.98963463306427,0.2846943736076355
1,task_2,107,21,2.166428804397583,0.42661452293395996
1,task_2,107,22,2.3785433769226074,0.596743106842041
1,task_2,107,23,2.6095705032348633,0.7819116115570068
1,task_2,107,24,2.843658447265625,0.9695289731025696
1,task_2,107,25,3.088672399520874,1.1658989191055298
1,task_2,107,26,3.3650636672973633,1.3874380588531494
1,task_2,107,27,3.6621947288513184,1.62554931640625
1,task_2,107,28,4.001400470733643,1.8974287509918213
1,task_2,107,29,5.16975736618042,2.8067312240600586
1,task_2,108,0,0.0,-1.0160578489303589
1,task_2,108,1,0.0,-1.0160578489303589
1,task_2,108,2,0.0,-1.0160578489303589
1,task_2,108,3,0.0,-1.0160578489303589
1,task_2,108,4,0.04709216207265854,-0.9728004336357117
1,task_2,108,5,0.07797598838806152,-0.9439653754234314
1,task_2,108,6,0.13265009224414825,-0.8949679732322693
1,task_2,108,7,0.1734771728515625,-0.8583460450172424
1,task_2,108,8,0.23400096595287323,-0.8042697310447693
1,task_2,108,9,0.2958795130252838,-0.7489109635353088
1,task_2,108,10,0.3655496835708618,-0.6857054233551025
1,task_2,108,11,0.43406951427459717,-0.6226428747177124
1,task_2,108,12,0.5222100615501404,-0.5399085879325867
1,task_2,108,13,0.6129974126815796,-0.4541715681552887
1,task_2,108,14,0.7014173865318298,-0.37205904722213745
1,task_2,108,15,0.8117737770080566,-0.26913803815841675
1,task_2,108,16,0.9206165671348572,-0.16810134053230286
1,task_2,108,17,1.0534597635269165,-0.04686322435736656
1,task_2,108,18,1.186315655708313,0.0756143257021904
1,task_2,108,19,1.335675597190857,0.2141021490097046
1,task_2,108,20,1.4934345483779907,0.3585638999938965
1,task_2,108,21,1.657910704612732,0.5090301632881165
1,task_2,108,22,1.8401780128479004,0.6759800910949707
1,task_2,108,23,2.0400819778442383,0.8587456941604614
1,task_2,108,24,2.2385597229003906,1.0406979322433472
1,task_2,108,25,2.4589030742645264,1.2426649332046509
1,task_2,108,26,2.6919028759002686,1.4556057453155518
1,task_2,108,27,2.941084623336792,1.6842141151428223
1,task_2,108,28,3.2276792526245117,1.9460537433624268
1,task_2,108,29,3.742891311645508,2.384805202484131
1,task_2,109,0,0.0,0.33257168531417847
1,task_2,109,1,0.0,0.33257168531417847
1,task_2,109,2,0.0,0.33257168531417847
1,task_2,109,3,0.0,0.33257168531417847
1,task_2,109,4,0.0,0.33257168531417847
1,task_2,109,5,0.0,0.33257168531417847
1,task_2,109,6,0.0,0.33257168531417847
1,task_2,109,7,0.0,0.33257168531417847
1,task_2,109,8,0.0,0.33257168531417847
1,task_2,109,9,0.0,0.33257168531417847
1,task_2,109,10,0.0,0.33257168531417847
1,task_2,109,11,0.0,0.33257168531417847
1,task_2,109,12,0.0,0.33257168531417847
1,task_2,109,13,0.0,0.33257168531417847
1,task_2,109,14,0.0,0.33257168531417847
1,task_2,109,15,0.0,0.33257168531417847
1,task_2,109,16,0.0,0.33257168531417847
1,task_2,109,17,0.0,0.33257168531417847
1,task_2,109,18,0.0,0.33257168531417847
1,task_2,109,19,0.0,0.33257168531417847
1,task_2,109,20,0.0,0.33257168531417847
1,task_2,109,21,0.0,0.33257168531417847
1,task_2,109,22,0.0,0.33257168531417847
1,task_2,109,23,0.0,0.33257168531417847
1,task_2,109,24,0.01716722548007965,0.11918135732412338
1,task_2,109,25,0.05268430337309837,-0.3261265754699707
1,task_2,109,26,0.08086317032575607,-0.6754242181777954
1,task_2,109,27,0.10335648059844971,-0.9519919157028198
1,task_2,109,28,0.13375744223594666,-1.34633469581604
1,task_2,109,29,1.1303279399871826,-4.801024913787842
1,task_2,110,0,0.0,0.24225416779518127
1,task_2,110,1,0.0,0.24225416779518127
1,task_2,110,2,0.0,0.24225416779518127
1,task_2,110,3,0.0,0.24225416779518127
1,task_2,110,4,0.0,0.24225416779518127
1,task_2,110,5,0.0,0.24225416779518127
1,task_2,110,6,0.0,0.24225416779518127
1,task_2,110,7,0.0,0.24225416779518127
1,task_2,110,8,0.0,0.24225416779518127
1,task_2,110,9,0.0,0.24225416779518127
1,task_2,110,10,0.0,0.24225416779518127
1,task_2,110,11,0.0,0.24225416779518127
1,task_2,110,12,0.0,0.24225416779518127
1,task_2,110,13,0.0,0.24225416779518127
1,task_2,110,14,0.0,0.24225416779518127
1,task_2,110,15,0.0,0.24225416779518127
1,task_2,110,16,0.0,0.24225416779518127
1,task_2,110,17,0.0,0.24225416779518127
1,task_2,110,18,0.0,0.24225416779518127
1,task_2,110,19,0.0,0.24225416779518127
1,task_2,110,20,0.0,0.24225416779518127
1,task_2,110,21,0.0,0.24225416779518127
1,task_2,110,22,0.0,0.24225416779518127
1,task_2,110,23,0.0,0.24225416779518127
1,task_2,110,24,0.0,0.24225416779518127
1,task_2,110,25,0.0,0.24225416779518127
1,task_2,110,26,0.0043935650028288364,0.1713111698627472
1,task_2,110,27,0.03964253515005112,-0.39766600728034973
1,task_2,110,28,0.07304607331752777,-0.9324955344200134
1,task_2,110,29,1.0730831623077393,-5.13975715637207
1,task_2,111,0,0.03798800706863403,-0.6431029438972473
1,task_2,111,1,0.04290150851011276,-0.6418373584747314
1,task_2,111,2,0.04748678207397461,-0.6405531167984009
1,task_2,111,3,0.05117498338222504,-0.6394699811935425
1,task_2,111,4,0.05501428246498108,-0.6386837959289551
1,task_2,111,5,0.059724174439907074,-0.6373699307441711
1,task_2,111,6,0.06783176213502884,-0.6351047158241272
1,task_2,111,7,0.0738220289349556,-0.6314491033554077
1,task_2,111,8,0.08205578476190567,-0.6187408566474915
1,task_2,111,9,0.08900705724954605,-0.6073086261749268
1,task_2,111,10,0.09912042319774628,-0.5897104740142822
1,task_2,111,11,0.10917447507381439,-0.5733993649482727
1,task_2,111,12,0.11878614127635956,-0.5564704537391663
1,task_2,111,13,0.13023708760738373,-0.5364213585853577
1,task_2,111,14,0.14147061109542847,-0.5182637572288513
1,task_2,111,15,0.15079015493392944,-0.5010198950767517
1,task_2,111,16,0.16792070865631104,-0.4694623053073883
1,task_2,111,17,0.20655187964439392,-0.42018118500709534
1,task_2,111,18,0.2574107348918915,-0.33319494128227234
1,task_2,111,19,0.3135301470756531,-0.21091565489768982
1,task_2,111,20,0.38070422410964966,-0.06254411488771439
1,task_2,111,21,0.4620122015476227,0.11731958389282227
1,task_2,111,22,0.5502169132232666,0.3141525983810425
1,task_2,111,23,0.6343653202056885,0.5023226737976074
1,task_2,111,24,0.7490216493606567,0.7585418224334717
1,task_2,111,25,0.865420937538147,1.0180989503860474
1,task_2,111,26,0.991107702255249,1.2967244386672974
1,task_2,111,27,1.128423810005188,1.6036438941955566
1,task_2,111,28,1.2777187824249268,1.9368516206741333
1,task_2,111,29,2.054243326187134,3.557546615600586
1,task_2,112,0,0.046655863523483276,0.0
1,task_2,112,1,0.046655863523483276,0.0
1,task_2,112,2,0.046655863523483276,0.0
1,task_2,112,3,0.046655863523483276,0.0
1,task_2,112,4,0.046655863523483276,0.0
1,task_2,112,5,0.046655863523483276,0.0
1,task_2,112,6,0.046655863523483276,0.0
1,task_2,112,7,0.046655863523483276,0.0
1,task_2,112,8,0.046655863523483276,0.0
1,task_2,112,9,0.046655863523483276,0.0
1,task_2,112,10,0.046655863523483276,0.0
1,task_2,112,11,0.046655863523483276,0.0
1,task_2,112,12,0.046655863523483276,0.0
1,task_2,112,13,0.046655863523483276,0.0
1,task_2,112,14,0.046655863523483276,0.0
1,task_2,112,15,0.046655863523483276,0.0
1,task_2,112,16,0.046655863523483276,0.0
1,task_2,112,17,0.046655863523483276,0.0
1,task_2,112,18,0.046655863523483276,0.0
1,task_2,112,19,0.046655863523483276,0.0
1,task_2,112,20,0.046655863523483276,0.0
1,task_2,112,21,0.046655863523483276,0.0
1,task_2,112,22,0.046655863523483276,0.0
1,task_2,112,23,0.046655863523483276,0.0
1,task_2,112,24,0.046655863523483276,0.0
1,task_2,112,25,0.046655863523483276,0.0
1,task_2,112,26,0.046655863523483276,0.0
1,task_2,112,27,0.046655863523483276,0.0
1,task_2,112,28,0.046655863523483276,0.0
1,task_2,112,29,0.046655863523483276,0.0
1,task_2,113,0,0.0,-0.8756290674209595
1,task_2,113,1,0.0,-0.8756290674209595
1,task_2,113,2,0.0,-0.8756290674209595
1,task_2,113,3,0.0,-0.8756290674209595
1,task_2,113,4,0.0,-0.8756290674209595
1,task_2,113,5,0.0,-0.8756290674209595
1,task_2,113,6,0.0,-0.8756290674209595
1,task_2,113,7,0.0,-0.8756290674209595
1,task_2,113,8,0.0,-0.8756290674209595
1,task_2,113,9,0.0,-0.8756290674209595
1,task_2,113,10,0.03382505476474762,-0.8336557149887085
1,task_2,113,11,0.10198953747749329,-0.7492144107818604
1,task_2,113,12,0.17333441972732544,-0.6609722375869751
1,task_2,113,13,0.2652185559272766,-0.5472064018249512
1,task_2,113,14,0.3363650441169739,-0.45860037207603455
1,task_2,113,15,0.440193772315979,-0.3293403685092926
1,task_2,113,16,0.5296900272369385,-0.21735504269599915
1,task_2,113,17,0.6379186511039734,-0.08269447088241577
1,task_2,113,18,0.7496550679206848,0.056168749928474426
1,task_2,113,19,0.8674035668373108,0.20305036008358002
1,task_2,113,20,0.9909248948097229,0.357819527387619
1,task_2,113,21,1.1291325092315674,0.5304904580116272
1,task_2,113,22,1.2761929035186768,0.7148696780204773
1,task_2,113,23,1.416881799697876,0.891177237033844
1,task_2,113,24,1.5756916999816895,1.089894413948059
1,task_2,113,25,1.7393648624420166,1.294514775276184
1,task_2,113,26,1.9193789958953857,1.5204440355300903
1,task_2,113,27,2.094073534011841,1.7393478155136108
1,task_2,113,28,2.3008973598480225,1.998307466506958
1,task_2,113,29,2.49277663230896,2.239245891571045
1,task_2,114,0,0.0,-0.9097857475280762
1,task_2,114,1,0.0,-0.9097857475280762
1,task_2,114,2,0.0,-0.9097857475280762
1,task_2,114,3,0.008319765329360962,-0.9019591212272644
1,task_2,114,4,0.033652082085609436,-0.8781240582466125
1,task_2,114,5,0.050616905093193054,-0.8625715374946594
1,task_2,114,6,0.08330543339252472,-0.8330255150794983
1,task_2,114,7,0.1089308112859726,-0.810500979423523
1,task_2,114,8,0.15046758949756622,-0.7723357081413269
1,task_2,114,9,0.19400884211063385,-0.7322940826416016
1,task_2,114,10,0.24811138212680817,-0.6828294396400452
1,task_2,114,11,0.30088692903518677,-0.6348474025726318
1,task_2,114,12,0.37659817934036255,-0.5679490566253662
1,task_2,114,13,0.4519194960594177,-0.5020278096199036
1,task_2,114,14,0.5377469062805176,-0.42773059010505676
1,task_2,114,15,0.6368288397789001,-0.34229475259780884
1,task_2,114,16,0.7392708659172058,-0.2523636519908905
1,task_2,114,17,0.8733543753623962,-0.134878009557724
1,task_2,114,18,1.0090687274932861,-0.016003422439098358
1,task_2,114,19,1.1540062427520752,0.11188075691461563
1,task_2,114,20,1.3158396482467651,0.2526416480541229
1,task_2,114,21,1.4921183586120605,0.40755897760391235
1,task_2,114,22,1.6907107830047607,0.5816367268562317
1,task_2,114,23,1.9031059741973877,0.7667201161384583
1,task_2,114,24,2.1304497718811035,0.9653152823448181
1,task_2,114,25,2.3704700469970703,1.1749826669692993
1,task_2,114,26,2.6415598392486572,1.4118932485580444
1,task_2,114,27,2.923790693283081,1.6585776805877686
1,task_2,114,28,3.2480788230895996,1.943429708480835
1,task_2,114,29,4.273181438446045,2.8064558506011963
1,task_2,115,0,0.0,0.54167640209198
1,task_2,115,1,0.0,0.54167640209198
1,task_2,115,2,0.0,0.54167640209198
1,task_2,115,3,0.0,0.54167640209198
1,task_2,115,4,0.0,0.54167640209198
1,task_2,115,5,0.0,0.54167640209198
1,task_2,115,6,0.0,0.54167640209198
1,task_2,115,7,0.0,0.54167640209198
1,task_2,115,8,0.0,0.54167640209198
1,task_2,115,9,0.0,0.54167640209198
1,task_2,115,10,0.0,0.54167640209198
1,task_2,115,11,0.0,0.54167640209198
1,task_2,115,12,0.0,0.54167640209198
1,task_2,115,13,0.0,0.54167640209198
1,task_2,115,14,0.0,0.54167640209198
1,task_2,115,15,0.0,0.54167640209198
1,task_2,115,16,0.0,0.54167640209198
1,task_2,115,17,0.0,0.54167640209198
1,task_2,115,18,0.0,0.54167640209198
1,task_2,115,19,0.0,0.54167640209198
1,task_2,115,20,0.0,0.54167640209198
1,task_2,115,21,0.0,0.54167640209198
1,task_2,115,22,0.03328141197562218,-0.08832401037216187
1,task_2,115,23,0.05434637889266014,-0.5738080143928528
1,task_2,115,24,0.08076508343219757,-1.1858757734298706
1,task_2,115,25,0.10050581395626068,-1.5882316827774048
1,task_2,115,26,0.11530417203903198,-1.8240277767181396
1,task_2,115,27,0.1284227818250656,-1.98261559009552
1,task_2,115,28,0.14359644055366516,-2.115522623062134
1,task_2,115,29,0.5218114852905273,-2.558474063873291
1,task_2,116,0,0.0,0.21307973563671112
1,task_2,116,1,0.0,0.21307973563671112
1,task_2,116,2,0.0,0.21307973563671112
1,task_2,116,3,0.0,0.21307973563671112
1,task_2,116,4,0.0,0.21307973563671112
1,task_2,116,5,0.0,0.21307973563671112
1,task_2,116,6,0.0,0.21307973563671112
1,task_2,116,7,0.0,0.21307973563671112
1,task_2,116,8,0.0,0.21307973563671112
1,task_2,116,9,0.0,0.21307973563671112
1,task_2,116,10,0.0,0.21307973563671112
1,task_2,116,11,0.0,0.21307973563671112
1,task_2,116,12,0.0,0.21307973563671112
1,task_2,116,13,0.0,0.21307973563671112
1,task_2,116,14,0.0,0.21307973563671112
1,task_2,116,15,0.0,0.21307973563671112
1,task_2,116,16,0.0,0.21307973563671112
1,task_2,116,17,0.0,0.21307973563671112
1,task_2,116,18,0.0,0.21307973563671112
1,task_2,116,19,0.0,0.21307973563671112
1,task_2,116,20,0.0,0.21307973563671112
1,task_2,116,21,0.0,0.21307973563671112
1,task_2,116,22,0.0,0.21307973563671112
1,task_2,116,23,0.0,0.21307973563671112
1,task_2,116,24,0.0,0.21307973563671112
1,task_2,116,25,0.0,0.21307973563671112
1,task_2,116,26,0.0,0.21307973563671112
1,task_2,116,27,0.004801839590072632,0.023113667964935303
1,task_2,116,28,0.020476937294006348,-0.5332489013671875
1,task_2,116,29,0.6196649670600891,-5.243017196655273
1,task_2,117,0,0.2625274658203125,-1.0771124362945557
1,task_2,117,1,0.30536139011383057,-1.041976809501648
1,task_2,117,2,0.35326170921325684,-1.0022978782653809
1,task_2,117,3,0.3916124701499939,-0.970474898815155
1,task_2,117,4,0.44666630029678345,-0.9246627688407898
1,task_2,117,5,0.4824630618095398,-0.8944169282913208
1,task_2,117,6,0.5342817306518555,-0.850968599319458
1,task_2,117,7,0.5856084227561951,-0.8085392713546753
1,task_2,117,8,0.6468247771263123,-0.7579295635223389
1,task_2,117,9,0.7091593146324158,-0.705939769744873
1,task_2,117,10,0.7747963666915894,-0.6511419415473938
1,task_2,117,11,0.8431678414344788,-0.5942943096160889
1,task_2,117,12,0.9290350675582886,-0.5231621265411377
1,task_2,117,13,1.014826774597168,-0.4517967998981476
1,task_2,117,14,1.1158581972122192,-0.36758920550346375
1,task_2,117,15,1.220892310142517,-0.2802794277667999
1,task_2,117,16,1.3330292701721191,-0.18719525635242462
1,task_2,117,17,1.4809600114822388,-0.06428485363721848
1,task_2,117,18,1.610122561454773,0.04245201498270035
1,task_2,117,19,1.7577288150787354,0.16397398710250854
1,task_2,117,20,1.9270988702774048,0.3030235171318054
1,task_2,117,21,2.1127512454986572,0.4549100995063782
1,task_2,117,22,2.315092086791992,0.6197208166122437
1,task_2,117,23,2.527898073196411,0.7930631041526794
1,task_2,117,24,2.755847930908203,0.9788695573806763
1,task_2,117,25,2.995181083679199,1.1740015745162964
1,task_2,117,26,3.267237663269043,1.3956698179244995
1,task_2,117,27,3.54545521736145,1.6224665641784668
1,task_2,117,28,3.881941556930542,1.8969022035598755
1,task_2,117,29,4.909908294677734,2.7090072631835938
1,task_2,118,0,9.999999747378752e-05,-0.11368683725595474
1,task_2,118,1,9.999999747378752e-05,-0.11368683725595474
1,task_2,118,2,9.999999747378752e-05,-0.11368683725595474
1,task_2,118,3,9.999999747378752e-05,-0.11368683725595474
1,task_2,118,4,9.999999747378752e-05,-0.11368683725595474
1,task_2,118,5,9.999999747378752e-05,-0.11368683725595474
1,task_2,118,6,9.999999747378752e-05,-0.11368683725595474
1,task_2,118,7,9.999999747378752e-05,-0.11368683725595474
1,task_2,118,8,9.999999747378752e-05,-0.11368683725595474
1,task_2,118,9,9.999999747378752e-05,-0.11368683725595474
1,task_2,118,10,9.999999747378752e-05,-0.11368683725595474
1,task_2,118,11,9.999999747378752e-05,-0.11368683725595474
1,task_2,118,12,9.999999747378752e-05,-0.11368683725595474
1,task_2,118,13,9.999999747378752e-05,-0.11368683725595474
1,task_2,118,14,9.999999747378752e-05,-0.11368683725595474
1,task_2,118,15,9.999999747378752e-05,-0.11368683725595474
1,task_2,118,16,9.999999747378752e-05,-0.11368683725595474
1,task_2,118,17,9.999999747378752e-05,-0.11368683725595474
1,task_2,118,18,9.999999747378752e-05,-0.11368683725595474
1,task_2,118,19,9.999999747378752e-05,-0.11368683725595474
1,task_2,118,20,9.999999747378752e-05,-0.11368683725595474
1,task_2,118,21,9.999999747378752e-05,-0.11368683725595474
1,task_2,118,22,9.999999747378752e-05,-0.11368683725595474
1,task_2,118,23,9.999999747378752e-05,-0.11368683725595474
1,task_2,118,24,9.999999747378752e-05,-0.11368683725595474
1,task_2,118,25,9.999999747378752e-05,-0.11368683725595474
1,task_2,118,26,9.999999747378752e-05,-0.11368683725595474
1,task_2,118,27,9.999999747378752e-05,-0.11368683725595474
1,task_2,118,28,9.999999747378752e-05,-0.11368683725595474
1,task_2,118,29,9.999999747378752e-05,-0.11368683725595474
1,task_2,119,0,0.0,-0.730789303779602
1,task_2,119,1,0.0,-0.730789303779602
1,task_2,119,2,0.0,-0.730789303779602
1,task_2,119,3,0.0,-0.730789303779602
1,task_2,119,4,0.0,-0.730789303779602
1,task_2,119,5,0.0,-0.730789303779602
1,task_2,119,6,0.0,-0.730789303779602
1,task_2,119,7,0.0,-0.730789303779602
1,task_2,119,8,0.0019044652581214905,-0.7231701016426086
1,task_2,119,9,0.011167608201503754,-0.6835211515426636
1,task_2,119,10,0.02295243740081787,-0.6341705918312073
1,task_2,119,11,0.03666231036186218,-0.5788154006004333
1,task_2,119,12,0.04859650135040283,-0.5306612849235535
1,task_2,119,13,0.06225760281085968,-0.4765741229057312
1,task_2,119,14,0.07820901274681091,-0.4127839505672455
1,task_2,119,15,0.09643013775348663,-0.33856892585754395
1,task_2,119,16,0.11392715573310852,-0.2689421474933624
1,task_2,119,17,0.13892482221126556,-0.16955995559692383
1,task_2,119,18,0.1623172014951706,-0.07598786801099777
1,task_2,119,19,0.18807430565357208,0.026778187602758408
1,task_2,119,20,0.21547196805477142,0.13504967093467712
1,task_2,119,21,0.24307547509670258,0.2454409897327423
1,task_2,119,22,0.27905577421188354,0.38856977224349976
1,task_2,119,23,0.3195619583129883,0.5539804100990295
1,task_2,119,24,0.3643166422843933,0.7314485907554626
1,task_2,119,25,0.4090067148208618,0.9127922058105469
1,task_2,119,26,0.4466521739959717,1.0656118392944336
1,task_2,119,27,0.5016720294952393,1.2885758876800537
1,task_2,119,28,0.5536734461784363,1.4979358911514282
1,task_2,119,29,1.1747976541519165,3.8928842544555664
1,task_2,120,0,0.0,0.0
1,task_2,120,1,0.0,0.0
1,task_2,120,2,0.0,0.0
1,task_2,120,3,0.0,0.0
1,task_2,120,4,0.0,0.0
1,task_2,120,5,0.0,0.0
1,task_2,120,6,0.0,0.0
1,task_2,120,7,0.019594945013523102,0.0
1,task_2,120,8,0.03553275018930435,0.0
1,task_2,120,9,0.059369973838329315,0.0
1,task_2,120,10,0.07393776625394821,0.0
1,task_2,120,11,0.09886424988508224,0.0
1,task_2,120,12,0.11792323738336563,0.0
1,task_2,120,13,0.13556718826293945,0.0
1,task_2,120,14,0.15297943353652954,0.0
1,task_2,120,15,0.16891559958457947,0.0
1,task_2,120,16,0.17944306135177612,0.0
1,task_2,120,17,0.19489717483520508,0.0
1,task_2,120,18,0.2062428593635559,0.0
1,task_2,120,19,0.21730685234069824,0.0
1,task_2,120,20,0.2282811999320984,0.0
1,task_2,120,21,0.23762798309326172,0.0
1,task_2,120,22,0.24345973134040833,0.0
1,task_2,120,23,0.252321720123291,0.0
1,task_2,120,24,0.25746190547943115,0.0
1,task_2,120,25,0.2633233666419983,0.0
1,task_2,120,26,0.2676302194595337,0.0
1,task_2,120,27,0.27491164207458496,0.0
1,task_2,120,28,0.28458330035209656,0.0
1,task_2,120,29,0.30401894450187683,0.0
1,task_2,121,0,0.5397517085075378,-0.7564623951911926
1,task_2,121,1,0.5503116846084595,-0.7260593771934509
1,task_2,121,2,0.5554096698760986,-0.7107753157615662
1,task_2,121,3,0.5597406029701233,-0.6987581253051758
1,task_2,121,4,0.5650890469551086,-0.6856935024261475
1,task_2,121,5,0.5715834498405457,-0.6672179698944092
1,task_2,121,6,0.5772126913070679,-0.6520302891731262
1,task_2,121,7,0.5848788619041443,-0.6308873295783997
1,task_2,121,8,0.5917802453041077,-0.6121499538421631
1,task_2,121,9,0.6010349988937378,-0.5882589817047119
1,task_2,121,10,0.6100478768348694,-0.5662307143211365
1,task_2,121,11,0.6199542880058289,-0.5434232354164124
1,task_2,121,12,0.6296954154968262,-0.520311713218689
1,task_2,121,13,0.6416870951652527,-0.49020442366600037
1,task_2,121,14,0.6507897973060608,-0.4695136845111847
1,task_2,121,15,0.6612823009490967,-0.44346436858177185
1,task_2,121,16,0.6712521314620972,-0.4184395968914032
1,task_2,121,17,0.6806163191795349,-0.39446163177490234
1,task_2,121,18,0.6922752261161804,-0.3647148311138153
1,task_2,121,19,0.7100266814231873,-0.31734299659729004
1,task_2,121,20,0.756106972694397,-0.17507611215114594
1,task_2,121,21,0.8196840286254883,0.02086097188293934
1,task_2,121,22,0.8963832855224609,0.2580956518650055
1,task_2,121,23,0.9715304374694824,0.4889397621154785
1,task_2,121,24,1.0785932540893555,0.8181920647621155
1,task_2,121,25,1.187219500541687,1.1497175693511963
1,task_2,121,26,1.302802562713623,1.507348895072937
1,task_2,121,27,1.4365787506103516,1.9181112051010132
1,task_2,121,28,1.5738390684127808,2.3414177894592285
1,task_2,121,29,1.7819321155548096,2.9287936687469482
1,task_2,122,0,0.2980060279369354,-0.7811933755874634
1,task_2,122,1,0.30344629287719727,-0.7777424454689026
1,task_2,122,2,0.30844077467918396,-0.7733126282691956
1,task_2,122,3,0.3126849830150604,-0.7693066000938416
1,task_2,122,4,0.3170050084590912,-0.7647808194160461
1,task_2,122,5,0.32089096307754517,-0.760238766670227
1,task_2,122,6,0.3255316913127899,-0.7548724412918091
1,task_2,122,7,0.3317538797855377,-0.747623860836029
1,task_2,122,8,0.33730608224868774,-0.7408627867698669
1,task_2,122,9,0.3473116159439087,-0.7286696434020996
1,task_2,122,10,0.3606271743774414,-0.7123503684997559
1,task_2,122,11,0.3864802420139313,-0.6812533736228943
1,task_2,122,12,0.4288302958011627,-0.6314877271652222
1,task_2,122,13,0.4726787805557251,-0.5799415111541748
1,task_2,122,14,0.5323968529701233,-0.510003924369812
1,task_2,122,15,0.5946710109710693,-0.4372352659702301
1,task_2,122,16,0.672213077545166,-0.34804612398147583
1,task_2,122,17,0.761241614818573,-0.2456768900156021
1,task_2,122,18,0.8723763823509216,-0.11863042414188385
1,task_2,122,19,0.9841144680976868,0.00761314807459712
1,task_2,122,20,1.122251272201538,0.1635953038930893
1,task_2,122,21,1.2653791904449463,0.32429075241088867
1,task_2,122,22,1.420013189315796,0.4976499676704407
1,task_2,122,23,1.59543776512146,0.6939653158187866
1,task_2,122,24,1.7928242683410645,0.9154052138328552
1,task_2,122,25,2.013500690460205,1.1623923778533936
1,task_2,122,26,2.238060235977173,1.413896918296814
1,task_2,122,27,2.4834465980529785,1.6890990734100342
1,task_2,122,28,2.7629611492156982,2.0022225379943848
1,task_2,122,29,3.6851069927215576,2.993098258972168
1,task_2,123,0,0.0,-0.3290770947933197
1,task_2,123,1,0.0,-0.3290770947933197
1,task_2,123,2,0.0,-0.3290770947933197
1,task_2,123,3,0.0,-0.3290770947933197
1,task_2,123,4,0.0,-0.3290770947933197
1,task_2,123,5,0.0,-0.3290770947933197
1,task_2,123,6,0.0,-0.3290770947933197
1,task_2,123,7,0.0,-0.3290770947933197
1,task_2,123,8,0.0,-0.3290770947933197
1,task_2,123,9,0.0,-0.3290770947933197
1,task_2,123,10,0.0,-0.3290770947933197
1,task_2,123,11,0.0,-0.3290770947933197
1,task_2,123,12,0.0,-0.3290770947933197
1,task_2,123,13,0.0,-0.3290770947933197
1,task_2,123,14,0.0,-0.3290770947933197
1,task_2,123,15,0.0,-0.3290770947933197
1,task_2,123,16,0.0,-0.3290770947933197
1,task_2,123,17,0.0,-0.3290770947933197
1,task_2,123,18,0.0,-0.3290770947933197
1,task_2,123,19,0.042853593826293945,0.065061055123806
1,task_2,123,20,0.09627598524093628,0.5335665345191956
1,task_2,123,21,0.1430484652519226,0.8577266335487366
1,task_2,123,22,0.1989925503730774,1.2065150737762451
1,task_2,123,23,0.2514247000217438,1.503889560699463
1,task_2,123,24,0.3024279475212097,1.596185564994812
1,task_2,123,25,0.3489782214164734,1.5032092332839966
1,task_2,123,26,0.395399808883667,1.3087260723114014
1,task_2,123,27,0.4386993944644928,0.9845444560050964
1,task_2,123,28,0.48277747631073,0.4962812662124634
1,task_2,123,29,1.268943428993225,-3.80324125289917
1,task_2,124,0,0.1980494260787964,-1.2841130495071411
1,task_2,124,1,0.21846112608909607,-1.224510669708252
1,task_2,124,2,0.2401355504989624,-1.1623709201812744
1,task_2,124,3,0.2594263255596161,-1.1085906028747559
1,task_2,124,4,0.27944067120552063,-1.0539463758468628
1,task_2,124,5,0.3001693785190582,-0.9979445934295654
1,task_2,124,6,0.32224392890930176,-0.9390912055969238
1,task_2,124,7,0.341596782207489,-0.8878867626190186
1,task_2,124,8,0.36476022005081177,-0.8271064758300781
1,task_2,124,9,0.38955095410346985,-0.7624353766441345
1,task_2,124,10,0.421861857175827,-0.6774092316627502
1,task_2,124,11,0.45010048151016235,-0.6025288701057434
1,task_2,124,12,0.47896671295166016,-0.5261011719703674
1,task_2,124,13,0.5196981430053711,-0.4184063673019409
1,task_2,124,14,0.557685136795044,-0.31905248761177063
1,task_2,124,15,0.5998692512512207,-0.20744822919368744
1,task_2,124,16,0.6444980502128601,-0.0910557359457016
1,task_2,124,17,0.7019683122634888,0.060445237904787064
1,task_2,124,18,0.755387544631958,0.20057900249958038
1,task_2,124,19,0.8254498243331909,0.3848324716091156
1,task_2,124,20,0.8885394334793091,0.5507400035858154
1,task_2,124,21,0.9780819416046143,0.7858712673187256
1,task_2,124,22,1.0465569496154785,0.9656625390052795
1,task_2,124,23,1.1422592401504517,1.2164664268493652
1,task_2,124,24,1.249267816543579,1.4875668287277222
1,task_2,124,25,1.3502898216247559,1.4875668287277222
1,task_2,124,26,1.464989185333252,1.4875668287277222
1,task_2,124,27,1.587445855140686,1.4875668287277222
1,task_2,124,28,1.7288243770599365,1.4875668287277222
1,task_2,124,29,1.8605997562408447,1.4875668287277222
1,task_2,125,0,0.0,0.2316192388534546
1,task_2,125,1,0.0,0.2316192388534546
1,task_2,125,2,0.0,0.2316192388534546
1,task_2,125,3,0.0,0.2316192388534546
1,task_2,125,4,0.0,0.2316192388534546
1,task_2,125,5,0.0,0.2316192388534546
1,task_2,125,6,0.0,0.2316192388534546
1,task_2,125,7,0.0,0.2316192388534546
1,task_2,125,8,0.0,0.2316192388534546
1,task_2,125,9,0.0,0.2316192388534546
1,task_2,125,10,0.0,0.2316192388534546
1,task_2,125,11,0.0,0.2316192388534546
1,task_2,125,12,0.0,0.2316192388534546
1,task_2,125,13,0.0,0.2316192388534546
1,task_2,125,14,0.0,0.2316192388534546
1,task_2,125,15,0.0,0.2316192388534546
1,task_2,125,16,0.0,0.2316192388534546
1,task_2,125,17,0.0,0.2316192388534546
1,task_2,125,18,0.0,0.2316192388534546
1,task_2,125,19,0.0,0.2316192388534546
1,task_2,125,20,0.0,0.2316192388534546
1,task_2,125,21,0.0,0.2316192388534546
1,task_2,125,22,0.0,0.2316192388534546
1,task_2,125,23,0.0,0.2316192388534546
1,task_2,125,24,0.0,0.2316192388534546
1,task_2,125,25,0.0,0.2316192388534546
1,task_2,125,26,0.0,0.2316192388534546
1,task_2,125,27,0.04669107496738434,-0.22553294897079468
1,task_2,125,28,0.11047106981277466,-0.8541010618209839
1,task_2,125,29,2.0148327350616455,-5.174086093902588
1,task_2,126,0,0.3059130012989044,0.0
1,task_2,126,1,0.3059130012989044,0.0
1,task_2,126,2,0.3059130012989044,0.0
1,task_2,126,3,0.3059130012989044,0.0
1,task_2,126,4,0.3059130012989044,0.0
1,task_2,126,5,0.3059130012989044,0.0
1,task_2,126,6,0.3059130012989044,0.0
1,task_2,126,7,0.3059130012989044,0.0
1,task_2,126,8,0.3059130012989044,0.0
1,task_2,126,9,0.3059130012989044,0.0
1,task_2,126,10,0.3059130012989044,0.0
1,task_2,126,11,0.3059130012989044,0.0
1,task_2,126,12,0.3059130012989044,0.0
1,task_2,126,13,0.3059130012989044,0.0
1,task_2,126,14,0.3059130012989044,0.0
1,task_2,126,15,0.3059130012989044,0.0
1,task_2,126,16,0.3059130012989044,0.0
1,task_2,126,17,0.3059130012989044,0.0
1,task_2,126,18,0.3059130012989044,0.0
1,task_2,126,19,0.3059130012989044,0.0
1,task_2,126,20,0.3059130012989044,0.0
1,task_2,126,21,0.3059130012989044,0.0
1,task_2,126,22,0.3059130012989044,0.0
1,task_2,126,23,0.3059130012989044,0.0
1,task_2,126,24,0.3059130012989044,0.0
1,task_2,126,25,0.3059130012989044,0.0
1,task_2,126,26,0.3059130012989044,0.0
1,task_2,126,27,0.3059130012989044,0.0
1,task_2,126,28,0.3059130012989044,0.0
1,task_2,126,29,0.3059130012989044,0.0
1,task_2,127,0,0.0,-1.0491268634796143
1,task_2,127,1,0.0,-1.0491268634796143
1,task_2,127,2,0.0,-1.0491268634796143
1,task_2,127,3,0.0,-1.0491268634796143
1,task_2,127,4,0.07418452203273773,-1.0029780864715576
1,task_2,127,5,0.14749057590961456,-0.9584978818893433
1,task_2,127,6,0.22942721843719482,-0.9089341759681702
1,task_2,127,7,0.32312071323394775,-0.852803111076355
1,task_2,127,8,0.4183179438114166,-0.7961754202842712
1,task_2,127,9,0.5228155255317688,-0.734821617603302
1,task_2,127,10,0.6404882073402405,-0.6663968563079834
1,task_2,127,11,0.758488655090332,-0.5980998277664185
1,task_2,127,12,0.8982369303703308,-0.5170405507087708
1,task_2,127,13,1.0476495027542114,-0.43011948466300964
1,task_2,127,14,1.1988937854766846,-0.3424440920352936
1,task_2,127,15,1.3713551759719849,-0.2426520138978958
1,task_2,127,16,1.5569418668746948,-0.13525785505771637
1,task_2,127,17,1.7544622421264648,-0.020995358005166054
1,task_2,127,18,1.9762001037597656,0.10662292689085007
1,task_2,127,19,2.192725896835327,0.23034290969371796
1,task_2,127,20,2.446380615234375,0.3749043047428131
1,task_2,127,21,2.7088077068328857,0.524165153503418
1,task_2,127,22,2.985865354537964,0.6812570095062256
1,task_2,127,23,3.2774481773376465,0.8463020324707031
1,task_2,127,24,3.605572462081909,1.032084584236145
1,task_2,127,25,3.925619125366211,1.2134106159210205
1,task_2,127,26,4.291747570037842,1.4208190441131592
1,task_2,127,27,4.657346248626709,1.6280590295791626
1,task_2,127,28,5.0795488357543945,1.8674193620681763
1,task_2,127,29,6.188162326812744,2.478334665298462
2,task_3,0,0,0.0,-1.5999689102172852
2,task_3,0,1,0.0,-1.5999689102172852
2,task_3,0,2,0.0,-1.5999689102172852
2,task_3,0,3,0.0,-1.5999689102172852
2,task_3,0,4,0.022252753376960754,-1.4056822061538696
2,task_3,0,5,0.03674459457397461,-1.2364963293075562
2,task_3,0,6,0.051257818937301636,-1.1014593839645386
2,task_3,0,7,0.06884631514549255,-0.9023747444152832
2,task_3,0,8,0.08112278580665588,-0.7536941766738892
2,task_3,0,9,0.09614730626344681,-0.5919188261032104
2,task_3,0,10,0.1128910705447197,-0.4031204283237457
2,task_3,0,11,0.1241978108882904,-0.26462334394454956
2,task_3,0,12,0.13766750693321228,-0.1083311140537262
2,task_3,0,13,0.1485958993434906,0.017194032669067383
2,task_3,0,14,0.16236115992069244,0.18551744520664215
2,task_3,0,15,0.17213495075702667,0.27863532304763794
2,task_3,0,16,0.18477798998355865,0.4448273181915283
2,task_3,0,17,0.19397075474262238,0.5795563459396362
2,task_3,0,18,0.20275554060935974,0.7136867046356201
2,task_3,0,19,0.2119397222995758,0.8852059245109558
2,task_3,0,20,0.21738453209400177,1.0062952041625977
2,task_3,0,21,0.22492557764053345,1.0062952041625977
2,task_3,0,22,0.2300804704427719,1.0062952041625977
2,task_3,0,23,0.23474496603012085,1.0062952041625977
2,task_3,0,24,0.23911717534065247,1.0062952041625977
2,task_3,0,25,0.24199353158473969,1.0062952041625977
2,task_3,0,26,0.2451026886701584,1.0062952041625977
2,task_3,0,27,0.24921295046806335,1.0062952041625977
2,task_3,0,28,0.25632116198539734,1.0062952041625977
2,task_3,0,29,0.2741915285587311,1.0062952041625977
2,task_3,1,0,9.999999747378752e-05,0.014210854656994343
2,task_3,1,1,9.999999747378752e-05,0.014210854656994343
2,task_3,1,2,9.999999747378752e-05,0.014210854656994343
2,task_3,1,3,9.999999747378752e-05,0.014210854656994343
2,task_3,1,4,9.999999747378752e-05,0.014210854656994343
2,task_3,1,5,9.999999747378752e-05,0.014210854656994343
2,task_3,1,6,9.999999747378752e-05,0.014210854656994343
2,task_3,1,7,9.999999747378752e-05,0.014210854656994343
2,task_3,1,8,9.999999747378752e-05,0.014210854656994343
2,task_3,1,9,9.999999747378752e-05,0.014210854656994343
2,task_3,1,10,9.999999747378752e-05,0.014210854656994343
2,task_3,1,11,9.999999747378752e-05,0.014210854656994343
2,task_3,1,12,9.999999747378752e-05,0.014210854656994343
2,task_3,1,13,9.999999747378752e-05,0.014210854656994343
2,task_3,1,14,9.999999747378752e-05,0.014210854656994343
2,task_3,1,15,9.999999747378752e-05,0.014210854656994343
2,task_3,1,16,9.999999747378752e-05,0.014210854656994343
2,task_3,1,17,9.999999747378752e-05,0.014210854656994343
2,task_3,1,18,9.999999747378752e-05,0.014210854656994343
2,task_3,1,19,9.999999747378752e-05,0.014210854656994343
2,task_3,1,20,9.999999747378752e-05,0.014210854656994343
2,task_3,1,21,9.999999747378752e-05,0.014210854656994343
2,task_3,1,22,9.999999747378752e-05,0.014210854656994343
2,task_3,1,23,9.999999747378752e-05,0.014210854656994343
2,task_3,1,24,9.999999747378752e-05,0.014210854656994343
2,task_3,1,25,9.999999747378752e-05,0.014210854656994343
2,task_3,1,26,9.999999747378752e-05,0.014210854656994343
2,task_3,1,27,9.999999747378752e-05,0.014210854656994343
2,task_3,1,28,9.999999747378752e-05,0.014210854656994343
2,task_3,1,29,9.999999747378752e-05,0.014210854656994343
2,task_3,2,0,0.0,0.3967885375022888
2,task_3,2,1,0.0,0.3967885375022888
2,task_3,2,2,0.0,0.3967885375022888
2,task_3,2,3,0.0,0.3967885375022888
2,task_3,2,4,0.0,0.3967885375022888
2,task_3,2,5,0.0,0.3967885375022888
2,task_3,2,6,0.0,0.3967885375022888
2,task_3,2,7,0.0,0.3967885375022888
2,task_3,2,8,0.0,0.3967885375022888
2,task_3,2,9,0.0,0.3967885375022888
2,task_3,2,10,0.0,0.3967885375022888
2,task_3,2,11,0.0,0.3967885375022888
2,task_3,2,12,0.0,0.3967885375022888
2,task_3,2,13,0.0,0.3967885375022888
2,task_3,2,14,0.0,0.3967885375022888
2,task_3,2,15,0.0,0.3967885375022888
2,task_3,2,16,0.0,0.3967885375022888
2,task_3,2,17,0.0,0.3967885375022888
2,task_3,2,18,0.0,0.3967885375022888
2,task_3,2,19,0.0,0.3967885375022888
2,task_3,2,20,0.0,0.3967885375022888
2,task_3,2,21,0.0,0.3967885375022888
2,task_3,2,22,0.0,0.3967885375022888
2,task_3,2,23,0.0,0.3967885375022888
2,task_3,2,24,0.0,0.3967885375022888
2,task_3,2,25,0.006423495709896088,-0.11443424224853516
2,task_3,2,26,0.024938184767961502,-1.5788244009017944
2,task_3,2,27,0.04112480208277702,-2.7421517372131348
2,task_3,2,28,0.05696593597531319,-2.7421517372131348
2,task_3,2,29,0.08910703659057617,-2.7421517372131348
2,task_3,3,0,9.999999747378752e-05,0.05684341862797737
2,task_3,3,1,9.999999747378752e-05,0.05684341862797737
2,task_3,3,2,9.999999747378752e-05,0.05684341862797737
2,task_3,3,3,9.999999747378752e-05,0.05684341862797737
2,task_3,3,4,9.999999747378752e-05,0.05684341862797737
2,task_3,3,5,9.999999747378752e-05,0.05684341862797737
2,task_3,3,6,9.999999747378752e-05,0.05684341862797737
2,task_3,3,7,9.999999747378752e-05,0.05684341862797737
2,task_3,3,8,9.999999747378752e-05,0.05684341862797737
2,task_3,3,9,9.999999747378752e-05,0.05684341862797737
2,task_3,3,10,9.999999747378752e-05,0.05684341862797737
2,task_3,3,11,9.999999747378752e-05,0.05684341862797737
2,task_3,3,12,9.999999747378752e-05,0.05684341862797737
2,task_3,3,13,9.999999747378752e-05,0.05684341862797737
2,task_3,3,14,9.999999747378752e-05,0.05684341862797737
2,task_3,3,15,9.999999747378752e-05,0.05684341862797737
2,task_3,3,16,9.999999747378752e-05,0.05684341862797737
2,task_3,3,17,9.999999747378752e-05,0.05684341862797737
2,task_3,3,18,9.999999747378752e-05,0.05684341862797737
2,task_3,3,19,9.999999747378752e-05,0.05684341862797737
2,task_3,3,20,9.999999747378752e-05,0.05684341862797737
2,task_3,3,21,9.999999747378752e-05,0.05684341862797737
2,task_3,3,22,9.999999747378752e-05,0.05684341862797737
2,task_3,3,23,9.999999747378752e-05,0.05684341862797737
2,task_3,3,24,9.999999747378752e-05,0.05684341862797737
2,task_3,3,25,9.999999747378752e-05,0.05684341862797737
2,task_3,3,26,9.999999747378752e-05,0.05684341862797737
2,task_3,3,27,9.999999747378752e-05,0.05684341862797737
2,task_3,3,28,9.999999747378752e-05,0.05684341862797737
2,task_3,3,29,9.999999747378752e-05,0.05684341862797737
2,task_3,4,0,0.0,0.6546224355697632
2,task_3,4,1,0.0,0.6546224355697632
2,task_3,4,2,0.0,0.6546224355697632
2,task_3,4,3,0.0,0.6546224355697632
2,task_3,4,4,0.0,0.6546224355697632
2,task_3,4,5,0.0,0.6546224355697632
2,task_3,4,6,0.0,0.6546224355697632
2,task_3,4,7,0.0,0.6546224355697632
2,task_3,4,8,0.0,0.6546224355697632
2,task_3,4,9,0.00578954815864563,0.6414464712142944
2,task_3,4,10,0.022866539657115936,0.6139459609985352
2,task_3,4,11,0.04305124655365944,0.5833023190498352
2,task_3,4,12,0.06726798415184021,0.5437343120574951
2,task_3,4,13,0.09434941411018372,0.4981221556663513
2,task_3,4,14,0.11715307086706161,0.46354925632476807
2,task_3,4,15,0.14956781268119812,0.4103567600250244
2,task_3,4,16,0.17871493101119995,0.3627721667289734
2,task_3,4,17,0.21036803722381592,0.30622318387031555
2,task_3,4,18,0.24290622770786285,0.25187793374061584
2,task_3,4,19,0.2754707932472229,0.18918898701667786
2,task_3,4,20,0.3100469708442688,0.1297079473733902
2,task_3,4,21,0.3667079210281372,0.014936505816876888
2,task_3,4,22,0.4587720036506653,-0.17570002377033234
2,task_3,4,23,0.5715249180793762,-0.41544684767723083
2,task_3,4,24,0.7039353251457214,-0.699434757232666
2,task_3,4,25,0.847633421421051,-1.0068830251693726
2,task_3,4,26,0.9915784001350403,-1.3284151554107666
2,task_3,4,27,1.1516718864440918,-1.7002060413360596
2,task_3,4,28,1.3397245407104492,-2.137150526046753
2,task_3,4,29,2.2645976543426514,-3.4375295639038086
2,task_3,5,0,9.999999747378752e-05,0.014210854656994343
2,task_3,5,1,9.999999747378752e-05,0.014210854656994343
2,task_3,5,2,9.999999747378752e-05,0.014210854656994343
2,task_3,5,3,9.999999747378752e-05,0.014210854656994343
2,task_3,5,4,9.999999747378752e-05,0.014210854656994343
2,task_3,5,5,9.999999747378752e-05,0.014210854656994343
2,task_3,5,6,9.999999747378752e-05,0.014210854656994343
2,task_3,5,7,9.999999747378752e-05,0.014210854656994343
2,task_3,5,8,9.999999747378752e-05,0.014210854656994343
2,task_3,5,9,9.999999747378752e-05,0.014210854656994343
2,task_3,5,10,9.999999747378752e-05,0.014210854656994343
2,task_3,5,11,9.999999747378752e-05,0.014210854656994343
2,task_3,5,12,9.999999747378752e-05,0.014210854656994343
2,task_3,5,13,9.999999747378752e-05,0.014210854656994343
2,task_3,5,14,9.999999747378752e-05,0.014210854656994343
2,task_3,5,15,9.999999747378752e-05,0.014210854656994343
2,task_3,5,16,9.999999747378752e-05,0.014210854656994343
2,task_3,5,17,9.999999747378752e-05,0.014210854656994343
2,task_3,5,18,9.999999747378752e-05,0.014210854656994343
2,task_3,5,19,9.999999747378752e-05,0.014210854656994343
2,task_3,5,20,9.999999747378752e-05,0.014210854656994343
2,task_3,5,21,9.999999747378752e-05,0.014210854656994343
2,task_3,5,22,9.999999747378752e-05,0.014210854656994343
2,task_3,5,23,9.999999747378752e-05,0.014210854656994343
2,task_3,5,24,9.999999747378752e-05,0.014210854656994343
2,task_3,5,25,9.999999747378752e-05,0.014210854656994343
2,task_3,5,26,9.999999747378752e-05,0.014210854656994343
2,task_3,5,27,9.999999747378752e-05,0.014210854656994343
2,task_3,5,28,9.999999747378752e-05,0.014210854656994343
2,task_3,5,29,9.999999747378752e-05,0.014210854656994343
2,task_3,6,0,0.0,1.4238299131393433
2,task_3,6,1,0.0,1.4238299131393433
2,task_3,6,2,0.0,1.4238299131393433
2,task_3,6,3,0.0,1.4238299131393433
2,task_3,6,4,0.0,1.4238299131393433
2,task_3,6,5,0.0,1.4238299131393433
2,task_3,6,6,0.02874879539012909,1.3583858013153076
2,task_3,6,7,0.06848325580358505,1.2155389785766602
2,task_3,6,8,0.11073039472103119,1.022140383720398
2,task_3,6,9,0.15244530141353607,0.7796823978424072
2,task_3,6,10,0.19479884207248688,0.4663103520870209
2,task_3,6,11,0.22388379275798798,0.25602713227272034
2,task_3,6,12,0.2571999728679657,0.009097803384065628
2,task_3,6,13,0.28676295280456543,-0.22407472133636475
2,task_3,6,14,0.3074329197406769,-0.43268275260925293
2,task_3,6,15,0.3287752866744995,-0.6337319016456604
2,task_3,6,16,0.34228402376174927,-0.7497060894966125
2,task_3,6,17,0.3517690896987915,-0.8217988610267639
2,task_3,6,18,0.35960593819618225,-0.8532171845436096
2,task_3,6,19,0.36746639013290405,-0.8866063952445984
2,task_3,6,20,0.37287208437919617,-0.9048342108726501
2,task_3,6,21,0.37771037220954895,-0.9048342108726501
2,task_3,6,22,0.38333311676979065,-0.9048342108726501
2,task_3,6,23,0.3879493772983551,-0.9048342108726501
2,task_3,6,24,0.39174407720565796,-0.9048342108726501
2,task_3,6,25,0.39554890990257263,-0.9048342108726501
2,task_3,6,26,0.39927345514297485,-0.9048342108726501
2,task_3,6,27,0.4041396677494049,-0.9048342108726501
2,task_3,6,28,0.4116431176662445,-0.9048342108726501
2,task_3,6,29,0.42756345868110657,-0.9048342108726501
2,task_3,7,0,1.2755869626998901,0.7304887175559998
2,task_3,7,1,1.28969407081604,0.725888192653656
2,task_3,7,2,1.3030985593795776,0.721804678440094
2,task_3,7,3,1.317234754562378,0.7178323864936829
2,task_3,7,4,1.337105631828308,0.7108021378517151
2,task_3,7,5,1.3609719276428223,0.7022440433502197
2,task_3,7,6,1.3898776769638062,0.6927734613418579
2,task_3,7,7,1.42345130443573,0.6813088655471802
2,task_3,7,8,1.453464388847351,0.6703253388404846
2,task_3,7,9,1.49034583568573,0.6558477878570557
2,task_3,7,10,1.5478192567825317,0.6320859789848328
2,task_3,7,11,1.5866522789001465,0.6147986650466919
2,task_3,7,12,1.63124418258667,0.5935603380203247
2,task_3,7,13,1.6970285177230835,0.5617227554321289
2,task_3,7,14,1.7458643913269043,0.5382611155509949
2,task_3,7,15,1.7949397563934326,0.5155532956123352
2,task_3,7,16,1.90800142288208,0.4606110453605652
2,task_3,7,17,2.0795540809631348,0.3795424997806549
2,task_3,7,18,2.279118537902832,0.2784274220466614
2,task_3,7,19,2.5289533138275146,0.1550426334142685
2,task_3,7,20,2.824402332305908,0.0053055728785693645
2,task_3,7,21,3.137157678604126,-0.15831148624420166
2,task_3,7,22,3.4925894737243652,-0.38640502095222473
2,task_3,7,23,3.8536925315856934,-0.629338800907135
2,task_3,7,24,4.301194667816162,-0.915041446685791
2,task_3,7,25,4.741445064544678,-1.1885687112808228
2,task_3,7,26,5.2541584968566895,-1.5137314796447754
2,task_3,7,27,5.803218364715576,-1.8814244270324707
2,task_3,7,28,6.398597717285156,-2.2997007369995117
2,task_3,7,29,7.040782928466797,-2.771702527999878
2,task_3,8,0,0.7067095041275024,0.8089197278022766
2,task_3,8,1,0.7149035930633545,0.777665376663208
2,task_3,8,2,0.7191386818885803,0.7644463777542114
2,task_3,8,3,0.7227374315261841,0.7530630826950073
2,task_3,8,4,0.7272016406059265,0.7371363043785095
2,task_3,8,5,0.7330271601676941,0.7234341502189636
2,task_3,8,6,0.7372872233390808,0.7157027125358582
2,task_3,8,7,0.7434386610984802,0.6969462037086487
2,task_3,8,8,0.7520860433578491,0.6765161156654358
2,task_3,8,9,0.7592188715934753,0.664108157157898
2,task_3,8,10,0.7673357129096985,0.6482752561569214
2,task_3,8,11,0.776887834072113,0.6285580396652222
2,task_3,8,12,0.7860854864120483,0.6139931678771973
2,task_3,8,13,0.8012633323669434,0.5861068367958069
2,task_3,8,14,0.8218531608581543,0.5573679804801941
2,task_3,8,15,0.8692893981933594,0.4830015301704407
2,task_3,8,16,0.9161489605903625,0.388808935880661
2,task_3,8,17,0.9700407981872559,0.28933748602867126
2,task_3,8,18,1.0237094163894653,0.23481065034866333
2,task_3,8,19,1.105314016342163,0.14874956011772156
2,task_3,8,20,1.1863981485366821,0.11178160458803177
2,task_3,8,21,1.281313419342041,-0.14445655047893524
2,task_3,8,22,1.38101327419281,-0.4570266902446747
2,task_3,8,23,1.488294243812561,-0.7113593816757202
2,task_3,8,24,1.62234365940094,-1.0420641899108887
2,task_3,8,25,1.7672220468521118,-1.3301962614059448
2,task_3,8,26,1.9162603616714478,-1.671106219291687
2,task_3,8,27,2.0719151496887207,-1.983032464981079
2,task_3,8,28,2.264059543609619,-2.2935073375701904
2,task_3,8,29,2.6173548698425293,-2.375977039337158
2,task_3,9,0,0.0,-1.449869155883789
2,task_3,9,1,0.0,-1.449869155883789
2,task_3,9,2,0.0,-1.449869155883789
2,task_3,9,3,0.0,-1.449869155883789
2,task_3,9,4,0.0,-1.449869155883789
2,task_3,9,5,0.0,-1.449869155883789
2,task_3,9,6,0.019864343106746674,-1.2801872491836548
2,task_3,9,7,0.046557553112506866,-1.0740727186203003
2,task_3,9,8,0.06583035737276077,-1.000075340270996
2,task_3,9,9,0.08591539412736893,-0.8619400262832642
2,task_3,9,10,0.10648689419031143,-0.6075730919837952
2,task_3,9,11,0.13121944665908813,-0.21426521241664886
2,task_3,9,12,0.15322554111480713,0.09459663927555084
2,task_3,9,13,0.1726524531841278,0.3198060691356659
2,task_3,9,14,0.19111451506614685,0.5127245783805847
2,task_3,9,15,0.21215921640396118,0.6810423731803894
2,task_3,9,16,0.23127245903015137,0.8503071665763855
2,task_3,9,17,0.250898152589798,1.0253114700317383
2,task_3,9,18,0.268417626619339,1.0528368949890137
2,task_3,9,19,0.2853190302848816,0.9720272421836853
2,task_3,9,20,0.3051750361919403,0.8228670954704285
2,task_3,9,21,0.3198358118534088,0.8228670954704285
2,task_3,9,22,0.33876994252204895,0.8228670954704285
2,task_3,9,23,0.35031184554100037,0.8228670954704285
2,task_3,9,24,0.3668663203716278,0.8228670954704285
2,task_3,9,25,0.38540568947792053,0.8228670954704285
2,task_3,9,26,0.3977367579936981,0.8228670954704285
2,task_3,9,27,0.41087719798088074,0.8228670954704285
2,task_3,9,28,0.42550262808799744,0.8228670954704285
2,task_3,9,29,0.45524781942367554,0.8228670954704285
2,task_3,10,0,9.999999747378752e-05,0.05684341862797737
2,task_3,10,1,9.999999747378752e-05,0.05684341862797737
2,task_3,10,2,9.999999747378752e-05,0.05684341862797737
2,task_3,10,3,9.999999747378752e-05,0.05684341862797737
2,task_3,10,4,9.999999747378752e-05,0.05684341862797737
2,task_3,10,5,9.999999747378752e-05,0.05684341862797737
2,task_3,10,6,9.999999747378752e-05,0.05684341862797737
2,task_3,10,7,9.999999747378752e-05,0.05684341862797737
2,task_3,10,8,9.999999747378752e-05,0.05684341862797737
2,task_3,10,9,9.999999747378752e-05,0.05684341862797737
2,task_3,10,10,9.999999747378752e-05,0.05684341862797737
2,task_3,10,11,9.999999747378752e-05,0.05684341862797737
2,task_3,10,12,9.999999747378752e-05,0.05684341862797737
2,task_3,10,13,9.999999747378752e-05,0.05684341862797737
2,task_3,10,14,9.999999747378752e-05,0.05684341862797737
2,task_3,10,15,9.999999747378752e-05,0.05684341862797737
2,task_3,10,16,9.999999747378752e-05,0.05684341862797737
2,task_3,10,17,9.999999747378752e-05,0.05684341862797737
2,task_3,10,18,9.999999747378752e-05,0.05684341862797737
2,task_3,10,19,9.999999747378752e-05,0.05684341862797737
2,task_3,10,20,9.999999747378752e-05,0.05684341862797737
2,task_3,10,21,9.999999747378752e-05,0.05684341862797737
2,task_3,10,22,9.999999747378752e-05,0.05684341862797737
2,task_3,10,23,9.999999747378752e-05,0.05684341862797737
2,task_3,10,24,9.999999747378752e-05,0.05684341862797737
2,task_3,10,25,9.999999747378752e-05,0.05684341862797737
2,task_3,10,26,9.999999747378752e-05,0.05684341862797737
2,task_3,10,27,9.999999747378752e-05,0.05684341862797737
2,task_3,10,28,9.999999747378752e-05,0.05684341862797737
2,task_3,10,29,9.999999747378752e-05,0.05684341862797737
2,task_3,11,0,9.999999747378752e-05,0.0
2,task_3,11,1,9.999999747378752e-05,0.0
2,task_3,11,2,9.999999747378752e-05,0.0
2,task_3,11,3,9.999999747378752e-05,0.0
2,task_3,11,4,9.999999747378752e-05,0.0
2,task_3,11,5,9.999999747378752e-05,0.0
2,task_3,11,6,9.999999747378752e-05,0.0
2,task_3,11,7,9.999999747378752e-05,0.0
2,task_3,11,8,9.999999747378752e-05,0.0
2,task_3,11,9,9.999999747378752e-05,0.0
2,task_3,11,10,9.999999747378752e-05,0.0
2,task_3,11,11,9.999999747378752e-05,0.0
2,task_3,11,12,9.999999747378752e-05,0.0
2,task_3,11,13,9.999999747378752e-05,0.0
2,task_3,11,14,9.999999747378752e-05,0.0
2,task_3,11,15,9.999999747378752e-05,0.0
2,task_3,11,16,9.999999747378752e-05,0.0
2,task_3,11,17,9.999999747378752e-05,0.0
2,task_3,11,18,9.999999747378752e-05,0.0
2,task_3,11,19,9.999999747378752e-05,0.0
2,task_3,11,20,9.999999747378752e-05,0.0
2,task_3,11,21,9.999999747378752e-05,0.0
2,task_3,11,22,9.999999747378752e-05,0.0
2,task_3,11,23,9.999999747378752e-05,0.0
2,task_3,11,24,9.999999747378752e-05,0.0
2,task_3,11,25,9.999999747378752e-05,0.0
2,task_3,11,26,9.999999747378752e-05,0.0
2,task_3,11,27,9.999999747378752e-05,0.0
2,task_3,11,28,9.999999747378752e-05,0.0
2,task_3,11,29,9.999999747378752e-05,0.0
2,task_3,12,0,1.2040748596191406,1.066119909286499
2,task_3,12,1,1.2098332643508911,1.0645480155944824
2,task_3,12,2,1.2156840562820435,1.062778353691101
2,task_3,12,3,1.2192820310592651,1.0599056482315063
2,task_3,12,4,1.2239872217178345,1.0551600456237793
2,task_3,12,5,1.2307590246200562,1.039463758468628
2,task_3,12,6,1.2435247898101807,1.0070757865905762
2,task_3,12,7,1.2646759748458862,0.9484431147575378
2,task_3,12,8,1.294202446937561,0.8679749965667725
2,task_3,12,9,1.3290983438491821,0.7486457228660583
2,task_3,12,10,1.3817211389541626,0.606177031993866
2,task_3,12,11,1.4513025283813477,0.5353161692619324
2,task_3,12,12,1.5148640871047974,0.44375643134117126
2,task_3,12,13,1.6014189720153809,0.32919687032699585
2,task_3,12,14,1.6899042129516602,0.3072722554206848
2,task_3,12,15,1.808480143547058,0.24342896044254303
2,task_3,12,16,1.9342502355575562,0.1883784979581833
2,task_3,12,17,2.0680530071258545,0.08507494628429413
2,task_3,12,18,2.2064998149871826,-0.10971087217330933
2,task_3,12,19,2.3816885948181152,-0.3199557960033417
2,task_3,12,20,2.5823018550872803,-0.5862598419189453
2,task_3,12,21,2.790464401245117,-0.746383011341095
2,task_3,12,22,3.0209126472473145,-0.7620092630386353
2,task_3,12,23,3.2524149417877197,-0.8569185137748718
2,task_3,12,24,3.536280632019043,-0.9861276149749756
2,task_3,12,25,3.822063446044922,-1.2053486108779907
2,task_3,12,26,4.146637439727783,-1.512944221496582
2,task_3,12,27,4.483163833618164,-1.5736920833587646
2,task_3,12,28,4.851255893707275,-1.5628607273101807
2,task_3,12,29,5.235987186431885,-2.4365060329437256
2,task_3,13,0,9.999999747378752e-05,0.0
2,task_3,13,1,9.999999747378752e-05,0.0
2,task_3,13,2,9.999999747378752e-05,0.0
2,task_3,13,3,9.999999747378752e-05,0.0
2,task_3,13,4,9.999999747378752e-05,0.0
2,task_3,13,5,9.999999747378752e-05,0.0
2,task_3,13,6,9.999999747378752e-05,0.0
2,task_3,13,7,9.999999747378752e-05,0.0
2,task_3,13,8,9.999999747378752e-05,0.0
2,task_3,13,9,9.999999747378752e-05,0.0
2,task_3,13,10,9.999999747378752e-05,0.0
2,task_3,13,11,9.999999747378752e-05,0.0
2,task_3,13,12,9.999999747378752e-05,0.0
2,task_3,13,13,9.999999747378752e-05,0.0
2,task_3,13,14,9.999999747378752e-05,0.0
2,task_3,13,15,9.999999747378752e-05,0.0
2,task_3,13,16,9.999999747378752e-05,0.0
2,task_3,13,17,9.999999747378752e-05,0.0
2,task_3,13,18,9.999999747378752e-05,0.0
2,task_3,13,19,9.999999747378752e-05,0.0
2,task_3,13,20,9.999999747378752e-05,0.0
2,task_3,13,21,9.999999747378752e-05,0.0
2,task_3,13,22,9.999999747378752e-05,0.0
2,task_3,13,23,9.999999747378752e-05,0.0
2,task_3,13,24,9.999999747378752e-05,0.0
2,task_3,13,25,9.999999747378752e-05,0.0
2,task_3,13,26,9.999999747378752e-05,0.0
2,task_3,13,27,9.999999747378752e-05,0.0
2,task_3,13,28,9.999999747378752e-05,0.0
2,task_3,13,29,9.999999747378752e-05,0.0
2,task_3,14,0,0.0,0.31719085574150085
2,task_3,14,1,0.0,0.31719085574150085
2,task_3,14,2,0.0,0.31719085574150085
2,task_3,14,3,0.0,0.31719085574150085
2,task_3,14,4,0.0,0.31719085574150085
2,task_3,14,5,0.0,0.31719085574150085
2,task_3,14,6,0.0,0.31719085574150085
2,task_3,14,7,0.0,0.31719085574150085
2,task_3,14,8,0.0,0.31719085574150085
2,task_3,14,9,0.0,0.31719085574150085
2,task_3,14,10,0.0,0.31719085574150085
2,task_3,14,11,0.0,0.31719085574150085
2,task_3,14,12,0.0,0.31719085574150085
2,task_3,14,13,0.0,0.31719085574150085
2,task_3,14,14,0.0,0.31719085574150085
2,task_3,14,15,0.0,0.31719085574150085
2,task_3,14,16,0.0,0.31719085574150085
2,task_3,14,17,0.0,0.31719085574150085
2,task_3,14,18,0.0,0.31719085574150085
2,task_3,14,19,0.0,0.31719085574150085
2,task_3,14,20,0.0,0.31719085574150085
2,task_3,14,21,0.0,0.31719085574150085
2,task_3,14,22,0.0,0.31719085574150085
2,task_3,14,23,0.0,0.31719085574150085
2,task_3,14,24,0.005387067794799805,0.2945648729801178
2,task_3,14,25,0.031063765287399292,0.0695120170712471
2,task_3,14,26,0.058930277824401855,-0.49521148204803467
2,task_3,14,27,0.08388599753379822,-1.1015996932983398
2,task_3,14,28,0.10906651616096497,-1.659598469734192
2,task_3,14,29,0.26722797751426697,-4.720247745513916
2,task_3,15,0,0.13500016927719116,-1.2702631950378418
2,task_3,15,1,0.14372405409812927,-1.2702631950378418
2,task_3,15,2,0.15081781148910522,-1.2702631950378418
2,task_3,15,3,0.15946871042251587,-1.2702631950378418
2,task_3,15,4,0.16844405233860016,-1.2702631950378418
2,task_3,15,5,0.17594265937805176,-1.2702631950378418
2,task_3,15,6,0.18610413372516632,-1.104358434677124
2,task_3,15,7,0.19414006173610687,-0.9513142704963684
2,task_3,15,8,0.206207737326622,-0.7403874397277832
2,task_3,15,9,0.22616738080978394,-0.43112456798553467
2,task_3,15,10,0.2402442842721939,-0.3008476495742798
2,task_3,15,11,0.2590084969997406,-0.23127123713493347
2,task_3,15,12,0.2740936875343323,-0.20404529571533203
2,task_3,15,13,0.29901787638664246,-0.1664229780435562
2,task_3,15,14,0.31896138191223145,-0.14650042355060577
2,task_3,15,15,0.34090885519981384,-0.14860419929027557
2,task_3,15,16,0.3703874349594116,-0.05341704934835434
2,task_3,15,17,0.3905238211154938,-0.002019195118919015
2,task_3,15,18,0.41848331689834595,0.06872735917568207
2,task_3,15,19,0.47333642840385437,0.20219165086746216
2,task_3,15,20,0.5513324737548828,0.32270553708076477
2,task_3,15,21,0.650073766708374,0.6466177701950073
2,task_3,15,22,0.744911789894104,0.8732931017875671
2,task_3,15,23,0.8454705476760864,1.1233481168746948
2,task_3,15,24,0.9710564613342285,1.3351290225982666
2,task_3,15,25,1.114522933959961,1.6332223415374756
2,task_3,15,26,1.2508894205093384,1.8554253578186035
2,task_3,15,27,1.4033387899398804,1.6040372848510742
2,task_3,15,28,1.5806031227111816,1.5121315717697144
2,task_3,15,29,2.1614902019500732,0.9250605702400208
2,task_3,16,0,9.999999747378752e-05,-0.05684341862797737
2,task_3,16,1,9.999999747378752e-05,-0.05684341862797737
2,task_3,16,2,9.999999747378752e-05,-0.05684341862797737
2,task_3,16,3,9.999999747378752e-05,-0.05684341862797737
2,task_3,16,4,9.999999747378752e-05,-0.05684341862797737
2,task_3,16,5,9.999999747378752e-05,-0.05684341862797737
2,task_3,16,6,9.999999747378752e-05,-0.05684341862797737
2,task_3,16,7,9.999999747378752e-05,-0.05684341862797737
2,task_3,16,8,9.999999747378752e-05,-0.05684341862797737
2,task_3,16,9,9.999999747378752e-05,-0.05684341862797737
2,task_3,16,10,9.999999747378752e-05,-0.05684341862797737
2,task_3,16,11,9.999999747378752e-05,-0.05684341862797737
2,task_3,16,12,9.999999747378752e-05,-0.05684341862797737
2,task_3,16,13,9.999999747378752e-05,-0.05684341862797737
2,task_3,16,14,9.999999747378752e-05,-0.05684341862797737
2,task_3,16,15,9.999999747378752e-05,-0.05684341862797737
2,task_3,16,16,9.999999747378752e-05,-0.05684341862797737
2,task_3,16,17,9.999999747378752e-05,-0.05684341862797737
2,task_3,16,18,9.999999747378752e-05,-0.05684341862797737
2,task_3,16,19,9.999999747378752e-05,-0.05684341862797737
2,task_3,16,20,9.999999747378752e-05,-0.05684341862797737
2,task_3,16,21,9.999999747378752e-05,-0.05684341862797737
2,task_3,16,22,9.999999747378752e-05,-0.05684341862797737
2,task_3,16,23,9.999999747378752e-05,-0.05684341862797737
2,task_3,16,24,9.999999747378752e-05,-0.05684341862797737
2,task_3,16,25,9.999999747378752e-05,-0.05684341862797737
2,task_3,16,26,9.999999747378752e-05,-0.05684341862797737
2,task_3,16,27,9.999999747378752e-05,-0.05684341862797737
2,task_3,16,28,9.999999747378752e-05,-0.05684341862797737
2,task_3,16,29,9.999999747378752e-05,-0.05684341862797737
2,task_3,17,0,0.0,-1.589680790901184
2,task_3,17,1,0.0,-1.589680790901184
2,task_3,17,2,0.0,-1.589680790901184
2,task_3,17,3,0.0,-1.589680790901184
2,task_3,17,4,0.02649153769016266,-1.4957726001739502
2,task_3,17,5,0.048296451568603516,-1.3898574113845825
2,task_3,17,6,0.08156045526266098,-1.211014986038208
2,task_3,17,7,0.11349665373563766,-1.027062177658081
2,task_3,17,8,0.14711126685142517,-0.7774285078048706
2,task_3,17,9,0.17425963282585144,-0.5389164686203003
2,task_3,17,10,0.2106107771396637,-0.25855186581611633
2,task_3,17,11,0.2550821602344513,-0.04652281105518341
2,task_3,17,12,0.29298028349876404,0.110951267182827
2,task_3,17,13,0.33484435081481934,0.27047207951545715
2,task_3,17,14,0.36794236302375793,0.39779362082481384
2,task_3,17,15,0.41868144273757935,0.6084426045417786
2,task_3,17,16,0.46628400683403015,0.8026244044303894
2,task_3,17,17,0.5101566314697266,0.9514409899711609
2,task_3,17,18,0.5589292049407959,0.9791494607925415
2,task_3,17,19,0.6085599660873413,0.9742387533187866
2,task_3,17,20,0.6660348773002625,0.9813122749328613
2,task_3,17,21,0.7237740159034729,0.9582024812698364
2,task_3,17,22,0.7754920125007629,0.9343411922454834
2,task_3,17,23,0.8295044898986816,0.9704669117927551
2,task_3,17,24,0.8968199491500854,1.0178073644638062
2,task_3,17,25,0.9657229781150818,0.9722750186920166
2,task_3,17,26,1.027038812637329,0.8351503610610962
2,task_3,17,27,1.0911645889282227,0.7063411474227905
2,task_3,17,28,1.169364094734192,0.5312727093696594
2,task_3,17,29,1.336834192276001,0.1015673577785492
2,task_3,18,0,9.999999747378752e-05,0.0
2,task_3,18,1,9.999999747378752e-05,0.0
2,task_3,18,2,9.999999747378752e-05,0.0
2,task_3,18,3,9.999999747378752e-05,0.0
2,task_3,18,4,9.999999747378752e-05,0.0
2,task_3,18,5,9.999999747378752e-05,0.0
2,task_3,18,6,9.999999747378752e-05,0.0
2,task_3,18,7,9.999999747378752e-05,0.0
2,task_3,18,8,9.999999747378752e-05,0.0
2,task_3,18,9,9.999999747378752e-05,0.0
2,task_3,18,10,9.999999747378752e-05,0.0
2,task_3,18,11,9.999999747378752e-05,0.0
2,task_3,18,12,9.999999747378752e-05,0.0
2,task_3,18,13,9.999999747378752e-05,0.0
2,task_3,18,14,9.999999747378752e-05,0.0
2,task_3,18,15,9.999999747378752e-05,0.0
2,task_3,18,16,9.999999747378752e-05,0.0
2,task_3,18,17,9.999999747378752e-05,0.0
2,task_3,18,18,9.999999747378752e-05,0.0
2,task_3,18,19,9.999999747378752e-05,0.0
2,task_3,18,20,9.999999747378752e-05,0.0
2,task_3,18,21,9.999999747378752e-05,0.0
2,task_3,18,22,9.999999747378752e-05,0.0
2,task_3,18,23,9.999999747378752e-05,0.0
2,task_3,18,24,9.999999747378752e-05,0.0
2,task_3,18,25,9.999999747378752e-05,0.0
2,task_3,18,26,9.999999747378752e-05,0.0
2,task_3,18,27,9.999999747378752e-05,0.0
2,task_3,18,28,9.999999747378752e-05,0.0
2,task_3,18,29,9.999999747378752e-05,0.0
2,task_3,19,0,0.3786885738372803,1.554517149925232
2,task_3,19,1,0.3975401520729065,1.3694500923156738
2,task_3,19,2,0.411443293094635,1.2478419542312622
2,task_3,19,3,0.4294963479042053,1.0719654560089111
2,task_3,19,4,0.44094592332839966,0.9653496742248535
2,task_3,19,5,0.45616447925567627,0.8618310689926147
2,task_3,19,6,0.471332311630249,0.7565456032752991
2,task_3,19,7,0.4855879545211792,0.6453328132629395
2,task_3,19,8,0.49659407138824463,0.5788440108299255
2,task_3,19,9,0.5117563605308533,0.4879339039325714
2,task_3,19,10,0.5236920714378357,0.4245826303958893
2,task_3,19,11,0.5352574586868286,0.3684999942779541
2,task_3,19,12,0.5492249727249146,0.29951491951942444
2,task_3,19,13,0.5608202219009399,0.24471133947372437
2,task_3,19,14,0.5751522779464722,0.16941681504249573
2,task_3,19,15,0.5896541476249695,0.09068003296852112
2,task_3,19,16,0.6056090593338013,0.02225651778280735
2,task_3,19,17,0.6189993619918823,-0.035911791026592255
2,task_3,19,18,0.6391561627388,-0.12962420284748077
2,task_3,19,19,0.6565371155738831,-0.20836549997329712
2,task_3,19,20,0.6778647899627686,-0.31166699528694153
2,task_3,19,21,0.7004036903381348,-0.4401349425315857
2,task_3,19,22,0.7190898656845093,-0.5467072129249573
2,task_3,19,23,0.7504829168319702,-0.6934065818786621
2,task_3,19,24,0.7824355959892273,-0.8269273042678833
2,task_3,19,25,0.8129295110702515,-0.9450347423553467
2,task_3,19,26,0.8533849716186523,-1.0952433347702026
2,task_3,19,27,0.888583242893219,-1.228636384010315
2,task_3,19,28,0.9326478838920593,-1.3973937034606934
2,task_3,19,29,1.5158387422561646,-3.3002126216888428
2,task_3,20,0,9.999999747378752e-05,0.0
2,task_3,20,1,9.999999747378752e-05,0.0
2,task_3,20,2,9.999999747378752e-05,0.0
2,task_3,20,3,9.999999747378752e-05,0.0
2,task_3,20,4,9.999999747378752e-05,0.0
2,task_3,20,5,9.999999747378752e-05,0.0
2,task_3,20,6,9.999999747378752e-05,0.0
2,task_3,20,7,9.999999747378752e-05,0.0
2,task_3,20,8,9.999999747378752e-05,0.0
2,task_3,20,9,9.999999747378752e-05,0.0
2,task_3,20,10,9.999999747378752e-05,0.0
2,task_3,20,11,9.999999747378752e-05,0.0
2,task_3,20,12,9.999999747378752e-05,0.0
2,task_3,20,13,9.999999747378752e-05,0.0
2,task_3,20,14,9.999999747378752e-05,0.0
2,task_3,20,15,9.999999747378752e-05,0.0
2,task_3,20,16,9.999999747378752e-05,0.0
2,task_3,20,17,9.999999747378752e-05,0.0
2,task_3,20,18,9.999999747378752e-05,0.0
2,task_3,20,19,9.999999747378752e-05,0.0
2,task_3,20,20,9.999999747378752e-05,0.0
2,task_3,20,21,9.999999747378752e-05,0.0
2,task_3,20,22,9.999999747378752e-05,0.0
2,task_3,20,23,9.999999747378752e-05,0.0
2,task_3,20,24,9.999999747378752e-05,0.0
2,task_3,20,25,9.999999747378752e-05,0.0
2,task_3,20,26,9.999999747378752e-05,0.0
2,task_3,20,27,9.999999747378752e-05,0.0
2,task_3,20,28,9.999999747378752e-05,0.0
2,task_3,20,29,9.999999747378752e-05,0.0
2,task_3,21,0,0.19090700149536133,0.21450275182724
2,task_3,21,1,0.19977420568466187,0.22511513531208038
2,task_3,21,2,0.2073131501674652,0.22743293642997742
2,task_3,21,3,0.21542805433273315,0.2332935333251953
2,task_3,21,4,0.2258026897907257,0.23756366968154907
2,task_3,21,5,0.23645424842834473,0.24153517186641693
2,task_3,21,6,0.25119519233703613,0.26446080207824707
2,task_3,21,7,0.26831620931625366,0.27283912897109985
2,task_3,21,8,0.281530499458313,0.27413398027420044
2,task_3,21,9,0.3081511855125427,0.2972504198551178
2,task_3,21,10,0.33173424005508423,0.3079436123371124
2,task_3,21,11,0.35598254203796387,0.3044532537460327
2,task_3,21,12,0.3848288059234619,0.31748393177986145
2,task_3,21,13,0.41851282119750977,0.351457804441452
2,task_3,21,14,0.4404566287994385,0.35849520564079285
2,task_3,21,15,0.47662556171417236,0.42044663429260254
2,task_3,21,16,0.5066272020339966,0.43221232295036316
2,task_3,21,17,0.5453708171844482,0.4768846333026886
2,task_3,21,18,0.5824905633926392,0.4773460328578949
2,task_3,21,19,0.7013598680496216,0.5400900840759277
2,task_3,21,20,0.8256428837776184,0.584234893321991
2,task_3,21,21,0.9752276539802551,0.6725032329559326
2,task_3,21,22,1.133763074874878,0.6392873525619507
2,task_3,21,23,1.2986557483673096,0.6776620745658875
2,task_3,21,24,1.505927562713623,0.5387009382247925
2,task_3,21,25,1.7281811237335205,-0.28406405448913574
2,task_3,21,26,1.9640498161315918,-1.13905930519104
2,task_3,21,27,2.206118106842041,-1.9394818544387817
2,task_3,21,28,2.5041592121124268,-2.7528135776519775
2,task_3,21,29,2.7749521732330322,-3.471909523010254
2,task_3,22,0,0.0,-1.3940532207489014
2,task_3,22,1,0.0,-1.3940532207489014
2,task_3,22,2,0.0,-1.3940532207489014
2,task_3,22,3,0.0,-1.3940532207489014
2,task_3,22,4,0.0,-1.3940532207489014
2,task_3,22,5,0.0,-1.3940532207489014
2,task_3,22,6,0.034933656454086304,-1.287298560142517
2,task_3,22,7,0.07024449110031128,-1.0417020320892334
2,task_3,22,8,0.10757198929786682,-0.8680775761604309
2,task_3,22,9,0.1581951081752777,-0.6575087308883667
2,task_3,22,10,0.18680688738822937,-0.4983428418636322
2,task_3,22,11,0.22249233722686768,-0.3342728018760681
2,task_3,22,12,0.2522718906402588,-0.16867408156394958
2,task_3,22,13,0.2872326374053955,0.018140599131584167
2,task_3,22,14,0.3144516050815582,0.15586644411087036
2,task_3,22,15,0.34782272577285767,0.2974095344543457
2,task_3,22,16,0.3695719242095947,0.4163497984409332
2,task_3,22,17,0.394832968711853,0.5044840574264526
2,task_3,22,18,0.41332051157951355,0.5633474588394165
2,task_3,22,19,0.4339766204357147,0.6141867637634277
2,task_3,22,20,0.4590514302253723,0.6632281541824341
2,task_3,22,21,0.47263461351394653,0.6920821070671082
2,task_3,22,22,0.4876162111759186,0.9165750741958618
2,task_3,22,23,0.5001675486564636,1.1969324350357056
2,task_3,22,24,0.5119441747665405,1.1969324350357056
2,task_3,22,25,0.5205292701721191,1.1969324350357056
2,task_3,22,26,0.5263323783874512,1.1969324350357056
2,task_3,22,27,0.5314891934394836,1.1969324350357056
2,task_3,22,28,0.5379877090454102,1.1969324350357056
2,task_3,22,29,0.5574979186058044,1.1969324350357056
2,task_3,23,0,9.999999747378752e-05,0.0
2,task_3,23,1,9.999999747378752e-05,0.0
2,task_3,23,2,9.999999747378752e-05,0.0
2,task_3,23,3,9.999999747378752e-05,0.0
2,task_3,23,4,9.999999747378752e-05,0.0
2,task_3,23,5,9.999999747378752e-05,0.0
2,task_3,23,6,9.999999747378752e-05,0.0
2,task_3,23,7,9.999999747378752e-05,0.0
2,task_3,23,8,9.999999747378752e-05,0.0
2,task_3,23,9,9.999999747378752e-05,0.0
2,task_3,23,10,9.999999747378752e-05,0.0
2,task_3,23,11,9.999999747378752e-05,0.0
2,task_3,23,12,9.999999747378752e-05,0.0
2,task_3,23,13,9.999999747378752e-05,0.0
2,task_3,23,14,9.999999747378752e-05,0.0
2,task_3,23,15,9.999999747378752e-05,0.0
2,task_3,23,16,9.999999747378752e-05,0.0
2,task_3,23,17,9.999999747378752e-05,0.0
2,task_3,23,18,9.999999747378752e-05,0.0
2,task_3,23,19,9.999999747378752e-05,0.0
2,task_3,23,20,9.999999747378752e-05,0.0
2,task_3,23,21,9.999999747378752e-05,0.0
2,task_3,23,22,9.999999747378752e-05,0.0
2,task_3,23,23,9.999999747378752e-05,0.0
2,task_3,23,24,9.999999747378752e-05,0.0
2,task_3,23,25,9.999999747378752e-05,0.0
2,task_3,23,26,9.999999747378752e-05,0.0
2,task_3,23,27,9.999999747378752e-05,0.0
2,task_3,23,28,9.999999747378752e-05,0.0
2,task_3,23,29,9.999999747378752e-05,0.0
2,task_3,24,0,0.12171795964241028,-0.9326035976409912
2,task_3,24,1,0.1319980025291443,-0.787358283996582
2,task_3,24,2,0.13723048567771912,-0.714884877204895
2,task_3,24,3,0.14148837327957153,-0.6638824343681335
2,task_3,24,4,0.14513948559761047,-0.60282963514328
2,task_3,24,5,0.14912757277488708,-0.5549312829971313
2,task_3,24,6,0.15457481145858765,-0.46923351287841797
2,task_3,24,7,0.15758630633354187,-0.4251280128955841
2,task_3,24,8,0.16094523668289185,-0.38588231801986694
2,task_3,24,9,0.1638871133327484,-0.3448507785797119
2,task_3,24,10,0.1670665144920349,-0.29829075932502747
2,task_3,24,11,0.16977748274803162,-0.26290225982666016
2,task_3,24,12,0.1727677285671234,-0.2129906862974167
2,task_3,24,13,0.17456531524658203,-0.18656110763549805
2,task_3,24,14,0.1769409477710724,-0.15311522781848907
2,task_3,24,15,0.17941832542419434,-0.11914613097906113
2,task_3,24,16,0.18163332343101501,-0.0902775302529335
2,task_3,24,17,0.18417233228683472,-0.059237562119960785
2,task_3,24,18,0.18776068091392517,-0.017342692241072655
2,task_3,24,19,0.1906573474407196,0.016973042860627174
2,task_3,24,20,0.19373905658721924,0.06458380073308945
2,task_3,24,21,0.19677799940109253,0.09561847895383835
2,task_3,24,22,0.19943517446517944,0.13458964228630066
2,task_3,24,23,0.20339763164520264,0.18869999051094055
2,task_3,24,24,0.20726636052131653,0.24597708880901337
2,task_3,24,25,0.21047598123550415,0.28997480869293213
2,task_3,24,26,0.2147495150566101,0.35103070735931396
2,task_3,24,27,0.22169670462608337,0.4391137361526489
2,task_3,24,28,0.23018106818199158,0.5451620817184448
2,task_3,24,29,0.6175742745399475,4.909725189208984
2,task_3,25,0,0.21876469254493713,0.9097737073898315
2,task_3,25,1,0.22396577894687653,0.9097737073898315
2,task_3,25,2,0.23120751976966858,0.9097737073898315
2,task_3,25,3,0.23598286509513855,0.9097737073898315
2,task_3,25,4,0.24344030022621155,0.9097737073898315
2,task_3,25,5,0.25583428144454956,0.9097737073898315
2,task_3,25,6,0.2741544246673584,0.9097737073898315
2,task_3,25,7,0.3021618723869324,0.9097737073898315
2,task_3,25,8,0.3284643292427063,0.876573383808136
2,task_3,25,9,0.360902339220047,0.8464401960372925
2,task_3,25,10,0.4031776785850525,0.7869264483451843
2,task_3,25,11,0.45400285720825195,0.7076512575149536
2,task_3,25,12,0.5084705948829651,0.6144329905509949
2,task_3,25,13,0.5657258033752441,0.5017992854118347
2,task_3,25,14,0.6223781704902649,0.3879607319831848
2,task_3,25,15,0.7046698927879333,0.2902911305427551
2,task_3,25,16,0.7812579870223999,0.1852135956287384
2,task_3,25,17,0.8680679798126221,0.07848869264125824
2,task_3,25,18,0.9558770656585693,-0.03901257738471031
2,task_3,25,19,1.0636307001113892,-0.19599604606628418
2,task_3,25,20,1.1778578758239746,-0.3602909743785858
2,task_3,25,21,1.3092255592346191,-0.5608617663383484
2,task_3,25,22,1.4274054765701294,-0.7241199016571045
2,task_3,25,23,1.5691629648208618,-0.9077556133270264
2,task_3,25,24,1.7254202365875244,-1.09578275680542
2,task_3,25,25,1.8919678926467896,-1.2844759225845337
2,task_3,25,26,2.0605931282043457,-1.4605611562728882
2,task_3,25,27,2.237562894821167,-1.6427661180496216
2,task_3,25,28,2.4370574951171875,-1.8373680114746094
2,task_3,25,29,3.0383377075195312,-2.4449760913848877
2,task_3,26,0,9.999999747378752e-05,0.05684341862797737
2,task_3,26,1,9.999999747378752e-05,0.05684341862797737
2,task_3,26,2,9.999999747378752e-05,0.05684341862797737
2,task_3,26,3,9.999999747378752e-05,0.05684341862797737
2,task_3,26,4,9.999999747378752e-05,0.05684341862797737
2,task_3,26,5,9.999999747378752e-05,0.05684341862797737
2,task_3,26,6,9.999999747378752e-05,0.05684341862797737
2,task_3,26,7,9.999999747378752e-05,0.05684341862797737
2,task_3,26,8,9.999999747378752e-05,0.05684341862797737
2,task_3,26,9,9.999999747378752e-05,0.05684341862797737
2,task_3,26,10,9.999999747378752e-05,0.05684341862797737
2,task_3,26,11,9.999999747378752e-05,0.05684341862797737
2,task_3,26,12,9.999999747378752e-05,0.05684341862797737
2,task_3,26,13,9.999999747378752e-05,0.05684341862797737
2,task_3,26,14,9.999999747378752e-05,0.05684341862797737
2,task_3,26,15,9.999999747378752e-05,0.05684341862797737
2,task_3,26,16,9.999999747378752e-05,0.05684341862797737
2,task_3,26,17,9.999999747378752e-05,0.05684341862797737
2,task_3,26,18,9.999999747378752e-05,0.05684341862797737
2,task_3,26,19,9.999999747378752e-05,0.05684341862797737
2,task_3,26,20,9.999999747378752e-05,0.05684341862797737
2,task_3,26,21,9.999999747378752e-05,0.05684341862797737
2,task_3,26,22,9.999999747378752e-05,0.05684341862797737
2,task_3,26,23,9.999999747378752e-05,0.05684341862797737
2,task_3,26,24,9.999999747378752e-05,0.05684341862797737
2,task_3,26,25,9.999999747378752e-05,0.05684341862797737
2,task_3,26,26,9.999999747378752e-05,0.05684341862797737
2,task_3,26,27,9.999999747378752e-05,0.05684341862797737
2,task_3,26,28,9.999999747378752e-05,0.05684341862797737
2,task_3,26,29,9.999999747378752e-05,0.05684341862797737
2,task_3,27,0,0.5732618570327759,0.7579541206359863
2,task_3,27,1,0.582545816898346,0.7675648927688599
2,task_3,27,2,0.5889553427696228,0.7652114033699036
2,task_3,27,3,0.595912516117096,0.76849764585495
2,task_3,27,4,0.6032217144966125,0.7734729647636414
2,task_3,27,5,0.6103196740150452,0.7808126211166382
2,task_3,27,6,0.6173549890518188,0.7828202843666077
2,task_3,27,7,0.6262134313583374,0.7799442410469055
2,task_3,27,8,0.6373986005783081,0.766168475151062
2,task_3,27,9,0.649664580821991,0.7669105529785156
2,task_3,27,10,0.6632269024848938,0.7523512840270996
2,task_3,27,11,0.6796771287918091,0.7289892435073853
2,task_3,27,12,0.6946473717689514,0.71224045753479
2,task_3,27,13,0.708969235420227,0.680912435054779
2,task_3,27,14,0.727701723575592,0.6392316222190857
2,task_3,27,15,0.7468659281730652,0.6029163002967834
2,task_3,27,16,0.7820224165916443,0.5186805725097656
2,task_3,27,17,0.8400328755378723,0.33256784081459045
2,task_3,27,18,0.9083249568939209,0.12192977219820023
2,task_3,27,19,0.9905256628990173,-0.09784720838069916
2,task_3,27,20,1.0936744213104248,-0.3139735460281372
2,task_3,27,21,1.2026456594467163,-0.5472124814987183
2,task_3,27,22,1.3182168006896973,-0.70221346616745
2,task_3,27,23,1.438589334487915,-0.9124350547790527
2,task_3,27,24,1.5993292331695557,-1.1490851640701294
2,task_3,27,25,1.7591296434402466,-1.4436019659042358
2,task_3,27,26,1.922506332397461,-1.6479812860488892
2,task_3,27,27,2.1294314861297607,-1.8648741245269775
2,task_3,27,28,2.3365848064422607,-2.0971994400024414
2,task_3,27,29,2.570162534713745,-2.022752523422241
2,task_3,28,0,0.3459111154079437,-1.4474276304244995
2,task_3,28,1,0.35131925344467163,-1.3596187829971313
2,task_3,28,2,0.3584502041339874,-1.2553783655166626
2,task_3,28,3,0.3663052022457123,-1.178422451019287
2,task_3,28,4,0.37405240535736084,-1.1090095043182373
2,task_3,28,5,0.37975749373435974,-1.0168211460113525
2,task_3,28,6,0.3867849111557007,-0.8934370875358582
2,task_3,28,7,0.3998761773109436,-0.7541980743408203
2,task_3,28,8,0.40818145871162415,-0.6824131608009338
2,task_3,28,9,0.41825854778289795,-0.5092544555664062
2,task_3,28,10,0.4380471706390381,-0.16001734137535095
2,task_3,28,11,0.4520331025123596,-0.010721745900809765
2,task_3,28,12,0.46826982498168945,0.2267371118068695
2,task_3,28,13,0.4861752390861511,0.4426841139793396
2,task_3,28,14,0.5051304697990417,0.5829137563705444
2,task_3,28,15,0.5239862203598022,0.5955499410629272
2,task_3,28,16,0.5440235137939453,0.6648327708244324
2,task_3,28,17,0.5658844113349915,0.6404692530632019
2,task_3,28,18,0.6017627716064453,0.6469013690948486
2,task_3,28,19,0.6649582386016846,0.6048727631568909
2,task_3,28,20,0.7430435419082642,0.7709171772003174
2,task_3,28,21,0.8369401693344116,0.9815266728401184
2,task_3,28,22,0.9160446524620056,1.020114779472351
2,task_3,28,23,1.0189149379730225,1.0256903171539307
2,task_3,28,24,1.1386644840240479,0.5732008218765259
2,task_3,28,25,1.2639923095703125,-0.47993576526641846
2,task_3,28,26,1.4065241813659668,-1.2931571006774902
2,task_3,28,27,1.5434112548828125,-0.7828702330589294
2,task_3,28,28,1.7104852199554443,2.0781350135803223
2,task_3,28,29,1.8962475061416626,2.0781350135803223
2,task_3,29,0,0.0,0.5295035243034363
2,task_3,29,1,0.0,0.5295035243034363
2,task_3,29,2,0.0,0.5295035243034363
2,task_3,29,3,0.0,0.5295035243034363
2,task_3,29,4,0.0,0.5295035243034363
2,task_3,29,5,0.0,0.5295035243034363
2,task_3,29,6,0.0,0.5295035243034363
2,task_3,29,7,0.0,0.5295035243034363
2,task_3,29,8,0.0,0.5295035243034363
2,task_3,29,9,0.0,0.5295035243034363
2,task_3,29,10,0.0,0.5295035243034363
2,task_3,29,11,0.0,0.5295035243034363
2,task_3,29,12,0.0,0.5295035243034363
2,task_3,29,13,0.0,0.5295035243034363
2,task_3,29,14,0.0,0.5295035243034363
2,task_3,29,15,0.0,0.5295035243034363
2,task_3,29,16,0.0,0.5295035243034363
2,task_3,29,17,0.0,0.5295035243034363
2,task_3,29,18,0.0,0.5295035243034363
2,task_3,29,19,0.0,0.5295035243034363
2,task_3,29,20,0.008654686622321606,0.46974414587020874
2,task_3,29,21,0.05668824911117554,0.22310444712638855
2,task_3,29,22,0.1181706115603447,-0.18384774029254913
2,task_3,29,23,0.1664501577615738,-0.4809655249118805
2,task_3,29,24,0.22546426951885223,-0.8529343008995056
2,task_3,29,25,0.27729371190071106,-1.174476981163025
2,task_3,29,26,0.337994784116745,-1.49911367893219
2,task_3,29,27,0.3782350420951843,-1.7109367847442627
2,task_3,29,28,0.43301549553871155,-1.9487864971160889
2,task_3,29,29,0.9750056862831116,-3.4318578243255615
2,task_3,30,0,9.999999747378752e-05,-0.028421709313988686
2,task_3,30,1,9.999999747378752e-05,-0.028421709313988686
2,task_3,30,2,9.999999747378752e-05,-0.028421709313988686
2,task_3,30,3,9.999999747378752e-05,-0.028421709313988686
2,task_3,30,4,9.999999747378752e-05,-0.028421709313988686
2,task_3,30,5,9.999999747378752e-05,-0.028421709313988686
2,task_3,30,6,9.999999747378752e-05,-0.028421709313988686
2,task_3,30,7,9.999999747378752e-05,-0.028421709313988686
2,task_3,30,8,9.999999747378752e-05,-0.028421709313988686
2,task_3,30,9,9.999999747378752e-05,-0.028421709313988686
2,task_3,30,10,9.999999747378752e-05,-0.028421709313988686
2,task_3,30,11,9.999999747378752e-05,-0.028421709313988686
2,task_3,30,12,9.999999747378752e-05,-0.028421709313988686
2,task_3,30,13,9.999999747378752e-05,-0.028421709313988686
2,task_3,30,14,9.999999747378752e-05,-0.028421709313988686
2,task_3,30,15,9.999999747378752e-05,-0.028421709313988686
2,task_3,30,16,9.999999747378752e-05,-0.028421709313988686
2,task_3,30,17,9.999999747378752e-05,-0.028421709313988686
2,task_3,30,18,9.999999747378752e-05,-0.028421709313988686
2,task_3,30,19,9.999999747378752e-05,-0.028421709313988686
2,task_3,30,20,9.999999747378752e-05,-0.028421709313988686
2,task_3,30,21,9.999999747378752e-05,-0.028421709313988686
2,task_3,30,22,9.999999747378752e-05,-0.028421709313988686
2,task_3,30,23,9.999999747378752e-05,-0.028421709313988686
2,task_3,30,24,9.999999747378752e-05,-0.028421709313988686
2,task_3,30,25,9.999999747378752e-05,-0.028421709313988686
2,task_3,30,26,9.999999747378752e-05,-0.028421709313988686
2,task_3,30,27,9.999999747378752e-05,-0.028421709313988686
2,task_3,30,28,9.999999747378752e-05,-0.028421709313988686
2,task_3,30,29,9.999999747378752e-05,-0.028421709313988686
2,task_3,31,0,0.18363314867019653,0.8636400699615479
2,task_3,31,1,0.19200944900512695,0.8636400699615479
2,task_3,31,2,0.19754809141159058,0.8636400699615479
2,task_3,31,3,0.2016519010066986,0.8636400699615479
2,task_3,31,4,0.2092311680316925,0.8636400699615479
2,task_3,31,5,0.21725329756736755,0.8636400699615479
2,task_3,31,6,0.22746208310127258,0.8437458276748657
2,task_3,31,7,0.24012526869773865,0.819848358631134
2,task_3,31,8,0.25383320450782776,0.7915503978729248
2,task_3,31,9,0.2729890048503876,0.7516323924064636
2,task_3,31,10,0.28847959637641907,0.7200239896774292
2,task_3,31,11,0.30531182885169983,0.6865943670272827
2,task_3,31,12,0.3191429674625397,0.6605351567268372
2,task_3,31,13,0.3400013744831085,0.6208337545394897
2,task_3,31,14,0.3613955080509186,0.5781757235527039
2,task_3,31,15,0.4071909487247467,0.4915350675582886
2,task_3,31,16,0.4752565920352936,0.3597390055656433
2,task_3,31,17,0.5544378757476807,0.20231612026691437
2,task_3,31,18,0.6376395225524902,0.018988871946930885
2,task_3,31,19,0.7493554353713989,-0.2372838407754898
2,task_3,31,20,0.8688458204269409,-0.5296449661254883
2,task_3,31,21,1.0104371309280396,-0.6425261497497559
2,task_3,31,22,1.1550490856170654,-0.7685977220535278
2,task_3,31,23,1.305680751800537,-0.8734086155891418
2,task_3,31,24,1.4954384565353394,-1.0106699466705322
2,task_3,31,25,1.6931761503219604,-1.1827350854873657
2,task_3,31,26,1.9166593551635742,-1.3845739364624023
2,task_3,31,27,2.1386051177978516,-1.5997976064682007
2,task_3,31,28,2.3910255432128906,-1.8785881996154785
2,task_3,31,29,2.933812141418457,-2.6195318698883057
2,task_3,32,0,0.278675377368927,-1.1755964756011963
2,task_3,32,1,0.29345351457595825,-1.1540437936782837
2,task_3,32,2,0.3099520802497864,-1.1376057863235474
2,task_3,32,3,0.32923370599746704,-1.090969204902649
2,task_3,32,4,0.3451835513114929,-1.0040794610977173
2,task_3,32,5,0.35838133096694946,-0.9121924042701721
2,task_3,32,6,0.38184595108032227,-0.7952049970626831
2,task_3,32,7,0.39684224128723145,-0.6564925909042358
2,task_3,32,8,0.41451627016067505,-0.4155825078487396
2,task_3,32,9,0.4327124357223511,-0.07442870736122131
2,task_3,32,10,0.44851821660995483,0.17747680842876434
2,task_3,32,11,0.4634895920753479,0.37680065631866455
2,task_3,32,12,0.48336565494537354,0.5530531406402588
2,task_3,32,13,0.5032740235328674,0.7111490964889526
2,task_3,32,14,0.5169389843940735,0.8601273894309998
2,task_3,32,15,0.5421683192253113,1.2012674808502197
2,task_3,32,16,0.5601831078529358,1.4775172472000122
2,task_3,32,17,0.5830667018890381,1.5336517095565796
2,task_3,32,18,0.6058389544487,1.4471441507339478
2,task_3,32,19,0.6312699913978577,1.251831293106079
2,task_3,32,20,0.6577987670898438,1.0222563743591309
2,task_3,32,21,0.6868686079978943,0.8889408707618713
2,task_3,32,22,0.7142238020896912,0.8210103511810303
2,task_3,32,23,0.737116277217865,0.6499788761138916
2,task_3,32,24,0.7746950387954712,0.2808508276939392
2,task_3,32,25,0.8134377598762512,-0.08322801440954208
2,task_3,32,26,0.8485943078994751,-0.5513486266136169
2,task_3,32,27,0.8886053562164307,-1.0884380340576172
2,task_3,32,28,0.9374991655349731,-1.5312764644622803
2,task_3,32,29,1.002320647239685,-1.5825620889663696
2,task_3,33,0,9.999999747378752e-05,0.028421709313988686
2,task_3,33,1,9.999999747378752e-05,0.028421709313988686
2,task_3,33,2,9.999999747378752e-05,0.028421709313988686
2,task_3,33,3,9.999999747378752e-05,0.028421709313988686
2,task_3,33,4,9.999999747378752e-05,0.028421709313988686
2,task_3,33,5,9.999999747378752e-05,0.028421709313988686
2,task_3,33,6,9.999999747378752e-05,0.028421709313988686
2,task_3,33,7,9.999999747378752e-05,0.028421709313988686
2,task_3,33,8,9.999999747378752e-05,0.028421709313988686
2,task_3,33,9,9.999999747378752e-05,0.028421709313988686
2,task_3,33,10,9.999999747378752e-05,0.028421709313988686
2,task_3,33,11,9.999999747378752e-05,0.028421709313988686
2,task_3,33,12,9.999999747378752e-05,0.028421709313988686
2,task_3,33,13,9.999999747378752e-05,0.028421709313988686
2,task_3,33,14,9.999999747378752e-05,0.028421709313988686
2,task_3,33,15,9.999999747378752e-05,0.028421709313988686
2,task_3,33,16,9.999999747378752e-05,0.028421709313988686
2,task_3,33,17,9.999999747378752e-05,0.028421709313988686
2,task_3,33,18,9.999999747378752e-05,0.028421709313988686
2,task_3,33,19,9.999999747378752e-05,0.028421709313988686
2,task_3,33,20,9.999999747378752e-05,0.028421709313988686
2,task_3,33,21,9.999999747378752e-05,0.028421709313988686
2,task_3,33,22,9.999999747378752e-05,0.028421709313988686
2,task_3,33,23,9.999999747378752e-05,0.028421709313988686
2,task_3,33,24,9.999999747378752e-05,0.028421709313988686
2,task_3,33,25,9.999999747378752e-05,0.028421709313988686
2,task_3,33,26,9.999999747378752e-05,0.028421709313988686
2,task_3,33,27,9.999999747378752e-05,0.028421709313988686
2,task_3,33,28,9.999999747378752e-05,0.028421709313988686
2,task_3,33,29,9.999999747378752e-05,0.028421709313988686
2,task_3,34,0,0.0,0.4695320427417755
2,task_3,34,1,0.0,0.4695320427417755
2,task_3,34,2,0.0,0.4695320427417755
2,task_3,34,3,0.0,0.4695320427417755
2,task_3,34,4,0.0,0.4695320427417755
2,task_3,34,5,0.0,0.4695320427417755
2,task_3,34,6,0.0,0.4695320427417755
2,task_3,34,7,0.0,0.4695320427417755
2,task_3,34,8,0.0,0.4695320427417755
2,task_3,34,9,0.0,0.4695320427417755
2,task_3,34,10,0.0,0.4695320427417755
2,task_3,34,11,0.0,0.4695320427417755
2,task_3,34,12,0.0,0.4695320427417755
2,task_3,34,13,0.0,0.4695320427417755
2,task_3,34,14,0.0,0.4695320427417755
2,task_3,34,15,0.0,0.4695320427417755
2,task_3,34,16,0.0,0.4695320427417755
2,task_3,34,17,0.0,0.4695320427417755
2,task_3,34,18,0.0,0.4695320427417755
2,task_3,34,19,0.0,0.4695320427417755
2,task_3,34,20,0.0,0.4695320427417755
2,task_3,34,21,0.0,0.4695320427417755
2,task_3,34,22,0.0,0.4695320427417755
2,task_3,34,23,0.0,0.4695320427417755
2,task_3,34,24,0.004661649465560913,-0.4218856692314148
2,task_3,34,25,0.009516984224319458,-2.1693763732910156
2,task_3,34,26,0.015795499086380005,-2.1693763732910156
2,task_3,34,27,0.025832414627075195,-2.1693763732910156
2,task_3,34,28,0.03291124105453491,-2.1693763732910156
2,task_3,34,29,0.06618668138980865,-2.1693763732910156
2,task_3,35,0,0.0,1.0263307094573975
2,task_3,35,1,0.0,1.0263307094573975
2,task_3,35,2,0.0,1.0263307094573975
2,task_3,35,3,0.0,1.0263307094573975
2,task_3,35,4,0.007720470428466797,1.0235991477966309
2,task_3,35,5,0.022284165024757385,0.9645203948020935
2,task_3,35,6,0.038243964314460754,0.9080935716629028
2,task_3,35,7,0.05867151916027069,0.7776893377304077
2,task_3,35,8,0.08005045354366302,0.7095173597335815
2,task_3,35,9,0.10925237834453583,0.7348626852035522
2,task_3,35,10,0.13832564651966095,0.6949329376220703
2,task_3,35,11,0.16256015002727509,0.6611977219581604
2,task_3,35,12,0.1987820416688919,0.5546886920928955
2,task_3,35,13,0.2295932024717331,0.3926421105861664
2,task_3,35,14,0.26772332191467285,0.19946689903736115
2,task_3,35,15,0.30749672651290894,-0.0016961266519501805
2,task_3,35,16,0.3547971844673157,-0.10677339881658554
2,task_3,35,17,0.39252328872680664,-0.14897768199443817
2,task_3,35,18,0.4388130307197571,-0.21149718761444092
2,task_3,35,19,0.4827194809913635,-0.36267411708831787
2,task_3,35,20,0.5375187397003174,-0.3861515522003174
2,task_3,35,21,0.5762535929679871,-0.38004064559936523
2,task_3,35,22,0.639316201210022,-0.3393092155456543
2,task_3,35,23,0.7793190479278564,-0.6058981418609619
2,task_3,35,24,0.9589217305183411,-0.9522752165794373
2,task_3,35,25,1.1374183893203735,-0.8409909605979919
2,task_3,35,26,1.3620357513427734,-0.8378167748451233
2,task_3,35,27,1.5951526165008545,-1.416608452796936
2,task_3,35,28,1.8293055295944214,-2.111239194869995
2,task_3,35,29,2.369868040084839,-3.0245847702026367
2,task_3,36,0,0.6237896680831909,-0.957139790058136
2,task_3,36,1,0.6323275566101074,-0.9329150915145874
2,task_3,36,2,0.6405377388000488,-0.9139857292175293
2,task_3,36,3,0.6486943960189819,-0.8898717164993286
2,task_3,36,4,0.6554389595985413,-0.8756223917007446
2,task_3,36,5,0.6658682227134705,-0.8447600603103638
2,task_3,36,6,0.676888108253479,-0.8135494589805603
2,task_3,36,7,0.6934162974357605,-0.7612318396568298
2,task_3,36,8,0.7098913192749023,-0.7090700268745422
2,task_3,36,9,0.7293060421943665,-0.6509133577346802
2,task_3,36,10,0.7489988803863525,-0.5895482301712036
2,task_3,36,11,0.7679245471954346,-0.5393974184989929
2,task_3,36,12,0.793480634689331,-0.4653416574001312
2,task_3,36,13,0.8201526999473572,-0.3983485996723175
2,task_3,36,14,0.8501338958740234,-0.30295661091804504
2,task_3,36,15,0.8772960305213928,-0.22642390429973602
2,task_3,36,16,0.8958468437194824,-0.18504959344863892
2,task_3,36,17,0.9326229691505432,-0.08545041084289551
2,task_3,36,18,0.9725700616836548,0.007430891506373882
2,task_3,36,19,0.9986305236816406,0.08824682980775833
2,task_3,36,20,1.0320795774459839,0.15570585429668427
2,task_3,36,21,1.0633448362350464,0.22641952335834503
2,task_3,36,22,1.100801706314087,0.3124698996543884
2,task_3,36,23,1.1633718013763428,0.44866517186164856
2,task_3,36,24,1.2871460914611816,0.714737594127655
2,task_3,36,25,1.426976203918457,0.9956337809562683
2,task_3,36,26,1.5677580833435059,1.2894586324691772
2,task_3,36,27,1.7472176551818848,1.690006971359253
2,task_3,36,28,1.9397811889648438,1.9940441846847534
2,task_3,36,29,2.7031617164611816,3.218752861022949
2,task_3,37,0,0.1498175412416458,-29.103830337524414
2,task_3,37,1,0.1498175412416458,-29.103830337524414
2,task_3,37,2,0.1498175412416458,-29.103830337524414
2,task_3,37,3,0.1498175412416458,-29.103830337524414
2,task_3,37,4,0.1498175412416458,-29.103830337524414
2,task_3,37,5,0.1498175412416458,-29.103830337524414
2,task_3,37,6,0.1498175412416458,-29.103830337524414
2,task_3,37,7,0.1498175412416458,-29.103830337524414
2,task_3,37,8,0.1498175412416458,-29.103830337524414
2,task_3,37,9,0.1498175412416458,-29.103830337524414
2,task_3,37,10,0.1498175412416458,-29.103830337524414
2,task_3,37,11,0.1498175412416458,-29.103830337524414
2,task_3,37,12,0.1498175412416458,-29.103830337524414
2,task_3,37,13,0.1498175412416458,-29.103830337524414
2,task_3,37,14,0.1498175412416458,-29.103830337524414
2,task_3,37,15,0.1498175412416458,-29.103830337524414
2,task_3,37,16,0.1498175412416458,-29.103830337524414
2,task_3,37,17,0.1498175412416458,-29.103830337524414
2,task_3,37,18,0.1498175412416458,-29.103830337524414
2,task_3,37,19,0.1498175412416458,-29.103830337524414
2,task_3,37,20,0.1498175412416458,-29.103830337524414
2,task_3,37,21,0.1498175412416458,-29.103830337524414
2,task_3,37,22,0.1498175412416458,-29.103830337524414
2,task_3,37,23,0.1498175412416458,-29.103830337524414
2,task_3,37,24,0.1498175412416458,-29.103830337524414
2,task_3,37,25,0.1498175412416458,-29.103830337524414
2,task_3,37,26,0.1498175412416458,-29.103830337524414
2,task_3,37,27,0.1498175412416458,-29.103830337524414
2,task_3,37,28,0.1498175412416458,-29.103830337524414
2,task_3,37,29,0.1498175412416458,-29.103830337524414
2,task_3,38,0,0.6047689914703369,0.8920700550079346
2,task_3,38,1,0.6124555468559265,0.8829203844070435
2,task_3,38,2,0.6191942095756531,0.8748698234558105
2,task_3,38,3,0.6247634291648865,0.8684126138687134
2,task_3,38,4,0.6314060688018799,0.860875129699707
2,task_3,38,5,0.6398754715919495,0.8509604334831238
2,task_3,38,6,0.6517055034637451,0.8371777534484863
2,task_3,38,7,0.666969895362854,0.8191379308700562
2,task_3,38,8,0.6842290759086609,0.7986587285995483
2,task_3,38,9,0.7065260410308838,0.77144455909729
2,task_3,38,10,0.7408327460289001,0.7286563515663147
2,task_3,38,11,0.7764208912849426,0.6817028522491455
2,task_3,38,12,0.8229249715805054,0.6157926917076111
2,task_3,38,13,0.8749428987503052,0.5452461838722229
2,task_3,38,14,0.9211404323577881,0.4830457866191864
2,task_3,38,15,0.9956586360931396,0.38065457344055176
2,task_3,38,16,1.0731706619262695,0.2758868336677551
2,task_3,38,17,1.1555253267288208,0.165307879447937
2,task_3,38,18,1.2432541847229004,0.04547187685966492
2,task_3,38,19,1.3463771343231201,-0.09520857781171799
2,task_3,38,20,1.4658267498016357,-0.25891780853271484
2,task_3,38,21,1.5956048965454102,-0.434732049703598
2,task_3,38,22,1.73250412940979,-0.6174115538597107
2,task_3,38,23,1.8721768856048584,-0.8051632046699524
2,task_3,38,24,2.0496463775634766,-1.057576060295105
2,task_3,38,25,2.231443405151367,-1.307011604309082
2,task_3,38,26,2.4121146202087402,-1.554067850112915
2,task_3,38,27,2.6294476985931396,-1.8255493640899658
2,task_3,38,28,2.862020254135132,-2.0885534286499023
2,task_3,38,29,3.0971314907073975,-2.3340988159179688
2,task_3,39,0,0.0,0.7210951447486877
2,task_3,39,1,0.0,0.7210951447486877
2,task_3,39,2,0.0,0.7210951447486877
2,task_3,39,3,0.0,0.7210951447486877
2,task_3,39,4,0.0,0.7210951447486877
2,task_3,39,5,0.0,0.7210951447486877
2,task_3,39,6,0.0,0.7210951447486877
2,task_3,39,7,0.0,0.7210951447486877
2,task_3,39,8,0.0,0.7210951447486877
2,task_3,39,9,0.0,0.7210951447486877
2,task_3,39,10,0.0,0.7210951447486877
2,task_3,39,11,0.0,0.7210951447486877
2,task_3,39,12,0.0,0.7210951447486877
2,task_3,39,13,0.008129119873046875,0.6906912326812744
2,task_3,39,14,0.023204535245895386,0.634937047958374
2,task_3,39,15,0.0521884560585022,0.5248470902442932
2,task_3,39,16,0.07980409264564514,0.4182966351509094
2,task_3,39,17,0.11601956188678741,0.27307605743408203
2,task_3,39,18,0.1494125872850418,0.13624878227710724
2,task_3,39,19,0.19067372381687164,-0.03209056332707405
2,task_3,39,20,0.2369963675737381,-0.21438387036323547
2,task_3,39,21,0.28777921199798584,-0.3936730623245239
2,task_3,39,22,0.3436460494995117,-0.5719044208526611
2,task_3,39,23,0.39794570207595825,-0.7341991662979126
2,task_3,39,24,0.47501140832901,-0.9577847719192505
2,task_3,39,25,0.5466362237930298,-1.177173376083374
2,task_3,39,26,0.6212589144706726,-1.3948408365249634
2,task_3,39,27,0.7001262903213501,-1.6267622709274292
2,task_3,39,28,0.8003773093223572,-1.9249783754348755
2,task_3,39,29,1.166916012763977,-3.0245418548583984
2,task_3,40,0,9.999999747378752e-05,0.0
2,task_3,40,1,9.999999747378752e-05,0.0
2,task_3,40,2,9.999999747378752e-05,0.0
2,task_3,40,3,9.999999747378752e-05,0.0
2,task_3,40,4,9.999999747378752e-05,0.0
2,task_3,40,5,9.999999747378752e-05,0.0
2,task_3,40,6,9.999999747378752e-05,0.0
2,task_3,40,7,9.999999747378752e-05,0.0
2,task_3,40,8,9.999999747378752e-05,0.0
2,task_3,40,9,9.999999747378752e-05,0.0
2,task_3,40,10,9.999999747378752e-05,0.0
2,task_3,40,11,9.999999747378752e-05,0.0
2,task_3,40,12,9.999999747378752e-05,0.0
2,task_3,40,13,9.999999747378752e-05,0.0
2,task_3,40,14,9.999999747378752e-05,0.0
2,task_3,40,15,9.999999747378752e-05,0.0
2,task_3,40,16,9.999999747378752e-05,0.0
2,task_3,40,17,9.999999747378752e-05,0.0
2,task_3,40,18,9.999999747378752e-05,0.0
2,task_3,40,19,9.999999747378752e-05,0.0
2,task_3,40,20,9.999999747378752e-05,0.0
2,task_3,40,21,9.999999747378752e-05,0.0
2,task_3,40,22,9.999999747378752e-05,0.0
2,task_3,40,23,9.999999747378752e-05,0.0
2,task_3,40,24,9.999999747378752e-05,0.0
2,task_3,40,25,9.999999747378752e-05,0.0
2,task_3,40,26,9.999999747378752e-05,0.0
2,task_3,40,27,9.999999747378752e-05,0.0
2,task_3,40,28,9.999999747378752e-05,0.0
2,task_3,40,29,9.999999747378752e-05,0.0
2,task_3,41,0,0.0,0.7892121076583862
2,task_3,41,1,0.0,0.7892121076583862
2,task_3,41,2,0.0,0.7892121076583862
2,task_3,41,3,0.0,0.7892121076583862
2,task_3,41,4,0.0,0.7892121076583862
2,task_3,41,5,0.0,0.7892121076583862
2,task_3,41,6,0.0,0.7892121076583862
2,task_3,41,7,0.0,0.7892121076583862
2,task_3,41,8,0.0,0.7892121076583862
2,task_3,41,9,0.0,0.7892121076583862
2,task_3,41,10,0.0,0.7892121076583862
2,task_3,41,11,0.0,0.7892121076583862
2,task_3,41,12,0.0,0.7892121076583862
2,task_3,41,13,0.0,0.7892121076583862
2,task_3,41,14,0.0,0.7892121076583862
2,task_3,41,15,0.0,0.7892121076583862
2,task_3,41,16,0.0011075660586357117,0.6944733262062073
2,task_3,41,17,0.00999169796705246,0.07121144235134125
2,task_3,41,18,0.01591625064611435,-0.3349815011024475
2,task_3,41,19,0.021961994469165802,-0.5468833446502686
2,task_3,41,20,0.029182441532611847,-0.808373212814331
2,task_3,41,21,0.03563994914293289,-0.8901576399803162
2,task_3,41,22,0.04203001409769058,-1.0656636953353882
2,task_3,41,23,0.04714135825634003,-1.2173289060592651
2,task_3,41,24,0.05184388905763626,-1.216457486152649
2,task_3,41,25,0.0579000860452652,-1.2034693956375122
2,task_3,41,26,0.06286254525184631,-1.2044156789779663
2,task_3,41,27,0.0719471424818039,-1.1786532402038574
2,task_3,41,28,0.08359082043170929,-1.0386639833450317
2,task_3,41,29,0.3070117235183716,-2.6880297660827637
2,task_3,42,0,9.999999747378752e-05,0.0
2,task_3,42,1,9.999999747378752e-05,0.0
2,task_3,42,2,9.999999747378752e-05,0.0
2,task_3,42,3,9.999999747378752e-05,0.0
2,task_3,42,4,9.999999747378752e-05,0.0
2,task_3,42,5,9.999999747378752e-05,0.0
2,task_3,42,6,9.999999747378752e-05,0.0
2,task_3,42,7,9.999999747378752e-05,0.0
2,task_3,42,8,9.999999747378752e-05,0.0
2,task_3,42,9,9.999999747378752e-05,0.0
2,task_3,42,10,9.999999747378752e-05,0.0
2,task_3,42,11,9.999999747378752e-05,0.0
2,task_3,42,12,9.999999747378752e-05,0.0
2,task_3,42,13,9.999999747378752e-05,0.0
2,task_3,42,14,9.999999747378752e-05,0.0
2,task_3,42,15,9.999999747378752e-05,0.0
2,task_3,42,16,9.999999747378752e-05,0.0
2,task_3,42,17,9.999999747378752e-05,0.0
2,task_3,42,18,9.999999747378752e-05,0.0
2,task_3,42,19,9.999999747378752e-05,0.0
2,task_3,42,20,9.999999747378752e-05,0.0
2,task_3,42,21,9.999999747378752e-05,0.0
2,task_3,42,22,9.999999747378752e-05,0.0
2,task_3,42,23,9.999999747378752e-05,0.0
2,task_3,42,24,9.999999747378752e-05,0.0
2,task_3,42,25,9.999999747378752e-05,0.0
2,task_3,42,26,9.999999747378752e-05,0.0
2,task_3,42,27,9.999999747378752e-05,0.0
2,task_3,42,28,9.999999747378752e-05,0.0
2,task_3,42,29,9.999999747378752e-05,0.0
2,task_3,43,0,0.21102721989154816,1.6949113607406616
2,task_3,43,1,0.22998107969760895,1.5853620767593384
2,task_3,43,2,0.2509666681289673,1.4565733671188354
2,task_3,43,3,0.2719937562942505,1.3424274921417236
2,task_3,43,4,0.29057776927948,1.2412534952163696
2,task_3,43,5,0.30962318181991577,1.1281185150146484
2,task_3,43,6,0.32941240072250366,0.9973155856132507
2,task_3,43,7,0.34852534532546997,0.858500063419342
2,task_3,43,8,0.37052255868911743,0.6989967226982117
2,task_3,43,9,0.3911268711090088,0.5772433280944824
2,task_3,43,10,0.4164772629737854,0.48082098364830017
2,task_3,43,11,0.4364984631538391,0.40499410033226013
2,task_3,43,12,0.45831596851348877,0.3172144293785095
2,task_3,43,13,0.48821330070495605,0.1759788990020752
2,task_3,43,14,0.5080785155296326,0.08237006515264511
2,task_3,43,15,0.541096031665802,-0.10437355190515518
2,task_3,43,16,0.5722377896308899,-0.26813748478889465
2,task_3,43,17,0.6001471877098083,-0.400993287563324
2,task_3,43,18,0.634791374206543,-0.514816164970398
2,task_3,43,19,0.6720851063728333,-0.6141512393951416
2,task_3,43,20,0.7051160931587219,-0.7075662016868591
2,task_3,43,21,0.7540656328201294,-0.8391528129577637
2,task_3,43,22,0.7996980547904968,-0.9361269474029541
2,task_3,43,23,0.833672046661377,-1.0261913537979126
2,task_3,43,24,0.891319990158081,-1.19248628616333
2,task_3,43,25,0.9496828317642212,-1.3149160146713257
2,task_3,43,26,1.005031943321228,-1.345017671585083
2,task_3,43,27,1.0718379020690918,-1.3549786806106567
2,task_3,43,28,1.1449509859085083,-1.3490359783172607
2,task_3,43,29,1.3970860242843628,-1.0741362571716309
2,task_3,44,0,9.999999747378752e-05,0.05684341862797737
2,task_3,44,1,9.999999747378752e-05,0.05684341862797737
2,task_3,44,2,9.999999747378752e-05,0.05684341862797737
2,task_3,44,3,9.999999747378752e-05,0.05684341862797737
2,task_3,44,4,9.999999747378752e-05,0.05684341862797737
2,task_3,44,5,9.999999747378752e-05,0.05684341862797737
2,task_3,44,6,9.999999747378752e-05,0.05684341862797737
2,task_3,44,7,9.999999747378752e-05,0.05684341862797737
2,task_3,44,8,9.999999747378752e-05,0.05684341862797737
2,task_3,44,9,9.999999747378752e-05,0.05684341862797737
2,task_3,44,10,9.999999747378752e-05,0.05684341862797737
2,task_3,44,11,9.999999747378752e-05,0.05684341862797737
2,task_3,44,12,9.999999747378752e-05,0.05684341862797737
2,task_3,44,13,9.999999747378752e-05,0.05684341862797737
2,task_3,44,14,9.999999747378752e-05,0.05684341862797737
2,task_3,44,15,9.999999747378752e-05,0.05684341862797737
2,task_3,44,16,9.999999747378752e-05,0.05684341862797737
2,task_3,44,17,9.999999747378752e-05,0.05684341862797737
2,task_3,44,18,9.999999747378752e-05,0.05684341862797737
2,task_3,44,19,9.999999747378752e-05,0.05684341862797737
2,task_3,44,20,9.999999747378752e-05,0.05684341862797737
2,task_3,44,21,9.999999747378752e-05,0.05684341862797737
2,task_3,44,22,9.999999747378752e-05,0.05684341862797737
2,task_3,44,23,9.999999747378752e-05,0.05684341862797737
2,task_3,44,24,9.999999747378752e-05,0.05684341862797737
2,task_3,44,25,9.999999747378752e-05,0.05684341862797737
2,task_3,44,26,9.999999747378752e-05,0.05684341862797737
2,task_3,44,27,9.999999747378752e-05,0.05684341862797737
2,task_3,44,28,9.999999747378752e-05,0.05684341862797737
2,task_3,44,29,9.999999747378752e-05,0.05684341862797737
2,task_3,45,0,0.0,-1.1690903902053833
2,task_3,45,1,0.0,-1.1690903902053833
2,task_3,45,2,0.0,-1.1690903902053833
2,task_3,45,3,0.0,-1.1690903902053833
2,task_3,45,4,0.0,-1.1690903902053833
2,task_3,45,5,0.0,-1.1690903902053833
2,task_3,45,6,0.0,-1.1690903902053833
2,task_3,45,7,0.0,-1.1690903902053833
2,task_3,45,8,0.0,-1.1690903902053833
2,task_3,45,9,0.0,-1.1690903902053833
2,task_3,45,10,0.010758083313703537,-0.9946004748344421
2,task_3,45,11,0.042516566812992096,-0.5944308638572693
2,task_3,45,12,0.0760100856423378,-0.2400643229484558
2,task_3,45,13,0.10400322079658508,-0.07763667404651642
2,task_3,45,14,0.13993504643440247,0.1187446191906929
2,task_3,45,15,0.16513940691947937,0.18037474155426025
2,task_3,45,16,0.19320061802864075,0.3402567505836487
2,task_3,45,17,0.21544873714447021,0.5027201771736145
2,task_3,45,18,0.23711413145065308,0.6467574238777161
2,task_3,45,19,0.2558427155017853,0.7617143392562866
2,task_3,45,20,0.27756190299987793,0.8738681077957153
2,task_3,45,21,0.2931607961654663,0.9544324278831482
2,task_3,45,22,0.31022316217422485,1.044940710067749
2,task_3,45,23,0.3208727240562439,1.1282236576080322
2,task_3,45,24,0.33300963044166565,1.217904806137085
2,task_3,45,25,0.33996665477752686,1.2637969255447388
2,task_3,45,26,0.346373587846756,1.2506014108657837
2,task_3,45,27,0.35206329822540283,1.2582018375396729
2,task_3,45,28,0.3584230840206146,1.2861605882644653
2,task_3,45,29,0.375013530254364,0.7689361572265625
2,task_3,46,0,0.0,5.294651508331299
2,task_3,46,1,0.14696340262889862,-0.18257370591163635
2,task_3,46,2,0.14696340262889862,-0.18257370591163635
2,task_3,46,3,0.14696340262889862,-0.18257370591163635
2,task_3,46,4,0.14696340262889862,-0.18257370591163635
2,task_3,46,5,0.14696340262889862,-0.18257370591163635
2,task_3,46,6,0.14696340262889862,-0.18257370591163635
2,task_3,46,7,0.14696340262889862,-0.18257370591163635
2,task_3,46,8,0.14696340262889862,-0.18257370591163635
2,task_3,46,9,0.14696340262889862,-0.18257370591163635
2,task_3,46,10,0.14696340262889862,-0.18257370591163635
2,task_3,46,11,0.14696340262889862,-0.18257370591163635
2,task_3,46,12,0.14696340262889862,-0.18257370591163635
2,task_3,46,13,0.14696340262889862,-0.18257370591163635
2,task_3,46,14,0.14696340262889862,-0.18257370591163635
2,task_3,46,15,0.14696340262889862,-0.18257370591163635
2,task_3,46,16,0.14696340262889862,-0.18257370591163635
2,task_3,46,17,0.14696340262889862,-0.18257370591163635
2,task_3,46,18,0.14696340262889862,-0.18257370591163635
2,task_3,46,19,0.14696340262889862,-0.18257370591163635
2,task_3,46,20,0.14696340262889862,-0.18257370591163635
2,task_3,46,21,0.14696340262889862,-0.18257370591163635
2,task_3,46,22,0.14696340262889862,-0.18257370591163635
2,task_3,46,23,0.14696340262889862,-0.18257370591163635
2,task_3,46,24,0.14696340262889862,-0.18257370591163635
2,task_3,46,25,0.14696340262889862,-0.18257370591163635
2,task_3,46,26,0.14696340262889862,-0.18257370591163635
2,task_3,46,27,0.14696340262889862,-0.18257370591163635
2,task_3,46,28,0.14696340262889862,-0.18257370591163635
2,task_3,46,29,0.14696340262889862,-0.18257370591163635
2,task_3,47,0,0.6502984762191772,-0.15314368903636932
2,task_3,47,1,0.6546211242675781,-0.15128891170024872
2,task_3,47,2,0.6590161323547363,-0.1532306969165802
2,task_3,47,3,0.6625849008560181,-0.16812919080257416
2,task_3,47,4,0.6661204099655151,-0.17030419409275055
2,task_3,47,5,0.6696743965148926,-0.1789863407611847
2,task_3,47,6,0.6730766296386719,-0.18432651460170746
2,task_3,47,7,0.6771605014801025,-0.1839100867509842
2,task_3,47,8,0.6816123127937317,-0.18608133494853973
2,task_3,47,9,0.6900100708007812,-0.1787462830543518
2,task_3,47,10,0.7011326551437378,-0.17644910514354706
2,task_3,47,11,0.7190312743186951,-0.2369750291109085
2,task_3,47,12,0.7430333495140076,-0.4096064865589142
2,task_3,47,13,0.7763306498527527,-0.6141810417175293
2,task_3,47,14,0.7947825789451599,-0.7724146842956543
2,task_3,47,15,0.8458462953567505,-1.1149128675460815
2,task_3,47,16,0.8887182474136353,-1.2061705589294434
2,task_3,47,17,0.9422575831413269,-1.2617933750152588
2,task_3,47,18,0.9917423129081726,-1.1579062938690186
2,task_3,47,19,1.0624973773956299,-0.9298648834228516
2,task_3,47,20,1.1345770359039307,-0.7830350995063782
2,task_3,47,21,1.2208490371704102,-0.3401664197444916
2,task_3,47,22,1.3113422393798828,0.2592355012893677
2,task_3,47,23,1.3899321556091309,0.23266081511974335
2,task_3,47,24,1.5066624879837036,0.9409674406051636
2,task_3,47,25,1.6372071504592896,1.2643368244171143
2,task_3,47,26,1.7615015506744385,1.6505504846572876
2,task_3,47,27,1.8882535696029663,2.134254217147827
2,task_3,47,28,2.0542850494384766,2.9585611820220947
2,task_3,47,29,2.1983799934387207,1.2710576057434082
2,task_3,48,0,9.999999747378752e-05,0.05684341862797737
2,task_3,48,1,9.999999747378752e-05,0.05684341862797737
2,task_3,48,2,9.999999747378752e-05,0.05684341862797737
2,task_3,48,3,9.999999747378752e-05,0.05684341862797737
2,task_3,48,4,9.999999747378752e-05,0.05684341862797737
2,task_3,48,5,9.999999747378752e-05,0.05684341862797737
2,task_3,48,6,9.999999747378752e-05,0.05684341862797737
2,task_3,48,7,9.999999747378752e-05,0.05684341862797737
2,task_3,48,8,9.999999747378752e-05,0.05684341862797737
2,task_3,48,9,9.999999747378752e-05,0.05684341862797737
2,task_3,48,10,9.999999747378752e-05,0.05684341862797737
2,task_3,48,11,9.999999747378752e-05,0.05684341862797737
2,task_3,48,12,9.999999747378752e-05,0.05684341862797737
2,task_3,48,13,9.999999747378752e-05,0.05684341862797737
2,task_3,48,14,9.999999747378752e-05,0.05684341862797737
2,task_3,48,15,9.999999747378752e-05,0.05684341862797737
2,task_3,48,16,9.999999747378752e-05,0.05684341862797737
2,task_3,48,17,9.999999747378752e-05,0.05684341862797737
2,task_3,48,18,9.999999747378752e-05,0.05684341862797737
2,task_3,48,19,9.999999747378752e-05,0.05684341862797737
2,task_3,48,20,9.999999747378752e-05,0.05684341862797737
2,task_3,48,21,9.999999747378752e-05,0.05684341862797737
2,task_3,48,22,9.999999747378752e-05,0.05684341862797737
2,task_3,48,23,9.999999747378752e-05,0.05684341862797737
2,task_3,48,24,9.999999747378752e-05,0.05684341862797737
2,task_3,48,25,9.999999747378752e-05,0.05684341862797737
2,task_3,48,26,9.999999747378752e-05,0.05684341862797737
2,task_3,48,27,9.999999747378752e-05,0.05684341862797737
2,task_3,48,28,9.999999747378752e-05,0.05684341862797737
2,task_3,48,29,9.999999747378752e-05,0.05684341862797737
2,task_3,49,0,0.0,-0.37953805923461914
2,task_3,49,1,0.0,-0.37953805923461914
2,task_3,49,2,0.0,-0.37953805923461914
2,task_3,49,3,0.0,-0.37953805923461914
2,task_3,49,4,0.0,-0.37953805923461914
2,task_3,49,5,0.0,-0.37953805923461914
2,task_3,49,6,0.0,-0.37953805923461914
2,task_3,49,7,0.0,-0.37953805923461914
2,task_3,49,8,0.0,-0.37953805923461914
2,task_3,49,9,0.0,-0.37953805923461914
2,task_3,49,10,0.0,-0.37953805923461914
2,task_3,49,11,0.0,-0.37953805923461914
2,task_3,49,12,0.0,-0.37953805923461914
2,task_3,49,13,0.0,-0.37953805923461914
2,task_3,49,14,0.0,-0.37953805923461914
2,task_3,49,15,0.0,-0.37953805923461914
2,task_3,49,16,0.0,-0.37953805923461914
2,task_3,49,17,0.0,-0.37953805923461914
2,task_3,49,18,0.0,-0.37953805923461914
2,task_3,49,19,0.0,-0.37953805923461914
2,task_3,49,20,0.03360836207866669,-0.1286790817975998
2,task_3,49,21,0.0733381062746048,0.2386038601398468
2,task_3,49,22,0.10918501019477844,0.5138881802558899
2,task_3,49,23,0.17707858979701996,0.7533820867538452
2,task_3,49,24,0.21923619508743286,0.9806728959083557
2,task_3,49,25,0.27590832114219666,1.4021942615509033
2,task_3,49,26,0.333779513835907,1.7806733846664429
2,task_3,49,27,0.39411935210227966,2.210491180419922
2,task_3,49,28,0.453090637922287,2.58585524559021
2,task_3,49,29,1.0713862180709839,-2.7463202476501465
2,task_3,50,0,1.2754671573638916,1.3465261459350586
2,task_3,50,1,1.2855335474014282,1.3670717477798462
2,task_3,50,2,1.2951939105987549,1.384262204170227
2,task_3,50,3,1.307171106338501,1.3948709964752197
2,task_3,50,4,1.321081280708313,1.3718911409378052
2,task_3,50,5,1.3370740413665771,1.3242299556732178
2,task_3,50,6,1.3629345893859863,1.2204928398132324
2,task_3,50,7,1.396833062171936,1.0855228900909424
2,task_3,50,8,1.4417724609375,0.9653517007827759
2,task_3,50,9,1.4884564876556396,0.8406620621681213
2,task_3,50,10,1.5577484369277954,0.6472036838531494
2,task_3,50,11,1.638500452041626,0.45898139476776123
2,task_3,50,12,1.7172075510025024,0.24829475581645966
2,task_3,50,13,1.816641092300415,-0.036353837698698044
2,task_3,50,14,1.907474398612976,-0.29994896054267883
2,task_3,50,15,2.049351215362549,-0.6249579191207886
2,task_3,50,16,2.186089515686035,-0.878340482711792
2,task_3,50,17,2.3327343463897705,-1.1200370788574219
2,task_3,50,18,2.4757604598999023,-1.2383489608764648
2,task_3,50,19,2.673825979232788,-1.1922756433486938
2,task_3,50,20,2.878655433654785,-1.1140589714050293
2,task_3,50,21,3.112187623977661,-1.1531033515930176
2,task_3,50,22,3.3641762733459473,-1.027877688407898
2,task_3,50,23,3.5965347290039062,-0.8936362862586975
2,task_3,50,24,3.9042129516601562,-0.7647168040275574
2,task_3,50,25,4.220388889312744,-0.6034181118011475
2,task_3,50,26,4.560556411743164,-0.5797556042671204
2,task_3,50,27,4.900996685028076,-0.5631616711616516
2,task_3,50,28,5.307110786437988,-0.5518321394920349
2,task_3,50,29,5.945692539215088,-1.0135382413864136
2,task_3,51,0,0.4033981263637543,-0.7813476920127869
2,task_3,51,1,0.412773072719574,-0.7813476920127869
2,task_3,51,2,0.4211443066596985,-0.7813476920127869
2,task_3,51,3,0.4320175349712372,-0.7813476920127869
2,task_3,51,4,0.4396510422229767,-0.7813476920127869
2,task_3,51,5,0.4518081843852997,-0.7813476920127869
2,task_3,51,6,0.4628467559814453,-0.7813476920127869
2,task_3,51,7,0.4781338572502136,-0.7371637225151062
2,task_3,51,8,0.49570733308792114,-0.7018907070159912
2,task_3,51,9,0.5121437311172485,-0.6708793640136719
2,task_3,51,10,0.5315014719963074,-0.6380165815353394
2,task_3,51,11,0.55670166015625,-0.5943876504898071
2,task_3,51,12,0.5851265788078308,-0.5474151968955994
2,task_3,51,13,0.6061730980873108,-0.5151208639144897
2,task_3,51,14,0.6306561231613159,-0.48382797837257385
2,task_3,51,15,0.6616968512535095,-0.44396618008613586
2,task_3,51,16,0.6895619630813599,-0.41941142082214355
2,task_3,51,17,0.7516508102416992,-0.33762702345848083
2,task_3,51,18,0.8398470878601074,-0.23612241446971893
2,task_3,51,19,0.9476692080497742,-0.11150717735290527
2,task_3,51,20,1.0823478698730469,0.04618281498551369
2,task_3,51,21,1.2324764728546143,0.23882043361663818
2,task_3,51,22,1.382282018661499,0.49850404262542725
2,task_3,51,23,1.547271490097046,0.7275669574737549
2,task_3,51,24,1.7584677934646606,0.9172453880310059
2,task_3,51,25,1.9579342603683472,1.217816948890686
2,task_3,51,26,2.189741611480713,1.5402284860610962
2,task_3,51,27,2.441606283187866,1.8175815343856812
2,task_3,51,28,2.695779323577881,2.0843353271484375
2,task_3,51,29,3.402608633041382,2.8184874057769775
2,task_3,52,0,9.999999747378752e-05,0.028421709313988686
2,task_3,52,1,9.999999747378752e-05,0.028421709313988686
2,task_3,52,2,9.999999747378752e-05,0.028421709313988686
2,task_3,52,3,9.999999747378752e-05,0.028421709313988686
2,task_3,52,4,9.999999747378752e-05,0.028421709313988686
2,task_3,52,5,9.999999747378752e-05,0.028421709313988686
2,task_3,52,6,9.999999747378752e-05,0.028421709313988686
2,task_3,52,7,9.999999747378752e-05,0.028421709313988686
2,task_3,52,8,9.999999747378752e-05,0.028421709313988686
2,task_3,52,9,9.999999747378752e-05,0.028421709313988686
2,task_3,52,10,9.999999747378752e-05,0.028421709313988686
2,task_3,52,11,9.999999747378752e-05,0.028421709313988686
2,task_3,52,12,9.999999747378752e-05,0.028421709313988686
2,task_3,52,13,9.999999747378752e-05,0.028421709313988686
2,task_3,52,14,9.999999747378752e-05,0.028421709313988686
2,task_3,52,15,9.999999747378752e-05,0.028421709313988686
2,task_3,52,16,9.999999747378752e-05,0.028421709313988686
2,task_3,52,17,9.999999747378752e-05,0.028421709313988686
2,task_3,52,18,9.999999747378752e-05,0.028421709313988686
2,task_3,52,19,9.999999747378752e-05,0.028421709313988686
2,task_3,52,20,9.999999747378752e-05,0.028421709313988686
2,task_3,52,21,9.999999747378752e-05,0.028421709313988686
2,task_3,52,22,9.999999747378752e-05,0.028421709313988686
2,task_3,52,23,9.999999747378752e-05,0.028421709313988686
2,task_3,52,24,9.999999747378752e-05,0.028421709313988686
2,task_3,52,25,9.999999747378752e-05,0.028421709313988686
2,task_3,52,26,9.999999747378752e-05,0.028421709313988686
2,task_3,52,27,9.999999747378752e-05,0.028421709313988686
2,task_3,52,28,9.999999747378752e-05,0.028421709313988686
2,task_3,52,29,9.999999747378752e-05,0.028421709313988686
2,task_3,53,0,9.999999747378752e-05,0.0
2,task_3,53,1,9.999999747378752e-05,0.0
2,task_3,53,2,9.999999747378752e-05,0.0
2,task_3,53,3,9.999999747378752e-05,0.0
2,task_3,53,4,9.999999747378752e-05,0.0
2,task_3,53,5,9.999999747378752e-05,0.0
2,task_3,53,6,9.999999747378752e-05,0.0
2,task_3,53,7,9.999999747378752e-05,0.0
2,task_3,53,8,9.999999747378752e-05,0.0
2,task_3,53,9,9.999999747378752e-05,0.0
2,task_3,53,10,9.999999747378752e-05,0.0
2,task_3,53,11,9.999999747378752e-05,0.0
2,task_3,53,12,9.999999747378752e-05,0.0
2,task_3,53,13,9.999999747378752e-05,0.0
2,task_3,53,14,9.999999747378752e-05,0.0
2,task_3,53,15,9.999999747378752e-05,0.0
2,task_3,53,16,9.999999747378752e-05,0.0
2,task_3,53,17,9.999999747378752e-05,0.0
2,task_3,53,18,9.999999747378752e-05,0.0
2,task_3,53,19,9.999999747378752e-05,0.0
2,task_3,53,20,9.999999747378752e-05,0.0
2,task_3,53,21,9.999999747378752e-05,0.0
2,task_3,53,22,9.999999747378752e-05,0.0
2,task_3,53,23,9.999999747378752e-05,0.0
2,task_3,53,24,9.999999747378752e-05,0.0
2,task_3,53,25,9.999999747378752e-05,0.0
2,task_3,53,26,9.999999747378752e-05,0.0
2,task_3,53,27,9.999999747378752e-05,0.0
2,task_3,53,28,9.999999747378752e-05,0.0
2,task_3,53,29,9.999999747378752e-05,0.0
2,task_3,54,0,0.0,0.8604631423950195
2,task_3,54,1,0.0,0.8604631423950195
2,task_3,54,2,0.0,0.8604631423950195
2,task_3,54,3,0.0,0.8604631423950195
2,task_3,54,4,0.0,0.8604631423950195
2,task_3,54,5,0.0,0.8604631423950195
2,task_3,54,6,0.0,0.8604631423950195
2,task_3,54,7,0.0,0.8604631423950195
2,task_3,54,8,0.0,0.8604631423950195
2,task_3,54,9,0.0,0.8604631423950195
2,task_3,54,10,0.023725643754005432,0.8449029922485352
2,task_3,54,11,0.05418749153614044,0.8499546647071838
2,task_3,54,12,0.08377507328987122,0.8239259123802185
2,task_3,54,13,0.11173465847969055,0.7457963228225708
2,task_3,54,14,0.13796605169773102,0.6110451817512512
2,task_3,54,15,0.16094104945659637,0.3719419240951538
2,task_3,54,16,0.18214993178844452,0.134087473154068
2,task_3,54,17,0.2074371725320816,-0.08093931525945663
2,task_3,54,18,0.22244827449321747,-0.22116950154304504
2,task_3,54,19,0.24691002070903778,-0.4062441885471344
2,task_3,54,20,0.2670409083366394,-0.6376081109046936
2,task_3,54,21,0.2775263786315918,-0.7552394270896912
2,task_3,54,22,0.2877206802368164,-0.8887495398521423
2,task_3,54,23,0.29530274868011475,-0.9548993706703186
2,task_3,54,24,0.3076402544975281,-1.0840046405792236
2,task_3,54,25,0.3149634599685669,-1.1652815341949463
2,task_3,54,26,0.3237447142601013,-1.2740978002548218
2,task_3,54,27,0.3295351266860962,-1.3369563817977905
2,task_3,54,28,0.3403366804122925,-1.4536242485046387
2,task_3,54,29,0.43860766291618347,-2.727470636367798
2,task_3,55,0,9.999999747378752e-05,0.0
2,task_3,55,1,9.999999747378752e-05,0.0
2,task_3,55,2,9.999999747378752e-05,0.0
2,task_3,55,3,9.999999747378752e-05,0.0
2,task_3,55,4,9.999999747378752e-05,0.0
2,task_3,55,5,9.999999747378752e-05,0.0
2,task_3,55,6,9.999999747378752e-05,0.0
2,task_3,55,7,9.999999747378752e-05,0.0
2,task_3,55,8,9.999999747378752e-05,0.0
2,task_3,55,9,9.999999747378752e-05,0.0
2,task_3,55,10,9.999999747378752e-05,0.0
2,task_3,55,11,9.999999747378752e-05,0.0
2,task_3,55,12,9.999999747378752e-05,0.0
2,task_3,55,13,9.999999747378752e-05,0.0
2,task_3,55,14,9.999999747378752e-05,0.0
2,task_3,55,15,9.999999747378752e-05,0.0
2,task_3,55,16,9.999999747378752e-05,0.0
2,task_3,55,17,9.999999747378752e-05,0.0
2,task_3,55,18,9.999999747378752e-05,0.0
2,task_3,55,19,9.999999747378752e-05,0.0
2,task_3,55,20,9.999999747378752e-05,0.0
2,task_3,55,21,9.999999747378752e-05,0.0
2,task_3,55,22,9.999999747378752e-05,0.0
2,task_3,55,23,9.999999747378752e-05,0.0
2,task_3,55,24,9.999999747378752e-05,0.0
2,task_3,55,25,9.999999747378752e-05,0.0
2,task_3,55,26,9.999999747378752e-05,0.0
2,task_3,55,27,9.999999747378752e-05,0.0
2,task_3,55,28,9.999999747378752e-05,0.0
2,task_3,55,29,9.999999747378752e-05,0.0
2,task_3,56,0,9.999999747378752e-05,0.05684341862797737
2,task_3,56,1,9.999999747378752e-05,0.05684341862797737
2,task_3,56,2,9.999999747378752e-05,0.05684341862797737
2,task_3,56,3,9.999999747378752e-05,0.05684341862797737
2,task_3,56,4,9.999999747378752e-05,0.05684341862797737
2,task_3,56,5,9.999999747378752e-05,0.05684341862797737
2,task_3,56,6,9.999999747378752e-05,0.05684341862797737
2,task_3,56,7,9.999999747378752e-05,0.05684341862797737
2,task_3,56,8,9.999999747378752e-05,0.05684341862797737
2,task_3,56,9,9.999999747378752e-05,0.05684341862797737
2,task_3,56,10,9.999999747378752e-05,0.05684341862797737
2,task_3,56,11,9.999999747378752e-05,0.05684341862797737
2,task_3,56,12,9.999999747378752e-05,0.05684341862797737
2,task_3,56,13,9.999999747378752e-05,0.05684341862797737
2,task_3,56,14,9.999999747378752e-05,0.05684341862797737
2,task_3,56,15,9.999999747378752e-05,0.05684341862797737
2,task_3,56,16,9.999999747378752e-05,0.05684341862797737
2,task_3,56,17,9.999999747378752e-05,0.05684341862797737
2,task_3,56,18,9.999999747378752e-05,0.05684341862797737
2,task_3,56,19,9.999999747378752e-05,0.05684341862797737
2,task_3,56,20,9.999999747378752e-05,0.05684341862797737
2,task_3,56,21,9.999999747378752e-05,0.05684341862797737
2,task_3,56,22,9.999999747378752e-05,0.05684341862797737
2,task_3,56,23,9.999999747378752e-05,0.05684341862797737
2,task_3,56,24,9.999999747378752e-05,0.05684341862797737
2,task_3,56,25,9.999999747378752e-05,0.05684341862797737
2,task_3,56,26,9.999999747378752e-05,0.05684341862797737
2,task_3,56,27,9.999999747378752e-05,0.05684341862797737
2,task_3,56,28,9.999999747378752e-05,0.05684341862797737
2,task_3,56,29,9.999999747378752e-05,0.05684341862797737
2,task_3,57,0,0.4826532304286957,-0.9295824766159058
2,task_3,57,1,0.4892534613609314,-0.8909083008766174
2,task_3,57,2,0.49835067987442017,-0.928555428981781
2,task_3,57,3,0.5074306130409241,-0.9068652391433716
2,task_3,57,4,0.5181852579116821,-0.8998025059700012
2,task_3,57,5,0.5286338925361633,-0.8795926570892334
2,task_3,57,6,0.5447600483894348,-0.8516671657562256
2,task_3,57,7,0.5580596327781677,-0.8269474506378174
2,task_3,57,8,0.5784189701080322,-0.7848561406135559
2,task_3,57,9,0.6006612777709961,-0.7457904815673828
2,task_3,57,10,0.6281941533088684,-0.6758096814155579
2,task_3,57,11,0.6554298400878906,-0.60249263048172
2,task_3,57,12,0.6783361434936523,-0.5385436415672302
2,task_3,57,13,0.7158319354057312,-0.4606413245201111
2,task_3,57,14,0.7502300143241882,-0.38183915615081787
2,task_3,57,15,0.7846200466156006,-0.2931710481643677
2,task_3,57,16,0.8226483464241028,-0.17094963788986206
2,task_3,57,17,0.857555091381073,-0.07214630395174026
2,task_3,57,18,0.900217592716217,0.0724196583032608
2,task_3,57,19,0.9393740296363831,0.14306102693080902
2,task_3,57,20,0.9888672828674316,0.26048511266708374
2,task_3,57,21,1.0261757373809814,0.34260842204093933
2,task_3,57,22,1.0765607357025146,0.4478456377983093
2,task_3,57,23,1.1471226215362549,0.5626044273376465
2,task_3,57,24,1.301047921180725,0.8512378334999084
2,task_3,57,25,1.447625994682312,1.1517817974090576
2,task_3,57,26,1.6359978914260864,1.4809502363204956
2,task_3,57,27,1.851048231124878,1.7381738424301147
2,task_3,57,28,2.0544142723083496,1.9234411716461182
2,task_3,57,29,2.717618703842163,2.865551710128784
2,task_3,58,0,0.32637661695480347,0.8127305507659912
2,task_3,58,1,0.3331785798072815,0.8127305507659912
2,task_3,58,2,0.3425164222717285,0.8127305507659912
2,task_3,58,3,0.35029834508895874,0.8127305507659912
2,task_3,58,4,0.3593256175518036,0.8127305507659912
2,task_3,58,5,0.37138277292251587,0.7586314082145691
2,task_3,58,6,0.38663971424102783,0.6962334513664246
2,task_3,58,7,0.4031596779823303,0.6338905692100525
2,task_3,58,8,0.4208320677280426,0.5932844877243042
2,task_3,58,9,0.44859689474105835,0.5816910266876221
2,task_3,58,10,0.47336649894714355,0.5788295865058899
2,task_3,58,11,0.49949637055397034,0.5724402666091919
2,task_3,58,12,0.5273231863975525,0.55740886926651
2,task_3,58,13,0.5567430257797241,0.5399497747421265
2,task_3,58,14,0.5849941372871399,0.5142755508422852
2,task_3,58,15,0.6232901215553284,0.47585195302963257
2,task_3,58,16,0.6561436653137207,0.440490186214447
2,task_3,58,17,0.694202184677124,0.3910931348800659
2,task_3,58,18,0.7344961762428284,0.35024356842041016
2,task_3,58,19,0.8108890056610107,0.2507123649120331
2,task_3,58,20,0.9385896325111389,0.046018335968256
2,task_3,58,21,1.0782196521759033,-0.1903882920742035
2,task_3,58,22,1.2246134281158447,-0.41612333059310913
2,task_3,58,23,1.391719102859497,-0.689491331577301
2,task_3,58,24,1.5865869522094727,-1.0634174346923828
2,task_3,58,25,1.7874717712402344,-1.4971420764923096
2,task_3,58,26,1.9993667602539062,-1.6842613220214844
2,task_3,58,27,2.2459847927093506,-1.87312650680542
2,task_3,58,28,2.518538236618042,-2.0603768825531006
2,task_3,58,29,3.143986463546753,-2.5703699588775635
2,task_3,59,0,0.31878426671028137,-0.8329731822013855
2,task_3,59,1,0.32769227027893066,-0.8104668259620667
2,task_3,59,2,0.3335001766681671,-0.7980425357818604
2,task_3,59,3,0.34075728058815,-0.782719075679779
2,task_3,59,4,0.3463394343852997,-0.7724499106407166
2,task_3,59,5,0.35456225275993347,-0.7565768361091614
2,task_3,59,6,0.36104077100753784,-0.7459606528282166
2,task_3,59,7,0.37086889147758484,-0.7303057909011841
2,task_3,59,8,0.38145703077316284,-0.7179886102676392
2,task_3,59,9,0.3924837112426758,-0.7032337784767151
2,task_3,59,10,0.41144412755966187,-0.6845051050186157
2,task_3,59,11,0.42352867126464844,-0.6727567315101624
2,task_3,59,12,0.43599843978881836,-0.6610593199729919
2,task_3,59,13,0.46961724758148193,-0.6251704692840576
2,task_3,59,14,0.5098042488098145,-0.5740560293197632
2,task_3,59,15,0.5715370774269104,-0.47904402017593384
2,task_3,59,16,0.6408136487007141,-0.3581806719303131
2,task_3,59,17,0.7161508798599243,-0.20867164433002472
2,task_3,59,18,0.8098785281181335,-0.060028836131095886
2,task_3,59,19,0.9020407795906067,-0.010253074578940868
2,task_3,59,20,1.0220061540603638,0.10823186486959457
2,task_3,59,21,1.1488502025604248,0.3126707673072815
2,task_3,59,22,1.270359992980957,0.4889642000198364
2,task_3,59,23,1.4237650632858276,0.7223495841026306
2,task_3,59,24,1.5918245315551758,0.9735870361328125
2,task_3,59,25,1.7513870000839233,1.2108756303787231
2,task_3,59,26,1.946686863899231,1.4856326580047607
2,task_3,59,27,2.154609441757202,1.8014518022537231
2,task_3,59,28,2.365471839904785,2.440338611602783
2,task_3,59,29,2.6356871128082275,2.440338611602783
2,task_3,60,0,0.0,-0.7075288891792297
2,task_3,60,1,6.181001663208008e-05,-0.7075579166412354
2,task_3,60,2,0.005876123905181885,-0.704713761806488
2,task_3,60,3,0.01135602593421936,-0.7009565830230713
2,task_3,60,4,0.019617348909378052,-0.6914194226264954
2,task_3,60,5,0.025245249271392822,-0.6849029660224915
2,task_3,60,6,0.036745116114616394,-0.6689189672470093
2,task_3,60,7,0.055112555623054504,-0.6438087224960327
2,task_3,60,8,0.07374519109725952,-0.6135371923446655
2,task_3,60,9,0.09712204337120056,-0.588799774646759
2,task_3,60,10,0.12603099644184113,-0.5946884751319885
2,task_3,60,11,0.15397760272026062,-0.619942843914032
2,task_3,60,12,0.1933838129043579,-0.623047947883606
2,task_3,60,13,0.2258991003036499,-0.5934617519378662
2,task_3,60,14,0.27614766359329224,-0.5880773663520813
2,task_3,60,15,0.3198828101158142,-0.5570626258850098
2,task_3,60,16,0.3733694851398468,-0.5403188467025757
2,task_3,60,17,0.4274637997150421,-0.458320677280426
2,task_3,60,18,0.492816299200058,-0.4000585675239563
2,task_3,60,19,0.5514780282974243,-0.3225351870059967
2,task_3,60,20,0.6273746490478516,-0.13055182993412018
2,task_3,60,21,0.7000067234039307,0.042050182819366455
2,task_3,60,22,0.7722705602645874,0.37968704104423523
2,task_3,60,23,0.8589469194412231,0.7993608713150024
2,task_3,60,24,0.9420738220214844,1.1752281188964844
2,task_3,60,25,1.027550458908081,1.4833606481552124
2,task_3,60,26,1.1241971254348755,1.746386170387268
2,task_3,60,27,1.2258063554763794,2.1713788509368896
2,task_3,60,28,1.3307020664215088,2.1713788509368896
2,task_3,60,29,1.4625738859176636,2.1713788509368896
2,task_3,61,0,0.3884072005748749,-0.12087452411651611
2,task_3,61,1,0.3967841863632202,-0.08858011662960052
2,task_3,61,2,0.40508800745010376,-0.04712076112627983
2,task_3,61,3,0.413806676864624,-0.009214261546730995
2,task_3,61,4,0.4213857650756836,0.01900961808860302
2,task_3,61,5,0.433296799659729,0.040958158671855927
2,task_3,61,6,0.44899147748947144,0.09874189645051956
2,task_3,61,7,0.46127110719680786,0.16706843674182892
2,task_3,61,8,0.47904831171035767,0.2763245701789856
2,task_3,61,9,0.5030277967453003,0.4131571352481842
2,task_3,61,10,0.5226657390594482,0.5141485333442688
2,task_3,61,11,0.548207700252533,0.6145762801170349
2,task_3,61,12,0.5734585523605347,0.693561315536499
2,task_3,61,13,0.6006928086280823,0.7114714980125427
2,task_3,61,14,0.6330605745315552,0.7280334234237671
2,task_3,61,15,0.6606698632240295,0.7513301968574524
2,task_3,61,16,0.6972135901451111,0.8379164338111877
2,task_3,61,17,0.7301435470581055,0.8550080060958862
2,task_3,61,18,0.7664806246757507,0.8495019674301147
2,task_3,61,19,0.803783118724823,0.8026140332221985
2,task_3,61,20,0.8434792757034302,0.7495205998420715
2,task_3,61,21,0.942566990852356,0.5185856223106384
2,task_3,61,22,1.054186224937439,0.18332503736019135
2,task_3,61,23,1.1961727142333984,-0.12120071798563004
2,task_3,61,24,1.3603986501693726,-0.26666516065597534
2,task_3,61,25,1.5286684036254883,-0.475124716758728
2,task_3,61,26,1.726454257965088,-0.9394426345825195
2,task_3,61,27,1.926363468170166,-2.101909637451172
2,task_3,61,28,2.152099609375,-2.235193967819214
2,task_3,61,29,2.621203899383545,-3.4195268154144287
2,task_3,62,0,9.999999747378752e-05,-0.014210854656994343
2,task_3,62,1,9.999999747378752e-05,-0.014210854656994343
2,task_3,62,2,9.999999747378752e-05,-0.014210854656994343
2,task_3,62,3,9.999999747378752e-05,-0.014210854656994343
2,task_3,62,4,9.999999747378752e-05,-0.014210854656994343
2,task_3,62,5,9.999999747378752e-05,-0.014210854656994343
2,task_3,62,6,9.999999747378752e-05,-0.014210854656994343
2,task_3,62,7,9.999999747378752e-05,-0.014210854656994343
2,task_3,62,8,9.999999747378752e-05,-0.014210854656994343
2,task_3,62,9,9.999999747378752e-05,-0.014210854656994343
2,task_3,62,10,9.999999747378752e-05,-0.014210854656994343
2,task_3,62,11,9.999999747378752e-05,-0.014210854656994343
2,task_3,62,12,9.999999747378752e-05,-0.014210854656994343
2,task_3,62,13,9.999999747378752e-05,-0.014210854656994343
2,task_3,62,14,9.999999747378752e-05,-0.014210854656994343
2,task_3,62,15,9.999999747378752e-05,-0.014210854656994343
2,task_3,62,16,9.999999747378752e-05,-0.014210854656994343
2,task_3,62,17,9.999999747378752e-05,-0.014210854656994343
2,task_3,62,18,9.999999747378752e-05,-0.014210854656994343
2,task_3,62,19,9.999999747378752e-05,-0.014210854656994343
2,task_3,62,20,9.999999747378752e-05,-0.014210854656994343
2,task_3,62,21,9.999999747378752e-05,-0.014210854656994343
2,task_3,62,22,9.999999747378752e-05,-0.014210854656994343
2,task_3,62,23,9.999999747378752e-05,-0.014210854656994343
2,task_3,62,24,9.999999747378752e-05,-0.014210854656994343
2,task_3,62,25,9.999999747378752e-05,-0.014210854656994343
2,task_3,62,26,9.999999747378752e-05,-0.014210854656994343
2,task_3,62,27,9.999999747378752e-05,-0.014210854656994343
2,task_3,62,28,9.999999747378752e-05,-0.014210854656994343
2,task_3,62,29,9.999999747378752e-05,-0.014210854656994343
2,task_3,63,0,0.025757456198334694,7.2759575843811035
2,task_3,63,1,0.025757456198334694,7.2759575843811035
2,task_3,63,2,0.025757456198334694,7.2759575843811035
2,task_3,63,3,0.025757456198334694,7.2759575843811035
2,task_3,63,4,0.025757456198334694,7.2759575843811035
2,task_3,63,5,0.025757456198334694,7.2759575843811035
2,task_3,63,6,0.025757456198334694,7.2759575843811035
2,task_3,63,7,0.025757456198334694,7.2759575843811035
2,task_3,63,8,0.025757456198334694,7.2759575843811035
2,task_3,63,9,0.025757456198334694,7.2759575843811035
2,task_3,63,10,0.025757456198334694,7.2759575843811035
2,task_3,63,11,0.025757456198334694,7.2759575843811035
2,task_3,63,12,0.025757456198334694,7.2759575843811035
2,task_3,63,13,0.025757456198334694,7.2759575843811035
2,task_3,63,14,0.025757456198334694,7.2759575843811035
2,task_3,63,15,0.025757456198334694,7.2759575843811035
2,task_3,63,16,0.025757456198334694,7.2759575843811035
2,task_3,63,17,0.025757456198334694,7.2759575843811035
2,task_3,63,18,0.025757456198334694,7.2759575843811035
2,task_3,63,19,0.025757456198334694,7.2759575843811035
2,task_3,63,20,0.025757456198334694,7.2759575843811035
2,task_3,63,21,0.025757456198334694,7.2759575843811035
2,task_3,63,22,0.025757456198334694,7.2759575843811035
2,task_3,63,23,0.025757456198334694,7.2759575843811035
2,task_3,63,24,0.025757456198334694,7.2759575843811035
2,task_3,63,25,0.025757456198334694,7.2759575843811035
2,task_3,63,26,0.025757456198334694,7.2759575843811035
2,task_3,63,27,0.025757456198334694,7.2759575843811035
2,task_3,63,28,0.025757456198334694,7.2759575843811035
2,task_3,63,29,0.025757456198334694,7.2759575843811035
2,task_3,64,0,0.1762995421886444,1.2869681119918823
2,task_3,64,1,0.19894585013389587,1.0550167560577393
2,task_3,64,2,0.2198036015033722,0.7887289524078369
2,task_3,64,3,0.23328277468681335,0.7153714895248413
2,task_3,64,4,0.24408721923828125,0.6907660365104675
2,task_3,64,5,0.25200846791267395,0.6177506446838379
2,task_3,64,6,0.2600107192993164,0.6244747638702393
2,task_3,64,7,0.2696915864944458,0.5594156980514526
2,task_3,64,8,0.27720513939857483,0.5135475397109985
2,task_3,64,9,0.28604137897491455,0.5344758629798889
2,task_3,64,10,0.29311585426330566,0.5726362466812134
2,task_3,64,11,0.3023032546043396,0.6189686059951782
2,task_3,64,12,0.3088425397872925,0.6766855120658875
2,task_3,64,13,0.31468355655670166,0.7202547788619995
2,task_3,64,14,0.32236647605895996,0.7814338803291321
2,task_3,64,15,0.3288763761520386,0.7380741238594055
2,task_3,64,16,0.33480000495910645,0.6233381628990173
2,task_3,64,17,0.34006834030151367,0.39764609932899475
2,task_3,64,18,0.3454272150993347,0.17974092066287994
2,task_3,64,19,0.3489678204059601,-0.014062417671084404
2,task_3,64,20,0.35248079895973206,-0.22407002747058868
2,task_3,64,21,0.356151282787323,-0.468226820230484
2,task_3,64,22,0.3602408766746521,-0.7770913243293762
2,task_3,64,23,0.36320894956588745,-1.0193440914154053
2,task_3,64,24,0.36512473225593567,-1.2106071710586548
2,task_3,64,25,0.36926090717315674,-1.5950868129730225
2,task_3,64,26,0.3725737929344177,-1.846699595451355
2,task_3,64,27,0.37696993350982666,-1.846699595451355
2,task_3,64,28,0.3817056119441986,-1.846699595451355
2,task_3,64,29,0.4027175009250641,-1.846699595451355
2,task_3,65,0,9.999999747378752e-05,0.028421709313988686
2,task_3,65,1,9.999999747378752e-05,0.028421709313988686
2,task_3,65,2,9.999999747378752e-05,0.028421709313988686
2,task_3,65,3,9.999999747378752e-05,0.028421709313988686
2,task_3,65,4,9.999999747378752e-05,0.028421709313988686
2,task_3,65,5,9.999999747378752e-05,0.028421709313988686
2,task_3,65,6,9.999999747378752e-05,0.028421709313988686
2,task_3,65,7,9.999999747378752e-05,0.028421709313988686
2,task_3,65,8,9.999999747378752e-05,0.028421709313988686
2,task_3,65,9,9.999999747378752e-05,0.028421709313988686
2,task_3,65,10,9.999999747378752e-05,0.028421709313988686
2,task_3,65,11,9.999999747378752e-05,0.028421709313988686
2,task_3,65,12,9.999999747378752e-05,0.028421709313988686
2,task_3,65,13,9.999999747378752e-05,0.028421709313988686
2,task_3,65,14,9.999999747378752e-05,0.028421709313988686
2,task_3,65,15,9.999999747378752e-05,0.028421709313988686
2,task_3,65,16,9.999999747378752e-05,0.028421709313988686
2,task_3,65,17,9.999999747378752e-05,0.028421709313988686
2,task_3,65,18,9.999999747378752e-05,0.028421709313988686
2,task_3,65,19,9.999999747378752e-05,0.028421709313988686
2,task_3,65,20,9.999999747378752e-05,0.028421709313988686
2,task_3,65,21,9.999999747378752e-05,0.028421709313988686
2,task_3,65,22,9.999999747378752e-05,0.028421709313988686
2,task_3,65,23,9.999999747378752e-05,0.028421709313988686
2,task_3,65,24,9.999999747378752e-05,0.028421709313988686
2,task_3,65,25,9.999999747378752e-05,0.028421709313988686
2,task_3,65,26,9.999999747378752e-05,0.028421709313988686
2,task_3,65,27,9.999999747378752e-05,0.028421709313988686
2,task_3,65,28,9.999999747378752e-05,0.028421709313988686
2,task_3,65,29,9.999999747378752e-05,0.028421709313988686
2,task_3,66,0,0.0,0.0
2,task_3,66,1,0.0005744174122810364,0.0
2,task_3,66,2,0.005988068878650665,0.0
2,task_3,66,3,0.008311396464705467,0.0
2,task_3,66,4,0.008311396464705467,0.0
2,task_3,66,5,0.008311396464705467,0.0
2,task_3,66,6,0.008311396464705467,0.0
2,task_3,66,7,0.008311396464705467,0.0
2,task_3,66,8,0.008311396464705467,0.0
2,task_3,66,9,0.008311396464705467,0.0
2,task_3,66,10,0.008311396464705467,0.0
2,task_3,66,11,0.008311396464705467,0.0
2,task_3,66,12,0.008311396464705467,0.0
2,task_3,66,13,0.008311396464705467,0.0
2,task_3,66,14,0.008311396464705467,0.0
2,task_3,66,15,0.008311396464705467,0.0
2,task_3,66,16,0.008311396464705467,0.0
2,task_3,66,17,0.008311396464705467,0.0
2,task_3,66,18,0.008311396464705467,0.0
2,task_3,66,19,0.008311396464705467,0.0
2,task_3,66,20,0.008311396464705467,0.0
2,task_3,66,21,0.008311396464705467,0.0
2,task_3,66,22,0.008311396464705467,0.0
2,task_3,66,23,0.008311396464705467,0.0
2,task_3,66,24,0.008311396464705467,0.0
2,task_3,66,25,0.008311396464705467,0.0
2,task_3,66,26,0.008311396464705467,0.0
2,task_3,66,27,0.008311396464705467,0.0
2,task_3,66,28,0.008311396464705467,0.0
2,task_3,66,29,0.008311396464705467,0.0
2,task_3,67,0,0.7754393219947815,0.8256263732910156
2,task_3,67,1,0.7807732820510864,0.8256263732910156
2,task_3,67,2,0.7874616384506226,0.8256263732910156
2,task_3,67,3,0.7933670282363892,0.8256263732910156
2,task_3,67,4,0.8014019131660461,0.8256263732910156
2,task_3,67,5,0.8078098297119141,0.8256263732910156
2,task_3,67,6,0.8146924376487732,0.8256263732910156
2,task_3,67,7,0.8229299187660217,0.8256263732910156
2,task_3,67,8,0.8338027596473694,0.8256263732910156
2,task_3,67,9,0.8502445816993713,0.8256263732910156
2,task_3,67,10,0.878849983215332,0.7739335894584656
2,task_3,67,11,0.9245591163635254,0.6973925828933716
2,task_3,67,12,0.9723412394523621,0.6322559118270874
2,task_3,67,13,1.0359899997711182,0.5527644157409668
2,task_3,67,14,1.092190146446228,0.48690465092658997
2,task_3,67,15,1.1861474514007568,0.3696247637271881
2,task_3,67,16,1.2792301177978516,0.25758329033851624
2,task_3,67,17,1.3775649070739746,0.1355489194393158
2,task_3,67,18,1.4839686155319214,0.0011256661964580417
2,task_3,67,19,1.625788927078247,-0.16109497845172882
2,task_3,67,20,1.767557978630066,-0.307591050863266
2,task_3,67,21,1.925093412399292,-0.4689810276031494
2,task_3,67,22,2.0990824699401855,-0.630856454372406
2,task_3,67,23,2.280456066131592,-0.7879148125648499
2,task_3,67,24,2.499465227127075,-0.9502862095832825
2,task_3,67,25,2.726783514022827,-1.127478003501892
2,task_3,67,26,2.9616565704345703,-1.3330175876617432
2,task_3,67,27,3.2175779342651367,-1.5816999673843384
2,task_3,67,28,3.5196433067321777,-1.8912397623062134
2,task_3,67,29,4.534059524536133,-2.9232370853424072
2,task_3,68,0,0.41760411858558655,-1.6389251947402954
2,task_3,68,1,0.4236508905887604,-1.6389251947402954
2,task_3,68,2,0.43097954988479614,-1.6389251947402954
2,task_3,68,3,0.4381909668445587,-1.6389251947402954
2,task_3,68,4,0.4488203823566437,-1.2959164381027222
2,task_3,68,5,0.4620223939418793,-0.9181122779846191
2,task_3,68,6,0.47341859340667725,-0.7722495198249817
2,task_3,68,7,0.48510876297950745,-0.7290942668914795
2,task_3,68,8,0.5044139623641968,-0.7278062105178833
2,task_3,68,9,0.5211998820304871,-0.615017294883728
2,task_3,68,10,0.540458083152771,-0.5993906259536743
2,task_3,68,11,0.5866312384605408,-0.40792161226272583
2,task_3,68,12,0.6535825133323669,-0.08338329195976257
2,task_3,68,13,0.7378911375999451,0.21737068891525269
2,task_3,68,14,0.8212950229644775,0.5362079739570618
2,task_3,68,15,0.9368653893470764,0.7064065933227539
2,task_3,68,16,1.0601367950439453,0.8429157733917236
2,task_3,68,17,1.1962776184082031,0.7436842322349548
2,task_3,68,18,1.343040943145752,1.1275745630264282
2,task_3,68,19,1.5235564708709717,1.238661527633667
2,task_3,68,20,1.721228003501892,0.9912651777267456
2,task_3,68,21,1.9411821365356445,0.908298909664154
2,task_3,68,22,2.153430700302124,0.7627056837081909
2,task_3,68,23,2.3940789699554443,0.2954177260398865
2,task_3,68,24,2.6706955432891846,-0.15925824642181396
2,task_3,68,25,2.9688594341278076,0.04822423309087753
2,task_3,68,26,3.2914888858795166,0.4710405170917511
2,task_3,68,27,3.618995189666748,1.145530343055725
2,task_3,68,28,3.977216958999634,1.7482249736785889
2,task_3,68,29,4.464580059051514,1.0803183317184448
2,task_3,69,0,9.999999747378752e-05,-0.11368683725595474
2,task_3,69,1,9.999999747378752e-05,-0.11368683725595474
2,task_3,69,2,9.999999747378752e-05,-0.11368683725595474
2,task_3,69,3,9.999999747378752e-05,-0.11368683725595474
2,task_3,69,4,9.999999747378752e-05,-0.11368683725595474
2,task_3,69,5,9.999999747378752e-05,-0.11368683725595474
2,task_3,69,6,9.999999747378752e-05,-0.11368683725595474
2,task_3,69,7,9.999999747378752e-05,-0.11368683725595474
2,task_3,69,8,9.999999747378752e-05,-0.11368683725595474
2,task_3,69,9,9.999999747378752e-05,-0.11368683725595474
2,task_3,69,10,9.999999747378752e-05,-0.11368683725595474
2,task_3,69,11,9.999999747378752e-05,-0.11368683725595474
2,task_3,69,12,9.999999747378752e-05,-0.11368683725595474
2,task_3,69,13,9.999999747378752e-05,-0.11368683725595474
2,task_3,69,14,9.999999747378752e-05,-0.11368683725595474
2,task_3,69,15,9.999999747378752e-05,-0.11368683725595474
2,task_3,69,16,9.999999747378752e-05,-0.11368683725595474
2,task_3,69,17,9.999999747378752e-05,-0.11368683725595474
2,task_3,69,18,9.999999747378752e-05,-0.11368683725595474
2,task_3,69,19,9.999999747378752e-05,-0.11368683725595474
2,task_3,69,20,9.999999747378752e-05,-0.11368683725595474
2,task_3,69,21,9.999999747378752e-05,-0.11368683725595474
2,task_3,69,22,9.999999747378752e-05,-0.11368683725595474
2,task_3,69,23,9.999999747378752e-05,-0.11368683725595474
2,task_3,69,24,9.999999747378752e-05,-0.11368683725595474
2,task_3,69,25,9.999999747378752e-05,-0.11368683725595474
2,task_3,69,26,9.999999747378752e-05,-0.11368683725595474
2,task_3,69,27,9.999999747378752e-05,-0.11368683725595474
2,task_3,69,28,9.999999747378752e-05,-0.11368683725595474
2,task_3,69,29,9.999999747378752e-05,-0.11368683725595474
2,task_3,70,0,0.29433631896972656,0.6589754223823547
2,task_3,70,1,0.3069424033164978,0.7199036478996277
2,task_3,70,2,0.31291234493255615,0.7330896854400635
2,task_3,70,3,0.31919774413108826,0.7390300631523132
2,task_3,70,4,0.32552555203437805,0.7442536950111389
2,task_3,70,5,0.3359645903110504,0.7432594299316406
2,task_3,70,6,0.34260478615760803,0.7301985621452332
2,task_3,70,7,0.35637542605400085,0.7108424305915833
2,task_3,70,8,0.36933720111846924,0.6925028562545776
2,task_3,70,9,0.385074257850647,0.6674159169197083
2,task_3,70,10,0.39835047721862793,0.6410045623779297
2,task_3,70,11,0.4168336093425751,0.6045250296592712
2,task_3,70,12,0.43173420429229736,0.5691972970962524
2,task_3,70,13,0.46278294920921326,0.5024539828300476
2,task_3,70,14,0.5202650427818298,0.401350200176239
2,task_3,70,15,0.5974669456481934,0.31033220887184143
2,task_3,70,16,0.685321033000946,0.2466142773628235
2,task_3,70,17,0.7682714462280273,0.24168598651885986
2,task_3,70,18,0.8739733099937439,0.19863973557949066
2,task_3,70,19,0.9829199910163879,0.1725681871175766
2,task_3,70,20,1.1220901012420654,0.09177440404891968
2,task_3,70,21,1.2699156999588013,-0.03730544447898865
2,task_3,70,22,1.4099724292755127,-0.18479327857494354
2,task_3,70,23,1.5933359861373901,-0.41305986046791077
2,task_3,70,24,1.7846328020095825,-0.7065862417221069
2,task_3,70,25,1.970947027206421,-1.0380817651748657
2,task_3,70,26,2.1783206462860107,-1.463766098022461
2,task_3,70,27,2.439068078994751,-1.9391554594039917
2,task_3,70,28,2.673758029937744,-2.3856441974639893
2,task_3,70,29,2.9760196208953857,-2.951225519180298
2,task_3,71,0,9.999999747378752e-05,0.0
2,task_3,71,1,9.999999747378752e-05,0.0
2,task_3,71,2,9.999999747378752e-05,0.0
2,task_3,71,3,9.999999747378752e-05,0.0
2,task_3,71,4,9.999999747378752e-05,0.0
2,task_3,71,5,9.999999747378752e-05,0.0
2,task_3,71,6,9.999999747378752e-05,0.0
2,task_3,71,7,9.999999747378752e-05,0.0
2,task_3,71,8,9.999999747378752e-05,0.0
2,task_3,71,9,9.999999747378752e-05,0.0
2,task_3,71,10,9.999999747378752e-05,0.0
2,task_3,71,11,9.999999747378752e-05,0.0
2,task_3,71,12,9.999999747378752e-05,0.0
2,task_3,71,13,9.999999747378752e-05,0.0
2,task_3,71,14,9.999999747378752e-05,0.0
2,task_3,71,15,9.999999747378752e-05,0.0
2,task_3,71,16,9.999999747378752e-05,0.0
2,task_3,71,17,9.999999747378752e-05,0.0
2,task_3,71,18,9.999999747378752e-05,0.0
2,task_3,71,19,9.999999747378752e-05,0.0
2,task_3,71,20,9.999999747378752e-05,0.0
2,task_3,71,21,9.999999747378752e-05,0.0
2,task_3,71,22,9.999999747378752e-05,0.0
2,task_3,71,23,9.999999747378752e-05,0.0
2,task_3,71,24,9.999999747378752e-05,0.0
2,task_3,71,25,9.999999747378752e-05,0.0
2,task_3,71,26,9.999999747378752e-05,0.0
2,task_3,71,27,9.999999747378752e-05,0.0
2,task_3,71,28,9.999999747378752e-05,0.0
2,task_3,71,29,9.999999747378752e-05,0.0
2,task_3,72,0,9.999999747378752e-05,0.0
2,task_3,72,1,9.999999747378752e-05,0.0
2,task_3,72,2,9.999999747378752e-05,0.0
2,task_3,72,3,9.999999747378752e-05,0.0
2,task_3,72,4,9.999999747378752e-05,0.0
2,task_3,72,5,9.999999747378752e-05,0.0
2,task_3,72,6,9.999999747378752e-05,0.0
2,task_3,72,7,9.999999747378752e-05,0.0
2,task_3,72,8,9.999999747378752e-05,0.0
2,task_3,72,9,9.999999747378752e-05,0.0
2,task_3,72,10,9.999999747378752e-05,0.0
2,task_3,72,11,9.999999747378752e-05,0.0
2,task_3,72,12,9.999999747378752e-05,0.0
2,task_3,72,13,9.999999747378752e-05,0.0
2,task_3,72,14,9.999999747378752e-05,0.0
2,task_3,72,15,9.999999747378752e-05,0.0
2,task_3,72,16,9.999999747378752e-05,0.0
2,task_3,72,17,9.999999747378752e-05,0.0
2,task_3,72,18,9.999999747378752e-05,0.0
2,task_3,72,19,9.999999747378752e-05,0.0
2,task_3,72,20,9.999999747378752e-05,0.0
2,task_3,72,21,9.999999747378752e-05,0.0
2,task_3,72,22,9.999999747378752e-05,0.0
2,task_3,72,23,9.999999747378752e-05,0.0
2,task_3,72,24,9.999999747378752e-05,0.0
2,task_3,72,25,9.999999747378752e-05,0.0
2,task_3,72,26,9.999999747378752e-05,0.0
2,task_3,72,27,9.999999747378752e-05,0.0
2,task_3,72,28,9.999999747378752e-05,0.0
2,task_3,72,29,9.999999747378752e-05,0.0
2,task_3,73,0,9.999999747378752e-05,-0.05684341862797737
2,task_3,73,1,9.999999747378752e-05,-0.05684341862797737
2,task_3,73,2,9.999999747378752e-05,-0.05684341862797737
2,task_3,73,3,9.999999747378752e-05,-0.05684341862797737
2,task_3,73,4,9.999999747378752e-05,-0.05684341862797737
2,task_3,73,5,9.999999747378752e-05,-0.05684341862797737
2,task_3,73,6,9.999999747378752e-05,-0.05684341862797737
2,task_3,73,7,9.999999747378752e-05,-0.05684341862797737
2,task_3,73,8,9.999999747378752e-05,-0.05684341862797737
2,task_3,73,9,9.999999747378752e-05,-0.05684341862797737
2,task_3,73,10,9.999999747378752e-05,-0.05684341862797737
2,task_3,73,11,9.999999747378752e-05,-0.05684341862797737
2,task_3,73,12,9.999999747378752e-05,-0.05684341862797737
2,task_3,73,13,9.999999747378752e-05,-0.05684341862797737
2,task_3,73,14,9.999999747378752e-05,-0.05684341862797737
2,task_3,73,15,9.999999747378752e-05,-0.05684341862797737
2,task_3,73,16,9.999999747378752e-05,-0.05684341862797737
2,task_3,73,17,9.999999747378752e-05,-0.05684341862797737
2,task_3,73,18,9.999999747378752e-05,-0.05684341862797737
2,task_3,73,19,9.999999747378752e-05,-0.05684341862797737
2,task_3,73,20,9.999999747378752e-05,-0.05684341862797737
2,task_3,73,21,9.999999747378752e-05,-0.05684341862797737
2,task_3,73,22,9.999999747378752e-05,-0.05684341862797737
2,task_3,73,23,9.999999747378752e-05,-0.05684341862797737
2,task_3,73,24,9.999999747378752e-05,-0.05684341862797737
2,task_3,73,25,9.999999747378752e-05,-0.05684341862797737
2,task_3,73,26,9.999999747378752e-05,-0.05684341862797737
2,task_3,73,27,9.999999747378752e-05,-0.05684341862797737
2,task_3,73,28,9.999999747378752e-05,-0.05684341862797737
2,task_3,73,29,9.999999747378752e-05,-0.05684341862797737
2,task_3,74,0,0.31124579906463623,0.0
2,task_3,74,1,0.31124579906463623,0.0
2,task_3,74,2,0.31124579906463623,0.0
2,task_3,74,3,0.31124579906463623,0.0
2,task_3,74,4,0.31124579906463623,0.0
2,task_3,74,5,0.31124579906463623,0.0
2,task_3,74,6,0.31124579906463623,0.0
2,task_3,74,7,0.31124579906463623,0.0
2,task_3,74,8,0.31124579906463623,0.0
2,task_3,74,9,0.31124579906463623,0.0
2,task_3,74,10,0.31124579906463623,0.0
2,task_3,74,11,0.31124579906463623,0.0
2,task_3,74,12,0.31124579906463623,0.0
2,task_3,74,13,0.31124579906463623,0.0
2,task_3,74,14,0.31124579906463623,0.0
2,task_3,74,15,0.31124579906463623,0.0
2,task_3,74,16,0.31124579906463623,0.0
2,task_3,74,17,0.31124579906463623,0.0
2,task_3,74,18,0.31124579906463623,0.0
2,task_3,74,19,0.31124579906463623,0.0
2,task_3,74,20,0.31124579906463623,0.0
2,task_3,74,21,0.31124579906463623,0.0
2,task_3,74,22,0.31124579906463623,0.0
2,task_3,74,23,0.31124579906463623,0.0
2,task_3,74,24,0.31124579906463623,0.0
2,task_3,74,25,0.31124579906463623,0.0
2,task_3,74,26,0.31124579906463623,0.0
2,task_3,74,27,0.31124579906463623,0.0
2,task_3,74,28,0.31124579906463623,0.0
2,task_3,74,29,0.31124579906463623,0.0
2,task_3,75,0,9.999999747378752e-05,-0.05684341862797737
2,task_3,75,1,9.999999747378752e-05,-0.05684341862797737
2,task_3,75,2,9.999999747378752e-05,-0.05684341862797737
2,task_3,75,3,9.999999747378752e-05,-0.05684341862797737
2,task_3,75,4,9.999999747378752e-05,-0.05684341862797737
2,task_3,75,5,9.999999747378752e-05,-0.05684341862797737
2,task_3,75,6,9.999999747378752e-05,-0.05684341862797737
2,task_3,75,7,9.999999747378752e-05,-0.05684341862797737
2,task_3,75,8,9.999999747378752e-05,-0.05684341862797737
2,task_3,75,9,9.999999747378752e-05,-0.05684341862797737
2,task_3,75,10,9.999999747378752e-05,-0.05684341862797737
2,task_3,75,11,9.999999747378752e-05,-0.05684341862797737
2,task_3,75,12,9.999999747378752e-05,-0.05684341862797737
2,task_3,75,13,9.999999747378752e-05,-0.05684341862797737
2,task_3,75,14,9.999999747378752e-05,-0.05684341862797737
2,task_3,75,15,9.999999747378752e-05,-0.05684341862797737
2,task_3,75,16,9.999999747378752e-05,-0.05684341862797737
2,task_3,75,17,9.999999747378752e-05,-0.05684341862797737
2,task_3,75,18,9.999999747378752e-05,-0.05684341862797737
2,task_3,75,19,9.999999747378752e-05,-0.05684341862797737
2,task_3,75,20,9.999999747378752e-05,-0.05684341862797737
2,task_3,75,21,9.999999747378752e-05,-0.05684341862797737
2,task_3,75,22,9.999999747378752e-05,-0.05684341862797737
2,task_3,75,23,9.999999747378752e-05,-0.05684341862797737
2,task_3,75,24,9.999999747378752e-05,-0.05684341862797737
2,task_3,75,25,9.999999747378752e-05,-0.05684341862797737
2,task_3,75,26,9.999999747378752e-05,-0.05684341862797737
2,task_3,75,27,9.999999747378752e-05,-0.05684341862797737
2,task_3,75,28,9.999999747378752e-05,-0.05684341862797737
2,task_3,75,29,9.999999747378752e-05,-0.05684341862797737
2,task_3,76,0,9.999999747378752e-05,0.0
2,task_3,76,1,9.999999747378752e-05,0.0
2,task_3,76,2,9.999999747378752e-05,0.0
2,task_3,76,3,9.999999747378752e-05,0.0
2,task_3,76,4,9.999999747378752e-05,0.0
2,task_3,76,5,9.999999747378752e-05,0.0
2,task_3,76,6,9.999999747378752e-05,0.0
2,task_3,76,7,9.999999747378752e-05,0.0
2,task_3,76,8,9.999999747378752e-05,0.0
2,task_3,76,9,9.999999747378752e-05,0.0
2,task_3,76,10,9.999999747378752e-05,0.0
2,task_3,76,11,9.999999747378752e-05,0.0
2,task_3,76,12,9.999999747378752e-05,0.0
2,task_3,76,13,9.999999747378752e-05,0.0
2,task_3,76,14,9.999999747378752e-05,0.0
2,task_3,76,15,9.999999747378752e-05,0.0
2,task_3,76,16,9.999999747378752e-05,0.0
2,task_3,76,17,9.999999747378752e-05,0.0
2,task_3,76,18,9.999999747378752e-05,0.0
2,task_3,76,19,9.999999747378752e-05,0.0
2,task_3,76,20,9.999999747378752e-05,0.0
2,task_3,76,21,9.999999747378752e-05,0.0
2,task_3,76,22,9.999999747378752e-05,0.0
2,task_3,76,23,9.999999747378752e-05,0.0
2,task_3,76,24,9.999999747378752e-05,0.0
2,task_3,76,25,9.999999747378752e-05,0.0
2,task_3,76,26,9.999999747378752e-05,0.0
2,task_3,76,27,9.999999747378752e-05,0.0
2,task_3,76,28,9.999999747378752e-05,0.0
2,task_3,76,29,9.999999747378752e-05,0.0
2,task_3,77,0,0.2690929174423218,-1.0013751983642578
2,task_3,77,1,0.28301334381103516,-0.980754554271698
2,task_3,77,2,0.292636901140213,-0.9692060351371765
2,task_3,77,3,0.3040592074394226,-0.9600679874420166
2,task_3,77,4,0.31350475549697876,-0.967706024646759
2,task_3,77,5,0.3245371878147125,-0.9665131568908691
2,task_3,77,6,0.3423846662044525,-0.9770117998123169
2,task_3,77,7,0.3649882376194,-0.9879587292671204
2,task_3,77,8,0.39095908403396606,-0.9730580449104309
2,task_3,77,9,0.41786450147628784,-0.8990308046340942
2,task_3,77,10,0.45404449105262756,-0.7857202291488647
2,task_3,77,11,0.48537516593933105,-0.711723268032074
2,task_3,77,12,0.524211049079895,-0.5781819224357605
2,task_3,77,13,0.5614843368530273,-0.4389941394329071
2,task_3,77,14,0.6163084506988525,-0.1736879199743271
2,task_3,77,15,0.6614298224449158,0.05501028895378113
2,task_3,77,16,0.7170736193656921,0.3021629750728607
2,task_3,77,17,0.7746357917785645,0.3769122362136841
2,task_3,77,18,0.8467825651168823,0.36725518107414246
2,task_3,77,19,0.9192585349082947,0.3682384490966797
2,task_3,77,20,1.0030333995819092,0.32478663325309753
2,task_3,77,21,1.085172176361084,0.326151579618454
2,task_3,77,22,1.162092685699463,0.3694711923599243
2,task_3,77,23,1.2792222499847412,0.5244210958480835
2,task_3,77,24,1.3773237466812134,0.7058616876602173
2,task_3,77,25,1.4741935729980469,0.9409114122390747
2,task_3,77,26,1.6031118631362915,1.3599853515625
2,task_3,77,27,1.737483024597168,1.8183379173278809
2,task_3,77,28,1.8576219081878662,2.265739917755127
2,task_3,77,29,2.0380780696868896,2.265739917755127
2,task_3,78,0,0.0,0.9797651767730713
2,task_3,78,1,0.0,0.9797651767730713
2,task_3,78,2,0.0,0.9797651767730713
2,task_3,78,3,0.0,0.9797651767730713
2,task_3,78,4,0.0,0.9797651767730713
2,task_3,78,5,0.0,0.9797651767730713
2,task_3,78,6,0.0,0.9797651767730713
2,task_3,78,7,0.04236359894275665,0.9547844529151917
2,task_3,78,8,0.10150893032550812,0.9101470112800598
2,task_3,78,9,0.16758954524993896,0.8614477515220642
2,task_3,78,10,0.23710237443447113,0.7926056385040283
2,task_3,78,11,0.30434662103652954,0.7250463962554932
2,task_3,78,12,0.39079543948173523,0.6108901500701904
2,task_3,78,13,0.4641197621822357,0.4976182281970978
2,task_3,78,14,0.5597077012062073,0.3636980354785919
2,task_3,78,15,0.6394783854484558,0.24659259617328644
2,task_3,78,16,0.7467048764228821,0.099094457924366
2,task_3,78,17,0.8371012210845947,-0.02134249359369278
2,task_3,78,18,0.9496480226516724,-0.15865491330623627
2,task_3,78,19,1.0560328960418701,-0.3056095242500305
2,task_3,78,20,1.1832423210144043,-0.5217888951301575
2,task_3,78,21,1.2933223247528076,-0.7157933712005615
2,task_3,78,22,1.3991214036941528,-0.8704105019569397
2,task_3,78,23,1.5555024147033691,-1.0725022554397583
2,task_3,78,24,1.6904692649841309,-1.1887449026107788
2,task_3,78,25,1.8095628023147583,-1.298457384109497
2,task_3,78,26,1.9642341136932373,-1.4246888160705566
2,task_3,78,27,2.127473831176758,-1.5030577182769775
2,task_3,78,28,2.2589235305786133,-1.5651172399520874
2,task_3,78,29,2.8917555809020996,-2.274110794067383
2,task_3,79,0,9.999999747378752e-05,0.11368683725595474
2,task_3,79,1,9.999999747378752e-05,0.11368683725595474
2,task_3,79,2,9.999999747378752e-05,0.11368683725595474
2,task_3,79,3,9.999999747378752e-05,0.11368683725595474
2,task_3,79,4,9.999999747378752e-05,0.11368683725595474
2,task_3,79,5,9.999999747378752e-05,0.11368683725595474
2,task_3,79,6,9.999999747378752e-05,0.11368683725595474
2,task_3,79,7,9.999999747378752e-05,0.11368683725595474
2,task_3,79,8,9.999999747378752e-05,0.11368683725595474
2,task_3,79,9,9.999999747378752e-05,0.11368683725595474
2,task_3,79,10,9.999999747378752e-05,0.11368683725595474
2,task_3,79,11,9.999999747378752e-05,0.11368683725595474
2,task_3,79,12,9.999999747378752e-05,0.11368683725595474
2,task_3,79,13,9.999999747378752e-05,0.11368683725595474
2,task_3,79,14,9.999999747378752e-05,0.11368683725595474
2,task_3,79,15,9.999999747378752e-05,0.11368683725595474
2,task_3,79,16,9.999999747378752e-05,0.11368683725595474
2,task_3,79,17,9.999999747378752e-05,0.11368683725595474
2,task_3,79,18,9.999999747378752e-05,0.11368683725595474
2,task_3,79,19,9.999999747378752e-05,0.11368683725595474
2,task_3,79,20,9.999999747378752e-05,0.11368683725595474
2,task_3,79,21,9.999999747378752e-05,0.11368683725595474
2,task_3,79,22,9.999999747378752e-05,0.11368683725595474
2,task_3,79,23,9.999999747378752e-05,0.11368683725595474
2,task_3,79,24,9.999999747378752e-05,0.11368683725595474
2,task_3,79,25,9.999999747378752e-05,0.11368683725595474
2,task_3,79,26,9.999999747378752e-05,0.11368683725595474
2,task_3,79,27,9.999999747378752e-05,0.11368683725595474
2,task_3,79,28,9.999999747378752e-05,0.11368683725595474
2,task_3,79,29,9.999999747378752e-05,0.11368683725595474
2,task_3,80,0,0.2991494834423065,0.9383972883224487
2,task_3,80,1,0.3066210150718689,0.9341709613800049
2,task_3,80,2,0.31259477138519287,0.930453896522522
2,task_3,80,3,0.31942641735076904,0.9251093864440918
2,task_3,80,4,0.3243935704231262,0.9238173961639404
2,task_3,80,5,0.33664965629577637,0.9155786037445068
2,task_3,80,6,0.3525025248527527,0.9056535959243774
2,task_3,80,7,0.37358033657073975,0.8923313021659851
2,task_3,80,8,0.4008035659790039,0.8777305483818054
2,task_3,80,9,0.4332224726676941,0.8708819150924683
2,task_3,80,10,0.46983253955841064,0.844352126121521
2,task_3,80,11,0.5134029388427734,0.7769865393638611
2,task_3,80,12,0.5600186586380005,0.6962422728538513
2,task_3,80,13,0.6068881154060364,0.6073091626167297
2,task_3,80,14,0.6688036322593689,0.4822336733341217
2,task_3,80,15,0.7335065007209778,0.3510119318962097
2,task_3,80,16,0.8181666731834412,0.1666788011789322
2,task_3,80,17,0.8965740203857422,0.011065385304391384
2,task_3,80,18,0.9858370423316956,-0.14697034657001495
2,task_3,80,19,1.0751320123672485,-0.3050117492675781
2,task_3,80,20,1.1910163164138794,-0.5032957196235657
2,task_3,80,21,1.3025611639022827,-0.6622428297996521
2,task_3,80,22,1.4174866676330566,-0.8175703883171082
2,task_3,80,23,1.5573610067367554,-1.0188615322113037
2,task_3,80,24,1.7068325281143188,-1.2425940036773682
2,task_3,80,25,1.8381409645080566,-1.4108235836029053
2,task_3,80,26,1.9994348287582397,-1.590488314628601
2,task_3,80,27,2.1870815753936768,-1.7081263065338135
2,task_3,80,28,2.3542556762695312,-1.8220089673995972
2,task_3,80,29,2.581407070159912,-1.8220089673995972
2,task_3,81,0,0.0,-0.014210854656994343
2,task_3,81,1,0.0,-0.014210854656994343
2,task_3,81,2,0.0,-0.014210854656994343
2,task_3,81,3,0.0,-0.014210854656994343
2,task_3,81,4,0.0,-0.014210854656994343
2,task_3,81,5,0.0,-0.014210854656994343
2,task_3,81,6,0.0,-0.014210854656994343
2,task_3,81,7,0.0,-0.014210854656994343
2,task_3,81,8,0.0,-0.014210854656994343
2,task_3,81,9,0.0,-0.014210854656994343
2,task_3,81,10,0.0,-0.014210854656994343
2,task_3,81,11,0.0,-0.014210854656994343
2,task_3,81,12,0.0,-0.014210854656994343
2,task_3,81,13,0.0,-0.014210854656994343
2,task_3,81,14,0.0,-0.014210854656994343
2,task_3,81,15,0.0,-0.014210854656994343
2,task_3,81,16,0.0,-0.014210854656994343
2,task_3,81,17,0.0,-0.014210854656994343
2,task_3,81,18,0.005176275968551636,-0.014210854656994343
2,task_3,81,19,0.013081759214401245,-0.014210854656994343
2,task_3,81,20,0.02077469229698181,-0.014210854656994343
2,task_3,81,21,0.026284396648406982,-0.014210854656994343
2,task_3,81,22,0.030164986848831177,-0.014210854656994343
2,task_3,81,23,0.03267738223075867,-0.014210854656994343
2,task_3,81,24,0.03591242432594299,-0.014210854656994343
2,task_3,81,25,0.03898760676383972,-0.014210854656994343
2,task_3,81,26,0.04165458679199219,-0.014210854656994343
2,task_3,81,27,0.04481250047683716,-0.014210854656994343
2,task_3,81,28,0.049795687198638916,-0.014210854656994343
2,task_3,81,29,0.06115834414958954,-0.014210854656994343
2,task_3,82,0,0.5304890275001526,0.6777721047401428
2,task_3,82,1,0.5352449417114258,0.6459721922874451
2,task_3,82,2,0.5394322872161865,0.6042717695236206
2,task_3,82,3,0.5435508489608765,0.5707677006721497
2,task_3,82,4,0.546459436416626,0.5423566102981567
2,task_3,82,5,0.549381673336029,0.5144196152687073
2,task_3,82,6,0.5520638823509216,0.49205052852630615
2,task_3,82,7,0.5549654960632324,0.4646788239479065
2,task_3,82,8,0.5591375827789307,0.4319912791252136
2,task_3,82,9,0.5631299018859863,0.39842113852500916
2,task_3,82,10,0.5677626132965088,0.35168230533599854
2,task_3,82,11,0.5711859464645386,0.3287375867366791
2,task_3,82,12,0.575324296951294,0.2951980531215668
2,task_3,82,13,0.5798925161361694,0.24932925403118134
2,task_3,82,14,0.5841799378395081,0.20718012750148773
2,task_3,82,15,0.5886276364326477,0.15732035040855408
2,task_3,82,16,0.5927119255065918,0.11513394862413406
2,task_3,82,17,0.5966058969497681,0.06739629805088043
2,task_3,82,18,0.600908100605011,0.013820430263876915
2,task_3,82,19,0.6042219996452332,-0.024766376242041588
2,task_3,82,20,0.6071134209632874,-0.07273437082767487
2,task_3,82,21,0.6091449856758118,-0.10081913322210312
2,task_3,82,22,0.6121435761451721,-0.13857011497020721
2,task_3,82,23,0.6156711578369141,-0.18813587725162506
2,task_3,82,24,0.6194847822189331,-0.2304004281759262
2,task_3,82,25,0.6215585470199585,-0.2591155767440796
2,task_3,82,26,0.6247224807739258,-0.29971224069595337
2,task_3,82,27,0.6300342082977295,-0.36809903383255005
2,task_3,82,28,0.6368348598480225,-0.447435587644577
2,task_3,82,29,1.2451313734054565,-4.998712062835693
2,task_3,83,0,0.0,-0.3243984878063202
2,task_3,83,1,0.0,-0.3243984878063202
2,task_3,83,2,0.0,-0.3243984878063202
2,task_3,83,3,0.0,-0.3243984878063202
2,task_3,83,4,0.0,-0.3243984878063202
2,task_3,83,5,0.0,-0.3243984878063202
2,task_3,83,6,0.0,-0.3243984878063202
2,task_3,83,7,0.0,-0.3243984878063202
2,task_3,83,8,0.0,-0.3243984878063202
2,task_3,83,9,0.0,-0.3243984878063202
2,task_3,83,10,0.0,-0.3243984878063202
2,task_3,83,11,0.0,-0.3243984878063202
2,task_3,83,12,0.0,-0.3243984878063202
2,task_3,83,13,0.0,-0.3243984878063202
2,task_3,83,14,0.0,-0.3243984878063202
2,task_3,83,15,0.0,-0.3243984878063202
2,task_3,83,16,0.0,-0.3243984878063202
2,task_3,83,17,0.0,-0.3243984878063202
2,task_3,83,18,0.0,-0.3243984878063202
2,task_3,83,19,0.0,-0.3243984878063202
2,task_3,83,20,0.0,-0.3243984878063202
2,task_3,83,21,0.0,-0.3243984878063202
2,task_3,83,22,0.0,-0.3243984878063202
2,task_3,83,23,0.0,-0.3243984878063202
2,task_3,83,24,0.0,-0.3243984878063202
2,task_3,83,25,0.012319549918174744,-0.16692715883255005
2,task_3,83,26,0.06147647649049759,0.4695931375026703
2,task_3,83,27,0.11863432079553604,1.2549970149993896
2,task_3,83,28,0.17521636188030243,2.035294771194458
2,task_3,83,29,0.3390374779701233,4.517003536224365
2,task_3,84,0,0.2010694146156311,0.5669593811035156
2,task_3,84,1,0.20901940762996674,0.5669593811035156
2,task_3,84,2,0.2178238332271576,0.5669593811035156
2,task_3,84,3,0.226265549659729,0.5669593811035156
2,task_3,84,4,0.23731276392936707,0.5669593811035156
2,task_3,84,5,0.24654719233512878,0.5669593811035156
2,task_3,84,6,0.2609589993953705,0.5669593811035156
2,task_3,84,7,0.2764475345611572,0.5669593811035156
2,task_3,84,8,0.29264241456985474,0.5669593811035156
2,task_3,84,9,0.31087586283683777,0.6095366477966309
2,task_3,84,10,0.32892897725105286,0.6592837572097778
2,task_3,84,11,0.36375167965888977,0.6576834321022034
2,task_3,84,12,0.38229742646217346,0.6453657746315002
2,task_3,84,13,0.41123586893081665,0.619764506816864
2,task_3,84,14,0.43952542543411255,0.6000173091888428
2,task_3,84,15,0.47290125489234924,0.5698645710945129
2,task_3,84,16,0.5515575408935547,0.5058329701423645
2,task_3,84,17,0.6429650783538818,0.4158904552459717
2,task_3,84,18,0.750938892364502,0.2852308750152588
2,task_3,84,19,0.8710770010948181,0.14288119971752167
2,task_3,84,20,1.0143816471099854,-0.014364120550453663
2,task_3,84,21,1.1727852821350098,-0.14880195260047913
2,task_3,84,22,1.330533504486084,-0.2524794936180115
2,task_3,84,23,1.528279185295105,-0.37619608640670776
2,task_3,84,24,1.728237271308899,-0.4981437921524048
2,task_3,84,25,1.932126760482788,-0.7921574115753174
2,task_3,84,26,2.158519744873047,-1.220274567604065
2,task_3,84,27,2.426635980606079,-1.7770940065383911
2,task_3,84,28,2.7013962268829346,-2.2928683757781982
2,task_3,84,29,3.598361015319824,-3.4416048526763916
2,task_3,85,0,0.0,-1.2544183731079102
2,task_3,85,1,0.0,-1.2544183731079102
2,task_3,85,2,0.0,-1.2544183731079102
2,task_3,85,3,0.0,-1.2544183731079102
2,task_3,85,4,0.0,-1.2544183731079102
2,task_3,85,5,0.0,-1.2544183731079102
2,task_3,85,6,0.0,-1.2544183731079102
2,task_3,85,7,0.0,-1.2544183731079102
2,task_3,85,8,0.0,-1.2544183731079102
2,task_3,85,9,0.02047424018383026,-0.9530348777770996
2,task_3,85,10,0.048631682991981506,-0.752470076084137
2,task_3,85,11,0.06564907729625702,-0.576628565788269
2,task_3,85,12,0.08431045711040497,-0.30270612239837646
2,task_3,85,13,0.10044611990451813,-0.041308894753456116
2,task_3,85,14,0.11640898138284683,0.23925518989562988
2,task_3,85,15,0.1327957808971405,0.5270461440086365
2,task_3,85,16,0.14720454812049866,0.6767722368240356
2,task_3,85,17,0.16226309537887573,0.7765895128250122
2,task_3,85,18,0.1743318736553192,0.8204138278961182
2,task_3,85,19,0.18320396542549133,0.8335728049278259
2,task_3,85,20,0.19515345990657806,0.8664216995239258
2,task_3,85,21,0.20546993613243103,0.8458370566368103
2,task_3,85,22,0.21274305880069733,0.869318425655365
2,task_3,85,23,0.2219574898481369,1.0658119916915894
2,task_3,85,24,0.2260732352733612,1.0658119916915894
2,task_3,85,25,0.23159770667552948,1.0658119916915894
2,task_3,85,26,0.23647651076316833,1.0658119916915894
2,task_3,85,27,0.2413777858018875,1.0658119916915894
2,task_3,85,28,0.24806858599185944,1.0658119916915894
2,task_3,85,29,0.26591143012046814,1.0658119916915894
2,task_3,86,0,0.008453061804175377,0.7956318855285645
2,task_3,86,1,0.02241106703877449,0.7784314155578613
2,task_3,86,2,0.031270723789930344,0.7683591246604919
2,task_3,86,3,0.03857159614562988,0.7598246932029724
2,task_3,86,4,0.046096064150333405,0.751811146736145
2,task_3,86,5,0.056140292435884476,0.7407593727111816
2,task_3,86,6,0.06866294890642166,0.7288373708724976
2,task_3,86,7,0.07975009083747864,0.7141870260238647
2,task_3,86,8,0.09413380175828934,0.6966119408607483
2,task_3,86,9,0.11305556446313858,0.677851676940918
2,task_3,86,10,0.1334959864616394,0.6512675881385803
2,task_3,86,11,0.15557588636875153,0.623146653175354
2,task_3,86,12,0.1780163049697876,0.5956012606620789
2,task_3,86,13,0.20414109528064728,0.562762439250946
2,task_3,86,14,0.22597676515579224,0.5357004404067993
2,task_3,86,15,0.2549682557582855,0.4975682497024536
2,task_3,86,16,0.2817387878894806,0.4643385708332062
2,task_3,86,17,0.3574995994567871,0.35861507058143616
2,task_3,86,18,0.4413489103317261,0.23222410678863525
2,task_3,86,19,0.5345155596733093,0.09401197731494904
2,task_3,86,20,0.6488652229309082,-0.0793723315000534
2,task_3,86,21,0.780449628829956,-0.2847394049167633
2,task_3,86,22,0.9007614850997925,-0.479962021112442
2,task_3,86,23,1.0605278015136719,-0.717811107635498
2,task_3,86,24,1.2294938564300537,-0.9268792271614075
2,task_3,86,25,1.4056788682937622,-1.2245314121246338
2,task_3,86,26,1.602961540222168,-1.55755615234375
2,task_3,86,27,1.8021321296691895,-1.896937370300293
2,task_3,86,28,2.025995969772339,-2.282588243484497
2,task_3,86,29,2.2732393741607666,-2.5771632194519043
2,task_3,87,0,9.999999747378752e-05,-0.11368683725595474
2,task_3,87,1,9.999999747378752e-05,-0.11368683725595474
2,task_3,87,2,9.999999747378752e-05,-0.11368683725595474
2,task_3,87,3,9.999999747378752e-05,-0.11368683725595474
2,task_3,87,4,9.999999747378752e-05,-0.11368683725595474
2,task_3,87,5,9.999999747378752e-05,-0.11368683725595474
2,task_3,87,6,9.999999747378752e-05,-0.11368683725595474
2,task_3,87,7,9.999999747378752e-05,-0.11368683725595474
2,task_3,87,8,9.999999747378752e-05,-0.11368683725595474
2,task_3,87,9,9.999999747378752e-05,-0.11368683725595474
2,task_3,87,10,9.999999747378752e-05,-0.11368683725595474
2,task_3,87,11,9.999999747378752e-05,-0.11368683725595474
2,task_3,87,12,9.999999747378752e-05,-0.11368683725595474
2,task_3,87,13,9.999999747378752e-05,-0.11368683725595474
2,task_3,87,14,9.999999747378752e-05,-0.11368683725595474
2,task_3,87,15,9.999999747378752e-05,-0.11368683725595474
2,task_3,87,16,9.999999747378752e-05,-0.11368683725595474
2,task_3,87,17,9.999999747378752e-05,-0.11368683725595474
2,task_3,87,18,9.999999747378752e-05,-0.11368683725595474
2,task_3,87,19,9.999999747378752e-05,-0.11368683725595474
2,task_3,87,20,9.999999747378752e-05,-0.11368683725595474
2,task_3,87,21,9.999999747378752e-05,-0.11368683725595474
2,task_3,87,22,9.999999747378752e-05,-0.11368683725595474
2,task_3,87,23,9.999999747378752e-05,-0.11368683725595474
2,task_3,87,24,9.999999747378752e-05,-0.11368683725595474
2,task_3,87,25,9.999999747378752e-05,-0.11368683725595474
2,task_3,87,26,9.999999747378752e-05,-0.11368683725595474
2,task_3,87,27,9.999999747378752e-05,-0.11368683725595474
2,task_3,87,28,9.999999747378752e-05,-0.11368683725595474
2,task_3,87,29,9.999999747378752e-05,-0.11368683725595474
2,task_3,88,0,0.0,0.4122193455696106
2,task_3,88,1,0.0,0.4122193455696106
2,task_3,88,2,0.0,0.4122193455696106
2,task_3,88,3,0.0,0.4122193455696106
2,task_3,88,4,0.0,0.4122193455696106
2,task_3,88,5,0.0,0.4122193455696106
2,task_3,88,6,0.0,0.4122193455696106
2,task_3,88,7,0.0,0.4122193455696106
2,task_3,88,8,0.0,0.4122193455696106
2,task_3,88,9,0.0,0.4122193455696106
2,task_3,88,10,0.0,0.4122193455696106
2,task_3,88,11,0.0,0.4122193455696106
2,task_3,88,12,0.0,0.4122193455696106
2,task_3,88,13,0.0,0.4122193455696106
2,task_3,88,14,0.0,0.4122193455696106
2,task_3,88,15,0.0,0.4122193455696106
2,task_3,88,16,0.0,0.4122193455696106
2,task_3,88,17,0.0,0.4122193455696106
2,task_3,88,18,0.0,0.4122193455696106
2,task_3,88,19,0.0,0.4122193455696106
2,task_3,88,20,0.0,0.4122193455696106
2,task_3,88,21,0.0028706341981887817,0.3831084370613098
2,task_3,88,22,0.022648587822914124,0.18845844268798828
2,task_3,88,23,0.03972702473402023,-0.006883097346872091
2,task_3,88,24,0.05732198804616928,-0.34381815791130066
2,task_3,88,25,0.07856910675764084,-0.7263005971908569
2,task_3,88,26,0.09703914076089859,-0.9907621145248413
2,task_3,88,27,0.11873627454042435,-1.256772518157959
2,task_3,88,28,0.13556399941444397,-1.4326120615005493
2,task_3,88,29,0.34371301531791687,-4.471024513244629
2,task_3,89,0,0.6199790239334106,0.4821911156177521
2,task_3,89,1,0.6261224746704102,0.4821911156177521
2,task_3,89,2,0.6309027671813965,0.4821911156177521
2,task_3,89,3,0.6347368955612183,0.4821911156177521
2,task_3,89,4,0.6392920017242432,0.4821911156177521
2,task_3,89,5,0.642283022403717,0.4821911156177521
2,task_3,89,6,0.6453285217285156,0.4821911156177521
2,task_3,89,7,0.6489254236221313,0.4821911156177521
2,task_3,89,8,0.6525403261184692,0.4821911156177521
2,task_3,89,9,0.6567021608352661,0.46814870834350586
2,task_3,89,10,0.6603177785873413,0.46814870834350586
2,task_3,89,11,0.6653956174850464,0.4433363676071167
2,task_3,89,12,0.6707314252853394,0.4233582615852356
2,task_3,89,13,0.676262378692627,0.39424845576286316
2,task_3,89,14,0.6815236806869507,0.3685256540775299
2,task_3,89,15,0.6867433786392212,0.34011849761009216
2,task_3,89,16,0.692209005355835,0.3050768971443176
2,task_3,89,17,0.6974360942840576,0.2745136320590973
2,task_3,89,18,0.7059884667396545,0.21652251482009888
2,task_3,89,19,0.7132624983787537,0.16385337710380554
2,task_3,89,20,0.7185810804367065,0.12498170137405396
2,task_3,89,21,0.7272731065750122,0.054798904806375504
2,task_3,89,22,0.7360796928405762,-0.015204041264951229
2,task_3,89,23,0.7443180680274963,-0.07825800031423569
2,task_3,89,24,0.7578126192092896,-0.17591984570026398
2,task_3,89,25,0.7884526252746582,-0.39038515090942383
2,task_3,89,26,0.8244499564170837,-0.6908941268920898
2,task_3,89,27,0.8699705600738525,-1.0605626106262207
2,task_3,89,28,0.9146018028259277,-1.2857885360717773
2,task_3,89,29,1.4803467988967896,-4.6883392333984375
2,task_3,90,0,0.35102343559265137,0.6926351189613342
2,task_3,90,1,0.3596894443035126,0.6926351189613342
2,task_3,90,2,0.36751899123191833,0.6926351189613342
2,task_3,90,3,0.376427561044693,0.6926351189613342
2,task_3,90,4,0.38476067781448364,0.6926351189613342
2,task_3,90,5,0.3961997628211975,0.6926351189613342
2,task_3,90,6,0.4058874547481537,0.6926351189613342
2,task_3,90,7,0.41727888584136963,0.6926351189613342
2,task_3,90,8,0.4304655194282532,0.711314857006073
2,task_3,90,9,0.4551039934158325,0.7023287415504456
2,task_3,90,10,0.4715563654899597,0.6810283660888672
2,task_3,90,11,0.4872218370437622,0.6515178680419922
2,task_3,90,12,0.5115923881530762,0.5938976407051086
2,task_3,90,13,0.5344728231430054,0.5412067770957947
2,task_3,90,14,0.5622022747993469,0.4705023467540741
2,task_3,90,15,0.583406388759613,0.42321088910102844
2,task_3,90,16,0.6079679727554321,0.36762380599975586
2,task_3,90,17,0.6392717957496643,0.2928750216960907
2,task_3,90,18,0.6671406030654907,0.2238762229681015
2,task_3,90,19,0.7415671348571777,0.06752514094114304
2,task_3,90,20,0.8418512940406799,-0.18375705182552338
2,task_3,90,21,0.9526412487030029,-0.3609534204006195
2,task_3,90,22,1.0692421197891235,-0.42995333671569824
2,task_3,90,23,1.2011168003082275,-0.4772663414478302
2,task_3,90,24,1.3641985654830933,-0.4797172248363495
2,task_3,90,25,1.5368776321411133,-0.8909410238265991
2,task_3,90,26,1.7237589359283447,-1.2405617237091064
2,task_3,90,27,1.9232248067855835,-1.6263113021850586
2,task_3,90,28,2.1447956562042236,-2.237724781036377
2,task_3,90,29,2.7142181396484375,-3.3407998085021973
2,task_3,91,0,9.999999747378752e-05,-0.028421709313988686
2,task_3,91,1,9.999999747378752e-05,-0.028421709313988686
2,task_3,91,2,9.999999747378752e-05,-0.028421709313988686
2,task_3,91,3,9.999999747378752e-05,-0.028421709313988686
2,task_3,91,4,9.999999747378752e-05,-0.028421709313988686
2,task_3,91,5,9.999999747378752e-05,-0.028421709313988686
2,task_3,91,6,9.999999747378752e-05,-0.028421709313988686
2,task_3,91,7,9.999999747378752e-05,-0.028421709313988686
2,task_3,91,8,9.999999747378752e-05,-0.028421709313988686
2,task_3,91,9,9.999999747378752e-05,-0.028421709313988686
2,task_3,91,10,9.999999747378752e-05,-0.028421709313988686
2,task_3,91,11,9.999999747378752e-05,-0.028421709313988686
2,task_3,91,12,9.999999747378752e-05,-0.028421709313988686
2,task_3,91,13,9.999999747378752e-05,-0.028421709313988686
2,task_3,91,14,9.999999747378752e-05,-0.028421709313988686
2,task_3,91,15,9.999999747378752e-05,-0.028421709313988686
2,task_3,91,16,9.999999747378752e-05,-0.028421709313988686
2,task_3,91,17,9.999999747378752e-05,-0.028421709313988686
2,task_3,91,18,9.999999747378752e-05,-0.028421709313988686
2,task_3,91,19,9.999999747378752e-05,-0.028421709313988686
2,task_3,91,20,9.999999747378752e-05,-0.028421709313988686
2,task_3,91,21,9.999999747378752e-05,-0.028421709313988686
2,task_3,91,22,9.999999747378752e-05,-0.028421709313988686
2,task_3,91,23,9.999999747378752e-05,-0.028421709313988686
2,task_3,91,24,9.999999747378752e-05,-0.028421709313988686
2,task_3,91,25,9.999999747378752e-05,-0.028421709313988686
2,task_3,91,26,9.999999747378752e-05,-0.028421709313988686
2,task_3,91,27,9.999999747378752e-05,-0.028421709313988686
2,task_3,91,28,9.999999747378752e-05,-0.028421709313988686
2,task_3,91,29,9.999999747378752e-05,-0.028421709313988686
2,task_3,92,0,9.999999747378752e-05,0.0
2,task_3,92,1,9.999999747378752e-05,0.0
2,task_3,92,2,9.999999747378752e-05,0.0
2,task_3,92,3,9.999999747378752e-05,0.0
2,task_3,92,4,9.999999747378752e-05,0.0
2,task_3,92,5,9.999999747378752e-05,0.0
2,task_3,92,6,9.999999747378752e-05,0.0
2,task_3,92,7,9.999999747378752e-05,0.0
2,task_3,92,8,9.999999747378752e-05,0.0
2,task_3,92,9,9.999999747378752e-05,0.0
2,task_3,92,10,9.999999747378752e-05,0.0
2,task_3,92,11,9.999999747378752e-05,0.0
2,task_3,92,12,9.999999747378752e-05,0.0
2,task_3,92,13,9.999999747378752e-05,0.0
2,task_3,92,14,9.999999747378752e-05,0.0
2,task_3,92,15,9.999999747378752e-05,0.0
2,task_3,92,16,9.999999747378752e-05,0.0
2,task_3,92,17,9.999999747378752e-05,0.0
2,task_3,92,18,9.999999747378752e-05,0.0
2,task_3,92,19,9.999999747378752e-05,0.0
2,task_3,92,20,9.999999747378752e-05,0.0
2,task_3,92,21,9.999999747378752e-05,0.0
2,task_3,92,22,9.999999747378752e-05,0.0
2,task_3,92,23,9.999999747378752e-05,0.0
2,task_3,92,24,9.999999747378752e-05,0.0
2,task_3,92,25,9.999999747378752e-05,0.0
2,task_3,92,26,9.999999747378752e-05,0.0
2,task_3,92,27,9.999999747378752e-05,0.0
2,task_3,92,28,9.999999747378752e-05,0.0
2,task_3,92,29,9.999999747378752e-05,0.0
2,task_3,93,0,9.999999747378752e-05,0.0008881784160621464
2,task_3,93,1,9.999999747378752e-05,0.0008881784160621464
2,task_3,93,2,9.999999747378752e-05,0.0008881784160621464
2,task_3,93,3,9.999999747378752e-05,0.0008881784160621464
2,task_3,93,4,9.999999747378752e-05,0.0008881784160621464
2,task_3,93,5,9.999999747378752e-05,0.0008881784160621464
2,task_3,93,6,9.999999747378752e-05,0.0008881784160621464
2,task_3,93,7,9.999999747378752e-05,0.0008881784160621464
2,task_3,93,8,9.999999747378752e-05,0.0008881784160621464
2,task_3,93,9,9.999999747378752e-05,0.0008881784160621464
2,task_3,93,10,9.999999747378752e-05,0.0008881784160621464
2,task_3,93,11,9.999999747378752e-05,0.0008881784160621464
2,task_3,93,12,9.999999747378752e-05,0.0008881784160621464
2,task_3,93,13,9.999999747378752e-05,0.0008881784160621464
2,task_3,93,14,9.999999747378752e-05,0.0008881784160621464
2,task_3,93,15,9.999999747378752e-05,0.0008881784160621464
2,task_3,93,16,9.999999747378752e-05,0.0008881784160621464
2,task_3,93,17,9.999999747378752e-05,0.0008881784160621464
2,task_3,93,18,9.999999747378752e-05,0.0008881784160621464
2,task_3,93,19,9.999999747378752e-05,0.0008881784160621464
2,task_3,93,20,9.999999747378752e-05,0.0008881784160621464
2,task_3,93,21,9.999999747378752e-05,0.0008881784160621464
2,task_3,93,22,9.999999747378752e-05,0.0008881784160621464
2,task_3,93,23,9.999999747378752e-05,0.0008881784160621464
2,task_3,93,24,9.999999747378752e-05,0.0008881784160621464
2,task_3,93,25,9.999999747378752e-05,0.0008881784160621464
2,task_3,93,26,9.999999747378752e-05,0.0008881784160621464
2,task_3,93,27,9.999999747378752e-05,0.0008881784160621464
2,task_3,93,28,9.999999747378752e-05,0.0008881784160621464
2,task_3,93,29,9.999999747378752e-05,0.0008881784160621464
2,task_3,94,0,0.0,0.16865868866443634
2,task_3,94,1,0.0,0.16865868866443634
2,task_3,94,2,0.0,0.16865868866443634
2,task_3,94,3,0.0,0.16865868866443634
2,task_3,94,4,0.0,0.16865868866443634
2,task_3,94,5,0.0,0.16865868866443634
2,task_3,94,6,0.0,0.16865868866443634
2,task_3,94,7,0.0,0.16865868866443634
2,task_3,94,8,0.0,0.16865868866443634
2,task_3,94,9,0.0,0.16865868866443634
2,task_3,94,10,0.0,0.16865868866443634
2,task_3,94,11,0.0,0.16865868866443634
2,task_3,94,12,0.0,0.16865868866443634
2,task_3,94,13,0.0,0.16865868866443634
2,task_3,94,14,0.0,0.16865868866443634
2,task_3,94,15,0.0,0.16865868866443634
2,task_3,94,16,0.0,0.16865868866443634
2,task_3,94,17,0.0,0.16865868866443634
2,task_3,94,18,0.0,0.16865868866443634
2,task_3,94,19,0.0,0.16865868866443634
2,task_3,94,20,0.0,0.16865868866443634
2,task_3,94,21,0.0,0.16865868866443634
2,task_3,94,22,0.0226852148771286,0.21436166763305664
2,task_3,94,23,0.06624206900596619,0.27320799231529236
2,task_3,94,24,0.11574630439281464,0.30952101945877075
2,task_3,94,25,0.14802855253219604,0.31167834997177124
2,task_3,94,26,0.20027466118335724,0.23671703040599823
2,task_3,94,27,0.22913020849227905,0.19331887364387512
2,task_3,94,28,0.2714828848838806,0.03896757587790489
2,task_3,94,29,0.7372546195983887,-5.288263320922852
2,task_3,95,0,9.999999747378752e-05,0.05684341862797737
2,task_3,95,1,9.999999747378752e-05,0.05684341862797737
2,task_3,95,2,9.999999747378752e-05,0.05684341862797737
2,task_3,95,3,9.999999747378752e-05,0.05684341862797737
2,task_3,95,4,9.999999747378752e-05,0.05684341862797737
2,task_3,95,5,9.999999747378752e-05,0.05684341862797737
2,task_3,95,6,9.999999747378752e-05,0.05684341862797737
2,task_3,95,7,9.999999747378752e-05,0.05684341862797737
2,task_3,95,8,9.999999747378752e-05,0.05684341862797737
2,task_3,95,9,9.999999747378752e-05,0.05684341862797737
2,task_3,95,10,9.999999747378752e-05,0.05684341862797737
2,task_3,95,11,9.999999747378752e-05,0.05684341862797737
2,task_3,95,12,9.999999747378752e-05,0.05684341862797737
2,task_3,95,13,9.999999747378752e-05,0.05684341862797737
2,task_3,95,14,9.999999747378752e-05,0.05684341862797737
2,task_3,95,15,9.999999747378752e-05,0.05684341862797737
2,task_3,95,16,9.999999747378752e-05,0.05684341862797737
2,task_3,95,17,9.999999747378752e-05,0.05684341862797737
2,task_3,95,18,9.999999747378752e-05,0.05684341862797737
2,task_3,95,19,9.999999747378752e-05,0.05684341862797737
2,task_3,95,20,9.999999747378752e-05,0.05684341862797737
2,task_3,95,21,9.999999747378752e-05,0.05684341862797737
2,task_3,95,22,9.999999747378752e-05,0.05684341862797737
2,task_3,95,23,9.999999747378752e-05,0.05684341862797737
2,task_3,95,24,9.999999747378752e-05,0.05684341862797737
2,task_3,95,25,9.999999747378752e-05,0.05684341862797737
2,task_3,95,26,9.999999747378752e-05,0.05684341862797737
2,task_3,95,27,9.999999747378752e-05,0.05684341862797737
2,task_3,95,28,9.999999747378752e-05,0.05684341862797737
2,task_3,95,29,9.999999747378752e-05,0.05684341862797737
2,task_3,96,0,9.999999747378752e-05,0.0
2,task_3,96,1,9.999999747378752e-05,0.0
2,task_3,96,2,9.999999747378752e-05,0.0
2,task_3,96,3,9.999999747378752e-05,0.0
2,task_3,96,4,9.999999747378752e-05,0.0
2,task_3,96,5,9.999999747378752e-05,0.0
2,task_3,96,6,9.999999747378752e-05,0.0
2,task_3,96,7,9.999999747378752e-05,0.0
2,task_3,96,8,9.999999747378752e-05,0.0
2,task_3,96,9,9.999999747378752e-05,0.0
2,task_3,96,10,9.999999747378752e-05,0.0
2,task_3,96,11,9.999999747378752e-05,0.0
2,task_3,96,12,9.999999747378752e-05,0.0
2,task_3,96,13,9.999999747378752e-05,0.0
2,task_3,96,14,9.999999747378752e-05,0.0
2,task_3,96,15,9.999999747378752e-05,0.0
2,task_3,96,16,9.999999747378752e-05,0.0
2,task_3,96,17,9.999999747378752e-05,0.0
2,task_3,96,18,9.999999747378752e-05,0.0
2,task_3,96,19,9.999999747378752e-05,0.0
2,task_3,96,20,9.999999747378752e-05,0.0
2,task_3,96,21,9.999999747378752e-05,0.0
2,task_3,96,22,9.999999747378752e-05,0.0
2,task_3,96,23,9.999999747378752e-05,0.0
2,task_3,96,24,9.999999747378752e-05,0.0
2,task_3,96,25,9.999999747378752e-05,0.0
2,task_3,96,26,9.999999747378752e-05,0.0
2,task_3,96,27,9.999999747378752e-05,0.0
2,task_3,96,28,9.999999747378752e-05,0.0
2,task_3,96,29,9.999999747378752e-05,0.0
2,task_3,97,0,0.0,0.9971808195114136
2,task_3,97,1,0.0,0.9971808195114136
2,task_3,97,2,0.0,0.9971808195114136
2,task_3,97,3,0.0,0.9971808195114136
2,task_3,97,4,0.0,0.9971808195114136
2,task_3,97,5,0.0,0.9971808195114136
2,task_3,97,6,0.0,0.9971808195114136
2,task_3,97,7,0.0,0.9971808195114136
2,task_3,97,8,0.0,0.9971808195114136
2,task_3,97,9,0.0,0.9971808195114136
2,task_3,97,10,0.0,0.9971808195114136
2,task_3,97,11,0.0,0.9971808195114136
2,task_3,97,12,0.0,0.9971808195114136
2,task_3,97,13,0.0,0.9971808195114136
2,task_3,97,14,0.010308385826647282,0.41386887431144714
2,task_3,97,15,0.019084911793470383,-0.06960317492485046
2,task_3,97,16,0.02697695791721344,-0.5425445437431335
2,task_3,97,17,0.03543280065059662,-0.8685448169708252
2,task_3,97,18,0.04199177399277687,-1.0744751691818237
2,task_3,97,19,0.04778377711772919,-1.0744751691818237
2,task_3,97,20,0.054151155054569244,-1.0744751691818237
2,task_3,97,21,0.058368489146232605,-1.0744751691818237
2,task_3,97,22,0.06264238804578781,-1.0744751691818237
2,task_3,97,23,0.06693543493747711,-1.0744751691818237
2,task_3,97,24,0.07207898795604706,-1.0744751691818237
2,task_3,97,25,0.07669369131326675,-1.0744751691818237
2,task_3,97,26,0.08093328773975372,-1.0744751691818237
2,task_3,97,27,0.08687955886125565,-1.0744751691818237
2,task_3,97,28,0.09525798261165619,-1.0744751691818237
2,task_3,97,29,0.12083031237125397,-1.0744751691818237
2,task_3,98,0,9.999999747378752e-05,0.0
2,task_3,98,1,9.999999747378752e-05,0.0
2,task_3,98,2,9.999999747378752e-05,0.0
2,task_3,98,3,9.999999747378752e-05,0.0
2,task_3,98,4,9.999999747378752e-05,0.0
2,task_3,98,5,9.999999747378752e-05,0.0
2,task_3,98,6,9.999999747378752e-05,0.0
2,task_3,98,7,9.999999747378752e-05,0.0
2,task_3,98,8,9.999999747378752e-05,0.0
2,task_3,98,9,9.999999747378752e-05,0.0
2,task_3,98,10,9.999999747378752e-05,0.0
2,task_3,98,11,9.999999747378752e-05,0.0
2,task_3,98,12,9.999999747378752e-05,0.0
2,task_3,98,13,9.999999747378752e-05,0.0
2,task_3,98,14,9.999999747378752e-05,0.0
2,task_3,98,15,9.999999747378752e-05,0.0
2,task_3,98,16,9.999999747378752e-05,0.0
2,task_3,98,17,9.999999747378752e-05,0.0
2,task_3,98,18,9.999999747378752e-05,0.0
2,task_3,98,19,9.999999747378752e-05,0.0
2,task_3,98,20,9.999999747378752e-05,0.0
2,task_3,98,21,9.999999747378752e-05,0.0
2,task_3,98,22,9.999999747378752e-05,0.0
2,task_3,98,23,9.999999747378752e-05,0.0
2,task_3,98,24,9.999999747378752e-05,0.0
2,task_3,98,25,9.999999747378752e-05,0.0
2,task_3,98,26,9.999999747378752e-05,0.0
2,task_3,98,27,9.999999747378752e-05,0.0
2,task_3,98,28,9.999999747378752e-05,0.0
2,task_3,98,29,9.999999747378752e-05,0.0
2,task_3,99,0,9.999999747378752e-05,0.05684341862797737
2,task_3,99,1,9.999999747378752e-05,0.05684341862797737
2,task_3,99,2,9.999999747378752e-05,0.05684341862797737
2,task_3,99,3,9.999999747378752e-05,0.05684341862797737
2,task_3,99,4,9.999999747378752e-05,0.05684341862797737
2,task_3,99,5,9.999999747378752e-05,0.05684341862797737
2,task_3,99,6,9.999999747378752e-05,0.05684341862797737
2,task_3,99,7,9.999999747378752e-05,0.05684341862797737
2,task_3,99,8,9.999999747378752e-05,0.05684341862797737
2,task_3,99,9,9.999999747378752e-05,0.05684341862797737
2,task_3,99,10,9.999999747378752e-05,0.05684341862797737
2,task_3,99,11,9.999999747378752e-05,0.05684341862797737
2,task_3,99,12,9.999999747378752e-05,0.05684341862797737
2,task_3,99,13,9.999999747378752e-05,0.05684341862797737
2,task_3,99,14,9.999999747378752e-05,0.05684341862797737
2,task_3,99,15,9.999999747378752e-05,0.05684341862797737
2,task_3,99,16,9.999999747378752e-05,0.05684341862797737
2,task_3,99,17,9.999999747378752e-05,0.05684341862797737
2,task_3,99,18,9.999999747378752e-05,0.05684341862797737
2,task_3,99,19,9.999999747378752e-05,0.05684341862797737
2,task_3,99,20,9.999999747378752e-05,0.05684341862797737
2,task_3,99,21,9.999999747378752e-05,0.05684341862797737
2,task_3,99,22,9.999999747378752e-05,0.05684341862797737
2,task_3,99,23,9.999999747378752e-05,0.05684341862797737
2,task_3,99,24,9.999999747378752e-05,0.05684341862797737
2,task_3,99,25,9.999999747378752e-05,0.05684341862797737
2,task_3,99,26,9.999999747378752e-05,0.05684341862797737
2,task_3,99,27,9.999999747378752e-05,0.05684341862797737
2,task_3,99,28,9.999999747378752e-05,0.05684341862797737
2,task_3,99,29,9.999999747378752e-05,0.05684341862797737
2,task_3,100,0,0.3133649528026581,0.7293070554733276
2,task_3,100,1,0.3202032446861267,0.7293070554733276
2,task_3,100,2,0.3261698782444,0.7293070554733276
2,task_3,100,3,0.3312854766845703,0.7293070554733276
2,task_3,100,4,0.33831551671028137,0.7293070554733276
2,task_3,100,5,0.3466707170009613,0.7293070554733276
2,task_3,100,6,0.35520604252815247,0.7293070554733276
2,task_3,100,7,0.3682212829589844,0.7293070554733276
2,task_3,100,8,0.38021063804626465,0.7293070554733276
2,task_3,100,9,0.4000403583049774,0.7423954010009766
2,task_3,100,10,0.41309258341789246,0.7454306483268738
2,task_3,100,11,0.42811137437820435,0.742110550403595
2,task_3,100,12,0.44783875346183777,0.7309713959693909
2,task_3,100,13,0.4652559161186218,0.7034749984741211
2,task_3,100,14,0.48582711815834045,0.6622408628463745
2,task_3,100,15,0.5488532781600952,0.5492411851882935
2,task_3,100,16,0.617320716381073,0.4346821904182434
2,task_3,100,17,0.689838707447052,0.31671401858329773
2,task_3,100,18,0.7782225608825684,0.16080158948898315
2,task_3,100,19,0.8844311833381653,-0.028308186680078506
2,task_3,100,20,0.9996873140335083,-0.22553160786628723
2,task_3,100,21,1.130986213684082,-0.4820832908153534
2,task_3,100,22,1.2600394487380981,-0.6406621336936951
2,task_3,100,23,1.4155051708221436,-0.8026394844055176
2,task_3,100,24,1.5916208028793335,-1.0155376195907593
2,task_3,100,25,1.7743436098098755,-1.230745553970337
2,task_3,100,26,1.967138409614563,-1.457892656326294
2,task_3,100,27,2.182176351547241,-1.722900390625
2,task_3,100,28,2.419050455093384,-2.0319736003875732
2,task_3,100,29,2.9038920402526855,-2.7135515213012695
2,task_3,101,0,0.0,0.5071324706077576
2,task_3,101,1,0.0,0.5071324706077576
2,task_3,101,2,0.0,0.5071324706077576
2,task_3,101,3,0.0,0.5071324706077576
2,task_3,101,4,0.0,0.5071324706077576
2,task_3,101,5,0.0,0.5071324706077576
2,task_3,101,6,0.0,0.5071324706077576
2,task_3,101,7,0.0,0.5071324706077576
2,task_3,101,8,0.0,0.5071324706077576
2,task_3,101,9,0.0,0.5071324706077576
2,task_3,101,10,0.0,0.5071324706077576
2,task_3,101,11,0.0,0.5071324706077576
2,task_3,101,12,0.0,0.5071324706077576
2,task_3,101,13,0.0,0.5071324706077576
2,task_3,101,14,0.0,0.5071324706077576
2,task_3,101,15,0.0,0.5071324706077576
2,task_3,101,16,0.0,0.5071324706077576
2,task_3,101,17,0.0,0.5071324706077576
2,task_3,101,18,0.0,0.5071324706077576
2,task_3,101,19,0.0,0.5071324706077576
2,task_3,101,20,0.0,0.5071324706077576
2,task_3,101,21,0.004187136888504028,0.4274354875087738
2,task_3,101,22,0.008782565593719482,0.17504720389842987
2,task_3,101,23,0.013148456811904907,-0.3286236822605133
2,task_3,101,24,0.01767769455909729,-1.1179115772247314
2,task_3,101,25,0.022580832242965698,-1.1179115772247314
2,task_3,101,26,0.02712218463420868,-0.9754522442817688
2,task_3,101,27,0.032474175095558167,-2.5707879066467285
2,task_3,101,28,0.03964267671108246,-2.5707879066467285
2,task_3,101,29,0.08328607678413391,-2.5707879066467285
2,task_3,102,0,0.38762038946151733,1.0240036249160767
2,task_3,102,1,0.4017445147037506,1.0240036249160767
2,task_3,102,2,0.4164018929004669,0.9544917345046997
2,task_3,102,3,0.4343302249908447,0.9025271534919739
2,task_3,102,4,0.44794362783432007,0.8592413067817688
2,task_3,102,5,0.4626280963420868,0.8117415904998779
2,task_3,102,6,0.4811379909515381,0.755400538444519
2,task_3,102,7,0.49716246128082275,0.7192360758781433
2,task_3,102,8,0.5174446105957031,0.6797459721565247
2,task_3,102,9,0.5402917265892029,0.6275941729545593
2,task_3,102,10,0.5619296431541443,0.5781073570251465
2,task_3,102,11,0.5892943143844604,0.5111398696899414
2,task_3,102,12,0.6155001521110535,0.44756782054901123
2,task_3,102,13,0.640419602394104,0.39064455032348633
2,task_3,102,14,0.6684930324554443,0.3255189061164856
2,task_3,102,15,0.7027280926704407,0.2463735044002533
2,task_3,102,16,0.7331898212432861,0.17644467949867249
2,task_3,102,17,0.7739872336387634,0.08293504267930984
2,task_3,102,18,0.8070539236068726,0.00415547750890255
2,task_3,102,19,0.8480877876281738,-0.10433095693588257
2,task_3,102,20,0.8929064273834229,-0.22831590473651886
2,task_3,102,21,0.9414042234420776,-0.36730092763900757
2,task_3,102,22,0.9819378852844238,-0.48641324043273926
2,task_3,102,23,1.033191442489624,-0.6318260431289673
2,task_3,102,24,1.0912184715270996,-0.7870027422904968
2,task_3,102,25,1.1528877019882202,-0.972432553768158
2,task_3,102,26,1.2015891075134277,-1.116104006767273
2,task_3,102,27,1.2689756155014038,-1.3160978555679321
2,task_3,102,28,1.3337162733078003,-1.4960112571716309
2,task_3,102,29,2.00146222114563,-3.6150357723236084
2,task_3,103,0,0.4118766188621521,0.9194387793540955
2,task_3,103,1,0.4198993444442749,0.896765947341919
2,task_3,103,2,0.42656606435775757,0.8769561648368835
2,task_3,103,3,0.4322980046272278,0.8609266877174377
2,task_3,103,4,0.43864959478378296,0.8435097336769104
2,task_3,103,5,0.4444020390510559,0.8287944197654724
2,task_3,103,6,0.4515702724456787,0.8095640540122986
2,task_3,103,7,0.46020442247390747,0.7893007397651672
2,task_3,103,8,0.4711002707481384,0.7661952972412109
2,task_3,103,9,0.4815187454223633,0.7466537952423096
2,task_3,103,10,0.4934816360473633,0.7293891906738281
2,task_3,103,11,0.5065677762031555,0.7047572731971741
2,task_3,103,12,0.5335239768028259,0.6610634326934814
2,task_3,103,13,0.5656716823577881,0.6075988411903381
2,task_3,103,14,0.6179181337356567,0.5158569812774658
2,task_3,103,15,0.6724660396575928,0.41098567843437195
2,task_3,103,16,0.7323112487792969,0.3344820439815521
2,task_3,103,17,0.8055739402770996,0.2098972648382187
2,task_3,103,18,0.8830195069313049,0.11096721887588501
2,task_3,103,19,0.9673510193824768,-0.10463283210992813
2,task_3,103,20,1.077100396156311,-0.2626454830169678
2,task_3,103,21,1.1859403848648071,-0.42873692512512207
2,task_3,103,22,1.3007047176361084,-0.6491432189941406
2,task_3,103,23,1.4457294940948486,-0.9474636912345886
2,task_3,103,24,1.5885225534439087,-1.2070987224578857
2,task_3,103,25,1.7296916246414185,-1.4432787895202637
2,task_3,103,26,1.8939762115478516,-1.6975940465927124
2,task_3,103,27,2.0808286666870117,-1.9287196397781372
2,task_3,103,28,2.270754814147949,-2.117852210998535
2,task_3,103,29,2.508134365081787,-1.8359382152557373
2,task_3,104,0,0.0,0.6939684748649597
2,task_3,104,1,0.0,0.6939684748649597
2,task_3,104,2,0.0,0.6939684748649597
2,task_3,104,3,0.0,0.6939684748649597
2,task_3,104,4,0.0,0.6939684748649597
2,task_3,104,5,0.0,0.6939684748649597
2,task_3,104,6,0.0,0.6939684748649597
2,task_3,104,7,0.0,0.6939684748649597
2,task_3,104,8,0.0,0.6939684748649597
2,task_3,104,9,0.0,0.6939684748649597
2,task_3,104,10,0.0,0.6939684748649597
2,task_3,104,11,0.0,0.6939684748649597
2,task_3,104,12,0.0,0.6939684748649597
2,task_3,104,13,0.0,0.6939684748649597
2,task_3,104,14,0.0,0.6939684748649597
2,task_3,104,15,0.00355549156665802,0.6847455501556396
2,task_3,104,16,0.053635090589523315,0.5686445236206055
2,task_3,104,17,0.10921778529882431,0.4089256525039673
2,task_3,104,18,0.15958714485168457,0.23805727064609528
2,task_3,104,19,0.2150079607963562,0.027171902358531952
2,task_3,104,20,0.27487632632255554,-0.20833337306976318
2,task_3,104,21,0.33855006098747253,-0.45109134912490845
2,task_3,104,22,0.3967077136039734,-0.672920823097229
2,task_3,104,23,0.4457101821899414,-0.8469258546829224
2,task_3,104,24,0.5101259350776672,-1.0711865425109863
2,task_3,104,25,0.5654752254486084,-1.273804783821106
2,task_3,104,26,0.6331159472465515,-1.4873895645141602
2,task_3,104,27,0.6790821552276611,-1.6179718971252441
2,task_3,104,28,0.7425679564476013,-1.778376817703247
2,task_3,104,29,1.4362828731536865,-2.9290711879730225
2,task_3,105,0,0.027184613049030304,0.9009774923324585
2,task_3,105,1,0.03260498493909836,0.8942263126373291
2,task_3,105,2,0.03783143311738968,0.8878427147865295
2,task_3,105,3,0.04580167680978775,0.8794570565223694
2,task_3,105,4,0.060952186584472656,0.852745771408081
2,task_3,105,5,0.07412340492010117,0.8322569131851196
2,task_3,105,6,0.09182863682508469,0.8049367070198059
2,task_3,105,7,0.11517775058746338,0.7634941339492798
2,task_3,105,8,0.13670258224010468,0.7224987745285034
2,task_3,105,9,0.1622917652130127,0.6790848970413208
2,task_3,105,10,0.19121882319450378,0.6286575794219971
2,task_3,105,11,0.2237766683101654,0.5615012645721436
2,task_3,105,12,0.2579382658004761,0.509380042552948
2,task_3,105,13,0.28959953784942627,0.4507150948047638
2,task_3,105,14,0.32787764072418213,0.38667580485343933
2,task_3,105,15,0.3726479113101959,0.3130640685558319
2,task_3,105,16,0.4122495651245117,0.2532738447189331
2,task_3,105,17,0.4574299454689026,0.17664805054664612
2,task_3,105,18,0.5077068209648132,0.0991106703877449
2,task_3,105,19,0.5531661510467529,0.021825339645147324
2,task_3,105,20,0.601722776889801,-0.06270517408847809
2,task_3,105,21,0.6879454255104065,-0.19513455033302307
2,task_3,105,22,0.8294769525527954,-0.3993220329284668
2,task_3,105,23,1.0007342100143433,-0.6037846803665161
2,task_3,105,24,1.1966068744659424,-0.8668959140777588
2,task_3,105,25,1.3868484497070312,-1.153090476989746
2,task_3,105,26,1.6151479482650757,-1.5179353952407837
2,task_3,105,27,1.8615942001342773,-1.8957878351211548
2,task_3,105,28,2.128375291824341,-2.461857318878174
2,task_3,105,29,2.422597646713257,-2.461857318878174
2,task_3,106,0,0.0,-0.7552933096885681
2,task_3,106,1,0.0018170550465583801,-0.7577880620956421
2,task_3,106,2,0.005967743694782257,-0.7593860030174255
2,task_3,106,3,0.010155588388442993,-0.7617883682250977
2,task_3,106,4,0.015216454863548279,-0.7661117911338806
2,task_3,106,5,0.019719265401363373,-0.7682677507400513
2,task_3,106,6,0.024184100329875946,-0.7726476192474365
2,task_3,106,7,0.03197648376226425,-0.7770417332649231
2,task_3,106,8,0.04025805741548538,-0.7815967202186584
2,task_3,106,9,0.057110898196697235,-0.7802618741989136
2,task_3,106,10,0.08567798882722855,-0.7834837436676025
2,task_3,106,11,0.12307044118642807,-0.7840822339057922
2,task_3,106,12,0.15578782558441162,-0.7809128761291504
2,task_3,106,13,0.2090400755405426,-0.8037607073783875
2,task_3,106,14,0.2470771074295044,-0.6980951428413391
2,task_3,106,15,0.32307466864585876,-0.48077642917633057
2,task_3,106,16,0.39187687635421753,-0.31474384665489197
2,task_3,106,17,0.4646121859550476,-0.2186802327632904
2,task_3,106,18,0.536152184009552,-0.09726984798908234
2,task_3,106,19,0.6362903118133545,0.058926161378622055
2,task_3,106,20,0.7435957193374634,0.2506878077983856
2,task_3,106,21,0.859451413154602,0.46419069170951843
2,task_3,106,22,0.9923540353775024,0.6833108067512512
2,task_3,106,23,1.1054327487945557,0.9169650077819824
2,task_3,106,24,1.2619727849960327,1.2255553007125854
2,task_3,106,25,1.4175127744674683,1.4472752809524536
2,task_3,106,26,1.584558129310608,1.6345824003219604
2,task_3,106,27,1.755098581314087,1.8217711448669434
2,task_3,106,28,1.9620139598846436,2.0693612098693848
2,task_3,106,29,2.1423940658569336,2.0693612098693848
2,task_3,107,0,9.999999747378752e-05,0.05684341862797737
2,task_3,107,1,9.999999747378752e-05,0.05684341862797737
2,task_3,107,2,9.999999747378752e-05,0.05684341862797737
2,task_3,107,3,9.999999747378752e-05,0.05684341862797737
2,task_3,107,4,9.999999747378752e-05,0.05684341862797737
2,task_3,107,5,9.999999747378752e-05,0.05684341862797737
2,task_3,107,6,9.999999747378752e-05,0.05684341862797737
2,task_3,107,7,9.999999747378752e-05,0.05684341862797737
2,task_3,107,8,9.999999747378752e-05,0.05684341862797737
2,task_3,107,9,9.999999747378752e-05,0.05684341862797737
2,task_3,107,10,9.999999747378752e-05,0.05684341862797737
2,task_3,107,11,9.999999747378752e-05,0.05684341862797737
2,task_3,107,12,9.999999747378752e-05,0.05684341862797737
2,task_3,107,13,9.999999747378752e-05,0.05684341862797737
2,task_3,107,14,9.999999747378752e-05,0.05684341862797737
2,task_3,107,15,9.999999747378752e-05,0.05684341862797737
2,task_3,107,16,9.999999747378752e-05,0.05684341862797737
2,task_3,107,17,9.999999747378752e-05,0.05684341862797737
2,task_3,107,18,9.999999747378752e-05,0.05684341862797737
2,task_3,107,19,9.999999747378752e-05,0.05684341862797737
2,task_3,107,20,9.999999747378752e-05,0.05684341862797737
2,task_3,107,21,9.999999747378752e-05,0.05684341862797737
2,task_3,107,22,9.999999747378752e-05,0.05684341862797737
2,task_3,107,23,9.999999747378752e-05,0.05684341862797737
2,task_3,107,24,9.999999747378752e-05,0.05684341862797737
2,task_3,107,25,9.999999747378752e-05,0.05684341862797737
2,task_3,107,26,9.999999747378752e-05,0.05684341862797737
2,task_3,107,27,9.999999747378752e-05,0.05684341862797737
2,task_3,107,28,9.999999747378752e-05,0.05684341862797737
2,task_3,107,29,9.999999747378752e-05,0.05684341862797737
2,task_3,108,0,9.999999747378752e-05,0.0
2,task_3,108,1,9.999999747378752e-05,0.0
2,task_3,108,2,9.999999747378752e-05,0.0
2,task_3,108,3,9.999999747378752e-05,0.0
2,task_3,108,4,9.999999747378752e-05,0.0
2,task_3,108,5,9.999999747378752e-05,0.0
2,task_3,108,6,9.999999747378752e-05,0.0
2,task_3,108,7,9.999999747378752e-05,0.0
2,task_3,108,8,9.999999747378752e-05,0.0
2,task_3,108,9,9.999999747378752e-05,0.0
2,task_3,108,10,9.999999747378752e-05,0.0
2,task_3,108,11,9.999999747378752e-05,0.0
2,task_3,108,12,9.999999747378752e-05,0.0
2,task_3,108,13,9.999999747378752e-05,0.0
2,task_3,108,14,9.999999747378752e-05,0.0
2,task_3,108,15,9.999999747378752e-05,0.0
2,task_3,108,16,9.999999747378752e-05,0.0
2,task_3,108,17,9.999999747378752e-05,0.0
2,task_3,108,18,9.999999747378752e-05,0.0
2,task_3,108,19,9.999999747378752e-05,0.0
2,task_3,108,20,9.999999747378752e-05,0.0
2,task_3,108,21,9.999999747378752e-05,0.0
2,task_3,108,22,9.999999747378752e-05,0.0
2,task_3,108,23,9.999999747378752e-05,0.0
2,task_3,108,24,9.999999747378752e-05,0.0
2,task_3,108,25,9.999999747378752e-05,0.0
2,task_3,108,26,9.999999747378752e-05,0.0
2,task_3,108,27,9.999999747378752e-05,0.0
2,task_3,108,28,9.999999747378752e-05,0.0
2,task_3,108,29,9.999999747378752e-05,0.0
2,task_3,109,0,0.4627184271812439,-0.9735698699951172
2,task_3,109,1,0.4722253978252411,-0.9309711456298828
2,task_3,109,2,0.47904711961746216,-0.9038655757904053
2,task_3,109,3,0.48548606038093567,-0.8771294355392456
2,task_3,109,4,0.4912966787815094,-0.8526697754859924
2,task_3,109,5,0.49716028571128845,-0.828943133354187
2,task_3,109,6,0.5045653581619263,-0.7989087104797363
2,task_3,109,7,0.5115888118743896,-0.7709677815437317
2,task_3,109,8,0.517795741558075,-0.7452131509780884
2,task_3,109,9,0.5271741151809692,-0.7082538604736328
2,task_3,109,10,0.5382071733474731,-0.6659055948257446
2,task_3,109,11,0.5495110154151917,-0.6227949857711792
2,task_3,109,12,0.562887966632843,-0.5724896192550659
2,task_3,109,13,0.5749746561050415,-0.5270911455154419
2,task_3,109,14,0.5894618630409241,-0.47063228487968445
2,task_3,109,15,0.6029215455055237,-0.4184551537036896
2,task_3,109,16,0.6177830100059509,-0.3671112358570099
2,task_3,109,17,0.6510729789733887,-0.25632160902023315
2,task_3,109,18,0.704426646232605,-0.08582325279712677
2,task_3,109,19,0.7600783109664917,0.0701453909277916
2,task_3,109,20,0.8318581581115723,0.2656390368938446
2,task_3,109,21,0.9102082252502441,0.44668588042259216
2,task_3,109,22,0.9885823130607605,0.6439210176467896
2,task_3,109,23,1.0833619832992554,0.8035362958908081
2,task_3,109,24,1.1942209005355835,1.0330125093460083
2,task_3,109,25,1.3006633520126343,1.2691656351089478
2,task_3,109,26,1.4380677938461304,1.5553659200668335
2,task_3,109,27,1.578060507774353,1.7985832691192627
2,task_3,109,28,1.7204359769821167,2.019789457321167
2,task_3,109,29,2.1015944480895996,2.4712719917297363
2,task_3,110,0,0.3868057429790497,-0.559079647064209
2,task_3,110,1,0.39390847086906433,-0.559079647064209
2,task_3,110,2,0.4000074565410614,-0.559079647064209
2,task_3,110,3,0.4062287509441376,-0.559079647064209
2,task_3,110,4,0.41294512152671814,-0.559079647064209
2,task_3,110,5,0.41947561502456665,-0.559079647064209
2,task_3,110,6,0.42546358704566956,-0.559079647064209
2,task_3,110,7,0.4336845576763153,-0.559079647064209
2,task_3,110,8,0.44512104988098145,-0.559079647064209
2,task_3,110,9,0.455006867647171,-0.6292588710784912
2,task_3,110,10,0.46947145462036133,-0.6911488771438599
2,task_3,110,11,0.4822266697883606,-0.7302972078323364
2,task_3,110,12,0.4958321750164032,-0.7385973334312439
2,task_3,110,13,0.5141944885253906,-0.7022945284843445
2,task_3,110,14,0.5309574007987976,-0.6807143092155457
2,task_3,110,15,0.544488787651062,-0.6347017884254456
2,task_3,110,16,0.5641115307807922,-0.5532205104827881
2,task_3,110,17,0.5822373628616333,-0.4805848300457001
2,task_3,110,18,0.6137782335281372,-0.35867464542388916
2,task_3,110,19,0.6710113883018494,-0.10155612230300903
2,task_3,110,20,0.747083842754364,0.2395756095647812
2,task_3,110,21,0.8347618579864502,0.6383780241012573
2,task_3,110,22,0.9115739464759827,1.0310108661651611
2,task_3,110,23,1.0256774425506592,2.266472339630127
2,task_3,110,24,1.1340259313583374,2.718322277069092
2,task_3,110,25,1.2484210729599,2.156440019607544
2,task_3,110,26,1.3816404342651367,1.5970969200134277
2,task_3,110,27,1.53392493724823,0.8531347513198853
2,task_3,110,28,1.6954734325408936,0.23398633301258087
2,task_3,110,29,2.205578327178955,-0.4016503095626831
2,task_3,111,0,9.999999747378752e-05,0.014210854656994343
2,task_3,111,1,9.999999747378752e-05,0.014210854656994343
2,task_3,111,2,9.999999747378752e-05,0.014210854656994343
2,task_3,111,3,9.999999747378752e-05,0.014210854656994343
2,task_3,111,4,9.999999747378752e-05,0.014210854656994343
2,task_3,111,5,9.999999747378752e-05,0.014210854656994343
2,task_3,111,6,9.999999747378752e-05,0.014210854656994343
2,task_3,111,7,9.999999747378752e-05,0.014210854656994343
2,task_3,111,8,9.999999747378752e-05,0.014210854656994343
2,task_3,111,9,9.999999747378752e-05,0.014210854656994343
2,task_3,111,10,9.999999747378752e-05,0.014210854656994343
2,task_3,111,11,9.999999747378752e-05,0.014210854656994343
2,task_3,111,12,9.999999747378752e-05,0.014210854656994343
2,task_3,111,13,9.999999747378752e-05,0.014210854656994343
2,task_3,111,14,9.999999747378752e-05,0.014210854656994343
2,task_3,111,15,9.999999747378752e-05,0.014210854656994343
2,task_3,111,16,9.999999747378752e-05,0.014210854656994343
2,task_3,111,17,9.999999747378752e-05,0.014210854656994343
2,task_3,111,18,9.999999747378752e-05,0.014210854656994343
2,task_3,111,19,9.999999747378752e-05,0.014210854656994343
2,task_3,111,20,9.999999747378752e-05,0.014210854656994343
2,task_3,111,21,9.999999747378752e-05,0.014210854656994343
2,task_3,111,22,9.999999747378752e-05,0.014210854656994343
2,task_3,111,23,9.999999747378752e-05,0.014210854656994343
2,task_3,111,24,9.999999747378752e-05,0.014210854656994343
2,task_3,111,25,9.999999747378752e-05,0.014210854656994343
2,task_3,111,26,9.999999747378752e-05,0.014210854656994343
2,task_3,111,27,9.999999747378752e-05,0.014210854656994343
2,task_3,111,28,9.999999747378752e-05,0.014210854656994343
2,task_3,111,29,9.999999747378752e-05,0.014210854656994343
2,task_3,112,0,0.0,-0.5323459506034851
2,task_3,112,1,0.0,-0.5323459506034851
2,task_3,112,2,0.0,-0.5323459506034851
2,task_3,112,3,0.0,-0.5323459506034851
2,task_3,112,4,0.0,-0.5323459506034851
2,task_3,112,5,0.0,-0.5323459506034851
2,task_3,112,6,0.0,-0.5323459506034851
2,task_3,112,7,0.0,-0.5323459506034851
2,task_3,112,8,0.0,-0.5323459506034851
2,task_3,112,9,0.0,-0.5323459506034851
2,task_3,112,10,0.0,-0.5323459506034851
2,task_3,112,11,0.0,-0.5323459506034851
2,task_3,112,12,0.0,-0.5323459506034851
2,task_3,112,13,0.0,-0.5323459506034851
2,task_3,112,14,0.0,-0.5323459506034851
2,task_3,112,15,0.0,-0.5323459506034851
2,task_3,112,16,0.0,-0.5323459506034851
2,task_3,112,17,0.0,-0.5323459506034851
2,task_3,112,18,0.0,-0.5323459506034851
2,task_3,112,19,0.0,-0.5323459506034851
2,task_3,112,20,0.0,-0.5323459506034851
2,task_3,112,21,0.015750661492347717,-0.5933033227920532
2,task_3,112,22,0.055726081132888794,-0.12377797067165375
2,task_3,112,23,0.09879565238952637,0.7762030363082886
2,task_3,112,24,0.14836397767066956,1.8099958896636963
2,task_3,112,25,0.20185095071792603,2.7739150524139404
2,task_3,112,26,0.2566834092140198,2.200409412384033
2,task_3,112,27,0.3282427489757538,1.4452738761901855
2,task_3,112,28,0.39317962527275085,1.4452738761901855
2,task_3,112,29,0.4739009141921997,1.4452738761901855
2,task_3,113,0,9.999999747378752e-05,-0.05684341862797737
2,task_3,113,1,9.999999747378752e-05,-0.05684341862797737
2,task_3,113,2,9.999999747378752e-05,-0.05684341862797737
2,task_3,113,3,9.999999747378752e-05,-0.05684341862797737
2,task_3,113,4,9.999999747378752e-05,-0.05684341862797737
2,task_3,113,5,9.999999747378752e-05,-0.05684341862797737
2,task_3,113,6,9.999999747378752e-05,-0.05684341862797737
2,task_3,113,7,9.999999747378752e-05,-0.05684341862797737
2,task_3,113,8,9.999999747378752e-05,-0.05684341862797737
2,task_3,113,9,9.999999747378752e-05,-0.05684341862797737
2,task_3,113,10,9.999999747378752e-05,-0.05684341862797737
2,task_3,113,11,9.999999747378752e-05,-0.05684341862797737
2,task_3,113,12,9.999999747378752e-05,-0.05684341862797737
2,task_3,113,13,9.999999747378752e-05,-0.05684341862797737
2,task_3,113,14,9.999999747378752e-05,-0.05684341862797737
2,task_3,113,15,9.999999747378752e-05,-0.05684341862797737
2,task_3,113,16,9.999999747378752e-05,-0.05684341862797737
2,task_3,113,17,9.999999747378752e-05,-0.05684341862797737
2,task_3,113,18,9.999999747378752e-05,-0.05684341862797737
2,task_3,113,19,9.999999747378752e-05,-0.05684341862797737
2,task_3,113,20,9.999999747378752e-05,-0.05684341862797737
2,task_3,113,21,9.999999747378752e-05,-0.05684341862797737
2,task_3,113,22,9.999999747378752e-05,-0.05684341862797737
2,task_3,113,23,9.999999747378752e-05,-0.05684341862797737
2,task_3,113,24,9.999999747378752e-05,-0.05684341862797737
2,task_3,113,25,9.999999747378752e-05,-0.05684341862797737
2,task_3,113,26,9.999999747378752e-05,-0.05684341862797737
2,task_3,113,27,9.999999747378752e-05,-0.05684341862797737
2,task_3,113,28,9.999999747378752e-05,-0.05684341862797737
2,task_3,113,29,9.999999747378752e-05,-0.05684341862797737
2,task_3,114,0,9.999999747378752e-05,0.014210854656994343
2,task_3,114,1,9.999999747378752e-05,0.014210854656994343
2,task_3,114,2,9.999999747378752e-05,0.014210854656994343
2,task_3,114,3,9.999999747378752e-05,0.014210854656994343
2,task_3,114,4,9.999999747378752e-05,0.014210854656994343
2,task_3,114,5,9.999999747378752e-05,0.014210854656994343
2,task_3,114,6,9.999999747378752e-05,0.014210854656994343
2,task_3,114,7,9.999999747378752e-05,0.014210854656994343
2,task_3,114,8,9.999999747378752e-05,0.014210854656994343
2,task_3,114,9,9.999999747378752e-05,0.014210854656994343
2,task_3,114,10,9.999999747378752e-05,0.014210854656994343
2,task_3,114,11,9.999999747378752e-05,0.014210854656994343
2,task_3,114,12,9.999999747378752e-05,0.014210854656994343
2,task_3,114,13,9.999999747378752e-05,0.014210854656994343
2,task_3,114,14,9.999999747378752e-05,0.014210854656994343
2,task_3,114,15,9.999999747378752e-05,0.014210854656994343
2,task_3,114,16,9.999999747378752e-05,0.014210854656994343
2,task_3,114,17,9.999999747378752e-05,0.014210854656994343
2,task_3,114,18,9.999999747378752e-05,0.014210854656994343
2,task_3,114,19,9.999999747378752e-05,0.014210854656994343
2,task_3,114,20,9.999999747378752e-05,0.014210854656994343
2,task_3,114,21,9.999999747378752e-05,0.014210854656994343
2,task_3,114,22,9.999999747378752e-05,0.014210854656994343
2,task_3,114,23,9.999999747378752e-05,0.014210854656994343
2,task_3,114,24,9.999999747378752e-05,0.014210854656994343
2,task_3,114,25,9.999999747378752e-05,0.014210854656994343
2,task_3,114,26,9.999999747378752e-05,0.014210854656994343
2,task_3,114,27,9.999999747378752e-05,0.014210854656994343
2,task_3,114,28,9.999999747378752e-05,0.014210854656994343
2,task_3,114,29,9.999999747378752e-05,0.014210854656994343
2,task_3,115,0,0.5397632122039795,0.7829171419143677
2,task_3,115,1,0.54735267162323,0.8001132011413574
2,task_3,115,2,0.5546000003814697,0.8144852519035339
2,task_3,115,3,0.5592110753059387,0.8202462196350098
2,task_3,115,4,0.5635336637496948,0.8236806988716125
2,task_3,115,5,0.5689684748649597,0.8297692537307739
2,task_3,115,6,0.5740943551063538,0.8347218632698059
2,task_3,115,7,0.5800145268440247,0.8347896337509155
2,task_3,115,8,0.5861117243766785,0.8337969183921814
2,task_3,115,9,0.5909470319747925,0.8316589593887329
2,task_3,115,10,0.598887026309967,0.824296236038208
2,task_3,115,11,0.6136109232902527,0.7918219566345215
2,task_3,115,12,0.634341835975647,0.7300753593444824
2,task_3,115,13,0.664888322353363,0.6088873744010925
2,task_3,115,14,0.6950333118438721,0.4959511160850525
2,task_3,115,15,0.7320721745491028,0.37682387232780457
2,task_3,115,16,0.7780927419662476,0.2389208972454071
2,task_3,115,17,0.8243905305862427,0.11320406198501587
2,task_3,115,18,0.885986864566803,-0.05083644017577171
2,task_3,115,19,0.9467610120773315,-0.20217519998550415
2,task_3,115,20,1.0266343355178833,-0.356762170791626
2,task_3,115,21,1.112284779548645,-0.531721830368042
2,task_3,115,22,1.1945841312408447,-0.6706241369247437
2,task_3,115,23,1.2975471019744873,-0.8407673239707947
2,task_3,115,24,1.4084328413009644,-0.9777714014053345
2,task_3,115,25,1.5230515003204346,-1.1789034605026245
2,task_3,115,26,1.6553678512573242,-1.3719096183776855
2,task_3,115,27,1.8018044233322144,-1.5800906419754028
2,task_3,115,28,1.961765170097351,-1.7798866033554077
2,task_3,115,29,2.6075551509857178,-2.8447089195251465
2,task_3,116,0,0.35415810346603394,-0.7536897659301758
2,task_3,116,1,0.3611062169075012,-0.778212308883667
2,task_3,116,2,0.3662831485271454,-0.7904064059257507
2,task_3,116,3,0.3702397644519806,-0.7922460436820984
2,task_3,116,4,0.37471285462379456,-0.7868443727493286
2,task_3,116,5,0.3786482810974121,-0.7865538001060486
2,task_3,116,6,0.383927583694458,-0.7745568156242371
2,task_3,116,7,0.3914191722869873,-0.7575594186782837
2,task_3,116,8,0.3978053629398346,-0.7363556027412415
2,task_3,116,9,0.4033389389514923,-0.7089821696281433
2,task_3,116,10,0.41724470257759094,-0.6442142724990845
2,task_3,116,11,0.42893412709236145,-0.578923225402832
2,task_3,116,12,0.45318302512168884,-0.48838871717453003
2,task_3,116,13,0.48383629322052,-0.42055001854896545
2,task_3,116,14,0.5232668519020081,-0.3992496132850647
2,task_3,116,15,0.5716562271118164,-0.4998110234737396
2,task_3,116,16,0.6306276917457581,-0.5850450992584229
2,task_3,116,17,0.6836190223693848,-0.3957284390926361
2,task_3,116,18,0.7539666891098022,-0.2837950885295868
2,task_3,116,19,0.8257726430892944,-0.18246698379516602
2,task_3,116,20,0.9144994020462036,-0.08670755475759506
2,task_3,116,21,1.0091702938079834,0.17565609514713287
2,task_3,116,22,1.0976301431655884,0.4915401339530945
2,task_3,116,23,1.2078274488449097,0.817367672920227
2,task_3,116,24,1.3381016254425049,1.1962894201278687
2,task_3,116,25,1.4567539691925049,1.4955699443817139
2,task_3,116,26,1.588533878326416,1.7658288478851318
2,task_3,116,27,1.7520376443862915,2.086390495300293
2,task_3,116,28,1.8999459743499756,2.1901981830596924
2,task_3,116,29,2.422386646270752,2.0114455223083496
2,task_3,117,0,9.999999747378752e-05,0.0
2,task_3,117,1,9.999999747378752e-05,0.0
2,task_3,117,2,9.999999747378752e-05,0.0
2,task_3,117,3,9.999999747378752e-05,0.0
2,task_3,117,4,9.999999747378752e-05,0.0
2,task_3,117,5,9.999999747378752e-05,0.0
2,task_3,117,6,9.999999747378752e-05,0.0
2,task_3,117,7,9.999999747378752e-05,0.0
2,task_3,117,8,9.999999747378752e-05,0.0
2,task_3,117,9,9.999999747378752e-05,0.0
2,task_3,117,10,9.999999747378752e-05,0.0
2,task_3,117,11,9.999999747378752e-05,0.0
2,task_3,117,12,9.999999747378752e-05,0.0
2,task_3,117,13,9.999999747378752e-05,0.0
2,task_3,117,14,9.999999747378752e-05,0.0
2,task_3,117,15,9.999999747378752e-05,0.0
2,task_3,117,16,9.999999747378752e-05,0.0
2,task_3,117,17,9.999999747378752e-05,0.0
2,task_3,117,18,9.999999747378752e-05,0.0
2,task_3,117,19,9.999999747378752e-05,0.0
2,task_3,117,20,9.999999747378752e-05,0.0
2,task_3,117,21,9.999999747378752e-05,0.0
2,task_3,117,22,9.999999747378752e-05,0.0
2,task_3,117,23,9.999999747378752e-05,0.0
2,task_3,117,24,9.999999747378752e-05,0.0
2,task_3,117,25,9.999999747378752e-05,0.0
2,task_3,117,26,9.999999747378752e-05,0.0
2,task_3,117,27,9.999999747378752e-05,0.0
2,task_3,117,28,9.999999747378752e-05,0.0
2,task_3,117,29,9.999999747378752e-05,0.0
2,task_3,118,0,0.0,0.028421709313988686
2,task_3,118,1,0.0,0.028421709313988686
2,task_3,118,2,0.0,0.028421709313988686
2,task_3,118,3,0.0,0.028421709313988686
2,task_3,118,4,0.0,0.028421709313988686
2,task_3,118,5,0.0,0.028421709313988686
2,task_3,118,6,0.0,0.028421709313988686
2,task_3,118,7,0.0,0.028421709313988686
2,task_3,118,8,0.0,0.028421709313988686
2,task_3,118,9,0.0,0.028421709313988686
2,task_3,118,10,0.0,0.028421709313988686
2,task_3,118,11,0.0,0.028421709313988686
2,task_3,118,12,0.0,0.028421709313988686
2,task_3,118,13,0.0,0.028421709313988686
2,task_3,118,14,0.0,0.028421709313988686
2,task_3,118,15,0.0,0.028421709313988686
2,task_3,118,16,0.0,0.028421709313988686
2,task_3,118,17,0.0018847938627004623,0.028421709313988686
2,task_3,118,18,0.010922365821897984,0.028421709313988686
2,task_3,118,19,0.022281961515545845,0.028421709313988686
2,task_3,118,20,0.03284177929162979,0.028421709313988686
2,task_3,118,21,0.042008720338344574,0.028421709313988686
2,task_3,118,22,0.049872856587171555,0.028421709313988686
2,task_3,118,23,0.05459976941347122,0.028421709313988686
2,task_3,118,24,0.06083184480667114,0.028421709313988686
2,task_3,118,25,0.06598298251628876,0.028421709313988686
2,task_3,118,26,0.0726696327328682,0.028421709313988686
2,task_3,118,27,0.07956971228122711,0.028421709313988686
2,task_3,118,28,0.08955759555101395,0.028421709313988686
2,task_3,118,29,0.11306927353143692,0.028421709313988686
2,task_3,119,0,9.999999747378752e-05,0.028421709313988686
2,task_3,119,1,9.999999747378752e-05,0.028421709313988686
2,task_3,119,2,9.999999747378752e-05,0.028421709313988686
2,task_3,119,3,9.999999747378752e-05,0.028421709313988686
2,task_3,119,4,9.999999747378752e-05,0.028421709313988686
2,task_3,119,5,9.999999747378752e-05,0.028421709313988686
2,task_3,119,6,9.999999747378752e-05,0.028421709313988686
2,task_3,119,7,9.999999747378752e-05,0.028421709313988686
2,task_3,119,8,9.999999747378752e-05,0.028421709313988686
2,task_3,119,9,9.999999747378752e-05,0.028421709313988686
2,task_3,119,10,9.999999747378752e-05,0.028421709313988686
2,task_3,119,11,9.999999747378752e-05,0.028421709313988686
2,task_3,119,12,9.999999747378752e-05,0.028421709313988686
2,task_3,119,13,9.999999747378752e-05,0.028421709313988686
2,task_3,119,14,9.999999747378752e-05,0.028421709313988686
2,task_3,119,15,9.999999747378752e-05,0.028421709313988686
2,task_3,119,16,9.999999747378752e-05,0.028421709313988686
2,task_3,119,17,9.999999747378752e-05,0.028421709313988686
2,task_3,119,18,9.999999747378752e-05,0.028421709313988686
2,task_3,119,19,9.999999747378752e-05,0.028421709313988686
2,task_3,119,20,9.999999747378752e-05,0.028421709313988686
2,task_3,119,21,9.999999747378752e-05,0.028421709313988686
2,task_3,119,22,9.999999747378752e-05,0.028421709313988686
2,task_3,119,23,9.999999747378752e-05,0.028421709313988686
2,task_3,119,24,9.999999747378752e-05,0.028421709313988686
2,task_3,119,25,9.999999747378752e-05,0.028421709313988686
2,task_3,119,26,9.999999747378752e-05,0.028421709313988686
2,task_3,119,27,9.999999747378752e-05,0.028421709313988686
2,task_3,119,28,9.999999747378752e-05,0.028421709313988686
2,task_3,119,29,9.999999747378752e-05,0.028421709313988686
2,task_3,120,0,0.10595069080591202,-1.6378250122070312
2,task_3,120,1,0.13839781284332275,-1.4693917036056519
2,task_3,120,2,0.1767733097076416,-1.2462162971496582
2,task_3,120,3,0.2051261067390442,-1.0823314189910889
2,task_3,120,4,0.24772140383720398,-0.8835605382919312
2,task_3,120,5,0.27583175897598267,-0.7988852858543396
2,task_3,120,6,0.3082508146762848,-0.6926680207252502
2,task_3,120,7,0.3522283434867859,-0.553383469581604
2,task_3,120,8,0.38658061623573303,-0.45769229531288147
2,task_3,120,9,0.4239540100097656,-0.37057220935821533
2,task_3,120,10,0.4667958617210388,-0.2963069975376129
2,task_3,120,11,0.5087662935256958,-0.2685580253601074
2,task_3,120,12,0.5507234334945679,-0.23187097907066345
2,task_3,120,13,0.5917565226554871,-0.1988702118396759
2,task_3,120,14,0.6285520792007446,-0.18497616052627563
2,task_3,120,15,0.6814162135124207,-0.15313826501369476
2,task_3,120,16,0.7329195737838745,-0.11873369663953781
2,task_3,120,17,0.780285120010376,-0.09359630197286606
2,task_3,120,18,0.8262364864349365,-0.11176767945289612
2,task_3,120,19,0.8840187191963196,-0.03021976724267006
2,task_3,120,20,0.9367640018463135,0.0849032998085022
2,task_3,120,21,1.0015052556991577,0.2506922781467438
2,task_3,120,22,1.06230628490448,0.44446873664855957
2,task_3,120,23,1.1198855638504028,0.6488209366798401
2,task_3,120,24,1.190270185470581,0.8907855749130249
2,task_3,120,25,1.264752745628357,1.0903879404067993
2,task_3,120,26,1.3368465900421143,1.2652161121368408
2,task_3,120,27,1.4077675342559814,1.468045711517334
2,task_3,120,28,1.4982476234436035,1.7025293111801147
2,task_3,120,29,2.1083879470825195,3.0347115993499756
2,task_3,121,0,0.0,0.6553964018821716
2,task_3,121,1,0.0,0.6553964018821716
2,task_3,121,2,0.0,0.6553964018821716
2,task_3,121,3,0.0,0.6553964018821716
2,task_3,121,4,0.0,0.6553964018821716
2,task_3,121,5,0.0,0.6553964018821716
2,task_3,121,6,0.0,0.6553964018821716
2,task_3,121,7,0.0,0.6553964018821716
2,task_3,121,8,0.0,0.6553964018821716
2,task_3,121,9,0.0,0.6553964018821716
2,task_3,121,10,0.0,0.6553964018821716
2,task_3,121,11,0.0,0.6553964018821716
2,task_3,121,12,0.0,0.6553964018821716
2,task_3,121,13,0.0,0.6553964018821716
2,task_3,121,14,0.0,0.6553964018821716
2,task_3,121,15,0.0,0.6553964018821716
2,task_3,121,16,0.0,0.6553964018821716
2,task_3,121,17,0.0,0.6553964018821716
2,task_3,121,18,0.0,0.6553964018821716
2,task_3,121,19,0.0,0.6553964018821716
2,task_3,121,20,0.04880235716700554,-0.5867946743965149
2,task_3,121,21,0.08982579410076141,-0.6423725485801697
2,task_3,121,22,0.13777107000350952,-1.4240115880966187
2,task_3,121,23,0.1708541065454483,-1.9253383874893188
2,task_3,121,24,0.19564688205718994,-1.6932227611541748
2,task_3,121,25,0.22074013948440552,-1.5326402187347412
2,task_3,121,26,0.2410176694393158,-1.824642539024353
2,task_3,121,27,0.2554044723510742,-1.7806087732315063
2,task_3,121,28,0.2711755931377411,-1.4653539657592773
2,task_3,121,29,0.30335548520088196,-0.23294273018836975
2,task_3,122,0,9.999999747378752e-05,0.11368683725595474
2,task_3,122,1,9.999999747378752e-05,0.11368683725595474
2,task_3,122,2,9.999999747378752e-05,0.11368683725595474
2,task_3,122,3,9.999999747378752e-05,0.11368683725595474
2,task_3,122,4,9.999999747378752e-05,0.11368683725595474
2,task_3,122,5,9.999999747378752e-05,0.11368683725595474
2,task_3,122,6,9.999999747378752e-05,0.11368683725595474
2,task_3,122,7,9.999999747378752e-05,0.11368683725595474
2,task_3,122,8,9.999999747378752e-05,0.11368683725595474
2,task_3,122,9,9.999999747378752e-05,0.11368683725595474
2,task_3,122,10,9.999999747378752e-05,0.11368683725595474
2,task_3,122,11,9.999999747378752e-05,0.11368683725595474
2,task_3,122,12,9.999999747378752e-05,0.11368683725595474
2,task_3,122,13,9.999999747378752e-05,0.11368683725595474
2,task_3,122,14,9.999999747378752e-05,0.11368683725595474
2,task_3,122,15,9.999999747378752e-05,0.11368683725595474
2,task_3,122,16,9.999999747378752e-05,0.11368683725595474
2,task_3,122,17,9.999999747378752e-05,0.11368683725595474
2,task_3,122,18,9.999999747378752e-05,0.11368683725595474
2,task_3,122,19,9.999999747378752e-05,0.11368683725595474
2,task_3,122,20,9.999999747378752e-05,0.11368683725595474
2,task_3,122,21,9.999999747378752e-05,0.11368683725595474
2,task_3,122,22,9.999999747378752e-05,0.11368683725595474
2,task_3,122,23,9.999999747378752e-05,0.11368683725595474
2,task_3,122,24,9.999999747378752e-05,0.11368683725595474
2,task_3,122,25,9.999999747378752e-05,0.11368683725595474
2,task_3,122,26,9.999999747378752e-05,0.11368683725595474
2,task_3,122,27,9.999999747378752e-05,0.11368683725595474
2,task_3,122,28,9.999999747378752e-05,0.11368683725595474
2,task_3,122,29,9.999999747378752e-05,0.11368683725595474
2,task_3,123,0,0.07641404867172241,0.8397473096847534
2,task_3,123,1,0.08226405084133148,0.8397473096847534
2,task_3,123,2,0.0889011025428772,0.8397473096847534
2,task_3,123,3,0.0946323573589325,0.8160905241966248
2,task_3,123,4,0.09874548017978668,0.7995392680168152
2,task_3,123,5,0.10334135591983795,0.7802792191505432
2,task_3,123,6,0.11069396138191223,0.7501428127288818
2,task_3,123,7,0.12146547436714172,0.7054089903831482
2,task_3,123,8,0.132440447807312,0.6593674421310425
2,task_3,123,9,0.14180399477481842,0.6199188828468323
2,task_3,123,10,0.1579703986644745,0.550323486328125
2,task_3,123,11,0.17442288994789124,0.48313069343566895
2,task_3,123,12,0.18864208459854126,0.4433369040489197
2,task_3,123,13,0.20348294079303741,0.3997425138950348
2,task_3,123,14,0.22410883009433746,0.3416220247745514
2,task_3,123,15,0.2428232729434967,0.28341779112815857
2,task_3,123,16,0.2578614056110382,0.2315424233675003
2,task_3,123,17,0.28348639607429504,0.14485390484333038
2,task_3,123,18,0.30508488416671753,0.07449999451637268
2,task_3,123,19,0.3294508457183838,-0.011653540655970573
2,task_3,123,20,0.35119864344596863,-0.08959333598613739
2,task_3,123,21,0.3810160160064697,-0.21151700615882874
2,task_3,123,22,0.42606985569000244,-0.3942922055721283
2,task_3,123,23,0.45913171768188477,-0.5172284245491028
2,task_3,123,24,0.5088310837745667,-0.7183247804641724
2,task_3,123,25,0.5533067584037781,-0.8991724848747253
2,task_3,123,26,0.6084123849868774,-1.1260472536087036
2,task_3,123,27,0.6422078013420105,-1.269784688949585
2,task_3,123,28,0.6944808959960938,-1.4887505769729614
2,task_3,123,29,1.2547472715377808,-3.8760921955108643
2,task_3,124,0,9.999999747378752e-05,0.0
2,task_3,124,1,9.999999747378752e-05,0.0
2,task_3,124,2,9.999999747378752e-05,0.0
2,task_3,124,3,9.999999747378752e-05,0.0
2,task_3,124,4,9.999999747378752e-05,0.0
2,task_3,124,5,9.999999747378752e-05,0.0
2,task_3,124,6,9.999999747378752e-05,0.0
2,task_3,124,7,9.999999747378752e-05,0.0
2,task_3,124,8,9.999999747378752e-05,0.0
2,task_3,124,9,9.999999747378752e-05,0.0
2,task_3,124,10,9.999999747378752e-05,0.0
2,task_3,124,11,9.999999747378752e-05,0.0
2,task_3,124,12,9.999999747378752e-05,0.0
2,task_3,124,13,9.999999747378752e-05,0.0
2,task_3,124,14,9.999999747378752e-05,0.0
2,task_3,124,15,9.999999747378752e-05,0.0
2,task_3,124,16,9.999999747378752e-05,0.0
2,task_3,124,17,9.999999747378752e-05,0.0
2,task_3,124,18,9.999999747378752e-05,0.0
2,task_3,124,19,9.999999747378752e-05,0.0
2,task_3,124,20,9.999999747378752e-05,0.0
2,task_3,124,21,9.999999747378752e-05,0.0
2,task_3,124,22,9.999999747378752e-05,0.0
2,task_3,124,23,9.999999747378752e-05,0.0
2,task_3,124,24,9.999999747378752e-05,0.0
2,task_3,124,25,9.999999747378752e-05,0.0
2,task_3,124,26,9.999999747378752e-05,0.0
2,task_3,124,27,9.999999747378752e-05,0.0
2,task_3,124,28,9.999999747378752e-05,0.0
2,task_3,124,29,9.999999747378752e-05,0.0
2,task_3,125,0,0.8635081648826599,0.7655313014984131
2,task_3,125,1,0.8738420605659485,0.7655313014984131
2,task_3,125,2,0.8837408423423767,0.7655313014984131
2,task_3,125,3,0.8918653130531311,0.7655313014984131
2,task_3,125,4,0.901059091091156,0.7655313014984131
2,task_3,125,5,0.9148512482643127,0.723661482334137
2,task_3,125,6,0.9308062791824341,0.6900372505187988
2,task_3,125,7,0.9517872929573059,0.6587430834770203
2,task_3,125,8,0.9724515676498413,0.6398627161979675
2,task_3,125,9,0.9934145212173462,0.6253771185874939
2,task_3,125,10,1.0148797035217285,0.609959065914154
2,task_3,125,11,1.044365406036377,0.5810152292251587
2,task_3,125,12,1.0770955085754395,0.5527206063270569
2,task_3,125,13,1.1105231046676636,0.5207816958427429
2,task_3,125,14,1.135572075843811,0.5021206736564636
2,task_3,125,15,1.1664845943450928,0.4758521020412445
2,task_3,125,16,1.217538595199585,0.4390623867511749
2,task_3,125,17,1.3067152500152588,0.3755266070365906
2,task_3,125,18,1.4202326536178589,0.29759398102760315
2,task_3,125,19,1.5547677278518677,0.17324060201644897
2,task_3,125,20,1.7240772247314453,-0.005186885595321655
2,task_3,125,21,1.9108340740203857,-0.21356618404388428
2,task_3,125,22,2.107048749923706,-0.40720251202583313
2,task_3,125,23,2.3099865913391113,-0.5994843244552612
2,task_3,125,24,2.572209119796753,-0.8616676330566406
2,task_3,125,25,2.8441195487976074,-1.157129168510437
2,task_3,125,26,3.124687433242798,-1.4857040643692017
2,task_3,125,27,3.436236619949341,-1.8342870473861694
2,task_3,125,28,3.8031468391418457,-2.2174875736236572
2,task_3,125,29,4.44131326675415,-2.9114954471588135
2,task_3,126,0,0.0,-0.4334198236465454
2,task_3,126,1,0.0,-0.4334198236465454
2,task_3,126,2,0.0,-0.4334198236465454
2,task_3,126,3,0.0,-0.4334198236465454
2,task_3,126,4,0.0,-0.4334198236465454
2,task_3,126,5,0.0,-0.4334198236465454
2,task_3,126,6,0.0,-0.4334198236465454
2,task_3,126,7,0.0,-0.4334198236465454
2,task_3,126,8,0.0,-0.4334198236465454
2,task_3,126,9,0.0,-0.4334198236465454
2,task_3,126,10,0.0,-0.4334198236465454
2,task_3,126,11,0.0,-0.4334198236465454
2,task_3,126,12,0.0,-0.4334198236465454
2,task_3,126,13,0.0,-0.4334198236465454
2,task_3,126,14,0.0,-0.4334198236465454
2,task_3,126,15,0.0,-0.4334198236465454
2,task_3,126,16,0.0,-0.4334198236465454
2,task_3,126,17,0.0,-0.4334198236465454
2,task_3,126,18,0.0,-0.4334198236465454
2,task_3,126,19,0.0,-0.4334198236465454
2,task_3,126,20,0.0,-0.4334198236465454
2,task_3,126,21,0.0,-0.4334198236465454
2,task_3,126,22,0.0,-0.4334198236465454
2,task_3,126,23,0.0,-0.4334198236465454
2,task_3,126,24,0.033274516463279724,-0.07072020322084427
2,task_3,126,25,0.1052563339471817,0.8586041927337646
2,task_3,126,26,0.16693316400051117,1.7100967168807983
2,task_3,126,27,0.23986078798770905,2.6346983909606934
2,task_3,126,28,0.32622194290161133,2.6346983909606934
2,task_3,126,29,0.39862772822380066,2.6346983909606934
2,task_3,127,0,9.999999747378752e-05,0.0
2,task_3,127,1,9.999999747378752e-05,0.0
2,task_3,127,2,9.999999747378752e-05,0.0
2,task_3,127,3,9.999999747378752e-05,0.0
2,task_3,127,4,9.999999747378752e-05,0.0
2,task_3,127,5,9.999999747378752e-05,0.0
2,task_3,127,6,9.999999747378752e-05,0.0
2,task_3,127,7,9.999999747378752e-05,0.0
2,task_3,127,8,9.999999747378752e-05,0.0
2,task_3,127,9,9.999999747378752e-05,0.0
2,task_3,127,10,9.999999747378752e-05,0.0
2,task_3,127,11,9.999999747378752e-05,0.0
2,task_3,127,12,9.999999747378752e-05,0.0
2,task_3,127,13,9.999999747378752e-05,0.0
2,task_3,127,14,9.999999747378752e-05,0.0
2,task_3,127,15,9.999999747378752e-05,0.0
2,task_3,127,16,9.999999747378752e-05,0.0
2,task_3,127,17,9.999999747378752e-05,0.0
2,task_3,127,18,9.999999747378752e-05,0.0
2,task_3,127,19,9.999999747378752e-05,0.0
2,task_3,127,20,9.999999747378752e-05,0.0
2,task_3,127,21,9.999999747378752e-05,0.0
2,task_3,127,22,9.999999747378752e-05,0.0
2,task_3,127,23,9.999999747378752e-05,0.0
2,task_3,127,24,9.999999747378752e-05,0.0
2,task_3,127,25,9.999999747378752e-05,0.0
2,task_3,127,26,9.999999747378752e-05,0.0
2,task_3,127,27,9.999999747378752e-05,0.0
2,task_3,127,28,9.999999747378752e-05,0.0
2,task_3,127,29,9.999999747378752e-05,0.0
3,task_4,0,0,0.0,1.2105165719985962
3,task_4,0,1,0.0,1.2105165719985962
3,task_4,0,2,0.0,1.2105165719985962
3,task_4,0,3,0.0,1.2105165719985962
3,task_4,0,4,0.0,1.2105165719985962
3,task_4,0,5,0.0,1.2105165719985962
3,task_4,0,6,0.0,1.2105165719985962
3,task_4,0,7,0.0,1.2105165719985962
3,task_4,0,8,0.0,1.2105165719985962
3,task_4,0,9,0.0,1.2105165719985962
3,task_4,0,10,0.02030467987060547,0.3208887577056885
3,task_4,0,11,0.0406968891620636,-0.47526752948760986
3,task_4,0,12,0.05960223078727722,-0.9766532778739929
3,task_4,0,13,0.06832338869571686,-1.073278546333313
3,task_4,0,14,0.07442745566368103,-1.0646685361862183
3,task_4,0,15,0.07791607826948166,-1.0327571630477905
3,task_4,0,16,0.08230321109294891,-0.9920861721038818
3,task_4,0,17,0.08643589168787003,-0.9380093812942505
3,task_4,0,18,0.08973731100559235,-0.8950511813163757
3,task_4,0,19,0.09416617453098297,-0.843522846698761
3,task_4,0,20,0.09741660952568054,-0.8014011383056641
3,task_4,0,21,0.10030238330364227,-0.7678332924842834
3,task_4,0,22,0.10330639034509659,-0.7340167164802551
3,task_4,0,23,0.10569421947002411,-0.6907972693443298
3,task_4,0,24,0.10869503766298294,-0.6460198760032654
3,task_4,0,25,0.11140835285186768,-0.602843701839447
3,task_4,0,26,0.11460291594266891,-0.5500043630599976
3,task_4,0,27,0.11830348521471024,-0.5031363368034363
3,task_4,0,28,0.12198760360479355,-0.43829986453056335
3,task_4,0,29,0.20312120020389557,1.599595069885254
3,task_4,1,0,0.3905753195285797,0.0
3,task_4,1,1,0.3905753195285797,0.0
3,task_4,1,2,0.3905753195285797,0.0
3,task_4,1,3,0.3905753195285797,0.0
3,task_4,1,4,0.3905753195285797,0.0
3,task_4,1,5,0.3905753195285797,0.0
3,task_4,1,6,0.3905753195285797,0.0
3,task_4,1,7,0.3905753195285797,0.0
3,task_4,1,8,0.3905753195285797,0.0
3,task_4,1,9,0.3905753195285797,0.0
3,task_4,1,10,0.3905753195285797,0.0
3,task_4,1,11,0.3905753195285797,0.0
3,task_4,1,12,0.3905753195285797,0.0
3,task_4,1,13,0.3905753195285797,0.0
3,task_4,1,14,0.3905753195285797,0.0
3,task_4,1,15,0.3905753195285797,0.0
3,task_4,1,16,0.3905753195285797,0.0
3,task_4,1,17,0.3905753195285797,0.0
3,task_4,1,18,0.3905753195285797,0.0
3,task_4,1,19,0.3905753195285797,0.0
3,task_4,1,20,0.3905753195285797,0.0
3,task_4,1,21,0.3905753195285797,0.0
3,task_4,1,22,0.3905753195285797,0.0
3,task_4,1,23,0.3905753195285797,0.0
3,task_4,1,24,0.3905753195285797,0.0
3,task_4,1,25,0.3905753195285797,0.0
3,task_4,1,26,0.3905753195285797,0.0
3,task_4,1,27,0.3905753195285797,0.0
3,task_4,1,28,0.3905753195285797,0.0
3,task_4,1,29,0.3905753195285797,0.0
3,task_4,2,0,0.0,0.23642972111701965
3,task_4,2,1,0.0,0.23642972111701965
3,task_4,2,2,0.0,0.23642972111701965
3,task_4,2,3,0.0,0.23642972111701965
3,task_4,2,4,0.0,0.23642972111701965
3,task_4,2,5,0.0,0.23642972111701965
3,task_4,2,6,0.0,0.23642972111701965
3,task_4,2,7,0.0,0.23642972111701965
3,task_4,2,8,0.0,0.23642972111701965
3,task_4,2,9,0.0,0.23642972111701965
3,task_4,2,10,0.0,0.23642972111701965
3,task_4,2,11,0.0,0.23642972111701965
3,task_4,2,12,0.0,0.23642972111701965
3,task_4,2,13,0.0,0.23642972111701965
3,task_4,2,14,0.0,0.23642972111701965
3,task_4,2,15,0.0,0.23642972111701965
3,task_4,2,16,0.0,0.23642972111701965
3,task_4,2,17,0.0,0.23642972111701965
3,task_4,2,18,0.0,0.23642972111701965
3,task_4,2,19,0.0,0.23642972111701965
3,task_4,2,20,0.0,0.23642972111701965
3,task_4,2,21,0.0,0.23642972111701965
3,task_4,2,22,0.0,0.23642972111701965
3,task_4,2,23,0.0,0.23642972111701965
3,task_4,2,24,0.0,0.23642972111701965
3,task_4,2,25,0.0,0.23642972111701965
3,task_4,2,26,0.0,0.23642972111701965
3,task_4,2,27,0.04209016636013985,-0.33155786991119385
3,task_4,2,28,0.08420488238334656,-0.896800696849823
3,task_4,2,29,0.8803329467773438,-5.155243873596191
3,task_4,3,0,0.40929827094078064,0.0
3,task_4,3,1,0.40929827094078064,0.0
3,task_4,3,2,0.40929827094078064,0.0
3,task_4,3,3,0.40929827094078064,0.0
3,task_4,3,4,0.40929827094078064,0.0
3,task_4,3,5,0.40929827094078064,0.0
3,task_4,3,6,0.40929827094078064,0.0
3,task_4,3,7,0.40929827094078064,0.0
3,task_4,3,8,0.40929827094078064,0.0
3,task_4,3,9,0.40929827094078064,0.0
3,task_4,3,10,0.40929827094078064,0.0
3,task_4,3,11,0.40929827094078064,0.0
3,task_4,3,12,0.40929827094078064,0.0
3,task_4,3,13,0.40929827094078064,0.0
3,task_4,3,14,0.40929827094078064,0.0
3,task_4,3,15,0.40929827094078064,0.0
3,task_4,3,16,0.40929827094078064,0.0
3,task_4,3,17,0.40929827094078064,0.0
3,task_4,3,18,0.40929827094078064,0.0
3,task_4,3,19,0.40929827094078064,0.0
3,task_4,3,20,0.40929827094078064,0.0
3,task_4,3,21,0.40929827094078064,0.0
3,task_4,3,22,0.40929827094078064,0.0
3,task_4,3,23,0.40929827094078064,0.0
3,task_4,3,24,0.40929827094078064,0.0
3,task_4,3,25,0.40929827094078064,0.0
3,task_4,3,26,0.40929827094078064,0.0
3,task_4,3,27,0.40929827094078064,0.0
3,task_4,3,28,0.40929827094078064,0.0
3,task_4,3,29,0.40929827094078064,0.0
3,task_4,4,0,0.19270560145378113,0.8882134556770325
3,task_4,4,1,0.1960606426000595,0.8793724179267883
3,task_4,4,2,0.1997876763343811,0.8702686429023743
3,task_4,4,3,0.20377472043037415,0.8598551750183105
3,task_4,4,4,0.20767256617546082,0.8494306206703186
3,task_4,4,5,0.21218764781951904,0.8379678130149841
3,task_4,4,6,0.21691274642944336,0.8259667754173279
3,task_4,4,7,0.22120198607444763,0.8146712779998779
3,task_4,4,8,0.22604596614837646,0.8022339940071106
3,task_4,4,9,0.23429349064826965,0.7818741202354431
3,task_4,4,10,0.24318531155586243,0.7593209147453308
3,task_4,4,11,0.267008900642395,0.6996802091598511
3,task_4,4,12,0.2956978678703308,0.6210058331489563
3,task_4,4,13,0.33313512802124023,0.5111056566238403
3,task_4,4,14,0.37886953353881836,0.3759029805660248
3,task_4,4,15,0.42057040333747864,0.28069445490837097
3,task_4,4,16,0.48380807042121887,0.16831836104393005
3,task_4,4,17,0.5469817519187927,0.07812010496854782
3,task_4,4,18,0.624984622001648,-0.013559930957853794
3,task_4,4,19,0.7040154337882996,-0.11743880063295364
3,task_4,4,20,0.7950741052627563,-0.2470032423734665
3,task_4,4,21,0.9011210799217224,-0.39476990699768066
3,task_4,4,22,1.0101799964904785,-0.5490502715110779
3,task_4,4,23,1.1335840225219727,-0.730591356754303
3,task_4,4,24,1.2585747241973877,-0.9137712717056274
3,task_4,4,25,1.3909919261932373,-1.1149846315383911
3,task_4,4,26,1.562513828277588,-1.3687646389007568
3,task_4,4,27,1.7223961353302002,-1.6098699569702148
3,task_4,4,28,1.8968706130981445,-1.8714289665222168
3,task_4,4,29,3.0611259937286377,-2.9727659225463867
3,task_4,5,0,0.46688348054885864,0.0
3,task_4,5,1,0.46688348054885864,0.0
3,task_4,5,2,0.46688348054885864,0.0
3,task_4,5,3,0.46688348054885864,0.0
3,task_4,5,4,0.46688348054885864,0.0
3,task_4,5,5,0.46688348054885864,0.0
3,task_4,5,6,0.46688348054885864,0.0
3,task_4,5,7,0.46688348054885864,0.0
3,task_4,5,8,0.46688348054885864,0.0
3,task_4,5,9,0.46688348054885864,0.0
3,task_4,5,10,0.46688348054885864,0.0
3,task_4,5,11,0.46688348054885864,0.0
3,task_4,5,12,0.46688348054885864,0.0
3,task_4,5,13,0.46688348054885864,0.0
3,task_4,5,14,0.46688348054885864,0.0
3,task_4,5,15,0.46688348054885864,0.0
3,task_4,5,16,0.46688348054885864,0.0
3,task_4,5,17,0.46688348054885864,0.0
3,task_4,5,18,0.46688348054885864,0.0
3,task_4,5,19,0.46688348054885864,0.0
3,task_4,5,20,0.46688348054885864,0.0
3,task_4,5,21,0.46688348054885864,0.0
3,task_4,5,22,0.46688348054885864,0.0
3,task_4,5,23,0.46688348054885864,0.0
3,task_4,5,24,0.46688348054885864,0.0
3,task_4,5,25,0.46688348054885864,0.0
3,task_4,5,26,0.46688348054885864,0.0
3,task_4,5,27,0.46688348054885864,0.0
3,task_4,5,28,0.46688348054885864,0.0
3,task_4,5,29,0.46688348054885864,0.0
3,task_4,6,0,0.0,1.34694242477417
3,task_4,6,1,0.0,1.34694242477417
3,task_4,6,2,0.0,1.34694242477417
3,task_4,6,3,0.0,1.34694242477417
3,task_4,6,4,0.0,1.34694242477417
3,task_4,6,5,0.0,1.34694242477417
3,task_4,6,6,0.0,1.34694242477417
3,task_4,6,7,0.0,1.34694242477417
3,task_4,6,8,0.031137701123952866,1.0759453773498535
3,task_4,6,9,0.07211687415838242,0.752532958984375
3,task_4,6,10,0.10817324370145798,0.439421147108078
3,task_4,6,11,0.1535297930240631,0.23537981510162354
3,task_4,6,12,0.17847445607185364,0.17830729484558105
3,task_4,6,13,0.21068623661994934,0.041801419109106064
3,task_4,6,14,0.24011415243148804,-0.14291395246982574
3,task_4,6,15,0.261104553937912,-0.31594958901405334
3,task_4,6,16,0.2856632471084595,-0.5431195497512817
3,task_4,6,17,0.30453190207481384,-0.7435014843940735
3,task_4,6,18,0.3214554488658905,-0.979453444480896
3,task_4,6,19,0.332603394985199,-0.979453444480896
3,task_4,6,20,0.33879101276397705,-0.979453444480896
3,task_4,6,21,0.3446061909198761,-0.979453444480896
3,task_4,6,22,0.34909722208976746,-0.979453444480896
3,task_4,6,23,0.35348212718963623,-0.979453444480896
3,task_4,6,24,0.3567535877227783,-0.979453444480896
3,task_4,6,25,0.3597503900527954,-0.979453444480896
3,task_4,6,26,0.3633922338485718,-0.979453444480896
3,task_4,6,27,0.36739784479141235,-0.979453444480896
3,task_4,6,28,0.37366414070129395,-0.979453444480896
3,task_4,6,29,0.3920259475708008,-0.979453444480896
3,task_4,7,0,1.573320746421814,1.0314579010009766
3,task_4,7,1,1.6350151300430298,1.0035781860351562
3,task_4,7,2,1.707197666168213,0.9729223847389221
3,task_4,7,3,1.7519396543502808,0.9536552429199219
3,task_4,7,4,1.8209915161132812,0.9247401356697083
3,task_4,7,5,1.8909019231796265,0.894981861114502
3,task_4,7,6,1.9727733135223389,0.8580804467201233
3,task_4,7,7,2.071075201034546,0.8144596815109253
3,task_4,7,8,2.1598620414733887,0.77492356300354
3,task_4,7,9,2.248439073562622,0.7361085414886475
3,task_4,7,10,2.3708138465881348,0.6825669407844543
3,task_4,7,11,2.4931600093841553,0.628610372543335
3,task_4,7,12,2.644806146621704,0.5616204738616943
3,task_4,7,13,2.805738687515259,0.48894670605659485
3,task_4,7,14,2.9885330200195312,0.40601563453674316
3,task_4,7,15,3.1699302196502686,0.3237609267234802
3,task_4,7,16,3.420163869857788,0.2087811976671219
3,task_4,7,17,3.647658109664917,0.10308284312486649
3,task_4,7,18,3.899559736251831,-0.01591191627085209
3,task_4,7,19,4.199991703033447,-0.15790054202079773
3,task_4,7,20,4.532674312591553,-0.313912570476532
3,task_4,7,21,4.855236530303955,-0.4636213183403015
3,task_4,7,22,5.247807025909424,-0.6459075808525085
3,task_4,7,23,5.658422470092773,-0.8357974886894226
3,task_4,7,24,6.051217079162598,-1.0199296474456787
3,task_4,7,25,6.5617523193359375,-1.2558077573776245
3,task_4,7,26,7.085596084594727,-1.5020121335983276
3,task_4,7,27,7.643592357635498,-1.7663551568984985
3,task_4,7,28,8.23441219329834,-2.043069362640381
3,task_4,7,29,8.877738952636719,-2.3480641841888428
3,task_4,8,0,0.7024849653244019,1.1942721605300903
3,task_4,8,1,0.7311192750930786,1.1391631364822388
3,task_4,8,2,0.7766494154930115,1.0787800550460815
3,task_4,8,3,0.8049976229667664,1.0358593463897705
3,task_4,8,4,0.8364647030830383,0.9812884330749512
3,task_4,8,5,0.8717349171638489,0.9299046397209167
3,task_4,8,6,0.9022262096405029,0.8847099542617798
3,task_4,8,7,0.9499776363372803,0.8140406608581543
3,task_4,8,8,0.982183575630188,0.7661265134811401
3,task_4,8,9,1.0200283527374268,0.7062757611274719
3,task_4,8,10,1.0643174648284912,0.6438119411468506
3,task_4,8,11,1.1067991256713867,0.5779014229774475
3,task_4,8,12,1.154032826423645,0.5049195289611816
3,task_4,8,13,1.204882264137268,0.4303721487522125
3,task_4,8,14,1.271978735923767,0.3232748508453369
3,task_4,8,15,1.320186972618103,0.23978501558303833
3,task_4,8,16,1.3909257650375366,0.14255687594413757
3,task_4,8,17,1.4687912464141846,0.024082165211439133
3,task_4,8,18,1.5456316471099854,-0.08879387378692627
3,task_4,8,19,1.638257622718811,-0.22268891334533691
3,task_4,8,20,1.731579065322876,-0.3577745258808136
3,task_4,8,21,1.841002345085144,-0.5143927931785583
3,task_4,8,22,1.9567923545837402,-0.6850026249885559
3,task_4,8,23,2.0815441608428955,-0.8706493377685547
3,task_4,8,24,2.201463460922241,-1.0515836477279663
3,task_4,8,25,2.3312606811523438,-1.233392357826233
3,task_4,8,26,2.5092270374298096,-1.4795788526535034
3,task_4,8,27,2.6646406650543213,-1.6995826959609985
3,task_4,8,28,2.8426928520202637,-1.950036883354187
3,task_4,8,29,3.3225455284118652,-2.2636513710021973
3,task_4,9,0,0.0,1.373392105102539
3,task_4,9,1,0.0,1.373392105102539
3,task_4,9,2,0.0,1.373392105102539
3,task_4,9,3,0.0,1.373392105102539
3,task_4,9,4,0.0,1.373392105102539
3,task_4,9,5,0.0,1.373392105102539
3,task_4,9,6,0.0,1.373392105102539
3,task_4,9,7,0.02466704696416855,1.1670012474060059
3,task_4,9,8,0.043470002710819244,0.9890106320381165
3,task_4,9,9,0.0708109512925148,0.7510165572166443
3,task_4,9,10,0.09491505473852158,0.5284373164176941
3,task_4,9,11,0.11274261027574539,0.37982040643692017
3,task_4,9,12,0.13917690515518188,0.14737825095653534
3,task_4,9,13,0.15731418132781982,-0.0006071862298995256
3,task_4,9,14,0.18827828764915466,-0.21867090463638306
3,task_4,9,15,0.2044501006603241,-0.34251853823661804
3,task_4,9,16,0.22776305675506592,-0.5595067739486694
3,task_4,9,17,0.2491849660873413,-0.7756723761558533
3,task_4,9,18,0.2687089145183563,-0.9732856154441833
3,task_4,9,19,0.2870427370071411,-0.9732856154441833
3,task_4,9,20,0.3059205114841461,-0.9732856154441833
3,task_4,9,21,0.32486090064048767,-0.9732856154441833
3,task_4,9,22,0.3435353934764862,-0.9732856154441833
3,task_4,9,23,0.36134451627731323,-0.9732856154441833
3,task_4,9,24,0.3771507441997528,-0.9732856154441833
3,task_4,9,25,0.3882206082344055,-0.9732856154441833
3,task_4,9,26,0.405752569437027,-0.9732856154441833
3,task_4,9,27,0.42035815119743347,-0.9732856154441833
3,task_4,9,28,0.434307724237442,-0.9732856154441833
3,task_4,9,29,0.46500658988952637,-0.9732856154441833
3,task_4,10,0,0.7461076974868774,-465.6612854003906
3,task_4,10,1,0.7461076974868774,-465.6612854003906
3,task_4,10,2,0.7461076974868774,-465.6612854003906
3,task_4,10,3,0.7461076974868774,-465.6612854003906
3,task_4,10,4,0.7461076974868774,-465.6612854003906
3,task_4,10,5,0.7461076974868774,-465.6612854003906
3,task_4,10,6,0.7461076974868774,-465.6612854003906
3,task_4,10,7,0.7461076974868774,-465.6612854003906
3,task_4,10,8,0.7461076974868774,-465.6612854003906
3,task_4,10,9,0.7461076974868774,-465.6612854003906
3,task_4,10,10,0.7461076974868774,-465.6612854003906
3,task_4,10,11,0.7461076974868774,-465.6612854003906
3,task_4,10,12,0.7461076974868774,-465.6612854003906
3,task_4,10,13,0.7461076974868774,-465.6612854003906
3,task_4,10,14,0.7461076974868774,-465.6612854003906
3,task_4,10,15,0.7461076974868774,-465.6612854003906
3,task_4,10,16,0.7461076974868774,-465.6612854003906
3,task_4,10,17,0.7461076974868774,-465.6612854003906
3,task_4,10,18,0.7461076974868774,-465.6612854003906
3,task_4,10,19,0.7461076974868774,-465.6612854003906
3,task_4,10,20,0.7461076974868774,-465.6612854003906
3,task_4,10,21,0.7461076974868774,-465.6612854003906
3,task_4,10,22,0.7461076974868774,-465.6612854003906
3,task_4,10,23,0.7461076974868774,-465.6612854003906
3,task_4,10,24,0.7461076974868774,-465.6612854003906
3,task_4,10,25,0.7461076974868774,-465.6612854003906
3,task_4,10,26,0.7461076974868774,-465.6612854003906
3,task_4,10,27,0.7461076974868774,-465.6612854003906
3,task_4,10,28,0.7461076974868774,-465.6612854003906
3,task_4,10,29,0.7461076974868774,-465.6612854003906
3,task_4,11,0,9.999999747378752e-05,0.05684341862797737
3,task_4,11,1,9.999999747378752e-05,0.05684341862797737
3,task_4,11,2,9.999999747378752e-05,0.05684341862797737
3,task_4,11,3,9.999999747378752e-05,0.05684341862797737
3,task_4,11,4,9.999999747378752e-05,0.05684341862797737
3,task_4,11,5,9.999999747378752e-05,0.05684341862797737
3,task_4,11,6,9.999999747378752e-05,0.05684341862797737
3,task_4,11,7,9.999999747378752e-05,0.05684341862797737
3,task_4,11,8,9.999999747378752e-05,0.05684341862797737
3,task_4,11,9,9.999999747378752e-05,0.05684341862797737
3,task_4,11,10,9.999999747378752e-05,0.05684341862797737
3,task_4,11,11,9.999999747378752e-05,0.05684341862797737
3,task_4,11,12,9.999999747378752e-05,0.05684341862797737
3,task_4,11,13,9.999999747378752e-05,0.05684341862797737
3,task_4,11,14,9.999999747378752e-05,0.05684341862797737
3,task_4,11,15,9.999999747378752e-05,0.05684341862797737
3,task_4,11,16,9.999999747378752e-05,0.05684341862797737
3,task_4,11,17,9.999999747378752e-05,0.05684341862797737
3,task_4,11,18,9.999999747378752e-05,0.05684341862797737
3,task_4,11,19,9.999999747378752e-05,0.05684341862797737
3,task_4,11,20,9.999999747378752e-05,0.05684341862797737
3,task_4,11,21,9.999999747378752e-05,0.05684341862797737
3,task_4,11,22,9.999999747378752e-05,0.05684341862797737
3,task_4,11,23,9.999999747378752e-05,0.05684341862797737
3,task_4,11,24,9.999999747378752e-05,0.05684341862797737
3,task_4,11,25,9.999999747378752e-05,0.05684341862797737
3,task_4,11,26,9.999999747378752e-05,0.05684341862797737
3,task_4,11,27,9.999999747378752e-05,0.05684341862797737
3,task_4,11,28,9.999999747378752e-05,0.05684341862797737
3,task_4,11,29,9.999999747378752e-05,0.05684341862797737
3,task_4,12,0,1.0840998888015747,1.259133219718933
3,task_4,12,1,1.1758613586425781,1.2000609636306763
3,task_4,12,2,1.2765040397644043,1.1292227506637573
3,task_4,12,3,1.3464666604995728,1.0817970037460327
3,task_4,12,4,1.4341282844543457,1.0217703580856323
3,task_4,12,5,1.525972604751587,0.9575390815734863
3,task_4,12,6,1.618526577949524,0.8944610357284546
3,task_4,12,7,1.7221657037734985,0.8198850750923157
3,task_4,12,8,1.8150811195373535,0.7540252804756165
3,task_4,12,9,1.916752815246582,0.6846358776092529
3,task_4,12,10,2.0221807956695557,0.6176185011863708
3,task_4,12,11,2.1368536949157715,0.5467692613601685
3,task_4,12,12,2.2600510120391846,0.4671778082847595
3,task_4,12,13,2.3948400020599365,0.3830263316631317
3,task_4,12,14,2.5332090854644775,0.29640379548072815
3,task_4,12,15,2.6733505725860596,0.21015207469463348
3,task_4,12,16,2.8590829372406006,0.09549476206302643
3,task_4,12,17,3.0164642333984375,-0.0022101528011262417
3,task_4,12,18,3.1824636459350586,-0.10856066644191742
3,task_4,12,19,3.388747215270996,-0.24240604043006897
3,task_4,12,20,3.6191115379333496,-0.39542481303215027
3,task_4,12,21,3.831200361251831,-0.5375510454177856
3,task_4,12,22,4.083951950073242,-0.7049746513366699
3,task_4,12,23,4.355928421020508,-0.8840934038162231
3,task_4,12,24,4.595825672149658,-1.039378046989441
3,task_4,12,25,4.919295310974121,-1.2475725412368774
3,task_4,12,26,5.252529144287109,-1.4672918319702148
3,task_4,12,27,5.5966997146606445,-1.6926718950271606
3,task_4,12,28,5.959906578063965,-1.9262970685958862
3,task_4,12,29,6.361382961273193,-2.1707406044006348
3,task_4,13,0,0.938567578792572,0.0
3,task_4,13,1,0.938567578792572,0.0
3,task_4,13,2,0.938567578792572,0.0
3,task_4,13,3,0.938567578792572,0.0
3,task_4,13,4,0.938567578792572,0.0
3,task_4,13,5,0.938567578792572,0.0
3,task_4,13,6,0.938567578792572,0.0
3,task_4,13,7,0.938567578792572,0.0
3,task_4,13,8,0.938567578792572,0.0
3,task_4,13,9,0.938567578792572,0.0
3,task_4,13,10,0.938567578792572,0.0
3,task_4,13,11,0.938567578792572,0.0
3,task_4,13,12,0.938567578792572,0.0
3,task_4,13,13,0.938567578792572,0.0
3,task_4,13,14,0.938567578792572,0.0
3,task_4,13,15,0.938567578792572,0.0
3,task_4,13,16,0.938567578792572,0.0
3,task_4,13,17,0.938567578792572,0.0
3,task_4,13,18,0.938567578792572,0.0
3,task_4,13,19,0.938567578792572,0.0
3,task_4,13,20,0.938567578792572,0.0
3,task_4,13,21,0.938567578792572,0.0
3,task_4,13,22,0.938567578792572,0.0
3,task_4,13,23,0.938567578792572,0.0
3,task_4,13,24,0.938567578792572,0.0
3,task_4,13,25,0.938567578792572,0.0
3,task_4,13,26,0.938567578792572,0.0
3,task_4,13,27,0.938567578792572,0.0
3,task_4,13,28,0.938567578792572,0.0
3,task_4,13,29,0.938567578792572,0.0
3,task_4,14,0,0.0,-0.09896355867385864
3,task_4,14,1,0.0,-0.09896355867385864
3,task_4,14,2,0.0,-0.09896355867385864
3,task_4,14,3,0.0,-0.09896355867385864
3,task_4,14,4,0.0,-0.09896355867385864
3,task_4,14,5,0.0,-0.09896355867385864
3,task_4,14,6,0.0,-0.09896355867385864
3,task_4,14,7,0.0,-0.09896355867385864
3,task_4,14,8,0.0,-0.09896355867385864
3,task_4,14,9,0.0,-0.09896355867385864
3,task_4,14,10,0.0,-0.09896355867385864
3,task_4,14,11,0.0,-0.09896355867385864
3,task_4,14,12,0.0,-0.09896355867385864
3,task_4,14,13,0.0,-0.09896355867385864
3,task_4,14,14,0.0,-0.09896355867385864
3,task_4,14,15,0.0,-0.09896355867385864
3,task_4,14,16,0.0,-0.09896355867385864
3,task_4,14,17,0.0,-0.09896355867385864
3,task_4,14,18,0.0,-0.09896355867385864
3,task_4,14,19,0.0,-0.09896355867385864
3,task_4,14,20,0.008440375328063965,-0.15745311975479126
3,task_4,14,21,0.019720643758773804,-0.18291984498500824
3,task_4,14,22,0.028686150908470154,-0.276317298412323
3,task_4,14,23,0.037489622831344604,-0.322721391916275
3,task_4,14,24,0.05071714520454407,-0.38663506507873535
3,task_4,14,25,0.06014376878738403,-0.4325847327709198
3,task_4,14,26,0.06979508697986603,-0.5079669952392578
3,task_4,14,27,0.07975000143051147,-0.517057478427887
3,task_4,14,28,0.09176082909107208,-0.4786624312400818
3,task_4,14,29,0.27864041924476624,5.241589546203613
3,task_4,15,0,0.2901642322540283,1.0250593423843384
3,task_4,15,1,0.2980375289916992,0.9874149560928345
3,task_4,15,2,0.3056590259075165,0.9551445841789246
3,task_4,15,3,0.31217479705810547,0.924033522605896
3,task_4,15,4,0.32025742530822754,0.8862649202346802
3,task_4,15,5,0.33220547437667847,0.8345017433166504
3,task_4,15,6,0.344769150018692,0.7892336249351501
3,task_4,15,7,0.3631711006164551,0.738734245300293
3,task_4,15,8,0.3794662356376648,0.7033443450927734
3,task_4,15,9,0.40225040912628174,0.6659741401672363
3,task_4,15,10,0.43168914318084717,0.6270014047622681
3,task_4,15,11,0.4646683931350708,0.5895951390266418
3,task_4,15,12,0.5005452036857605,0.5439565777778625
3,task_4,15,13,0.5450739860534668,0.4852951765060425
3,task_4,15,14,0.6030272245407104,0.4037841558456421
3,task_4,15,15,0.6489180326461792,0.33520469069480896
3,task_4,15,16,0.7136186361312866,0.24007099866867065
3,task_4,15,17,0.7853813171386719,0.13610102236270905
3,task_4,15,18,0.8606585264205933,0.02800825797021389
3,task_4,15,19,0.9445065259933472,-0.09320706129074097
3,task_4,15,20,1.0372179746627808,-0.23675984144210815
3,task_4,15,21,1.1397367715835571,-0.39264199137687683
3,task_4,15,22,1.2438592910766602,-0.5516343712806702
3,task_4,15,23,1.370666742324829,-0.7491770386695862
3,task_4,15,24,1.4854460954666138,-0.9229164123535156
3,task_4,15,25,1.6040138006210327,-1.1073570251464844
3,task_4,15,26,1.779929757118225,-1.3933013677597046
3,task_4,15,27,1.9223847389221191,-1.6133495569229126
3,task_4,15,28,2.0869736671447754,-1.8791056871414185
3,task_4,15,29,2.797060251235962,-2.9592604637145996
3,task_4,16,0,0.0,-3.678506851196289
3,task_4,16,1,0.0018875114619731903,-3.6790292263031006
3,task_4,16,2,0.8024523258209229,0.26276907324790955
3,task_4,16,3,0.8024523258209229,0.26276907324790955
3,task_4,16,4,0.8024523258209229,0.26276907324790955
3,task_4,16,5,0.8024523258209229,0.26276907324790955
3,task_4,16,6,0.8024523258209229,0.26276907324790955
3,task_4,16,7,0.8024523258209229,0.26276907324790955
3,task_4,16,8,0.8024523258209229,0.26276907324790955
3,task_4,16,9,0.8024523258209229,0.26276907324790955
3,task_4,16,10,0.8024523258209229,0.26276907324790955
3,task_4,16,11,0.8024523258209229,0.26276907324790955
3,task_4,16,12,0.8024523258209229,0.26276907324790955
3,task_4,16,13,0.8024523258209229,0.26276907324790955
3,task_4,16,14,0.8024523258209229,0.26276907324790955
3,task_4,16,15,0.8024523258209229,0.26276907324790955
3,task_4,16,16,0.8024523258209229,0.26276907324790955
3,task_4,16,17,0.8024523258209229,0.26276907324790955
3,task_4,16,18,0.8024523258209229,0.26276907324790955
3,task_4,16,19,0.8024523258209229,0.26276907324790955
3,task_4,16,20,0.8024523258209229,0.26276907324790955
3,task_4,16,21,0.8024523258209229,0.26276907324790955
3,task_4,16,22,0.8024523258209229,0.26276907324790955
3,task_4,16,23,0.8024523258209229,0.26276907324790955
3,task_4,16,24,0.8024523258209229,0.26276907324790955
3,task_4,16,25,0.8024523258209229,0.26276907324790955
3,task_4,16,26,0.8024523258209229,0.26276907324790955
3,task_4,16,27,0.8024523258209229,0.26276907324790955
3,task_4,16,28,0.8024523258209229,0.26276907324790955
3,task_4,16,29,0.8024523258209229,0.26276907324790955
3,task_4,17,0,0.0,-1.2576489448547363
3,task_4,17,1,0.0,-1.2576489448547363
3,task_4,17,2,0.0,-1.2576489448547363
3,task_4,17,3,0.00580441951751709,-1.2456151247024536
3,task_4,17,4,0.0465836375951767,-1.1608351469039917
3,task_4,17,5,0.08865619450807571,-1.0729966163635254
3,task_4,17,6,0.1275126338005066,-0.9888001680374146
3,task_4,17,7,0.18261557817459106,-0.8635244965553284
3,task_4,17,8,0.22107794880867004,-0.7779607176780701
3,task_4,17,9,0.27007684111595154,-0.6721636056900024
3,task_4,17,10,0.31800344586372375,-0.5696569681167603
3,task_4,17,11,0.36503514647483826,-0.47466030716896057
3,task_4,17,12,0.4121575653553009,-0.3855537474155426
3,task_4,17,13,0.4608645439147949,-0.29682067036628723
3,task_4,17,14,0.5129932165145874,-0.19511525332927704
3,task_4,17,15,0.5605853796005249,-0.09772340208292007
3,task_4,17,16,0.6164542436599731,0.012523421086370945
3,task_4,17,17,0.6734364032745361,0.13510312139987946
3,task_4,17,18,0.7290984988212585,0.2510659694671631
3,task_4,17,19,0.7830135226249695,0.36449775099754333
3,task_4,17,20,0.8415784239768982,0.49436429142951965
3,task_4,17,21,0.904394268989563,0.6350418329238892
3,task_4,17,22,0.9648330807685852,0.7731907963752747
3,task_4,17,23,1.0297820568084717,0.9223861694335938
3,task_4,17,24,1.0876156091690063,1.0575287342071533
3,task_4,17,25,1.1438279151916504,1.1819062232971191
3,task_4,17,26,1.2246626615524292,1.3604739904403687
3,task_4,17,27,1.2858469486236572,1.507686734199524
3,task_4,17,28,1.3606276512145996,1.6961212158203125
3,task_4,17,29,1.564911127090454,2.1824803352355957
3,task_4,18,0,0.509956955909729,0.0
3,task_4,18,1,0.509956955909729,0.0
3,task_4,18,2,0.509956955909729,0.0
3,task_4,18,3,0.509956955909729,0.0
3,task_4,18,4,0.509956955909729,0.0
3,task_4,18,5,0.509956955909729,0.0
3,task_4,18,6,0.509956955909729,0.0
3,task_4,18,7,0.509956955909729,0.0
3,task_4,18,8,0.509956955909729,0.0
3,task_4,18,9,0.509956955909729,0.0
3,task_4,18,10,0.509956955909729,0.0
3,task_4,18,11,0.509956955909729,0.0
3,task_4,18,12,0.509956955909729,0.0
3,task_4,18,13,0.509956955909729,0.0
3,task_4,18,14,0.509956955909729,0.0
3,task_4,18,15,0.509956955909729,0.0
3,task_4,18,16,0.509956955909729,0.0
3,task_4,18,17,0.509956955909729,0.0
3,task_4,18,18,0.509956955909729,0.0
3,task_4,18,19,0.509956955909729,0.0
3,task_4,18,20,0.509956955909729,0.0
3,task_4,18,21,0.509956955909729,0.0
3,task_4,18,22,0.509956955909729,0.0
3,task_4,18,23,0.509956955909729,0.0
3,task_4,18,24,0.509956955909729,0.0
3,task_4,18,25,0.509956955909729,0.0
3,task_4,18,26,0.509956955909729,0.0
3,task_4,18,27,0.509956955909729,0.0
3,task_4,18,28,0.509956955909729,0.0
3,task_4,18,29,0.509956955909729,0.0
3,task_4,19,0,0.3829716444015503,1.6480653285980225
3,task_4,19,1,0.4197004437446594,1.3147852420806885
3,task_4,19,2,0.4501379132270813,1.1093921661376953
3,task_4,19,3,0.480103075504303,0.9546964764595032
3,task_4,19,4,0.512444257736206,0.8203709125518799
3,task_4,19,5,0.5359841585159302,0.7288705706596375
3,task_4,19,6,0.563072681427002,0.648115336894989
3,task_4,19,7,0.5895834565162659,0.5726158022880554
3,task_4,19,8,0.6154829859733582,0.5318911671638489
3,task_4,19,9,0.6363664865493774,0.4497721493244171
3,task_4,19,10,0.6598463654518127,0.39163729548454285
3,task_4,19,11,0.6830359101295471,0.3732294738292694
3,task_4,19,12,0.7044963836669922,0.30216339230537415
3,task_4,19,13,0.727695107460022,0.25124087929725647
3,task_4,19,14,0.7440756559371948,0.17931118607521057
3,task_4,19,15,0.7651194334030151,0.1321907788515091
3,task_4,19,16,0.7849248647689819,0.04132743179798126
3,task_4,19,17,0.8062384128570557,-0.014135407283902168
3,task_4,19,18,0.8287385702133179,-0.10199610888957977
3,task_4,19,19,0.8540300726890564,-0.2294812649488449
3,task_4,19,20,0.8779827952384949,-0.3105998933315277
3,task_4,19,21,0.9020798802375793,-0.37478139996528625
3,task_4,19,22,0.9293015599250793,-0.501658022403717
3,task_4,19,23,0.9590299725532532,-0.5977842211723328
3,task_4,19,24,0.9893725514411926,-0.6752090454101562
3,task_4,19,25,1.0200473070144653,-0.7730111479759216
3,task_4,19,26,1.0591635704040527,-0.8970147967338562
3,task_4,19,27,1.1015526056289673,-1.0304468870162964
3,task_4,19,28,1.147236943244934,-1.1624195575714111
3,task_4,19,29,1.855616569519043,-3.7811167240142822
3,task_4,20,0,0.1830834001302719,0.0
3,task_4,20,1,0.1830834001302719,0.0
3,task_4,20,2,0.1830834001302719,0.0
3,task_4,20,3,0.1830834001302719,0.0
3,task_4,20,4,0.1830834001302719,0.0
3,task_4,20,5,0.1830834001302719,0.0
3,task_4,20,6,0.1830834001302719,0.0
3,task_4,20,7,0.1830834001302719,0.0
3,task_4,20,8,0.1830834001302719,0.0
3,task_4,20,9,0.1830834001302719,0.0
3,task_4,20,10,0.1830834001302719,0.0
3,task_4,20,11,0.1830834001302719,0.0
3,task_4,20,12,0.1830834001302719,0.0
3,task_4,20,13,0.1830834001302719,0.0
3,task_4,20,14,0.1830834001302719,0.0
3,task_4,20,15,0.1830834001302719,0.0
3,task_4,20,16,0.1830834001302719,0.0
3,task_4,20,17,0.1830834001302719,0.0
3,task_4,20,18,0.1830834001302719,0.0
3,task_4,20,19,0.1830834001302719,0.0
3,task_4,20,20,0.1830834001302719,0.0
3,task_4,20,21,0.1830834001302719,0.0
3,task_4,20,22,0.1830834001302719,0.0
3,task_4,20,23,0.1830834001302719,0.0
3,task_4,20,24,0.1830834001302719,0.0
3,task_4,20,25,0.1830834001302719,0.0
3,task_4,20,26,0.1830834001302719,0.0
3,task_4,20,27,0.1830834001302719,0.0
3,task_4,20,28,0.1830834001302719,0.0
3,task_4,20,29,0.1830834001302719,0.0
3,task_4,21,0,0.3758169412612915,-1.0382534265518188
3,task_4,21,1,0.4011507034301758,-1.011303186416626
3,task_4,21,2,0.43669790029525757,-0.9744132161140442
3,task_4,21,3,0.46176040172576904,-0.9489943981170654
3,task_4,21,4,0.4884033799171448,-0.9215291738510132
3,task_4,21,5,0.5227363705635071,-0.8864560723304749
3,task_4,21,6,0.5539875626564026,-0.8548676371574402
3,task_4,21,7,0.6038082242012024,-0.8057968616485596
3,task_4,21,8,0.6405311822891235,-0.7699446678161621
3,task_4,21,9,0.6843496561050415,-0.7266951203346252
3,task_4,21,10,0.7368884682655334,-0.6751149296760559
3,task_4,21,11,0.7951956391334534,-0.6187228560447693
3,task_4,21,12,0.863132655620575,-0.5532400012016296
3,task_4,21,13,0.9269134402275085,-0.49293625354766846
3,task_4,21,14,1.026505947113037,-0.39923179149627686
3,task_4,21,15,1.0980236530303955,-0.3300164043903351
3,task_4,21,16,1.2062368392944336,-0.2209467738866806
3,task_4,21,17,1.3197658061981201,-0.10628917813301086
3,task_4,21,18,1.4252455234527588,-0.0014707144582644105
3,task_4,21,19,1.5702722072601318,0.14489266276359558
3,task_4,21,20,1.721865177154541,0.29627928137779236
3,task_4,21,21,1.883608341217041,0.46175259351730347
3,task_4,21,22,2.065187454223633,0.6463640332221985
3,task_4,21,23,2.2639617919921875,0.8440420627593994
3,task_4,21,24,2.4362800121307373,1.0166314840316772
3,task_4,21,25,2.662370443344116,1.245253086090088
3,task_4,21,26,2.923802375793457,1.508103609085083
3,task_4,21,27,3.1784698963165283,1.7635248899459839
3,task_4,21,28,3.4558169841766357,2.0388007164001465
3,task_4,21,29,3.7698822021484375,2.3705780506134033
3,task_4,22,0,0.0,1.1480647325515747
3,task_4,22,1,0.0,1.1480647325515747
3,task_4,22,2,0.0,1.1480647325515747
3,task_4,22,3,0.0,1.1480647325515747
3,task_4,22,4,0.0,1.1480647325515747
3,task_4,22,5,0.0,1.1480647325515747
3,task_4,22,6,0.0,1.1480647325515747
3,task_4,22,7,0.0,1.1480647325515747
3,task_4,22,8,0.0,1.1480647325515747
3,task_4,22,9,0.0,1.1480647325515747
3,task_4,22,10,0.0030321478843688965,1.0967707633972168
3,task_4,22,11,0.021674394607543945,0.8047892451286316
3,task_4,22,12,0.04303702712059021,0.4615620970726013
3,task_4,22,13,0.05719044804573059,0.23419280350208282
3,task_4,22,14,0.0753503143787384,-0.034288931638002396
3,task_4,22,15,0.09348192065954208,-0.3074452877044678
3,task_4,22,16,0.10952909290790558,-0.6365723013877869
3,task_4,22,17,0.1248430460691452,-1.0076656341552734
3,task_4,22,18,0.13925312459468842,-1.0076656341552734
3,task_4,22,19,0.1526687741279602,-1.0076656341552734
3,task_4,22,20,0.1655290424823761,-1.0076656341552734
3,task_4,22,21,0.17411792278289795,-1.0076656341552734
3,task_4,22,22,0.18250678479671478,-1.0076656341552734
3,task_4,22,23,0.18877486884593964,-1.0076656341552734
3,task_4,22,24,0.1972145140171051,-1.0076656341552734
3,task_4,22,25,0.20330148935317993,-1.0076656341552734
3,task_4,22,26,0.2089630365371704,-1.0076656341552734
3,task_4,22,27,0.21335142850875854,-1.0076656341552734
3,task_4,22,28,0.21818076074123383,-1.0076656341552734
3,task_4,22,29,0.23040862381458282,-1.0076656341552734
3,task_4,23,0,0.6606398820877075,0.0
3,task_4,23,1,0.6606398820877075,0.0
3,task_4,23,2,0.6606398820877075,0.0
3,task_4,23,3,0.6606398820877075,0.0
3,task_4,23,4,0.6606398820877075,0.0
3,task_4,23,5,0.6606398820877075,0.0
3,task_4,23,6,0.6606398820877075,0.0
3,task_4,23,7,0.6606398820877075,0.0
3,task_4,23,8,0.6606398820877075,0.0
3,task_4,23,9,0.6606398820877075,0.0
3,task_4,23,10,0.6606398820877075,0.0
3,task_4,23,11,0.6606398820877075,0.0
3,task_4,23,12,0.6606398820877075,0.0
3,task_4,23,13,0.6606398820877075,0.0
3,task_4,23,14,0.6606398820877075,0.0
3,task_4,23,15,0.6606398820877075,0.0
3,task_4,23,16,0.6606398820877075,0.0
3,task_4,23,17,0.6606398820877075,0.0
3,task_4,23,18,0.6606398820877075,0.0
3,task_4,23,19,0.6606398820877075,0.0
3,task_4,23,20,0.6606398820877075,0.0
3,task_4,23,21,0.6606398820877075,0.0
3,task_4,23,22,0.6606398820877075,0.0
3,task_4,23,23,0.6606398820877075,0.0
3,task_4,23,24,0.6606398820877075,0.0
3,task_4,23,25,0.6606398820877075,0.0
3,task_4,23,26,0.6606398820877075,0.0
3,task_4,23,27,0.6606398820877075,0.0
3,task_4,23,28,0.6606398820877075,0.0
3,task_4,23,29,0.6606398820877075,0.0
3,task_4,24,0,0.15634286403656006,0.859555721282959
3,task_4,24,1,0.16740113496780396,0.7523605823516846
3,task_4,24,2,0.18305635452270508,0.6070075035095215
3,task_4,24,3,0.19350510835647583,0.515857994556427
3,task_4,24,4,0.20197436213493347,0.4437396228313446
3,task_4,24,5,0.20804888010025024,0.385993629693985
3,task_4,24,6,0.21357187628746033,0.34408852458000183
3,task_4,24,7,0.2172655463218689,0.314363569021225
3,task_4,24,8,0.22018620371818542,0.28461986780166626
3,task_4,24,9,0.22364965081214905,0.2521396279335022
3,task_4,24,10,0.22647306323051453,0.23809298872947693
3,task_4,24,11,0.22959810495376587,0.2098316103219986
3,task_4,24,12,0.232090026140213,0.18336735665798187
3,task_4,24,13,0.23475900292396545,0.15445449948310852
3,task_4,24,14,0.23703020811080933,0.1391308456659317
3,task_4,24,15,0.23959091305732727,0.11358869820833206
3,task_4,24,16,0.24192136526107788,0.09603327512741089
3,task_4,24,17,0.24407660961151123,0.06954861432313919
3,task_4,24,18,0.24647417664527893,0.05671606585383415
3,task_4,24,19,0.2487289011478424,0.036452215164899826
3,task_4,24,20,0.25124916434288025,0.01013540755957365
3,task_4,24,21,0.25320467352867126,-0.017589043825864792
3,task_4,24,22,0.2560499608516693,-0.027810417115688324
3,task_4,24,23,0.2594677805900574,-0.062081772834062576
3,task_4,24,24,0.26315656304359436,-0.09927815198898315
3,task_4,24,25,0.2666757106781006,-0.11892583221197128
3,task_4,24,26,0.2703337073326111,-0.1589410901069641
3,task_4,24,27,0.275846928358078,-0.20109519362449646
3,task_4,24,28,0.28427955508232117,-0.28551843762397766
3,task_4,24,29,0.8452596664428711,-5.095834732055664
3,task_4,25,0,0.1528431475162506,1.2322388887405396
3,task_4,25,1,0.1904321014881134,1.2044004201889038
3,task_4,25,2,0.2509538233280182,1.1550729274749756
3,task_4,25,3,0.29299697279930115,1.1080398559570312
3,task_4,25,4,0.3449605703353882,1.0626081228256226
3,task_4,25,5,0.39901530742645264,0.9994800686836243
3,task_4,25,6,0.4484981298446655,0.9507909417152405
3,task_4,25,7,0.5268576145172119,0.8705102801322937
3,task_4,25,8,0.5801666975021362,0.811013400554657
3,task_4,25,9,0.6458632946014404,0.7492085099220276
3,task_4,25,10,0.7157040238380432,0.6588990092277527
3,task_4,25,11,0.784946858882904,0.5699107646942139
3,task_4,25,12,0.8693274855613708,0.4621717929840088
3,task_4,25,13,0.9485484957695007,0.354692280292511
3,task_4,25,14,1.0526683330535889,0.23084619641304016
3,task_4,25,15,1.1281397342681885,0.1404772251844406
3,task_4,25,16,1.233223557472229,0.027682028710842133
3,task_4,25,17,1.3383129835128784,-0.092095747590065
3,task_4,25,18,1.4495736360549927,-0.21216674149036407
3,task_4,25,19,1.5668684244155884,-0.3496509790420532
3,task_4,25,20,1.6917016506195068,-0.4871370494365692
3,task_4,25,21,1.8313908576965332,-0.6318526864051819
3,task_4,25,22,1.9768511056900024,-0.7691927552223206
3,task_4,25,23,2.126553773880005,-0.8992887139320374
3,task_4,25,24,2.276945114135742,-1.034999966621399
3,task_4,25,25,2.4186489582061768,-1.1717264652252197
3,task_4,25,26,2.6199605464935303,-1.355027675628662
3,task_4,25,27,2.7944986820220947,-1.5224665403366089
3,task_4,25,28,2.982938289642334,-1.6954759359359741
3,task_4,25,29,3.693497657775879,-2.3669581413269043
3,task_4,26,0,1.006447672843933,-1862.6451416015625
3,task_4,26,1,1.006447672843933,-1862.6451416015625
3,task_4,26,2,1.006447672843933,-1862.6451416015625
3,task_4,26,3,1.006447672843933,-1862.6451416015625
3,task_4,26,4,1.006447672843933,-1862.6451416015625
3,task_4,26,5,1.006447672843933,-1862.6451416015625
3,task_4,26,6,1.006447672843933,-1862.6451416015625
3,task_4,26,7,1.006447672843933,-1862.6451416015625
3,task_4,26,8,1.006447672843933,-1862.6451416015625
3,task_4,26,9,1.006447672843933,-1862.6451416015625
3,task_4,26,10,1.006447672843933,-1862.6451416015625
3,task_4,26,11,1.006447672843933,-1862.6451416015625
3,task_4,26,12,1.006447672843933,-1862.6451416015625
3,task_4,26,13,1.006447672843933,-1862.6451416015625
3,task_4,26,14,1.006447672843933,-1862.6451416015625
3,task_4,26,15,1.006447672843933,-1862.6451416015625
3,task_4,26,16,1.006447672843933,-1862.6451416015625
3,task_4,26,17,1.006447672843933,-1862.6451416015625
3,task_4,26,18,1.006447672843933,-1862.6451416015625
3,task_4,26,19,1.006447672843933,-1862.6451416015625
3,task_4,26,20,1.006447672843933,-1862.6451416015625
3,task_4,26,21,1.006447672843933,-1862.6451416015625
3,task_4,26,22,1.006447672843933,-1862.6451416015625
3,task_4,26,23,1.006447672843933,-1862.6451416015625
3,task_4,26,24,1.006447672843933,-1862.6451416015625
3,task_4,26,25,1.006447672843933,-1862.6451416015625
3,task_4,26,26,1.006447672843933,-1862.6451416015625
3,task_4,26,27,1.006447672843933,-1862.6451416015625
3,task_4,26,28,1.006447672843933,-1862.6451416015625
3,task_4,26,29,1.006447672843933,-1862.6451416015625
3,task_4,27,0,0.6598708033561707,1.0681391954421997
3,task_4,27,1,0.6949487328529358,1.0262203216552734
3,task_4,27,2,0.7276377081871033,0.9887785315513611
3,task_4,27,3,0.7588056921958923,0.9515249729156494
3,task_4,27,4,0.7954073548316956,0.9099822044372559
3,task_4,27,5,0.8247936964035034,0.8758361339569092
3,task_4,27,6,0.858074426651001,0.839377224445343
3,task_4,27,7,0.8991866111755371,0.7928533554077148
3,task_4,27,8,0.9378364682197571,0.7505589723587036
3,task_4,27,9,0.9744678139686584,0.7091098427772522
3,task_4,27,10,1.0159159898757935,0.6606574058532715
3,task_4,27,11,1.0675932168960571,0.5971628427505493
3,task_4,27,12,1.1199978590011597,0.5353724956512451
3,task_4,27,13,1.1788849830627441,0.4651939570903778
3,task_4,27,14,1.2396275997161865,0.3922939598560333
3,task_4,27,15,1.3066767454147339,0.31098923087120056
3,task_4,27,16,1.388249158859253,0.20694422721862793
3,task_4,27,17,1.4634324312210083,0.1126718670129776
3,task_4,27,18,1.554320216178894,0.0011073884088546038
3,task_4,27,19,1.6623246669769287,-0.14046137034893036
3,task_4,27,20,1.7680140733718872,-0.2805486023426056
3,task_4,27,21,1.889363408088684,-0.4366072416305542
3,task_4,27,22,2.0180070400238037,-0.6050480604171753
3,task_4,27,23,2.159527540206909,-0.783939778804779
3,task_4,27,24,2.3186097145080566,-0.9975321292877197
3,task_4,27,25,2.4746155738830566,-1.2079166173934937
3,task_4,27,26,2.6665735244750977,-1.462311029434204
3,task_4,27,27,2.8575809001922607,-1.7296617031097412
3,task_4,27,28,3.0812981128692627,-2.0329620838165283
3,task_4,27,29,3.307112216949463,-2.5177927017211914
3,task_4,28,0,0.5279484391212463,0.9663175940513611
3,task_4,28,1,0.5350978970527649,0.9529035091400146
3,task_4,28,2,0.5425642728805542,0.9400652050971985
3,task_4,28,3,0.550593912601471,0.9240491390228271
3,task_4,28,4,0.5588968396186829,0.9083499312400818
3,task_4,28,5,0.5694973468780518,0.8887023329734802
3,task_4,28,6,0.5811121463775635,0.867335855960846
3,task_4,28,7,0.5991224050521851,0.8334534168243408
3,task_4,28,8,0.6162377595901489,0.8017088770866394
3,task_4,28,9,0.6354120969772339,0.7667227983474731
3,task_4,28,10,0.6600860357284546,0.7198691368103027
3,task_4,28,11,0.694831907749176,0.6564340591430664
3,task_4,28,12,0.7233065366744995,0.6027215123176575
3,task_4,28,13,0.7697901725769043,0.5173850655555725
3,task_4,28,14,0.8153527975082397,0.4353750944137573
3,task_4,28,15,0.8566662669181824,0.36139339208602905
3,task_4,28,16,0.9145642518997192,0.2551094889640808
3,task_4,28,17,0.9786089062690735,0.1372106671333313
3,task_4,28,18,1.0481972694396973,0.006260471884161234
3,task_4,28,19,1.126563310623169,-0.14307290315628052
3,task_4,28,20,1.2146539688110352,-0.3112137019634247
3,task_4,28,21,1.2962520122528076,-0.4681699573993683
3,task_4,28,22,1.4000294208526611,-0.6656948924064636
3,task_4,28,23,1.5157966613769531,-0.8893896341323853
3,task_4,28,24,1.6297180652618408,-1.113053560256958
3,task_4,28,25,1.7513329982757568,-1.3540663719177246
3,task_4,28,26,1.907017707824707,-1.6644158363342285
3,task_4,28,27,2.049015760421753,-1.9774303436279297
3,task_4,28,28,2.2023510932922363,-1.9774303436279297
3,task_4,28,29,2.3802618980407715,-1.9774303436279297
3,task_4,29,0,0.0,0.5699200630187988
3,task_4,29,1,0.0,0.5699200630187988
3,task_4,29,2,0.0,0.5699200630187988
3,task_4,29,3,0.0,0.5699200630187988
3,task_4,29,4,0.0,0.5699200630187988
3,task_4,29,5,0.0,0.5699200630187988
3,task_4,29,6,0.0,0.5699200630187988
3,task_4,29,7,0.0,0.5699200630187988
3,task_4,29,8,0.0,0.5699200630187988
3,task_4,29,9,0.0,0.5699200630187988
3,task_4,29,10,0.0,0.5699200630187988
3,task_4,29,11,0.0,0.5699200630187988
3,task_4,29,12,0.0,0.5699200630187988
3,task_4,29,13,0.0,0.5699200630187988
3,task_4,29,14,0.0,0.5699200630187988
3,task_4,29,15,0.0,0.5699200630187988
3,task_4,29,16,0.0,0.5699200630187988
3,task_4,29,17,0.0,0.5699200630187988
3,task_4,29,18,0.0,0.5699200630187988
3,task_4,29,19,0.0,0.5699200630187988
3,task_4,29,20,0.013676989823579788,0.4730309844017029
3,task_4,29,21,0.06940694153308868,0.06761261820793152
3,task_4,29,22,0.11425194144248962,-0.2620837390422821
3,task_4,29,23,0.1669243574142456,-0.641244649887085
3,task_4,29,24,0.2207382172346115,-1.0412708520889282
3,task_4,29,25,0.26633331179618835,-1.3787562847137451
3,task_4,29,26,0.31835031509399414,-1.7713543176651
3,task_4,29,27,0.3623139262199402,-2.103614091873169
3,task_4,29,28,0.40583494305610657,-2.4420835971832275
3,task_4,29,29,1.0927464962005615,-2.2986371517181396
3,task_4,30,0,0.02477225475013256,1.8189893960952759
3,task_4,30,1,0.02477225475013256,1.8189893960952759
3,task_4,30,2,0.02477225475013256,1.8189893960952759
3,task_4,30,3,0.02477225475013256,1.8189893960952759
3,task_4,30,4,0.02477225475013256,1.8189893960952759
3,task_4,30,5,0.02477225475013256,1.8189893960952759
3,task_4,30,6,0.02477225475013256,1.8189893960952759
3,task_4,30,7,0.02477225475013256,1.8189893960952759
3,task_4,30,8,0.02477225475013256,1.8189893960952759
3,task_4,30,9,0.02477225475013256,1.8189893960952759
3,task_4,30,10,0.02477225475013256,1.8189893960952759
3,task_4,30,11,0.02477225475013256,1.8189893960952759
3,task_4,30,12,0.02477225475013256,1.8189893960952759
3,task_4,30,13,0.02477225475013256,1.8189893960952759
3,task_4,30,14,0.02477225475013256,1.8189893960952759
3,task_4,30,15,0.02477225475013256,1.8189893960952759
3,task_4,30,16,0.02477225475013256,1.8189893960952759
3,task_4,30,17,0.02477225475013256,1.8189893960952759
3,task_4,30,18,0.02477225475013256,1.8189893960952759
3,task_4,30,19,0.02477225475013256,1.8189893960952759
3,task_4,30,20,0.02477225475013256,1.8189893960952759
3,task_4,30,21,0.02477225475013256,1.8189893960952759
3,task_4,30,22,0.02477225475013256,1.8189893960952759
3,task_4,30,23,0.02477225475013256,1.8189893960952759
3,task_4,30,24,0.02477225475013256,1.8189893960952759
3,task_4,30,25,0.02477225475013256,1.8189893960952759
3,task_4,30,26,0.02477225475013256,1.8189893960952759
3,task_4,30,27,0.02477225475013256,1.8189893960952759
3,task_4,30,28,0.02477225475013256,1.8189893960952759
3,task_4,30,29,0.02477225475013256,1.8189893960952759
3,task_4,31,0,0.2515821158885956,1.0669642686843872
3,task_4,31,1,0.2769891917705536,1.0399904251098633
3,task_4,31,2,0.3193744719028473,0.9952935576438904
3,task_4,31,3,0.34479352831840515,0.9695736169815063
3,task_4,31,4,0.3762320578098297,0.934945285320282
3,task_4,31,5,0.4150797426700592,0.8943687081336975
3,task_4,31,6,0.4448433816432953,0.862845778465271
3,task_4,31,7,0.5009232759475708,0.805138349533081
3,task_4,31,8,0.537887692451477,0.7669443488121033
3,task_4,31,9,0.5838083028793335,0.7173464894294739
3,task_4,31,10,0.6364554166793823,0.661783754825592
3,task_4,31,11,0.690988302230835,0.6064900159835815
3,task_4,31,12,0.760383129119873,0.5348953604698181
3,task_4,31,13,0.8274374008178711,0.4655076861381531
3,task_4,31,14,0.910576581954956,0.3796066343784332
3,task_4,31,15,0.9910821914672852,0.29387974739074707
3,task_4,31,16,1.0947613716125488,0.1855897307395935
3,task_4,31,17,1.2063722610473633,0.07004731893539429
3,task_4,31,18,1.2940117120742798,-0.0197908878326416
3,task_4,31,19,1.43011474609375,-0.16202546656131744
3,task_4,31,20,1.572614312171936,-0.31017205119132996
3,task_4,31,21,1.7172688245773315,-0.46021583676338196
3,task_4,31,22,1.8832812309265137,-0.6373939514160156
3,task_4,31,23,2.0655946731567383,-0.824458122253418
3,task_4,31,24,2.2289090156555176,-0.9952316880226135
3,task_4,31,25,2.433549404144287,-1.2098897695541382
3,task_4,31,26,2.669675827026367,-1.4545682668685913
3,task_4,31,27,2.8965752124786377,-1.6854150295257568
3,task_4,31,28,3.142937421798706,-1.945406198501587
3,task_4,31,29,3.7568583488464355,-2.5466413497924805
3,task_4,32,0,0.25131505727767944,2.380767583847046
3,task_4,32,1,0.2747543454170227,2.1396219730377197
3,task_4,32,2,0.3126530647277832,1.7707315683364868
3,task_4,32,3,0.3384854793548584,1.5483835935592651
3,task_4,32,4,0.367803692817688,1.2887070178985596
3,task_4,32,5,0.3946773409843445,1.0567724704742432
3,task_4,32,6,0.4153216481208801,0.8481817841529846
3,task_4,32,7,0.448799729347229,0.5169066190719604
3,task_4,32,8,0.4753803014755249,0.3037250339984894
3,task_4,32,9,0.5003008842468262,0.12381219863891602
3,task_4,32,10,0.5270186066627502,-0.05782259255647659
3,task_4,32,11,0.5513930320739746,-0.20848348736763
3,task_4,32,12,0.5775032639503479,-0.35587894916534424
3,task_4,32,13,0.6005210280418396,-0.4300428032875061
3,task_4,32,14,0.6279155015945435,-0.5969716906547546
3,task_4,32,15,0.6511036157608032,-0.6664494872093201
3,task_4,32,16,0.6743178367614746,-0.7228321433067322
3,task_4,32,17,0.7074241638183594,-0.7248969674110413
3,task_4,32,18,0.7289945483207703,-0.7300124764442444
3,task_4,32,19,0.7591765522956848,-0.6894505620002747
3,task_4,32,20,0.7870256900787354,-0.7319653034210205
3,task_4,32,21,0.8208743929862976,-0.740410327911377
3,task_4,32,22,0.854685366153717,-0.7916718125343323
3,task_4,32,23,0.8889492154121399,-0.8455489277839661
3,task_4,32,24,0.9240645170211792,-0.8131262063980103
3,task_4,32,25,0.952191174030304,-0.9066401720046997
3,task_4,32,26,1.0027186870574951,-0.9504348635673523
3,task_4,32,27,1.0403788089752197,-0.927162230014801
3,task_4,32,28,1.0851850509643555,-0.5226748585700989
3,task_4,32,29,1.1482946872711182,0.4348791241645813
3,task_4,33,0,0.5180774927139282,0.0
3,task_4,33,1,0.5180774927139282,0.0
3,task_4,33,2,0.5180774927139282,0.0
3,task_4,33,3,0.5180774927139282,0.0
3,task_4,33,4,0.5180774927139282,0.0
3,task_4,33,5,0.5180774927139282,0.0
3,task_4,33,6,0.5180774927139282,0.0
3,task_4,33,7,0.5180774927139282,0.0
3,task_4,33,8,0.5180774927139282,0.0
3,task_4,33,9,0.5180774927139282,0.0
3,task_4,33,10,0.5180774927139282,0.0
3,task_4,33,11,0.5180774927139282,0.0
3,task_4,33,12,0.5180774927139282,0.0
3,task_4,33,13,0.5180774927139282,0.0
3,task_4,33,14,0.5180774927139282,0.0
3,task_4,33,15,0.5180774927139282,0.0
3,task_4,33,16,0.5180774927139282,0.0
3,task_4,33,17,0.5180774927139282,0.0
3,task_4,33,18,0.5180774927139282,0.0
3,task_4,33,19,0.5180774927139282,0.0
3,task_4,33,20,0.5180774927139282,0.0
3,task_4,33,21,0.5180774927139282,0.0
3,task_4,33,22,0.5180774927139282,0.0
3,task_4,33,23,0.5180774927139282,0.0
3,task_4,33,24,0.5180774927139282,0.0
3,task_4,33,25,0.5180774927139282,0.0
3,task_4,33,26,0.5180774927139282,0.0
3,task_4,33,27,0.5180774927139282,0.0
3,task_4,33,28,0.5180774927139282,0.0
3,task_4,33,29,0.5180774927139282,0.0
3,task_4,34,0,9.999999747378752e-05,0.0
3,task_4,34,1,9.999999747378752e-05,0.0
3,task_4,34,2,9.999999747378752e-05,0.0
3,task_4,34,3,9.999999747378752e-05,0.0
3,task_4,34,4,9.999999747378752e-05,0.0
3,task_4,34,5,9.999999747378752e-05,0.0
3,task_4,34,6,9.999999747378752e-05,0.0
3,task_4,34,7,9.999999747378752e-05,0.0
3,task_4,34,8,9.999999747378752e-05,0.0
3,task_4,34,9,9.999999747378752e-05,0.0
3,task_4,34,10,9.999999747378752e-05,0.0
3,task_4,34,11,9.999999747378752e-05,0.0
3,task_4,34,12,9.999999747378752e-05,0.0
3,task_4,34,13,9.999999747378752e-05,0.0
3,task_4,34,14,9.999999747378752e-05,0.0
3,task_4,34,15,9.999999747378752e-05,0.0
3,task_4,34,16,9.999999747378752e-05,0.0
3,task_4,34,17,9.999999747378752e-05,0.0
3,task_4,34,18,9.999999747378752e-05,0.0
3,task_4,34,19,9.999999747378752e-05,0.0
3,task_4,34,20,9.999999747378752e-05,0.0
3,task_4,34,21,9.999999747378752e-05,0.0
3,task_4,34,22,9.999999747378752e-05,0.0
3,task_4,34,23,9.999999747378752e-05,0.0
3,task_4,34,24,9.999999747378752e-05,0.0
3,task_4,34,25,9.999999747378752e-05,0.0
3,task_4,34,26,9.999999747378752e-05,0.0
3,task_4,34,27,9.999999747378752e-05,0.0
3,task_4,34,28,9.999999747378752e-05,0.0
3,task_4,34,29,9.999999747378752e-05,0.0
3,task_4,35,0,0.44012004137039185,0.866648256778717
3,task_4,35,1,0.4487149715423584,0.844054102897644
3,task_4,35,2,0.45551007986068726,0.8272844552993774
3,task_4,35,3,0.46316057443618774,0.8096423149108887
3,task_4,35,4,0.4683300852775574,0.7967473268508911
3,task_4,35,5,0.4741159677505493,0.7846832275390625
3,task_4,35,6,0.47902989387512207,0.7753229737281799
3,task_4,35,7,0.4847329258918762,0.7636314630508423
3,task_4,35,8,0.4900602698326111,0.7543506026268005
3,task_4,35,9,0.49747025966644287,0.7422842383384705
3,task_4,35,10,0.5103617310523987,0.7218896150588989
3,task_4,35,11,0.534430205821991,0.6894635558128357
3,task_4,35,12,0.5674462914466858,0.642951250076294
3,task_4,35,13,0.615500271320343,0.5688089728355408
3,task_4,35,14,0.654961109161377,0.5100253820419312
3,task_4,35,15,0.7250599265098572,0.4131327271461487
3,task_4,35,16,0.7922248840332031,0.3209564983844757
3,task_4,35,17,0.8816710114479065,0.199153333902359
3,task_4,35,18,0.963765561580658,0.08741925656795502
3,task_4,35,19,1.0663081407546997,-0.05201923847198486
3,task_4,35,20,1.189513087272644,-0.21425285935401917
3,task_4,35,21,1.3207088708877563,-0.3789759874343872
3,task_4,35,22,1.471246600151062,-0.5631007552146912
3,task_4,35,23,1.622701644897461,-0.7448981404304504
3,task_4,35,24,1.7958239316940308,-0.9513328075408936
3,task_4,35,25,2.0218772888183594,-1.2238725423812866
3,task_4,35,26,2.2130022048950195,-1.4534798860549927
3,task_4,35,27,2.4486913681030273,-1.7389261722564697
3,task_4,35,28,2.7153491973876953,-2.070772647857666
3,task_4,35,29,3.2895328998565674,-2.7268218994140625
3,task_4,36,0,0.9687406420707703,0.7835450172424316
3,task_4,36,1,0.9757144451141357,0.7699533104896545
3,task_4,36,2,0.9806441068649292,0.7605867981910706
3,task_4,36,3,0.9857729077339172,0.7506555318832397
3,task_4,36,4,0.9905514121055603,0.7415655851364136
3,task_4,36,5,0.9952392578125,0.7326266765594482
3,task_4,36,6,1.000312089920044,0.7232394218444824
3,task_4,36,7,1.0055677890777588,0.7133780121803284
3,task_4,36,8,1.011371374130249,0.7026786208152771
3,task_4,36,9,1.0189404487609863,0.6887690424919128
3,task_4,36,10,1.0315412282943726,0.6660897135734558
3,task_4,36,11,1.0455996990203857,0.6414937376976013
3,task_4,36,12,1.0686073303222656,0.6031609177589417
3,task_4,36,13,1.0953295230865479,0.5583236217498779
3,task_4,36,14,1.1343497037887573,0.49679580330848694
3,task_4,36,15,1.164543628692627,0.44876939058303833
3,task_4,36,16,1.2122085094451904,0.36737677454948425
3,task_4,36,17,1.2692062854766846,0.2678476572036743
3,task_4,36,18,1.3324790000915527,0.1637570559978485
3,task_4,36,19,1.4130339622497559,0.028181809931993484
3,task_4,36,20,1.4936258792877197,-0.10697484016418457
3,task_4,36,21,1.5819072723388672,-0.254557341337204
3,task_4,36,22,1.6882641315460205,-0.4389752745628357
3,task_4,36,23,1.8063313961029053,-0.6423495411872864
3,task_4,36,24,1.9385521411895752,-0.8652317523956299
3,task_4,36,25,2.080624580383301,-1.1074522733688354
3,task_4,36,26,2.238490581512451,-1.3735249042510986
3,task_4,36,27,2.405550241470337,-1.6558011770248413
3,task_4,36,28,2.595271587371826,-1.9764690399169922
3,task_4,36,29,3.572906255722046,-3.1874606609344482
3,task_4,37,0,9.999999747378752e-05,-0.11368683725595474
3,task_4,37,1,9.999999747378752e-05,-0.11368683725595474
3,task_4,37,2,9.999999747378752e-05,-0.11368683725595474
3,task_4,37,3,9.999999747378752e-05,-0.11368683725595474
3,task_4,37,4,9.999999747378752e-05,-0.11368683725595474
3,task_4,37,5,9.999999747378752e-05,-0.11368683725595474
3,task_4,37,6,9.999999747378752e-05,-0.11368683725595474
3,task_4,37,7,9.999999747378752e-05,-0.11368683725595474
3,task_4,37,8,9.999999747378752e-05,-0.11368683725595474
3,task_4,37,9,9.999999747378752e-05,-0.11368683725595474
3,task_4,37,10,9.999999747378752e-05,-0.11368683725595474
3,task_4,37,11,9.999999747378752e-05,-0.11368683725595474
3,task_4,37,12,9.999999747378752e-05,-0.11368683725595474
3,task_4,37,13,9.999999747378752e-05,-0.11368683725595474
3,task_4,37,14,9.999999747378752e-05,-0.11368683725595474
3,task_4,37,15,9.999999747378752e-05,-0.11368683725595474
3,task_4,37,16,9.999999747378752e-05,-0.11368683725595474
3,task_4,37,17,9.999999747378752e-05,-0.11368683725595474
3,task_4,37,18,9.999999747378752e-05,-0.11368683725595474
3,task_4,37,19,9.999999747378752e-05,-0.11368683725595474
3,task_4,37,20,9.999999747378752e-05,-0.11368683725595474
3,task_4,37,21,9.999999747378752e-05,-0.11368683725595474
3,task_4,37,22,9.999999747378752e-05,-0.11368683725595474
3,task_4,37,23,9.999999747378752e-05,-0.11368683725595474
3,task_4,37,24,9.999999747378752e-05,-0.11368683725595474
3,task_4,37,25,9.999999747378752e-05,-0.11368683725595474
3,task_4,37,26,9.999999747378752e-05,-0.11368683725595474
3,task_4,37,27,9.999999747378752e-05,-0.11368683725595474
3,task_4,37,28,9.999999747378752e-05,-0.11368683725595474
3,task_4,37,29,9.999999747378752e-05,-0.11368683725595474
3,task_4,38,0,0.5194141864776611,1.2220375537872314
3,task_4,38,1,0.5754950046539307,1.1404590606689453
3,task_4,38,2,0.6419152021408081,1.0637460947036743
3,task_4,38,3,0.6914677619934082,1.0124870538711548
3,task_4,38,4,0.7522863149642944,0.955482006072998
3,task_4,38,5,0.8048011064529419,0.9129050970077515
3,task_4,38,6,0.864433765411377,0.8616158366203308
3,task_4,38,7,0.9300247430801392,0.8034607172012329
3,task_4,38,8,0.9944326877593994,0.7266486883163452
3,task_4,38,9,1.0476843118667603,0.6592751145362854
3,task_4,38,10,1.1228439807891846,0.5894796252250671
3,task_4,38,11,1.1898787021636963,0.5331452488899231
3,task_4,38,12,1.269263744354248,0.48005563020706177
3,task_4,38,13,1.349766492843628,0.41686737537384033
3,task_4,38,14,1.4347437620162964,0.34537506103515625
3,task_4,38,15,1.5202016830444336,0.2734795808792114
3,task_4,38,16,1.6222126483917236,0.19909216463565826
3,task_4,38,17,1.72328519821167,0.12949660420417786
3,task_4,38,18,1.8306856155395508,0.048075120896101
3,task_4,38,19,1.9613373279571533,-0.08939795196056366
3,task_4,38,20,2.0891664028167725,-0.2719819247722626
3,task_4,38,21,2.226794719696045,-0.4642166495323181
3,task_4,38,22,2.3824379444122314,-0.6907184720039368
3,task_4,38,23,2.5453293323516846,-0.9295351505279541
3,task_4,38,24,2.7132182121276855,-1.1564931869506836
3,task_4,38,25,2.8897628784179688,-1.3728487491607666
3,task_4,38,26,3.0932209491729736,-1.5845987796783447
3,task_4,38,27,3.305490255355835,-1.8130881786346436
3,task_4,38,28,3.5313193798065186,-2.041233539581299
3,task_4,38,29,3.7721619606018066,-1.9590669870376587
3,task_4,39,0,0.0,1.2253473997116089
3,task_4,39,1,0.0,1.2253473997116089
3,task_4,39,2,0.0,1.2253473997116089
3,task_4,39,3,0.0,1.2253473997116089
3,task_4,39,4,0.0,1.2253473997116089
3,task_4,39,5,0.005279377102851868,1.192984700202942
3,task_4,39,6,0.022911682724952698,1.0917493104934692
3,task_4,39,7,0.04580757021903992,0.9721988439559937
3,task_4,39,8,0.06527230143547058,0.8728383779525757
3,task_4,39,9,0.08430562913417816,0.7789682745933533
3,task_4,39,10,0.10896866023540497,0.655773937702179
3,task_4,39,11,0.13490323722362518,0.5235952734947205
3,task_4,39,12,0.16290833055973053,0.370688259601593
3,task_4,39,13,0.20211239159107208,0.1618475764989853
3,task_4,39,14,0.23138143122196198,0.013456886634230614
3,task_4,39,15,0.26568669080734253,-0.13166959583759308
3,task_4,39,16,0.3081974983215332,-0.23177973926067352
3,task_4,39,17,0.3470154404640198,-0.3250899314880371
3,task_4,39,18,0.3941386342048645,-0.43743714690208435
3,task_4,39,19,0.4382578134536743,-0.5449260473251343
3,task_4,39,20,0.5015910863876343,-0.5989455580711365
3,task_4,39,21,0.544866144657135,-0.6350671052932739
3,task_4,39,22,0.6068055033683777,-0.6993643641471863
3,task_4,39,23,0.6813858151435852,-0.8031473755836487
3,task_4,39,24,0.7509495615959167,-0.9205406308174133
3,task_4,39,25,0.8152515888214111,-1.020682692527771
3,task_4,39,26,0.9123986959457397,-1.1775946617126465
3,task_4,39,27,0.989372968673706,-1.3173614740371704
3,task_4,39,28,1.0741983652114868,-1.483880877494812
3,task_4,39,29,1.5245928764343262,-2.43335223197937
3,task_4,40,0,0.8580690622329712,0.0
3,task_4,40,1,0.8580690622329712,0.0
3,task_4,40,2,0.8580690622329712,0.0
3,task_4,40,3,0.8580690622329712,0.0
3,task_4,40,4,0.8580690622329712,0.0
3,task_4,40,5,0.8580690622329712,0.0
3,task_4,40,6,0.8580690622329712,0.0
3,task_4,40,7,0.8580690622329712,0.0
3,task_4,40,8,0.8580690622329712,0.0
3,task_4,40,9,0.8580690622329712,0.0
3,task_4,40,10,0.8580690622329712,0.0
3,task_4,40,11,0.8580690622329712,0.0
3,task_4,40,12,0.8580690622329712,0.0
3,task_4,40,13,0.8580690622329712,0.0
3,task_4,40,14,0.8580690622329712,0.0
3,task_4,40,15,0.8580690622329712,0.0
3,task_4,40,16,0.8580690622329712,0.0
3,task_4,40,17,0.8580690622329712,0.0
3,task_4,40,18,0.8580690622329712,0.0
3,task_4,40,19,0.8580690622329712,0.0
3,task_4,40,20,0.8580690622329712,0.0
3,task_4,40,21,0.8580690622329712,0.0
3,task_4,40,22,0.8580690622329712,0.0
3,task_4,40,23,0.8580690622329712,0.0
3,task_4,40,24,0.8580690622329712,0.0
3,task_4,40,25,0.8580690622329712,0.0
3,task_4,40,26,0.8580690622329712,0.0
3,task_4,40,27,0.8580690622329712,0.0
3,task_4,40,28,0.8580690622329712,0.0
3,task_4,40,29,0.8580690622329712,0.0
3,task_4,41,0,0.0,-0.3663557767868042
3,task_4,41,1,0.0,-0.3663557767868042
3,task_4,41,2,0.0,-0.3663557767868042
3,task_4,41,3,0.0,-0.3663557767868042
3,task_4,41,4,0.0,-0.3663557767868042
3,task_4,41,5,0.0,-0.3663557767868042
3,task_4,41,6,0.0,-0.3663557767868042
3,task_4,41,7,0.0,-0.3663557767868042
3,task_4,41,8,0.0,-0.3663557767868042
3,task_4,41,9,0.0,-0.3663557767868042
3,task_4,41,10,0.0,-0.3663557767868042
3,task_4,41,11,0.0,-0.3663557767868042
3,task_4,41,12,0.0,-0.3663557767868042
3,task_4,41,13,0.0,-0.3663557767868042
3,task_4,41,14,0.0,-0.3663557767868042
3,task_4,41,15,0.0,-0.3663557767868042
3,task_4,41,16,0.0,-0.3663557767868042
3,task_4,41,17,0.0,-0.3663557767868042
3,task_4,41,18,0.0,-0.3663557767868042
3,task_4,41,19,0.004662841558456421,-0.3325168490409851
3,task_4,41,20,0.014489740133285522,-0.19193261861801147
3,task_4,41,21,0.022427216172218323,-0.1148383691906929
3,task_4,41,22,0.028706640005111694,-0.04953368008136749
3,task_4,41,23,0.03753227740526199,0.13835372030735016
3,task_4,41,24,0.043917760252952576,0.22733715176582336
3,task_4,41,25,0.05177288502454758,0.4217725098133087
3,task_4,41,26,0.0588974803686142,0.5099145770072937
3,task_4,41,27,0.06591029465198517,0.6319220662117004
3,task_4,41,28,0.07370468974113464,0.7367023825645447
3,task_4,41,29,0.3712313771247864,4.983578205108643
3,task_4,42,0,1.1392481327056885,-1862.6451416015625
3,task_4,42,1,1.1392481327056885,-1862.6451416015625
3,task_4,42,2,1.1392481327056885,-1862.6451416015625
3,task_4,42,3,1.1392481327056885,-1862.6451416015625
3,task_4,42,4,1.1392481327056885,-1862.6451416015625
3,task_4,42,5,1.1392481327056885,-1862.6451416015625
3,task_4,42,6,1.1392481327056885,-1862.6451416015625
3,task_4,42,7,1.1392481327056885,-1862.6451416015625
3,task_4,42,8,1.1392481327056885,-1862.6451416015625
3,task_4,42,9,1.1392481327056885,-1862.6451416015625
3,task_4,42,10,1.1392481327056885,-1862.6451416015625
3,task_4,42,11,1.1392481327056885,-1862.6451416015625
3,task_4,42,12,1.1392481327056885,-1862.6451416015625
3,task_4,42,13,1.1392481327056885,-1862.6451416015625
3,task_4,42,14,1.1392481327056885,-1862.6451416015625
3,task_4,42,15,1.1392481327056885,-1862.6451416015625
3,task_4,42,16,1.1392481327056885,-1862.6451416015625
3,task_4,42,17,1.1392481327056885,-1862.6451416015625
3,task_4,42,18,1.1392481327056885,-1862.6451416015625
3,task_4,42,19,1.1392481327056885,-1862.6451416015625
3,task_4,42,20,1.1392481327056885,-1862.6451416015625
3,task_4,42,21,1.1392481327056885,-1862.6451416015625
3,task_4,42,22,1.1392481327056885,-1862.6451416015625
3,task_4,42,23,1.1392481327056885,-1862.6451416015625
3,task_4,42,24,1.1392481327056885,-1862.6451416015625
3,task_4,42,25,1.1392481327056885,-1862.6451416015625
3,task_4,42,26,1.1392481327056885,-1862.6451416015625
3,task_4,42,27,1.1392481327056885,-1862.6451416015625
3,task_4,42,28,1.1392481327056885,-1862.6451416015625
3,task_4,42,29,1.1392481327056885,-1862.6451416015625
3,task_4,43,0,0.14217127859592438,-1.549230694770813
3,task_4,43,1,0.1766008883714676,-1.460648775100708
3,task_4,43,2,0.22961612045764923,-1.3251113891601562
3,task_4,43,3,0.26784342527389526,-1.2243952751159668
3,task_4,43,4,0.3036003112792969,-1.1320185661315918
3,task_4,43,5,0.3489797115325928,-1.0151230096817017
3,task_4,43,6,0.38164883852005005,-0.9297005534172058
3,task_4,43,7,0.4276226758956909,-0.8115190863609314
3,task_4,43,8,0.4628193974494934,-0.7191799879074097
3,task_4,43,9,0.49609851837158203,-0.6282049417495728
3,task_4,43,10,0.5339029431343079,-0.5252199172973633
3,task_4,43,11,0.5734299421310425,-0.41984012722969055
3,task_4,43,12,0.6100354790687561,-0.3229907751083374
3,task_4,43,13,0.6439371705055237,-0.23324474692344666
3,task_4,43,14,0.6935251951217651,-0.10130477696657181
3,task_4,43,15,0.7213705778121948,-0.027635809034109116
3,task_4,43,16,0.7585836052894592,0.071328304708004
3,task_4,43,17,0.8052991032600403,0.19206146895885468
3,task_4,43,18,0.8432320356369019,0.2927520275115967
3,task_4,43,19,0.8896223306655884,0.41038331389427185
3,task_4,43,20,0.9369432926177979,0.523561954498291
3,task_4,43,21,0.9860116243362427,0.6403391361236572
3,task_4,43,22,1.0366612672805786,0.7574273943901062
3,task_4,43,23,1.092528223991394,0.8868559002876282
3,task_4,43,24,1.1441805362701416,1.0045374631881714
3,task_4,43,25,1.1957465410232544,1.1202462911605835
3,task_4,43,26,1.265063762664795,1.2749600410461426
3,task_4,43,27,1.329366683959961,1.4186242818832397
3,task_4,43,28,1.3935130834579468,1.5576661825180054
3,task_4,43,29,1.7542959451675415,2.2746200561523438
3,task_4,44,0,0.49742773175239563,-465.6612854003906
3,task_4,44,1,0.49742773175239563,-465.6612854003906
3,task_4,44,2,0.49742773175239563,-465.6612854003906
3,task_4,44,3,0.49742773175239563,-465.6612854003906
3,task_4,44,4,0.49742773175239563,-465.6612854003906
3,task_4,44,5,0.49742773175239563,-465.6612854003906
3,task_4,44,6,0.49742773175239563,-465.6612854003906
3,task_4,44,7,0.49742773175239563,-465.6612854003906
3,task_4,44,8,0.49742773175239563,-465.6612854003906
3,task_4,44,9,0.49742773175239563,-465.6612854003906
3,task_4,44,10,0.49742773175239563,-465.6612854003906
3,task_4,44,11,0.49742773175239563,-465.6612854003906
3,task_4,44,12,0.49742773175239563,-465.6612854003906
3,task_4,44,13,0.49742773175239563,-465.6612854003906
3,task_4,44,14,0.49742773175239563,-465.6612854003906
3,task_4,44,15,0.49742773175239563,-465.6612854003906
3,task_4,44,16,0.49742773175239563,-465.6612854003906
3,task_4,44,17,0.49742773175239563,-465.6612854003906
3,task_4,44,18,0.49742773175239563,-465.6612854003906
3,task_4,44,19,0.49742773175239563,-465.6612854003906
3,task_4,44,20,0.49742773175239563,-465.6612854003906
3,task_4,44,21,0.49742773175239563,-465.6612854003906
3,task_4,44,22,0.49742773175239563,-465.6612854003906
3,task_4,44,23,0.49742773175239563,-465.6612854003906
3,task_4,44,24,0.49742773175239563,-465.6612854003906
3,task_4,44,25,0.49742773175239563,-465.6612854003906
3,task_4,44,26,0.49742773175239563,-465.6612854003906
3,task_4,44,27,0.49742773175239563,-465.6612854003906
3,task_4,44,28,0.49742773175239563,-465.6612854003906
3,task_4,44,29,0.49742773175239563,-465.6612854003906
3,task_4,45,0,0.0,-0.003015928203240037
3,task_4,45,1,0.0,-0.003015928203240037
3,task_4,45,2,0.0,-0.003015928203240037
3,task_4,45,3,0.0,-0.003015928203240037
3,task_4,45,4,0.0,-0.003015928203240037
3,task_4,45,5,0.0,-0.003015928203240037
3,task_4,45,6,0.0,-0.003015928203240037
3,task_4,45,7,0.0,-0.003015928203240037
3,task_4,45,8,0.0,-0.003015928203240037
3,task_4,45,9,0.0,-0.003015928203240037
3,task_4,45,10,0.0,-0.003015928203240037
3,task_4,45,11,0.0,-0.003015928203240037
3,task_4,45,12,0.0,-0.003015928203240037
3,task_4,45,13,0.0,-0.003015928203240037
3,task_4,45,14,0.0,-0.003015928203240037
3,task_4,45,15,0.0,-0.003015928203240037
3,task_4,45,16,0.0,-0.003015928203240037
3,task_4,45,17,0.0,-0.003015928203240037
3,task_4,45,18,0.0,-0.003015928203240037
3,task_4,45,19,0.0,-0.003015928203240037
3,task_4,45,20,0.0,-0.003015928203240037
3,task_4,45,21,0.0,-0.003015928203240037
3,task_4,45,22,0.0,-0.003015928203240037
3,task_4,45,23,0.0,-0.003015928203240037
3,task_4,45,24,0.004963960498571396,0.4480475187301636
3,task_4,45,25,0.008998215198516846,0.9851940274238586
3,task_4,45,26,0.01558932289481163,1.0148992538452148
3,task_4,45,27,0.019551876932382584,1.4930247068405151
3,task_4,45,28,0.027171827852725983,0.9884106516838074
3,task_4,45,29,0.054973963648080826,-4.857193946838379
3,task_4,46,0,0.22631163895130157,0.0
3,task_4,46,1,0.22631163895130157,0.0
3,task_4,46,2,0.22631163895130157,0.0
3,task_4,46,3,0.22631163895130157,0.0
3,task_4,46,4,0.22631163895130157,0.0
3,task_4,46,5,0.22631163895130157,0.0
3,task_4,46,6,0.22631163895130157,0.0
3,task_4,46,7,0.22631163895130157,0.0
3,task_4,46,8,0.22631163895130157,0.0
3,task_4,46,9,0.22631163895130157,0.0
3,task_4,46,10,0.22631163895130157,0.0
3,task_4,46,11,0.22631163895130157,0.0
3,task_4,46,12,0.22631163895130157,0.0
3,task_4,46,13,0.22631163895130157,0.0
3,task_4,46,14,0.22631163895130157,0.0
3,task_4,46,15,0.22631163895130157,0.0
3,task_4,46,16,0.22631163895130157,0.0
3,task_4,46,17,0.22631163895130157,0.0
3,task_4,46,18,0.22631163895130157,0.0
3,task_4,46,19,0.22631163895130157,0.0
3,task_4,46,20,0.22631163895130157,0.0
3,task_4,46,21,0.22631163895130157,0.0
3,task_4,46,22,0.22631163895130157,0.0
3,task_4,46,23,0.22631163895130157,0.0
3,task_4,46,24,0.22631163895130157,0.0
3,task_4,46,25,0.22631163895130157,0.0
3,task_4,46,26,0.22631163895130157,0.0
3,task_4,46,27,0.22631163895130157,0.0
3,task_4,46,28,0.22631163895130157,0.0
3,task_4,46,29,0.22631163895130157,0.0
3,task_4,47,0,0.586876630783081,1.191153883934021
3,task_4,47,1,0.6101053953170776,1.1607186794281006
3,task_4,47,2,0.6609518527984619,1.0831834077835083
3,task_4,47,3,0.6873087286949158,1.0385459661483765
3,task_4,47,4,0.7199405431747437,0.9944571852684021
3,task_4,47,5,0.7584450840950012,0.9313603639602661
3,task_4,47,6,0.7852297425270081,0.8954148888587952
3,task_4,47,7,0.8358873128890991,0.8162842988967896
3,task_4,47,8,0.8686452507972717,0.7642808556556702
3,task_4,47,9,0.9023881554603577,0.7161522507667542
3,task_4,47,10,0.9498677253723145,0.6409159898757935
3,task_4,47,11,0.9910669922828674,0.5801601409912109
3,task_4,47,12,1.0412378311157227,0.4980567991733551
3,task_4,47,13,1.0824851989746094,0.4391745924949646
3,task_4,47,14,1.156660795211792,0.31032511591911316
3,task_4,47,15,1.1957474946975708,0.25394025444984436
3,task_4,47,16,1.261560320854187,0.14988867938518524
3,task_4,47,17,1.3380980491638184,0.013853111304342747
3,task_4,47,18,1.3942515850067139,-0.07696067541837692
3,task_4,47,19,1.484804391860962,-0.23070421814918518
3,task_4,47,20,1.566323161125183,-0.3677348494529724
3,task_4,47,21,1.6643861532211304,-0.5358943939208984
3,task_4,47,22,1.7685381174087524,-0.7091349959373474
3,task_4,47,23,1.8795251846313477,-0.9031705856323242
3,task_4,47,24,1.9737112522125244,-1.0659239292144775
3,task_4,47,25,2.0861356258392334,-1.2388356924057007
3,task_4,47,26,2.2381186485290527,-1.5154401063919067
3,task_4,47,27,2.372166872024536,-1.7413134574890137
3,task_4,47,28,2.5101959705352783,-1.9633766412734985
3,task_4,47,29,2.7125210762023926,-2.129362106323242
3,task_4,48,0,0.33799538016319275,-232.8306427001953
3,task_4,48,1,0.33799538016319275,-232.8306427001953
3,task_4,48,2,0.33799538016319275,-232.8306427001953
3,task_4,48,3,0.33799538016319275,-232.8306427001953
3,task_4,48,4,0.33799538016319275,-232.8306427001953
3,task_4,48,5,0.33799538016319275,-232.8306427001953
3,task_4,48,6,0.33799538016319275,-232.8306427001953
3,task_4,48,7,0.33799538016319275,-232.8306427001953
3,task_4,48,8,0.33799538016319275,-232.8306427001953
3,task_4,48,9,0.33799538016319275,-232.8306427001953
3,task_4,48,10,0.33799538016319275,-232.8306427001953
3,task_4,48,11,0.33799538016319275,-232.8306427001953
3,task_4,48,12,0.33799538016319275,-232.8306427001953
3,task_4,48,13,0.33799538016319275,-232.8306427001953
3,task_4,48,14,0.33799538016319275,-232.8306427001953
3,task_4,48,15,0.33799538016319275,-232.8306427001953
3,task_4,48,16,0.33799538016319275,-232.8306427001953
3,task_4,48,17,0.33799538016319275,-232.8306427001953
3,task_4,48,18,0.33799538016319275,-232.8306427001953
3,task_4,48,19,0.33799538016319275,-232.8306427001953
3,task_4,48,20,0.33799538016319275,-232.8306427001953
3,task_4,48,21,0.33799538016319275,-232.8306427001953
3,task_4,48,22,0.33799538016319275,-232.8306427001953
3,task_4,48,23,0.33799538016319275,-232.8306427001953
3,task_4,48,24,0.33799538016319275,-232.8306427001953
3,task_4,48,25,0.33799538016319275,-232.8306427001953
3,task_4,48,26,0.33799538016319275,-232.8306427001953
3,task_4,48,27,0.33799538016319275,-232.8306427001953
3,task_4,48,28,0.33799538016319275,-232.8306427001953
3,task_4,48,29,0.33799538016319275,-232.8306427001953
3,task_4,49,0,0.0,-0.5309928059577942
3,task_4,49,1,0.0,-0.5309928059577942
3,task_4,49,2,0.0,-0.5309928059577942
3,task_4,49,3,0.0,-0.5309928059577942
3,task_4,49,4,0.0,-0.5309928059577942
3,task_4,49,5,0.0,-0.5309928059577942
3,task_4,49,6,0.0,-0.5309928059577942
3,task_4,49,7,0.0,-0.5309928059577942
3,task_4,49,8,0.0,-0.5309928059577942
3,task_4,49,9,0.0,-0.5309928059577942
3,task_4,49,10,0.0,-0.5309928059577942
3,task_4,49,11,0.0,-0.5309928059577942
3,task_4,49,12,0.0,-0.5309928059577942
3,task_4,49,13,0.0,-0.5309928059577942
3,task_4,49,14,0.0,-0.5309928059577942
3,task_4,49,15,0.0,-0.5309928059577942
3,task_4,49,16,0.009648308157920837,-0.4541134238243103
3,task_4,49,17,0.03690456971526146,-0.010499104857444763
3,task_4,49,18,0.07460233569145203,0.4180457293987274
3,task_4,49,19,0.11174165457487106,1.331911563873291
3,task_4,49,20,0.15153868496418,1.7565734386444092
3,task_4,49,21,0.19535419344902039,1.6084659099578857
3,task_4,49,22,0.2418106496334076,1.4451040029525757
3,task_4,49,23,0.28847068548202515,1.294935941696167
3,task_4,49,24,0.34379979968070984,1.1110477447509766
3,task_4,49,25,0.39843764901161194,0.9793351292610168
3,task_4,49,26,0.45257309079170227,0.8633791208267212
3,task_4,49,27,0.515752375125885,0.6440224647521973
3,task_4,49,28,0.5798861980438232,0.5477470755577087
3,task_4,49,29,1.2685753107070923,-3.040071487426758
3,task_4,50,0,1.1163530349731445,1.2983884811401367
3,task_4,50,1,1.2130221128463745,1.2393990755081177
3,task_4,50,2,1.3345943689346313,1.174080491065979
3,task_4,50,3,1.4244937896728516,1.1214662790298462
3,task_4,50,4,1.530579924583435,1.057480812072754
3,task_4,50,5,1.6433430910110474,0.9887705445289612
3,task_4,50,6,1.7438901662826538,0.9293804168701172
3,task_4,50,7,1.8775666952133179,0.8529649972915649
3,task_4,50,8,1.9947984218597412,0.7741988897323608
3,task_4,50,9,2.1039950847625732,0.7065564393997192
3,task_4,50,10,2.236750602722168,0.6188509464263916
3,task_4,50,11,2.365701913833618,0.5343664288520813
3,task_4,50,12,2.5172462463378906,0.4372813403606415
3,task_4,50,13,2.6560864448547363,0.35034310817718506
3,task_4,50,14,2.835533618927002,0.24223589897155762
3,task_4,50,15,2.9755356311798096,0.15960417687892914
3,task_4,50,16,3.1741857528686523,0.048631392419338226
3,task_4,50,17,3.361755132675171,-0.06606776267290115
3,task_4,50,18,3.5377397537231445,-0.17544326186180115
3,task_4,50,19,3.765367031097412,-0.30368509888648987
3,task_4,50,20,4.017716407775879,-0.436487078666687
3,task_4,50,21,4.248429775238037,-0.5672369003295898
3,task_4,50,22,4.531216144561768,-0.7405717968940735
3,task_4,50,23,4.825550079345703,-0.9035956859588623
3,task_4,50,24,5.078318119049072,-1.0618926286697388
3,task_4,50,25,5.394308090209961,-1.2327691316604614
3,task_4,50,26,5.769689083099365,-1.4474921226501465
3,task_4,50,27,6.124990463256836,-1.6596003770828247
3,task_4,50,28,6.506710529327393,-1.8529534339904785
3,task_4,50,29,7.261900424957275,-2.0862011909484863
3,task_4,51,0,0.5699124932289124,0.9615363478660583
3,task_4,51,1,0.5901727080345154,0.9438149333000183
3,task_4,51,2,0.6115115284919739,0.9237944483757019
3,task_4,51,3,0.6362953186035156,0.9001867175102234
3,task_4,51,4,0.653001606464386,0.8843372464179993
3,task_4,51,5,0.6830666661262512,0.8552693128585815
3,task_4,51,6,0.708132803440094,0.8302357196807861
3,task_4,51,7,0.745899498462677,0.7934434413909912
3,task_4,51,8,0.7759800553321838,0.7641220688819885
3,task_4,51,9,0.8157090544700623,0.726938009262085
3,task_4,51,10,0.8629573583602905,0.6831681132316589
3,task_4,51,11,0.9114605784416199,0.638603150844574
3,task_4,51,12,0.9752317070960999,0.5755190253257751
3,task_4,51,13,1.047154188156128,0.5044980049133301
3,task_4,51,14,1.1147594451904297,0.43723976612091064
3,task_4,51,15,1.206068754196167,0.34551188349723816
3,task_4,51,16,1.3011765480041504,0.24935920536518097
3,task_4,51,17,1.420699954032898,0.1291252076625824
3,task_4,51,18,1.5198915004730225,0.028229104354977608
3,task_4,51,19,1.6575310230255127,-0.11521528661251068
3,task_4,51,20,1.800224781036377,-0.2681390643119812
3,task_4,51,21,1.9479197263717651,-0.4262107312679291
3,task_4,51,22,2.121802568435669,-0.6043147444725037
3,task_4,51,23,2.31019926071167,-0.7931510806083679
3,task_4,51,24,2.494016647338867,-0.976604163646698
3,task_4,51,25,2.727024555206299,-1.2088578939437866
3,task_4,51,26,2.961045265197754,-1.4413424730300903
3,task_4,51,27,3.2108914852142334,-1.685407280921936
3,task_4,51,28,3.482856273651123,-1.944604516029358
3,task_4,51,29,4.2779221534729,-2.711085796356201
3,task_4,52,0,0.7268180251121521,0.0
3,task_4,52,1,0.7268180251121521,0.0
3,task_4,52,2,0.7268180251121521,0.0
3,task_4,52,3,0.7268180251121521,0.0
3,task_4,52,4,0.7268180251121521,0.0
3,task_4,52,5,0.7268180251121521,0.0
3,task_4,52,6,0.7268180251121521,0.0
3,task_4,52,7,0.7268180251121521,0.0
3,task_4,52,8,0.7268180251121521,0.0
3,task_4,52,9,0.7268180251121521,0.0
3,task_4,52,10,0.7268180251121521,0.0
3,task_4,52,11,0.7268180251121521,0.0
3,task_4,52,12,0.7268180251121521,0.0
3,task_4,52,13,0.7268180251121521,0.0
3,task_4,52,14,0.7268180251121521,0.0
3,task_4,52,15,0.7268180251121521,0.0
3,task_4,52,16,0.7268180251121521,0.0
3,task_4,52,17,0.7268180251121521,0.0
3,task_4,52,18,0.7268180251121521,0.0
3,task_4,52,19,0.7268180251121521,0.0
3,task_4,52,20,0.7268180251121521,0.0
3,task_4,52,21,0.7268180251121521,0.0
3,task_4,52,22,0.7268180251121521,0.0
3,task_4,52,23,0.7268180251121521,0.0
3,task_4,52,24,0.7268180251121521,0.0
3,task_4,52,25,0.7268180251121521,0.0
3,task_4,52,26,0.7268180251121521,0.0
3,task_4,52,27,0.7268180251121521,0.0
3,task_4,52,28,0.7268180251121521,0.0
3,task_4,52,29,0.7268180251121521,0.0
3,task_4,53,0,1.5853404998779297,-931.3225708007812
3,task_4,53,1,1.5853404998779297,-931.3225708007812
3,task_4,53,2,1.5853404998779297,-931.3225708007812
3,task_4,53,3,1.5853404998779297,-931.3225708007812
3,task_4,53,4,1.5853404998779297,-931.3225708007812
3,task_4,53,5,1.5853404998779297,-931.3225708007812
3,task_4,53,6,1.5853404998779297,-931.3225708007812
3,task_4,53,7,1.5853404998779297,-931.3225708007812
3,task_4,53,8,1.5853404998779297,-931.3225708007812
3,task_4,53,9,1.5853404998779297,-931.3225708007812
3,task_4,53,10,1.5853404998779297,-931.3225708007812
3,task_4,53,11,1.5853404998779297,-931.3225708007812
3,task_4,53,12,1.5853404998779297,-931.3225708007812
3,task_4,53,13,1.5853404998779297,-931.3225708007812
3,task_4,53,14,1.5853404998779297,-931.3225708007812
3,task_4,53,15,1.5853404998779297,-931.3225708007812
3,task_4,53,16,1.5853404998779297,-931.3225708007812
3,task_4,53,17,1.5853404998779297,-931.3225708007812
3,task_4,53,18,1.5853404998779297,-931.3225708007812
3,task_4,53,19,1.5853404998779297,-931.3225708007812
3,task_4,53,20,1.5853404998779297,-931.3225708007812
3,task_4,53,21,1.5853404998779297,-931.3225708007812
3,task_4,53,22,1.5853404998779297,-931.3225708007812
3,task_4,53,23,1.5853404998779297,-931.3225708007812
3,task_4,53,24,1.5853404998779297,-931.3225708007812
3,task_4,53,25,1.5853404998779297,-931.3225708007812
3,task_4,53,26,1.5853404998779297,-931.3225708007812
3,task_4,53,27,1.5853404998779297,-931.3225708007812
3,task_4,53,28,1.5853404998779297,-931.3225708007812
3,task_4,53,29,1.5853404998779297,-931.3225708007812
3,task_4,54,0,0.0,0.37176674604415894
3,task_4,54,1,0.0,0.37176674604415894
3,task_4,54,2,0.0,0.37176674604415894
3,task_4,54,3,0.0,0.37176674604415894
3,task_4,54,4,0.0,0.37176674604415894
3,task_4,54,5,0.0,0.37176674604415894
3,task_4,54,6,0.0,0.37176674604415894
3,task_4,54,7,0.0,0.37176674604415894
3,task_4,54,8,0.0,0.37176674604415894
3,task_4,54,9,0.0,0.37176674604415894
3,task_4,54,10,0.0,0.37176674604415894
3,task_4,54,11,0.0,0.37176674604415894
3,task_4,54,12,0.0,0.37176674604415894
3,task_4,54,13,0.0,0.37176674604415894
3,task_4,54,14,0.0,0.37176674604415894
3,task_4,54,15,0.0,0.37176674604415894
3,task_4,54,16,0.0,0.37176674604415894
3,task_4,54,17,0.0,0.37176674604415894
3,task_4,54,18,0.0,0.37176674604415894
3,task_4,54,19,0.0,0.37176674604415894
3,task_4,54,20,0.0,0.37176674604415894
3,task_4,54,21,0.005084425210952759,0.21690863370895386
3,task_4,54,22,0.012125104665756226,0.053344421088695526
3,task_4,54,23,0.020633116364479065,-0.12417582422494888
3,task_4,54,24,0.02819979190826416,-0.3070947229862213
3,task_4,54,25,0.03392200171947479,-0.4461950957775116
3,task_4,54,26,0.04009506106376648,-0.5985243320465088
3,task_4,54,27,0.04630722105503082,-0.7464460730552673
3,task_4,54,28,0.0552041232585907,-0.9674303531646729
3,task_4,54,29,0.2001136839389801,-4.887486934661865
3,task_4,55,0,1.0082167387008667,-1862.6451416015625
3,task_4,55,1,1.0082167387008667,-1862.6451416015625
3,task_4,55,2,1.0082167387008667,-1862.6451416015625
3,task_4,55,3,1.0082167387008667,-1862.6451416015625
3,task_4,55,4,1.0082167387008667,-1862.6451416015625
3,task_4,55,5,1.0082167387008667,-1862.6451416015625
3,task_4,55,6,1.0082167387008667,-1862.6451416015625
3,task_4,55,7,1.0082167387008667,-1862.6451416015625
3,task_4,55,8,1.0082167387008667,-1862.6451416015625
3,task_4,55,9,1.0082167387008667,-1862.6451416015625
3,task_4,55,10,1.0082167387008667,-1862.6451416015625
3,task_4,55,11,1.0082167387008667,-1862.6451416015625
3,task_4,55,12,1.0082167387008667,-1862.6451416015625
3,task_4,55,13,1.0082167387008667,-1862.6451416015625
3,task_4,55,14,1.0082167387008667,-1862.6451416015625
3,task_4,55,15,1.0082167387008667,-1862.6451416015625
3,task_4,55,16,1.0082167387008667,-1862.6451416015625
3,task_4,55,17,1.0082167387008667,-1862.6451416015625
3,task_4,55,18,1.0082167387008667,-1862.6451416015625
3,task_4,55,19,1.0082167387008667,-1862.6451416015625
3,task_4,55,20,1.0082167387008667,-1862.6451416015625
3,task_4,55,21,1.0082167387008667,-1862.6451416015625
3,task_4,55,22,1.0082167387008667,-1862.6451416015625
3,task_4,55,23,1.0082167387008667,-1862.6451416015625
3,task_4,55,24,1.0082167387008667,-1862.6451416015625
3,task_4,55,25,1.0082167387008667,-1862.6451416015625
3,task_4,55,26,1.0082167387008667,-1862.6451416015625
3,task_4,55,27,1.0082167387008667,-1862.6451416015625
3,task_4,55,28,1.0082167387008667,-1862.6451416015625
3,task_4,55,29,1.0082167387008667,-1862.6451416015625
3,task_4,56,0,0.7861394882202148,0.0
3,task_4,56,1,0.7861394882202148,0.0
3,task_4,56,2,0.7861394882202148,0.0
3,task_4,56,3,0.7861394882202148,0.0
3,task_4,56,4,0.7861394882202148,0.0
3,task_4,56,5,0.7861394882202148,0.0
3,task_4,56,6,0.7861394882202148,0.0
3,task_4,56,7,0.7861394882202148,0.0
3,task_4,56,8,0.7861394882202148,0.0
3,task_4,56,9,0.7861394882202148,0.0
3,task_4,56,10,0.7861394882202148,0.0
3,task_4,56,11,0.7861394882202148,0.0
3,task_4,56,12,0.7861394882202148,0.0
3,task_4,56,13,0.7861394882202148,0.0
3,task_4,56,14,0.7861394882202148,0.0
3,task_4,56,15,0.7861394882202148,0.0
3,task_4,56,16,0.7861394882202148,0.0
3,task_4,56,17,0.7861394882202148,0.0
3,task_4,56,18,0.7861394882202148,0.0
3,task_4,56,19,0.7861394882202148,0.0
3,task_4,56,20,0.7861394882202148,0.0
3,task_4,56,21,0.7861394882202148,0.0
3,task_4,56,22,0.7861394882202148,0.0
3,task_4,56,23,0.7861394882202148,0.0
3,task_4,56,24,0.7861394882202148,0.0
3,task_4,56,25,0.7861394882202148,0.0
3,task_4,56,26,0.7861394882202148,0.0
3,task_4,56,27,0.7861394882202148,0.0
3,task_4,56,28,0.7861394882202148,0.0
3,task_4,56,29,0.7861394882202148,0.0
3,task_4,57,0,0.9445081353187561,0.7502696514129639
3,task_4,57,1,0.9521250128746033,0.7366765737533569
3,task_4,57,2,0.9556849002838135,0.7302196621894836
3,task_4,57,3,0.9605634212493896,0.7213124632835388
3,task_4,57,4,0.9646036028862,0.7141502499580383
3,task_4,57,5,0.9688031673431396,0.7064390778541565
3,task_4,57,6,0.9736881256103516,0.6978159546852112
3,task_4,57,7,0.9783728718757629,0.6895380020141602
3,task_4,57,8,0.9839453101158142,0.6801384687423706
3,task_4,57,9,0.9893151521682739,0.6703740954399109
3,task_4,57,10,0.9989821910858154,0.6534724235534668
3,task_4,57,11,1.0067265033721924,0.6400169730186462
3,task_4,57,12,1.017720103263855,0.6240474581718445
3,task_4,57,13,1.0393489599227905,0.595740020275116
3,task_4,57,14,1.0770891904830933,0.5529935956001282
3,task_4,57,15,1.1228855848312378,0.4904387295246124
3,task_4,57,16,1.1793242692947388,0.4075879156589508
3,task_4,57,17,1.2472680807113647,0.30704465508461
3,task_4,57,18,1.3207157850265503,0.19967040419578552
3,task_4,57,19,1.4025284051895142,0.08072860538959503
3,task_4,57,20,1.5050216913223267,-0.07413503527641296
3,task_4,57,21,1.6105468273162842,-0.2339939922094345
3,task_4,57,22,1.7429990768432617,-0.43147510290145874
3,task_4,57,23,1.8714655637741089,-0.626663088798523
3,task_4,57,24,2.0165178775787354,-0.8422538638114929
3,task_4,57,25,2.2203571796417236,-1.147332787513733
3,task_4,57,26,2.393115997314453,-1.4033594131469727
3,task_4,57,27,2.592802047729492,-1.7102478742599487
3,task_4,57,28,2.830819606781006,-2.0642664432525635
3,task_4,57,29,3.561007499694824,-3.1149420738220215
3,task_4,58,0,0.6219590902328491,0.921320378780365
3,task_4,58,1,0.6335662603378296,0.9089587926864624
3,task_4,58,2,0.6433850526809692,0.8982951641082764
3,task_4,58,3,0.655608057975769,0.8855970501899719
3,task_4,58,4,0.6667878031730652,0.8738617897033691
3,task_4,58,5,0.6871309280395508,0.8533334136009216
3,task_4,58,6,0.7075812816619873,0.8324810862541199
3,task_4,58,7,0.7340111136436462,0.8047258257865906
3,task_4,58,8,0.7642104625701904,0.7735527157783508
3,task_4,58,9,0.8014203906059265,0.7338826060295105
3,task_4,58,10,0.8390928506851196,0.6930500864982605
3,task_4,58,11,0.8876917958259583,0.6415194272994995
3,task_4,58,12,0.9480838775634766,0.5774108171463013
3,task_4,58,13,1.0097684860229492,0.5125613808631897
3,task_4,58,14,1.0812979936599731,0.4393996298313141
3,task_4,58,15,1.153761386871338,0.3651970624923706
3,task_4,58,16,1.2557661533355713,0.2601817548274994
3,task_4,58,17,1.352308988571167,0.15932287275791168
3,task_4,58,18,1.4701502323150635,0.03335871547460556
3,task_4,58,19,1.5901226997375488,-0.0974319726228714
3,task_4,58,20,1.7326881885528564,-0.25281280279159546
3,task_4,58,21,1.8839490413665771,-0.4167149066925049
3,task_4,58,22,2.0468156337738037,-0.5907402038574219
3,task_4,58,23,2.2316370010375977,-0.7842628955841064
3,task_4,58,24,2.423659324645996,-0.9844640493392944
3,task_4,58,25,2.6274197101593018,-1.2004132270812988
3,task_4,58,26,2.866278886795044,-1.4490774869918823
3,task_4,58,27,3.112338066101074,-1.7083501815795898
3,task_4,58,28,3.3797383308410645,-1.990113377571106
3,task_4,58,29,4.049039840698242,-2.6936287879943848
3,task_4,59,0,0.39298784732818604,1.0817843675613403
3,task_4,59,1,0.4200519919395447,1.0529521703720093
3,task_4,59,2,0.45392322540283203,1.0163136720657349
3,task_4,59,3,0.4847729802131653,0.9830542206764221
3,task_4,59,4,0.5155914425849915,0.9499368667602539
3,task_4,59,5,0.5456004738807678,0.916975736618042
3,task_4,59,6,0.5852819085121155,0.8728492259979248
3,task_4,59,7,0.6271535754203796,0.8264843225479126
3,task_4,59,8,0.6651836037635803,0.7847767472267151
3,task_4,59,9,0.7058550119400024,0.7411624193191528
3,task_4,59,10,0.7595108151435852,0.6819364428520203
3,task_4,59,11,0.819245457649231,0.6152380704879761
3,task_4,59,12,0.8828739523887634,0.5427490472793579
3,task_4,59,13,0.9497352242469788,0.4666946232318878
3,task_4,59,14,1.015417456626892,0.39237523078918457
3,task_4,59,15,1.100915789604187,0.29166945815086365
3,task_4,59,16,1.191515326499939,0.18183037638664246
3,task_4,59,17,1.2841328382492065,0.06745601445436478
3,task_4,59,18,1.3820213079452515,-0.05195360630750656
3,task_4,59,19,1.4975961446762085,-0.19037756323814392
3,task_4,59,20,1.6296690702438354,-0.3458905816078186
3,task_4,59,21,1.7586952447891235,-0.5000482201576233
3,task_4,59,22,1.9027714729309082,-0.6702641844749451
3,task_4,59,23,2.0562193393707275,-0.8534919023513794
3,task_4,59,24,2.2220802307128906,-1.0526927709579468
3,task_4,59,25,2.414921283721924,-1.2866342067718506
3,task_4,59,26,2.5979275703430176,-1.508528709411621
3,task_4,59,27,2.8004860877990723,-1.764356017112732
3,task_4,59,28,3.037200927734375,-2.120999336242676
3,task_4,59,29,3.266500234603882,-2.120999336242676
3,task_4,60,0,0.01856863498687744,-1.1491305828094482
3,task_4,60,1,0.03294563293457031,-1.1226521730422974
3,task_4,60,2,0.04412689805030823,-1.1012076139450073
3,task_4,60,3,0.05895678699016571,-1.0741045475006104
3,task_4,60,4,0.07626268267631531,-1.0440897941589355
3,task_4,60,5,0.09714417159557343,-1.0105628967285156
3,task_4,60,6,0.12116846442222595,-0.949745774269104
3,task_4,60,7,0.14386600255966187,-0.9058458805084229
3,task_4,60,8,0.17363201081752777,-0.8476234674453735
3,task_4,60,9,0.20121286809444427,-0.7834787368774414
3,task_4,60,10,0.23589691519737244,-0.7118574380874634
3,task_4,60,11,0.27871018648147583,-0.6385434865951538
3,task_4,60,12,0.3176719546318054,-0.5441508293151855
3,task_4,60,13,0.36557233333587646,-0.44690656661987305
3,task_4,60,14,0.40737491846084595,-0.35794952511787415
3,task_4,60,15,0.46272242069244385,-0.2319788634777069
3,task_4,60,16,0.5166999101638794,-0.10239525884389877
3,task_4,60,17,0.5731837749481201,0.021199235692620277
3,task_4,60,18,0.6419379711151123,0.18249846994876862
3,task_4,60,19,0.7021327018737793,0.3254527449607849
3,task_4,60,20,0.7808302640914917,0.5335559844970703
3,task_4,60,21,0.8481858968734741,0.6851087808609009
3,task_4,60,22,0.9302183389663696,0.9045875668525696
3,task_4,60,23,1.0091912746429443,1.1033751964569092
3,task_4,60,24,1.0952738523483276,1.3549672365188599
3,task_4,60,25,1.1909053325653076,1.5931099653244019
3,task_4,60,26,1.2827144861221313,1.5795917510986328
3,task_4,60,27,1.38893461227417,1.5795917510986328
3,task_4,60,28,1.484419345855713,1.5795917510986328
3,task_4,60,29,1.601094126701355,1.5795917510986328
3,task_4,61,0,0.7502132058143616,0.804656982421875
3,task_4,61,1,0.7599024176597595,0.7958142757415771
3,task_4,61,2,0.7643226981163025,0.7919432520866394
3,task_4,61,3,0.768580973148346,0.7883102893829346
3,task_4,61,4,0.7730299234390259,0.7842179536819458
3,task_4,61,5,0.7783001065254211,0.779375433921814
3,task_4,61,6,0.7853778600692749,0.7726672887802124
3,task_4,61,7,0.7928150296211243,0.7653046250343323
3,task_4,61,8,0.8025093674659729,0.7550967335700989
3,task_4,61,9,0.8157484531402588,0.7393558621406555
3,task_4,61,10,0.8376161456108093,0.712544858455658
3,task_4,61,11,0.869146466255188,0.6717984080314636
3,task_4,61,12,0.9034436941146851,0.6274179220199585
3,task_4,61,13,0.9530012011528015,0.5617101192474365
3,task_4,61,14,0.9962159991264343,0.5032863616943359
3,task_4,61,15,1.0512055158615112,0.42917773127555847
3,task_4,61,16,1.124912142753601,0.33492353558540344
3,task_4,61,17,1.1989284753799438,0.23343585431575775
3,task_4,61,18,1.2925087213516235,0.1123165711760521
3,task_4,61,19,1.3775372505187988,0.00010701063001761213
3,task_4,61,20,1.4987528324127197,-0.16134095191955566
3,task_4,61,21,1.6154026985168457,-0.3143569529056549
3,task_4,61,22,1.751827359199524,-0.5031853318214417
3,task_4,61,23,1.9029840230941772,-0.7095747590065002
3,task_4,61,24,2.0497145652770996,-0.9157323837280273
3,task_4,61,25,2.24114727973938,-1.1959370374679565
3,task_4,61,26,2.4406955242156982,-1.492067813873291
3,task_4,61,27,2.645850658416748,-1.7978869676589966
3,task_4,61,28,2.870222568511963,-2.1368885040283203
3,task_4,61,29,3.343055486679077,-2.7364847660064697
3,task_4,62,0,0.3821803033351898,0.0
3,task_4,62,1,0.3821803033351898,0.0
3,task_4,62,2,0.3821803033351898,0.0
3,task_4,62,3,0.3821803033351898,0.0
3,task_4,62,4,0.3821803033351898,0.0
3,task_4,62,5,0.3821803033351898,0.0
3,task_4,62,6,0.3821803033351898,0.0
3,task_4,62,7,0.3821803033351898,0.0
3,task_4,62,8,0.3821803033351898,0.0
3,task_4,62,9,0.3821803033351898,0.0
3,task_4,62,10,0.3821803033351898,0.0
3,task_4,62,11,0.3821803033351898,0.0
3,task_4,62,12,0.3821803033351898,0.0
3,task_4,62,13,0.3821803033351898,0.0
3,task_4,62,14,0.3821803033351898,0.0
3,task_4,62,15,0.3821803033351898,0.0
3,task_4,62,16,0.3821803033351898,0.0
3,task_4,62,17,0.3821803033351898,0.0
3,task_4,62,18,0.3821803033351898,0.0
3,task_4,62,19,0.3821803033351898,0.0
3,task_4,62,20,0.3821803033351898,0.0
3,task_4,62,21,0.3821803033351898,0.0
3,task_4,62,22,0.3821803033351898,0.0
3,task_4,62,23,0.3821803033351898,0.0
3,task_4,62,24,0.3821803033351898,0.0
3,task_4,62,25,0.3821803033351898,0.0
3,task_4,62,26,0.3821803033351898,0.0
3,task_4,62,27,0.3821803033351898,0.0
3,task_4,62,28,0.3821803033351898,0.0
3,task_4,62,29,0.3821803033351898,0.0
3,task_4,63,0,0.8946284651756287,0.0
3,task_4,63,1,0.8946284651756287,0.0
3,task_4,63,2,0.8946284651756287,0.0
3,task_4,63,3,0.8946284651756287,0.0
3,task_4,63,4,0.8946284651756287,0.0
3,task_4,63,5,0.8946284651756287,0.0
3,task_4,63,6,0.8946284651756287,0.0
3,task_4,63,7,0.8946284651756287,0.0
3,task_4,63,8,0.8946284651756287,0.0
3,task_4,63,9,0.8946284651756287,0.0
3,task_4,63,10,0.8946284651756287,0.0
3,task_4,63,11,0.8946284651756287,0.0
3,task_4,63,12,0.8946284651756287,0.0
3,task_4,63,13,0.8946284651756287,0.0
3,task_4,63,14,0.8946284651756287,0.0
3,task_4,63,15,0.8946284651756287,0.0
3,task_4,63,16,0.8946284651756287,0.0
3,task_4,63,17,0.8946284651756287,0.0
3,task_4,63,18,0.8946284651756287,0.0
3,task_4,63,19,0.8946284651756287,0.0
3,task_4,63,20,0.8946284651756287,0.0
3,task_4,63,21,0.8946284651756287,0.0
3,task_4,63,22,0.8946284651756287,0.0
3,task_4,63,23,0.8946284651756287,0.0
3,task_4,63,24,0.8946284651756287,0.0
3,task_4,63,25,0.8946284651756287,0.0
3,task_4,63,26,0.8946284651756287,0.0
3,task_4,63,27,0.8946284651756287,0.0
3,task_4,63,28,0.8946284651756287,0.0
3,task_4,63,29,0.8946284651756287,0.0
3,task_4,64,0,0.18487600982189178,-2.3969056606292725
3,task_4,64,1,0.21301157772541046,-1.8677185773849487
3,task_4,64,2,0.2282993495464325,-1.562912106513977
3,task_4,64,3,0.2403360903263092,-1.3439892530441284
3,task_4,64,4,0.24785760045051575,-1.207923412322998
3,task_4,64,5,0.2560323476791382,-1.065903663635254
3,task_4,64,6,0.26529431343078613,-0.9273955821990967
3,task_4,64,7,0.27601754665374756,-0.7534834742546082
3,task_4,64,8,0.2855258584022522,-0.6151762008666992
3,task_4,64,9,0.2934291362762451,-0.5037272572517395
3,task_4,64,10,0.3019830584526062,-0.3815666735172272
3,task_4,64,11,0.31048762798309326,-0.21698778867721558
3,task_4,64,12,0.3179328441619873,-0.046466633677482605
3,task_4,64,13,0.32452619075775146,0.1314677596092224
3,task_4,64,14,0.3302431106567383,0.31349024176597595
3,task_4,64,15,0.3361736834049225,0.4769141376018524
3,task_4,64,16,0.34255650639533997,0.6610485315322876
3,task_4,64,17,0.3478425145149231,0.6610485315322876
3,task_4,64,18,0.3521154522895813,0.817048192024231
3,task_4,64,19,0.3562890291213989,0.8935564756393433
3,task_4,64,20,0.360218346118927,0.8935564756393433
3,task_4,64,21,0.36379241943359375,0.8935564756393433
3,task_4,64,22,0.36731261014938354,0.8935564756393433
3,task_4,64,23,0.37069886922836304,0.8935564756393433
3,task_4,64,24,0.3740428686141968,0.8935564756393433
3,task_4,64,25,0.3768342137336731,0.8935564756393433
3,task_4,64,26,0.3807850480079651,0.8935564756393433
3,task_4,64,27,0.385537326335907,0.8935564756393433
3,task_4,64,28,0.39254623651504517,0.8935564756393433
3,task_4,64,29,0.41542384028434753,0.8935564756393433
3,task_4,65,0,9.999999747378752e-05,0.0
3,task_4,65,1,9.999999747378752e-05,0.0
3,task_4,65,2,9.999999747378752e-05,0.0
3,task_4,65,3,9.999999747378752e-05,0.0
3,task_4,65,4,9.999999747378752e-05,0.0
3,task_4,65,5,9.999999747378752e-05,0.0
3,task_4,65,6,9.999999747378752e-05,0.0
3,task_4,65,7,9.999999747378752e-05,0.0
3,task_4,65,8,9.999999747378752e-05,0.0
3,task_4,65,9,9.999999747378752e-05,0.0
3,task_4,65,10,9.999999747378752e-05,0.0
3,task_4,65,11,9.999999747378752e-05,0.0
3,task_4,65,12,9.999999747378752e-05,0.0
3,task_4,65,13,9.999999747378752e-05,0.0
3,task_4,65,14,9.999999747378752e-05,0.0
3,task_4,65,15,9.999999747378752e-05,0.0
3,task_4,65,16,9.999999747378752e-05,0.0
3,task_4,65,17,9.999999747378752e-05,0.0
3,task_4,65,18,9.999999747378752e-05,0.0
3,task_4,65,19,9.999999747378752e-05,0.0
3,task_4,65,20,9.999999747378752e-05,0.0
3,task_4,65,21,9.999999747378752e-05,0.0
3,task_4,65,22,9.999999747378752e-05,0.0
3,task_4,65,23,9.999999747378752e-05,0.0
3,task_4,65,24,9.999999747378752e-05,0.0
3,task_4,65,25,9.999999747378752e-05,0.0
3,task_4,65,26,9.999999747378752e-05,0.0
3,task_4,65,27,9.999999747378752e-05,0.0
3,task_4,65,28,9.999999747378752e-05,0.0
3,task_4,65,29,9.999999747378752e-05,0.0
3,task_4,66,0,9.999999747378752e-05,0.11368683725595474
3,task_4,66,1,9.999999747378752e-05,0.11368683725595474
3,task_4,66,2,9.999999747378752e-05,0.11368683725595474
3,task_4,66,3,9.999999747378752e-05,0.11368683725595474
3,task_4,66,4,9.999999747378752e-05,0.11368683725595474
3,task_4,66,5,9.999999747378752e-05,0.11368683725595474
3,task_4,66,6,9.999999747378752e-05,0.11368683725595474
3,task_4,66,7,9.999999747378752e-05,0.11368683725595474
3,task_4,66,8,9.999999747378752e-05,0.11368683725595474
3,task_4,66,9,9.999999747378752e-05,0.11368683725595474
3,task_4,66,10,9.999999747378752e-05,0.11368683725595474
3,task_4,66,11,9.999999747378752e-05,0.11368683725595474
3,task_4,66,12,9.999999747378752e-05,0.11368683725595474
3,task_4,66,13,9.999999747378752e-05,0.11368683725595474
3,task_4,66,14,9.999999747378752e-05,0.11368683725595474
3,task_4,66,15,9.999999747378752e-05,0.11368683725595474
3,task_4,66,16,9.999999747378752e-05,0.11368683725595474
3,task_4,66,17,9.999999747378752e-05,0.11368683725595474
3,task_4,66,18,9.999999747378752e-05,0.11368683725595474
3,task_4,66,19,9.999999747378752e-05,0.11368683725595474
3,task_4,66,20,9.999999747378752e-05,0.11368683725595474
3,task_4,66,21,9.999999747378752e-05,0.11368683725595474
3,task_4,66,22,9.999999747378752e-05,0.11368683725595474
3,task_4,66,23,9.999999747378752e-05,0.11368683725595474
3,task_4,66,24,9.999999747378752e-05,0.11368683725595474
3,task_4,66,25,9.999999747378752e-05,0.11368683725595474
3,task_4,66,26,9.999999747378752e-05,0.11368683725595474
3,task_4,66,27,9.999999747378752e-05,0.11368683725595474
3,task_4,66,28,9.999999747378752e-05,0.11368683725595474
3,task_4,66,29,9.999999747378752e-05,0.11368683725595474
3,task_4,67,0,0.7170880436897278,1.0821343660354614
3,task_4,67,1,0.7673696875572205,1.0460859537124634
3,task_4,67,2,0.8369739055633545,0.9959033727645874
3,task_4,67,3,0.8848682641983032,0.9644300937652588
3,task_4,67,4,0.9460806250572205,0.9242168664932251
3,task_4,67,5,1.0067367553710938,0.8859198093414307
3,task_4,67,6,1.0637555122375488,0.8493407964706421
3,task_4,67,7,1.1490247249603271,0.7926943302154541
3,task_4,67,8,1.218727469444275,0.7454204559326172
3,task_4,67,9,1.2814099788665771,0.7011613249778748
3,task_4,67,10,1.369603157043457,0.639858603477478
3,task_4,67,11,1.4468740224838257,0.5856645703315735
3,task_4,67,12,1.5399925708770752,0.5199671387672424
3,task_4,67,13,1.6331664323806763,0.450307697057724
3,task_4,67,14,1.7556310892105103,0.35757648944854736
3,task_4,67,15,1.8489735126495361,0.2875443696975708
3,task_4,67,16,1.9838329553604126,0.18268273770809174
3,task_4,67,17,2.1187007427215576,0.07304704934358597
3,task_4,67,18,2.2493679523468018,-0.03368273749947548
3,task_4,67,19,2.4035096168518066,-0.164453387260437
3,task_4,67,20,2.5648410320281982,-0.3041222095489502
3,task_4,67,21,2.742661714553833,-0.45642468333244324
3,task_4,67,22,2.935830593109131,-0.6228091716766357
3,task_4,67,23,3.146308422088623,-0.7991906404495239
3,task_4,67,24,3.3474411964416504,-0.9649806022644043
3,task_4,67,25,3.5637214183807373,-1.1420501470565796
3,task_4,67,26,3.83417010307312,-1.3657593727111816
3,task_4,67,27,4.086938858032227,-1.5765373706817627
3,task_4,67,28,4.366358757019043,-1.811963438987732
3,task_4,67,29,5.626326560974121,-2.8419764041900635
3,task_4,68,0,0.4058361351490021,1.0882248878479004
3,task_4,68,1,0.45617154240608215,1.0607798099517822
3,task_4,68,2,0.5208753943443298,1.02543306350708
3,task_4,68,3,0.5674754977226257,1.002190113067627
3,task_4,68,4,0.630678117275238,0.9676889777183533
3,task_4,68,5,0.6951260566711426,0.9306890368461609
3,task_4,68,6,0.7595010995864868,0.8930402994155884
3,task_4,68,7,0.8485609889030457,0.83936607837677
3,task_4,68,8,0.9228099584579468,0.7937973737716675
3,task_4,68,9,1.0086462497711182,0.7427256107330322
3,task_4,68,10,1.0984020233154297,0.6900155544281006
3,task_4,68,11,1.2000539302825928,0.6242753267288208
3,task_4,68,12,1.316733479499817,0.5479460954666138
3,task_4,68,13,1.4347474575042725,0.46699613332748413
3,task_4,68,14,1.5688865184783936,0.3729742467403412
3,task_4,68,15,1.7055710554122925,0.2775022089481354
3,task_4,68,16,1.8774892091751099,0.14693976938724518
3,task_4,68,17,2.0515761375427246,0.02583581767976284
3,task_4,68,18,2.207284927368164,-0.08101716637611389
3,task_4,68,19,2.410649061203003,-0.22416488826274872
3,task_4,68,20,2.6369776725769043,-0.3841222822666168
3,task_4,68,21,2.864332675933838,-0.5310376882553101
3,task_4,68,22,3.1132118701934814,-0.6951229572296143
3,task_4,68,23,3.3741941452026367,-0.8705434203147888
3,task_4,68,24,3.6302950382232666,-1.039475917816162
3,task_4,68,25,3.9415459632873535,-1.2494659423828125
3,task_4,68,26,4.2678680419921875,-1.4658745527267456
3,task_4,68,27,4.59821081161499,-1.6981532573699951
3,task_4,68,28,4.9596266746521,-1.9538540840148926
3,task_4,68,29,5.466695308685303,-2.303586006164551
3,task_4,69,0,0.6671304702758789,0.0
3,task_4,69,1,0.6671304702758789,0.0
3,task_4,69,2,0.6671304702758789,0.0
3,task_4,69,3,0.6671304702758789,0.0
3,task_4,69,4,0.6671304702758789,0.0
3,task_4,69,5,0.6671304702758789,0.0
3,task_4,69,6,0.6671304702758789,0.0
3,task_4,69,7,0.6671304702758789,0.0
3,task_4,69,8,0.6671304702758789,0.0
3,task_4,69,9,0.6671304702758789,0.0
3,task_4,69,10,0.6671304702758789,0.0
3,task_4,69,11,0.6671304702758789,0.0
3,task_4,69,12,0.6671304702758789,0.0
3,task_4,69,13,0.6671304702758789,0.0
3,task_4,69,14,0.6671304702758789,0.0
3,task_4,69,15,0.6671304702758789,0.0
3,task_4,69,16,0.6671304702758789,0.0
3,task_4,69,17,0.6671304702758789,0.0
3,task_4,69,18,0.6671304702758789,0.0
3,task_4,69,19,0.6671304702758789,0.0
3,task_4,69,20,0.6671304702758789,0.0
3,task_4,69,21,0.6671304702758789,0.0
3,task_4,69,22,0.6671304702758789,0.0
3,task_4,69,23,0.6671304702758789,0.0
3,task_4,69,24,0.6671304702758789,0.0
3,task_4,69,25,0.6671304702758789,0.0
3,task_4,69,26,0.6671304702758789,0.0
3,task_4,69,27,0.6671304702758789,0.0
3,task_4,69,28,0.6671304702758789,0.0
3,task_4,69,29,0.6671304702758789,0.0
3,task_4,70,0,0.3652964234352112,-0.9432037472724915
3,task_4,70,1,0.3989337384700775,-0.9048805236816406
3,task_4,70,2,0.4236105680465698,-0.8801918625831604
3,task_4,70,3,0.45294830203056335,-0.8735511302947998
3,task_4,70,4,0.48262107372283936,-0.8477147817611694
3,task_4,70,5,0.5149046778678894,-0.8538396954536438
3,task_4,70,6,0.565808892250061,-0.8309480547904968
3,task_4,70,7,0.5984267592430115,-0.8194138407707214
3,task_4,70,8,0.6424915194511414,-0.7957267165184021
3,task_4,70,9,0.6994492411613464,-0.7515300512313843
3,task_4,70,10,0.7494113445281982,-0.724035382270813
3,task_4,70,11,0.813452959060669,-0.674011766910553
3,task_4,70,12,0.8829566836357117,-0.6133756041526794
3,task_4,70,13,0.9623912572860718,-0.5450341701507568
3,task_4,70,14,1.0354076623916626,-0.49234551191329956
3,task_4,70,15,1.133597493171692,-0.4145217835903168
3,task_4,70,16,1.2376388311386108,-0.3167771100997925
3,task_4,70,17,1.3438342809677124,-0.22341637313365936
3,task_4,70,18,1.4679126739501953,-0.04873846471309662
3,task_4,70,19,1.5907119512557983,0.11627749353647232
3,task_4,70,20,1.7405750751495361,0.30979418754577637
3,task_4,70,21,1.8904216289520264,0.48016437888145447
3,task_4,70,22,2.06170654296875,0.6761514544487
3,task_4,70,23,2.2333836555480957,0.8700456619262695
3,task_4,70,24,2.4172611236572266,1.079754114151001
3,task_4,70,25,2.64908766746521,1.3330048322677612
3,task_4,70,26,2.851214647293091,1.5498847961425781
3,task_4,70,27,3.101099729537964,1.8311665058135986
3,task_4,70,28,3.3562958240509033,2.153507947921753
3,task_4,70,29,3.6183276176452637,2.153507947921753
3,task_4,71,0,1.246617078781128,-1862.6451416015625
3,task_4,71,1,1.246617078781128,-1862.6451416015625
3,task_4,71,2,1.246617078781128,-1862.6451416015625
3,task_4,71,3,1.246617078781128,-1862.6451416015625
3,task_4,71,4,1.246617078781128,-1862.6451416015625
3,task_4,71,5,1.246617078781128,-1862.6451416015625
3,task_4,71,6,1.246617078781128,-1862.6451416015625
3,task_4,71,7,1.246617078781128,-1862.6451416015625
3,task_4,71,8,1.246617078781128,-1862.6451416015625
3,task_4,71,9,1.246617078781128,-1862.6451416015625
3,task_4,71,10,1.246617078781128,-1862.6451416015625
3,task_4,71,11,1.246617078781128,-1862.6451416015625
3,task_4,71,12,1.246617078781128,-1862.6451416015625
3,task_4,71,13,1.246617078781128,-1862.6451416015625
3,task_4,71,14,1.246617078781128,-1862.6451416015625
3,task_4,71,15,1.246617078781128,-1862.6451416015625
3,task_4,71,16,1.246617078781128,-1862.6451416015625
3,task_4,71,17,1.246617078781128,-1862.6451416015625
3,task_4,71,18,1.246617078781128,-1862.6451416015625
3,task_4,71,19,1.246617078781128,-1862.6451416015625
3,task_4,71,20,1.246617078781128,-1862.6451416015625
3,task_4,71,21,1.246617078781128,-1862.6451416015625
3,task_4,71,22,1.246617078781128,-1862.6451416015625
3,task_4,71,23,1.246617078781128,-1862.6451416015625
3,task_4,71,24,1.246617078781128,-1862.6451416015625
3,task_4,71,25,1.246617078781128,-1862.6451416015625
3,task_4,71,26,1.246617078781128,-1862.6451416015625
3,task_4,71,27,1.246617078781128,-1862.6451416015625
3,task_4,71,28,1.246617078781128,-1862.6451416015625
3,task_4,71,29,1.246617078781128,-1862.6451416015625
3,task_4,72,0,1.5866880416870117,-1862.6451416015625
3,task_4,72,1,1.5866880416870117,-1862.6451416015625
3,task_4,72,2,1.5866880416870117,-1862.6451416015625
3,task_4,72,3,1.5866880416870117,-1862.6451416015625
3,task_4,72,4,1.5866880416870117,-1862.6451416015625
3,task_4,72,5,1.5866880416870117,-1862.6451416015625
3,task_4,72,6,1.5866880416870117,-1862.6451416015625
3,task_4,72,7,1.5866880416870117,-1862.6451416015625
3,task_4,72,8,1.5866880416870117,-1862.6451416015625
3,task_4,72,9,1.5866880416870117,-1862.6451416015625
3,task_4,72,10,1.5866880416870117,-1862.6451416015625
3,task_4,72,11,1.5866880416870117,-1862.6451416015625
3,task_4,72,12,1.5866880416870117,-1862.6451416015625
3,task_4,72,13,1.5866880416870117,-1862.6451416015625
3,task_4,72,14,1.5866880416870117,-1862.6451416015625
3,task_4,72,15,1.5866880416870117,-1862.6451416015625
3,task_4,72,16,1.5866880416870117,-1862.6451416015625
3,task_4,72,17,1.5866880416870117,-1862.6451416015625
3,task_4,72,18,1.5866880416870117,-1862.6451416015625
3,task_4,72,19,1.5866880416870117,-1862.6451416015625
3,task_4,72,20,1.5866880416870117,-1862.6451416015625
3,task_4,72,21,1.5866880416870117,-1862.6451416015625
3,task_4,72,22,1.5866880416870117,-1862.6451416015625
3,task_4,72,23,1.5866880416870117,-1862.6451416015625
3,task_4,72,24,1.5866880416870117,-1862.6451416015625
3,task_4,72,25,1.5866880416870117,-1862.6451416015625
3,task_4,72,26,1.5866880416870117,-1862.6451416015625
3,task_4,72,27,1.5866880416870117,-1862.6451416015625
3,task_4,72,28,1.5866880416870117,-1862.6451416015625
3,task_4,72,29,1.5866880416870117,-1862.6451416015625
3,task_4,73,0,1.8226706981658936,-3725.290283203125
3,task_4,73,1,1.8226706981658936,-3725.290283203125
3,task_4,73,2,1.8226706981658936,-3725.290283203125
3,task_4,73,3,1.8226706981658936,-3725.290283203125
3,task_4,73,4,1.8226706981658936,-3725.290283203125
3,task_4,73,5,1.8226706981658936,-3725.290283203125
3,task_4,73,6,1.8226706981658936,-3725.290283203125
3,task_4,73,7,1.8226706981658936,-3725.290283203125
3,task_4,73,8,1.8226706981658936,-3725.290283203125
3,task_4,73,9,1.8226706981658936,-3725.290283203125
3,task_4,73,10,1.8226706981658936,-3725.290283203125
3,task_4,73,11,1.8226706981658936,-3725.290283203125
3,task_4,73,12,1.8226706981658936,-3725.290283203125
3,task_4,73,13,1.8226706981658936,-3725.290283203125
3,task_4,73,14,1.8226706981658936,-3725.290283203125
3,task_4,73,15,1.8226706981658936,-3725.290283203125
3,task_4,73,16,1.8226706981658936,-3725.290283203125
3,task_4,73,17,1.8226706981658936,-3725.290283203125
3,task_4,73,18,1.8226706981658936,-3725.290283203125
3,task_4,73,19,1.8226706981658936,-3725.290283203125
3,task_4,73,20,1.8226706981658936,-3725.290283203125
3,task_4,73,21,1.8226706981658936,-3725.290283203125
3,task_4,73,22,1.8226706981658936,-3725.290283203125
3,task_4,73,23,1.8226706981658936,-3725.290283203125
3,task_4,73,24,1.8226706981658936,-3725.290283203125
3,task_4,73,25,1.8226706981658936,-3725.290283203125
3,task_4,73,26,1.8226706981658936,-3725.290283203125
3,task_4,73,27,1.8226706981658936,-3725.290283203125
3,task_4,73,28,1.8226706981658936,-3725.290283203125
3,task_4,73,29,1.8226706981658936,-3725.290283203125
3,task_4,74,0,1.1984447240829468,0.0
3,task_4,74,1,1.1984447240829468,0.0
3,task_4,74,2,1.1984447240829468,0.0
3,task_4,74,3,1.1984447240829468,0.0
3,task_4,74,4,1.1984447240829468,0.0
3,task_4,74,5,1.1984447240829468,0.0
3,task_4,74,6,1.1984447240829468,0.0
3,task_4,74,7,1.1984447240829468,0.0
3,task_4,74,8,1.1984447240829468,0.0
3,task_4,74,9,1.1984447240829468,0.0
3,task_4,74,10,1.1984447240829468,0.0
3,task_4,74,11,1.1984447240829468,0.0
3,task_4,74,12,1.1984447240829468,0.0
3,task_4,74,13,1.1984447240829468,0.0
3,task_4,74,14,1.1984447240829468,0.0
3,task_4,74,15,1.1984447240829468,0.0
3,task_4,74,16,1.1984447240829468,0.0
3,task_4,74,17,1.1984447240829468,0.0
3,task_4,74,18,1.1984447240829468,0.0
3,task_4,74,19,1.1984447240829468,0.0
3,task_4,74,20,1.1984447240829468,0.0
3,task_4,74,21,1.1984447240829468,0.0
3,task_4,74,22,1.1984447240829468,0.0
3,task_4,74,23,1.1984447240829468,0.0
3,task_4,74,24,1.1984447240829468,0.0
3,task_4,74,25,1.1984447240829468,0.0
3,task_4,74,26,1.1984447240829468,0.0
3,task_4,74,27,1.1984447240829468,0.0
3,task_4,74,28,1.1984447240829468,0.0
3,task_4,74,29,1.1984447240829468,0.0
3,task_4,75,0,0.7750593423843384,-931.3225708007812
3,task_4,75,1,0.7750593423843384,-931.3225708007812
3,task_4,75,2,0.7750593423843384,-931.3225708007812
3,task_4,75,3,0.7750593423843384,-931.3225708007812
3,task_4,75,4,0.7750593423843384,-931.3225708007812
3,task_4,75,5,0.7750593423843384,-931.3225708007812
3,task_4,75,6,0.7750593423843384,-931.3225708007812
3,task_4,75,7,0.7750593423843384,-931.3225708007812
3,task_4,75,8,0.7750593423843384,-931.3225708007812
3,task_4,75,9,0.7750593423843384,-931.3225708007812
3,task_4,75,10,0.7750593423843384,-931.3225708007812
3,task_4,75,11,0.7750593423843384,-931.3225708007812
3,task_4,75,12,0.7750593423843384,-931.3225708007812
3,task_4,75,13,0.7750593423843384,-931.3225708007812
3,task_4,75,14,0.7750593423843384,-931.3225708007812
3,task_4,75,15,0.7750593423843384,-931.3225708007812
3,task_4,75,16,0.7750593423843384,-931.3225708007812
3,task_4,75,17,0.7750593423843384,-931.3225708007812
3,task_4,75,18,0.7750593423843384,-931.3225708007812
3,task_4,75,19,0.7750593423843384,-931.3225708007812
3,task_4,75,20,0.7750593423843384,-931.3225708007812
3,task_4,75,21,0.7750593423843384,-931.3225708007812
3,task_4,75,22,0.7750593423843384,-931.3225708007812
3,task_4,75,23,0.7750593423843384,-931.3225708007812
3,task_4,75,24,0.7750593423843384,-931.3225708007812
3,task_4,75,25,0.7750593423843384,-931.3225708007812
3,task_4,75,26,0.7750593423843384,-931.3225708007812
3,task_4,75,27,0.7750593423843384,-931.3225708007812
3,task_4,75,28,0.7750593423843384,-931.3225708007812
3,task_4,75,29,0.7750593423843384,-931.3225708007812
3,task_4,76,0,0.05674973130226135,-14.551915168762207
3,task_4,76,1,0.05674973130226135,-14.551915168762207
3,task_4,76,2,0.05674973130226135,-14.551915168762207
3,task_4,76,3,0.05674973130226135,-14.551915168762207
3,task_4,76,4,0.05674973130226135,-14.551915168762207
3,task_4,76,5,0.05674973130226135,-14.551915168762207
3,task_4,76,6,0.05674973130226135,-14.551915168762207
3,task_4,76,7,0.05674973130226135,-14.551915168762207
3,task_4,76,8,0.05674973130226135,-14.551915168762207
3,task_4,76,9,0.05674973130226135,-14.551915168762207
3,task_4,76,10,0.05674973130226135,-14.551915168762207
3,task_4,76,11,0.05674973130226135,-14.551915168762207
3,task_4,76,12,0.05674973130226135,-14.551915168762207
3,task_4,76,13,0.05674973130226135,-14.551915168762207
3,task_4,76,14,0.05674973130226135,-14.551915168762207
3,task_4,76,15,0.05674973130226135,-14.551915168762207
3,task_4,76,16,0.05674973130226135,-14.551915168762207
3,task_4,76,17,0.05674973130226135,-14.551915168762207
3,task_4,76,18,0.05674973130226135,-14.551915168762207
3,task_4,76,19,0.05674973130226135,-14.551915168762207
3,task_4,76,20,0.05674973130226135,-14.551915168762207
3,task_4,76,21,0.05674973130226135,-14.551915168762207
3,task_4,76,22,0.05674973130226135,-14.551915168762207
3,task_4,76,23,0.05674973130226135,-14.551915168762207
3,task_4,76,24,0.05674973130226135,-14.551915168762207
3,task_4,76,25,0.05674973130226135,-14.551915168762207
3,task_4,76,26,0.05674973130226135,-14.551915168762207
3,task_4,76,27,0.05674973130226135,-14.551915168762207
3,task_4,76,28,0.05674973130226135,-14.551915168762207
3,task_4,76,29,0.05674973130226135,-14.551915168762207
3,task_4,77,0,0.2846379280090332,-1.249416708946228
3,task_4,77,1,0.3234700560569763,-1.2005449533462524
3,task_4,77,2,0.3663315773010254,-1.144504427909851
3,task_4,77,3,0.4029567241668701,-1.0962529182434082
3,task_4,77,4,0.4498228132724762,-1.0320453643798828
3,task_4,77,5,0.48922592401504517,-0.9786497950553894
3,task_4,77,6,0.5389286279678345,-0.9080747365951538
3,task_4,77,7,0.5749865770339966,-0.8595115542411804
3,task_4,77,8,0.6239581108093262,-0.7930617332458496
3,task_4,77,9,0.6646520495414734,-0.7381811141967773
3,task_4,77,10,0.715959370136261,-0.6625627279281616
3,task_4,77,11,0.7719010710716248,-0.5731063485145569
3,task_4,77,12,0.8259505033493042,-0.4854814112186432
3,task_4,77,13,0.8926826119422913,-0.37300074100494385
3,task_4,77,14,0.9398238658905029,-0.2937312126159668
3,task_4,77,15,1.0123815536499023,-0.17279082536697388
3,task_4,77,16,1.0835224390029907,-0.060852278023958206
3,task_4,77,17,1.1495671272277832,0.04416265711188316
3,task_4,77,18,1.2305595874786377,0.1769961267709732
3,task_4,77,19,1.3049728870391846,0.29592379927635193
3,task_4,77,20,1.3874378204345703,0.4354575574398041
3,task_4,77,21,1.488358974456787,0.5971105694770813
3,task_4,77,22,1.572727084159851,0.7333868741989136
3,task_4,77,23,1.6675752401351929,0.8876171708106995
3,task_4,77,24,1.7835465669631958,1.0842676162719727
3,task_4,77,25,1.910488247871399,1.3040467500686646
3,task_4,77,26,2.0210156440734863,1.4952694177627563
3,task_4,77,27,2.152216911315918,1.7226585149765015
3,task_4,77,28,2.293541193008423,1.9224342107772827
3,task_4,77,29,2.446521282196045,1.9224342107772827
3,task_4,78,0,0.0,1.0741848945617676
3,task_4,78,1,0.0,1.0741848945617676
3,task_4,78,2,0.0,1.0741848945617676
3,task_4,78,3,0.0,1.0741848945617676
3,task_4,78,4,0.0,1.0741848945617676
3,task_4,78,5,0.047032035887241364,1.0355055332183838
3,task_4,78,6,0.12328959256410599,0.96058589220047
3,task_4,78,7,0.18412059545516968,0.9121697545051575
3,task_4,78,8,0.24297845363616943,0.8581576943397522
3,task_4,78,9,0.32033777236938477,0.7883819937705994
3,task_4,78,10,0.40636101365089417,0.7094420790672302
3,task_4,78,11,0.4909142851829529,0.6273665428161621
3,task_4,78,12,0.5739098787307739,0.5320687294006348
3,task_4,78,13,0.6714507937431335,0.41463911533355713
3,task_4,78,14,0.7467648386955261,0.3116200268268585
3,task_4,78,15,0.866296112537384,0.16630534827709198
3,task_4,78,16,0.9621754884719849,0.05290694534778595
3,task_4,78,17,1.0616002082824707,-0.08768273890018463
3,task_4,78,18,1.1741505861282349,-0.2304791361093521
3,task_4,78,19,1.2790772914886475,-0.34619852900505066
3,task_4,78,20,1.4041450023651123,-0.49147239327430725
3,task_4,78,21,1.529226541519165,-0.6380890607833862
3,task_4,78,22,1.6531431674957275,-0.7814032435417175
3,task_4,78,23,1.7684866189956665,-0.9095377326011658
3,task_4,78,24,1.9129278659820557,-1.0654963254928589
3,task_4,78,25,2.0795860290527344,-1.2450720071792603
3,task_4,78,26,2.19771671295166,-1.368369460105896
3,task_4,78,27,2.350522994995117,-1.5302469730377197
3,task_4,78,28,2.5126700401306152,-1.6957714557647705
3,task_4,78,29,3.233927011489868,-2.3502516746520996
3,task_4,79,0,0.9179341793060303,-931.3225708007812
3,task_4,79,1,0.9179341793060303,-931.3225708007812
3,task_4,79,2,0.9179341793060303,-931.3225708007812
3,task_4,79,3,0.9179341793060303,-931.3225708007812
3,task_4,79,4,0.9179341793060303,-931.3225708007812
3,task_4,79,5,0.9179341793060303,-931.3225708007812
3,task_4,79,6,0.9179341793060303,-931.3225708007812
3,task_4,79,7,0.9179341793060303,-931.3225708007812
3,task_4,79,8,0.9179341793060303,-931.3225708007812
3,task_4,79,9,0.9179341793060303,-931.3225708007812
3,task_4,79,10,0.9179341793060303,-931.3225708007812
3,task_4,79,11,0.9179341793060303,-931.3225708007812
3,task_4,79,12,0.9179341793060303,-931.3225708007812
3,task_4,79,13,0.9179341793060303,-931.3225708007812
3,task_4,79,14,0.9179341793060303,-931.3225708007812
3,task_4,79,15,0.9179341793060303,-931.3225708007812
3,task_4,79,16,0.9179341793060303,-931.3225708007812
3,task_4,79,17,0.9179341793060303,-931.3225708007812
3,task_4,79,18,0.9179341793060303,-931.3225708007812
3,task_4,79,19,0.9179341793060303,-931.3225708007812
3,task_4,79,20,0.9179341793060303,-931.3225708007812
3,task_4,79,21,0.9179341793060303,-931.3225708007812
3,task_4,79,22,0.9179341793060303,-931.3225708007812
3,task_4,79,23,0.9179341793060303,-931.3225708007812
3,task_4,79,24,0.9179341793060303,-931.3225708007812
3,task_4,79,25,0.9179341793060303,-931.3225708007812
3,task_4,79,26,0.9179341793060303,-931.3225708007812
3,task_4,79,27,0.9179341793060303,-931.3225708007812
3,task_4,79,28,0.9179341793060303,-931.3225708007812
3,task_4,79,29,0.9179341793060303,-931.3225708007812
3,task_4,80,0,0.3035224974155426,-1.1816614866256714
3,task_4,80,1,0.3424145579338074,-1.1312906742095947
3,task_4,80,2,0.37781232595443726,-1.0860834121704102
3,task_4,80,3,0.42005765438079834,-1.0321520566940308
3,task_4,80,4,0.4580661654472351,-0.9830294251441956
3,task_4,80,5,0.49783384799957275,-0.9333218336105347
3,task_4,80,6,0.5525739192962646,-0.8667937517166138
3,task_4,80,7,0.5958088040351868,-0.8205967545509338
3,task_4,80,8,0.6467822194099426,-0.7626294493675232
3,task_4,80,9,0.7009179592132568,-0.701924204826355
3,task_4,80,10,0.7567638754844666,-0.6394262909889221
3,task_4,80,11,0.8223875164985657,-0.5679898262023926
3,task_4,80,12,0.8914986848831177,-0.5017009377479553
3,task_4,80,13,0.969062864780426,-0.4230920672416687
3,task_4,80,14,1.034993052482605,-0.35619020462036133
3,task_4,80,15,1.1207740306854248,-0.26307860016822815
3,task_4,80,16,1.208680510520935,-0.1652129888534546
3,task_4,80,17,1.2982161045074463,-0.059855252504348755
3,task_4,80,18,1.4048423767089844,0.08461599797010422
3,task_4,80,19,1.5037685632705688,0.2129420042037964
3,task_4,80,20,1.6230288743972778,0.3645278215408325
3,task_4,80,21,1.740840196609497,0.519476056098938
3,task_4,80,22,1.871631383895874,0.6865411996841431
3,task_4,80,23,2.004335641860962,0.8615766763687134
3,task_4,80,24,2.149833917617798,1.0507208108901978
3,task_4,80,25,2.31693434715271,1.289794683456421
3,task_4,80,26,2.4706060886383057,1.5155309438705444
3,task_4,80,27,2.6447248458862305,1.7722525596618652
3,task_4,80,28,2.8389925956726074,2.059023857116699
3,task_4,80,29,3.0269956588745117,2.059023857116699
3,task_4,81,0,0.0,0.0
3,task_4,81,1,0.0,0.0
3,task_4,81,2,0.0,0.0
3,task_4,81,3,0.0,0.0
3,task_4,81,4,0.0,0.0
3,task_4,81,5,0.0,0.0
3,task_4,81,6,0.0,0.0
3,task_4,81,7,0.0,0.0
3,task_4,81,8,0.0,0.0
3,task_4,81,9,0.0,0.0
3,task_4,81,10,0.0,0.0
3,task_4,81,11,0.0,0.0
3,task_4,81,12,0.0,0.0
3,task_4,81,13,0.0,0.0
3,task_4,81,14,0.0,0.0
3,task_4,81,15,0.0,0.0
3,task_4,81,16,0.0,0.0
3,task_4,81,17,0.0,0.0
3,task_4,81,18,0.0015057623386383057,0.0
3,task_4,81,19,0.009886085987091064,0.0
3,task_4,81,20,0.016315221786499023,0.0
3,task_4,81,21,0.02210170030593872,0.0
3,task_4,81,22,0.02625831961631775,0.0
3,task_4,81,23,0.029399722814559937,0.0
3,task_4,81,24,0.03171736001968384,0.0
3,task_4,81,25,0.035049766302108765,0.0
3,task_4,81,26,0.038478463888168335,0.0
3,task_4,81,27,0.04210549592971802,0.0
3,task_4,81,28,0.047305136919021606,0.0
3,task_4,81,29,0.06440891325473785,0.0
3,task_4,82,0,0.5890284776687622,0.4638155400753021
3,task_4,82,1,0.5956251621246338,0.4218626022338867
3,task_4,82,2,0.5983293056488037,0.4057258665561676
3,task_4,82,3,0.6028767824172974,0.3745267391204834
3,task_4,82,4,0.6059378385543823,0.3544166684150696
3,task_4,82,5,0.6085606813430786,0.3374301791191101
3,task_4,82,6,0.6116374731063843,0.31746357679367065
3,task_4,82,7,0.6142599582672119,0.2997297942638397
3,task_4,82,8,0.6165721416473389,0.28379786014556885
3,task_4,82,9,0.6187577247619629,0.26977699995040894
3,task_4,82,10,0.6212882995605469,0.2524615526199341
3,task_4,82,11,0.6245105266571045,0.23319493234157562
3,task_4,82,12,0.6270509958267212,0.21509301662445068
3,task_4,82,13,0.6292756795883179,0.20105959475040436
3,task_4,82,14,0.6319338083267212,0.18388181924819946
3,task_4,82,15,0.634384036064148,0.16708904504776
3,task_4,82,16,0.6366772651672363,0.15318460762500763
3,task_4,82,17,0.6400214433670044,0.13101518154144287
3,task_4,82,18,0.6422557830810547,0.11775467544794083
3,task_4,82,19,0.6449692249298096,0.09912572801113129
3,task_4,82,20,0.6481873393058777,0.07623989880084991
3,task_4,82,21,0.6501104235649109,0.0631856694817543
3,task_4,82,22,0.653382420539856,0.040611423552036285
3,task_4,82,23,0.6561034917831421,0.023050563409924507
3,task_4,82,24,0.6591751575469971,0.0026028258726000786
3,task_4,82,25,0.6627577543258667,-0.023108050227165222
3,task_4,82,26,0.6670666933059692,-0.05159807577729225
3,task_4,82,27,0.6706671714782715,-0.07606888562440872
3,task_4,82,28,0.675197184085846,-0.10710280388593674
3,task_4,82,29,1.4576505422592163,-5.230230331420898
3,task_4,83,0,0.0,0.38292935490608215
3,task_4,83,1,0.0,0.38292935490608215
3,task_4,83,2,0.0,0.38292935490608215
3,task_4,83,3,0.0,0.38292935490608215
3,task_4,83,4,0.0,0.38292935490608215
3,task_4,83,5,0.0,0.38292935490608215
3,task_4,83,6,0.0,0.38292935490608215
3,task_4,83,7,0.0,0.38292935490608215
3,task_4,83,8,0.0,0.38292935490608215
3,task_4,83,9,0.0,0.38292935490608215
3,task_4,83,10,0.0,0.38292935490608215
3,task_4,83,11,0.0,0.38292935490608215
3,task_4,83,12,0.0,0.38292935490608215
3,task_4,83,13,0.0,0.38292935490608215
3,task_4,83,14,0.0,0.38292935490608215
3,task_4,83,15,0.0,0.38292935490608215
3,task_4,83,16,0.0,0.38292935490608215
3,task_4,83,17,0.0,0.38292935490608215
3,task_4,83,18,0.0,0.38292935490608215
3,task_4,83,19,0.0,0.38292935490608215
3,task_4,83,20,0.0,0.38292935490608215
3,task_4,83,21,0.0,0.38292935490608215
3,task_4,83,22,0.0,0.38292935490608215
3,task_4,83,23,0.013260917738080025,0.26267239451408386
3,task_4,83,24,0.06032203882932663,-0.11024807393550873
3,task_4,83,25,0.1051073670387268,-0.5261216759681702
3,task_4,83,26,0.15981124341487885,-0.8577860593795776
3,task_4,83,27,0.21354056894779205,-1.347226858139038
3,task_4,83,28,0.2725883424282074,-1.8258264064788818
3,task_4,83,29,0.44283527135849,-4.402838706970215
3,task_4,84,0,0.3921508193016052,1.0599442720413208
3,task_4,84,1,0.4099332392215729,1.007771372795105
3,task_4,84,2,0.42625585198402405,0.9658778309822083
3,task_4,84,3,0.4416734576225281,0.930124819278717
3,task_4,84,4,0.4669637382030487,0.877906322479248
3,task_4,84,5,0.494291752576828,0.8348063826560974
3,task_4,84,6,0.5315941572189331,0.7903481125831604
3,task_4,84,7,0.5637932419776917,0.7567122578620911
3,task_4,84,8,0.6020119190216064,0.7214534282684326
3,task_4,84,9,0.6514036655426025,0.6756425499916077
3,task_4,84,10,0.6999216675758362,0.6383216381072998
3,task_4,84,11,0.7643643617630005,0.5912792682647705
3,task_4,84,12,0.8351834416389465,0.5307625532150269
3,task_4,84,13,0.9107601046562195,0.465232789516449
3,task_4,84,14,0.9986555576324463,0.38842037320137024
3,task_4,84,15,1.0890508890151978,0.3113194704055786
3,task_4,84,16,1.2041398286819458,0.20647193491458893
3,task_4,84,17,1.3078804016113281,0.11930765956640244
3,task_4,84,18,1.4478627443313599,-0.0013057342730462551
3,task_4,84,19,1.5786471366882324,-0.11474115401506424
3,task_4,84,20,1.733595609664917,-0.24478976428508759
3,task_4,84,21,1.8994536399841309,-0.3851909041404724
3,task_4,84,22,2.0768120288848877,-0.5451547503471375
3,task_4,84,23,2.2660911083221436,-0.7174457907676697
3,task_4,84,24,2.4718246459960938,-0.9201793670654297
3,task_4,84,25,2.7101662158966064,-1.1391210556030273
3,task_4,84,26,2.944892406463623,-1.3661969900131226
3,task_4,84,27,3.203404664993286,-1.6072582006454468
3,task_4,84,28,3.4860761165618896,-1.88239324092865
3,task_4,84,29,4.524823188781738,-2.9479196071624756
3,task_4,85,0,0.0,-0.08816733956336975
3,task_4,85,1,0.0,-0.08816733956336975
3,task_4,85,2,0.0,-0.08816733956336975
3,task_4,85,3,0.0,-0.08816733956336975
3,task_4,85,4,0.0,-0.08816733956336975
3,task_4,85,5,0.0,-0.08816733956336975
3,task_4,85,6,0.0,-0.08816733956336975
3,task_4,85,7,0.0,-0.08816733956336975
3,task_4,85,8,0.0,-0.08816733956336975
3,task_4,85,9,0.0,-0.08816733956336975
3,task_4,85,10,0.0,-0.08816733956336975
3,task_4,85,11,0.0,-0.08816733956336975
3,task_4,85,12,0.0,-0.08816733956336975
3,task_4,85,13,0.0,-0.08816733956336975
3,task_4,85,14,0.0,-0.08816733956336975
3,task_4,85,15,0.0,-0.08816733956336975
3,task_4,85,16,0.0,-0.08816733956336975
3,task_4,85,17,0.0,-0.08816733956336975
3,task_4,85,18,0.019146770238876343,-0.7343135476112366
3,task_4,85,19,0.032182976603507996,-0.9149763584136963
3,task_4,85,20,0.042525514960289,-0.812092661857605
3,task_4,85,21,0.05316545069217682,-0.6037027835845947
3,task_4,85,22,0.0589011013507843,-0.46080437302589417
3,task_4,85,23,0.06463611125946045,-0.30142197012901306
3,task_4,85,24,0.06884969770908356,-0.136994406580925
3,task_4,85,25,0.07202129065990448,-0.09665229171514511
3,task_4,85,26,0.0761384665966034,0.02541247382760048
3,task_4,85,27,0.08083073794841766,0.16002416610717773
3,task_4,85,28,0.08679650723934174,0.36668089032173157
3,task_4,85,29,0.24835734069347382,5.095852375030518
3,task_4,86,0,0.21871571242809296,1.05366051197052
3,task_4,86,1,0.22748838365077972,1.0344778299331665
3,task_4,86,2,0.23565158247947693,1.0163586139678955
3,task_4,86,3,0.2442878931760788,0.9971550107002258
3,task_4,86,4,0.256752073764801,0.9685578346252441
3,task_4,86,5,0.27092355489730835,0.9343136548995972
3,task_4,86,6,0.2910671830177307,0.8876750469207764
3,task_4,86,7,0.31250113248825073,0.8429464101791382
3,task_4,86,8,0.3366197943687439,0.7989228367805481
3,task_4,86,9,0.3656125068664551,0.7461642622947693
3,task_4,86,10,0.4014139771461487,0.6893712878227234
3,task_4,86,11,0.45647671818733215,0.6040133237838745
3,task_4,86,12,0.5011300444602966,0.5392897725105286
3,task_4,86,13,0.5653894543647766,0.44689059257507324
3,task_4,86,14,0.6310268640518188,0.3492068946361542
3,task_4,86,15,0.6988680958747864,0.26186317205429077
3,task_4,86,16,0.7904585003852844,0.1402260959148407
3,task_4,86,17,0.872955858707428,0.04093009606003761
3,task_4,86,18,0.9840704798698425,-0.09069587290287018
3,task_4,86,19,1.0902122259140015,-0.20577594637870789
3,task_4,86,20,1.2199459075927734,-0.34931814670562744
3,task_4,86,21,1.3392704725265503,-0.4733215272426605
3,task_4,86,22,1.4856235980987549,-0.6433800458908081
3,task_4,86,23,1.6434197425842285,-0.8244097232818604
3,task_4,86,24,1.8074363470077515,-1.0067648887634277
3,task_4,86,25,1.9841113090515137,-1.205824375152588
3,task_4,86,26,2.196979522705078,-1.4508938789367676
3,task_4,86,27,2.3937244415283203,-1.695611834526062
3,task_4,86,28,2.6147918701171875,-1.9785666465759277
3,task_4,86,29,2.8497183322906494,-2.4274580478668213
3,task_4,87,0,0.5338029861450195,0.0
3,task_4,87,1,0.5338029861450195,0.0
3,task_4,87,2,0.5338029861450195,0.0
3,task_4,87,3,0.5338029861450195,0.0
3,task_4,87,4,0.5338029861450195,0.0
3,task_4,87,5,0.5338029861450195,0.0
3,task_4,87,6,0.5338029861450195,0.0
3,task_4,87,7,0.5338029861450195,0.0
3,task_4,87,8,0.5338029861450195,0.0
3,task_4,87,9,0.5338029861450195,0.0
3,task_4,87,10,0.5338029861450195,0.0
3,task_4,87,11,0.5338029861450195,0.0
3,task_4,87,12,0.5338029861450195,0.0
3,task_4,87,13,0.5338029861450195,0.0
3,task_4,87,14,0.5338029861450195,0.0
3,task_4,87,15,0.5338029861450195,0.0
3,task_4,87,16,0.5338029861450195,0.0
3,task_4,87,17,0.5338029861450195,0.0
3,task_4,87,18,0.5338029861450195,0.0
3,task_4,87,19,0.5338029861450195,0.0
3,task_4,87,20,0.5338029861450195,0.0
3,task_4,87,21,0.5338029861450195,0.0
3,task_4,87,22,0.5338029861450195,0.0
3,task_4,87,23,0.5338029861450195,0.0
3,task_4,87,24,0.5338029861450195,0.0
3,task_4,87,25,0.5338029861450195,0.0
3,task_4,87,26,0.5338029861450195,0.0
3,task_4,87,27,0.5338029861450195,0.0
3,task_4,87,28,0.5338029861450195,0.0
3,task_4,87,29,0.5338029861450195,0.0
3,task_4,88,0,0.0,0.7094255089759827
3,task_4,88,1,0.0,0.7094255089759827
3,task_4,88,2,0.0,0.7094255089759827
3,task_4,88,3,0.0,0.7094255089759827
3,task_4,88,4,0.0,0.7094255089759827
3,task_4,88,5,0.0,0.7094255089759827
3,task_4,88,6,0.0,0.7094255089759827
3,task_4,88,7,0.0,0.7094255089759827
3,task_4,88,8,0.0,0.7094255089759827
3,task_4,88,9,0.0,0.7094255089759827
3,task_4,88,10,0.0,0.7094255089759827
3,task_4,88,11,0.0,0.7094255089759827
3,task_4,88,12,0.0,0.7094255089759827
3,task_4,88,13,0.0,0.7094255089759827
3,task_4,88,14,0.0,0.7094255089759827
3,task_4,88,15,0.0,0.7094255089759827
3,task_4,88,16,0.0033120885491371155,0.6509113907814026
3,task_4,88,17,0.016601331532001495,0.4229397475719452
3,task_4,88,18,0.02815607190132141,0.22462604939937592
3,task_4,88,19,0.03967459499835968,0.019352605566382408
3,task_4,88,20,0.052682287991046906,-0.21813294291496277
3,task_4,88,21,0.06484846025705338,-0.4309094250202179
3,task_4,88,22,0.07997670024633408,-0.7006097435951233
3,task_4,88,23,0.09139259904623032,-0.913756251335144
3,task_4,88,24,0.10658279806375504,-1.1966015100479126
3,task_4,88,25,0.11797498911619186,-1.4217103719711304
3,task_4,88,26,0.13098815083503723,-1.6724326610565186
3,task_4,88,27,0.14570775628089905,-1.953700065612793
3,task_4,88,28,0.15639600157737732,-2.157304286956787
3,task_4,88,29,0.6443434357643127,-2.003478527069092
3,task_4,89,0,0.7498494386672974,0.7471777200698853
3,task_4,89,1,0.7577846050262451,0.7002090215682983
3,task_4,89,2,0.7650226354598999,0.6678486466407776
3,task_4,89,3,0.7707774043083191,0.6446337103843689
3,task_4,89,4,0.7769489288330078,0.6140941381454468
3,task_4,89,5,0.7833921909332275,0.5833958387374878
3,task_4,89,6,0.7905513644218445,0.5517632961273193
3,task_4,89,7,0.7958359718322754,0.520083487033844
3,task_4,89,8,0.7999573945999146,0.5035064816474915
3,task_4,89,9,0.8036169409751892,0.4877331554889679
3,task_4,89,10,0.8076165914535522,0.4729355275630951
3,task_4,89,11,0.8138414025306702,0.44368976354599
3,task_4,89,12,0.8182824850082397,0.4229230284690857
3,task_4,89,13,0.8232975602149963,0.39985033869743347
3,task_4,89,14,0.8311634659767151,0.3669168949127197
3,task_4,89,15,0.8375201225280762,0.3402513563632965
3,task_4,89,16,0.8478699922561646,0.2933299243450165
3,task_4,89,17,0.855969250202179,0.2559721767902374
3,task_4,89,18,0.8696414232254028,0.19327622652053833
3,task_4,89,19,0.8823539018630981,0.13791346549987793
3,task_4,89,20,0.8988171815872192,0.05910944193601608
3,task_4,89,21,0.9177474975585938,-0.03483946621417999
3,task_4,89,22,0.936438262462616,-0.13396573066711426
3,task_4,89,23,0.9658628106117249,-0.29541128873825073
3,task_4,89,24,0.9983953833580017,-0.47820448875427246
3,task_4,89,25,1.0318195819854736,-0.6565586924552917
3,task_4,89,26,1.0657463073730469,-0.8632184863090515
3,task_4,89,27,1.1100116968154907,-1.116650104522705
3,task_4,89,28,1.1653262376785278,-1.4398747682571411
3,task_4,89,29,1.8281116485595703,-4.387879371643066
3,task_4,90,0,0.4996715784072876,1.0105035305023193
3,task_4,90,1,0.5257614254951477,0.9807500839233398
3,task_4,90,2,0.5536767840385437,0.9516191482543945
3,task_4,90,3,0.5757323503494263,0.9251906871795654
3,task_4,90,4,0.5982249975204468,0.8976753950119019
3,task_4,90,5,0.6246650218963623,0.8668392896652222
3,task_4,90,6,0.6522898077964783,0.8375481367111206
3,task_4,90,7,0.6933488845825195,0.7894068360328674
3,task_4,90,8,0.7209479808807373,0.7562079429626465
3,task_4,90,9,0.7570344805717468,0.7151480913162231
3,task_4,90,10,0.8026249408721924,0.66094571352005
3,task_4,90,11,0.8435192108154297,0.6145609617233276
3,task_4,90,12,0.8945223689079285,0.5542950630187988
3,task_4,90,13,0.9470005035400391,0.49189960956573486
3,task_4,90,14,1.0257587432861328,0.3948787748813629
3,task_4,90,15,1.0817804336547852,0.32617947459220886
3,task_4,90,16,1.1690456867218018,0.220132976770401
3,task_4,90,17,1.248707890510559,0.12165800482034683
3,task_4,90,18,1.3414372205734253,0.007530989125370979
3,task_4,90,19,1.4603396654129028,-0.14050309360027313
3,task_4,90,20,1.571794867515564,-0.2794407904148102
3,task_4,90,21,1.6954141855239868,-0.43555912375450134
3,task_4,90,22,1.8332834243774414,-0.6012274026870728
3,task_4,90,23,1.98926842212677,-0.7902132272720337
3,task_4,90,24,2.129899501800537,-0.9607464075088501
3,task_4,90,25,2.2987449169158936,-1.1634786128997803
3,task_4,90,26,2.505774974822998,-1.4193661212921143
3,task_4,90,27,2.706594467163086,-1.6603212356567383
3,task_4,90,28,2.918591022491455,-1.9087738990783691
3,task_4,90,29,3.614992618560791,-2.7633402347564697
3,task_4,91,0,1.4626766443252563,0.0
3,task_4,91,1,1.4626766443252563,0.0
3,task_4,91,2,1.4626766443252563,0.0
3,task_4,91,3,1.4626766443252563,0.0
3,task_4,91,4,1.4626766443252563,0.0
3,task_4,91,5,1.4626766443252563,0.0
3,task_4,91,6,1.4626766443252563,0.0
3,task_4,91,7,1.4626766443252563,0.0
3,task_4,91,8,1.4626766443252563,0.0
3,task_4,91,9,1.4626766443252563,0.0
3,task_4,91,10,1.4626766443252563,0.0
3,task_4,91,11,1.4626766443252563,0.0
3,task_4,91,12,1.4626766443252563,0.0
3,task_4,91,13,1.4626766443252563,0.0
3,task_4,91,14,1.4626766443252563,0.0
3,task_4,91,15,1.4626766443252563,0.0
3,task_4,91,16,1.4626766443252563,0.0
3,task_4,91,17,1.4626766443252563,0.0
3,task_4,91,18,1.4626766443252563,0.0
3,task_4,91,19,1.4626766443252563,0.0
3,task_4,91,20,1.4626766443252563,0.0
3,task_4,91,21,1.4626766443252563,0.0
3,task_4,91,22,1.4626766443252563,0.0
3,task_4,91,23,1.4626766443252563,0.0
3,task_4,91,24,1.4626766443252563,0.0
3,task_4,91,25,1.4626766443252563,0.0
3,task_4,91,26,1.4626766443252563,0.0
3,task_4,91,27,1.4626766443252563,0.0
3,task_4,91,28,1.4626766443252563,0.0
3,task_4,91,29,1.4626766443252563,0.0
3,task_4,92,0,0.03437542915344238,-7.2759575843811035
3,task_4,92,1,0.03437542915344238,-7.2759575843811035
3,task_4,92,2,0.03437542915344238,-7.2759575843811035
3,task_4,92,3,0.03437542915344238,-7.2759575843811035
3,task_4,92,4,0.03437542915344238,-7.2759575843811035
3,task_4,92,5,0.03437542915344238,-7.2759575843811035
3,task_4,92,6,0.03437542915344238,-7.2759575843811035
3,task_4,92,7,0.03437542915344238,-7.2759575843811035
3,task_4,92,8,0.03437542915344238,-7.2759575843811035
3,task_4,92,9,0.03437542915344238,-7.2759575843811035
3,task_4,92,10,0.03437542915344238,-7.2759575843811035
3,task_4,92,11,0.03437542915344238,-7.2759575843811035
3,task_4,92,12,0.03437542915344238,-7.2759575843811035
3,task_4,92,13,0.03437542915344238,-7.2759575843811035
3,task_4,92,14,0.03437542915344238,-7.2759575843811035
3,task_4,92,15,0.03437542915344238,-7.2759575843811035
3,task_4,92,16,0.03437542915344238,-7.2759575843811035
3,task_4,92,17,0.03437542915344238,-7.2759575843811035
3,task_4,92,18,0.03437542915344238,-7.2759575843811035
3,task_4,92,19,0.03437542915344238,-7.2759575843811035
3,task_4,92,20,0.03437542915344238,-7.2759575843811035
3,task_4,92,21,0.03437542915344238,-7.2759575843811035
3,task_4,92,22,0.03437542915344238,-7.2759575843811035
3,task_4,92,23,0.03437542915344238,-7.2759575843811035
3,task_4,92,24,0.03437542915344238,-7.2759575843811035
3,task_4,92,25,0.03437542915344238,-7.2759575843811035
3,task_4,92,26,0.03437542915344238,-7.2759575843811035
3,task_4,92,27,0.03437542915344238,-7.2759575843811035
3,task_4,92,28,0.03437542915344238,-7.2759575843811035
3,task_4,92,29,0.03437542915344238,-7.2759575843811035
3,task_4,93,0,0.7695632576942444,0.0
3,task_4,93,1,0.7695632576942444,0.0
3,task_4,93,2,0.7695632576942444,0.0
3,task_4,93,3,0.7695632576942444,0.0
3,task_4,93,4,0.7695632576942444,0.0
3,task_4,93,5,0.7695632576942444,0.0
3,task_4,93,6,0.7695632576942444,0.0
3,task_4,93,7,0.7695632576942444,0.0
3,task_4,93,8,0.7695632576942444,0.0
3,task_4,93,9,0.7695632576942444,0.0
3,task_4,93,10,0.7695632576942444,0.0
3,task_4,93,11,0.7695632576942444,0.0
3,task_4,93,12,0.7695632576942444,0.0
3,task_4,93,13,0.7695632576942444,0.0
3,task_4,93,14,0.7695632576942444,0.0
3,task_4,93,15,0.7695632576942444,0.0
3,task_4,93,16,0.7695632576942444,0.0
3,task_4,93,17,0.7695632576942444,0.0
3,task_4,93,18,0.7695632576942444,0.0
3,task_4,93,19,0.7695632576942444,0.0
3,task_4,93,20,0.7695632576942444,0.0
3,task_4,93,21,0.7695632576942444,0.0
3,task_4,93,22,0.7695632576942444,0.0
3,task_4,93,23,0.7695632576942444,0.0
3,task_4,93,24,0.7695632576942444,0.0
3,task_4,93,25,0.7695632576942444,0.0
3,task_4,93,26,0.7695632576942444,0.0
3,task_4,93,27,0.7695632576942444,0.0
3,task_4,93,28,0.7695632576942444,0.0
3,task_4,93,29,0.7695632576942444,0.0
3,task_4,94,0,0.0,0.46598944067955017
3,task_4,94,1,0.0,0.46598944067955017
3,task_4,94,2,0.0,0.46598944067955017
3,task_4,94,3,0.0,0.46598944067955017
3,task_4,94,4,0.0,0.46598944067955017
3,task_4,94,5,0.0,0.46598944067955017
3,task_4,94,6,0.0,0.46598944067955017
3,task_4,94,7,0.0,0.46598944067955017
3,task_4,94,8,0.0,0.46598944067955017
3,task_4,94,9,0.0,0.46598944067955017
3,task_4,94,10,0.0,0.46598944067955017
3,task_4,94,11,0.0,0.46598944067955017
3,task_4,94,12,0.0,0.46598944067955017
3,task_4,94,13,0.0,0.46598944067955017
3,task_4,94,14,0.0,0.46598944067955017
3,task_4,94,15,0.0,0.46598944067955017
3,task_4,94,16,0.0,0.46598944067955017
3,task_4,94,17,0.0,0.46598944067955017
3,task_4,94,18,0.0,0.46598944067955017
3,task_4,94,19,0.0,0.46598944067955017
3,task_4,94,20,0.0,0.46598944067955017
3,task_4,94,21,0.0,0.46598944067955017
3,task_4,94,22,0.005330637097358704,0.39542853832244873
3,task_4,94,23,0.05099157616496086,-0.14106670022010803
3,task_4,94,24,0.08196097612380981,-0.5143340826034546
3,task_4,94,25,0.11951838433742523,-0.9576349258422852
3,task_4,94,26,0.1599198281764984,-1.4393882751464844
3,task_4,94,27,0.1949547529220581,-1.856823205947876
3,task_4,94,28,0.22398555278778076,-2.2044224739074707
3,task_4,94,29,0.7274245023727417,-3.5335264205932617
3,task_4,95,0,0.62945157289505,0.0
3,task_4,95,1,0.62945157289505,0.0
3,task_4,95,2,0.62945157289505,0.0
3,task_4,95,3,0.62945157289505,0.0
3,task_4,95,4,0.62945157289505,0.0
3,task_4,95,5,0.62945157289505,0.0
3,task_4,95,6,0.62945157289505,0.0
3,task_4,95,7,0.62945157289505,0.0
3,task_4,95,8,0.62945157289505,0.0
3,task_4,95,9,0.62945157289505,0.0
3,task_4,95,10,0.62945157289505,0.0
3,task_4,95,11,0.62945157289505,0.0
3,task_4,95,12,0.62945157289505,0.0
3,task_4,95,13,0.62945157289505,0.0
3,task_4,95,14,0.62945157289505,0.0
3,task_4,95,15,0.62945157289505,0.0
3,task_4,95,16,0.62945157289505,0.0
3,task_4,95,17,0.62945157289505,0.0
3,task_4,95,18,0.62945157289505,0.0
3,task_4,95,19,0.62945157289505,0.0
3,task_4,95,20,0.62945157289505,0.0
3,task_4,95,21,0.62945157289505,0.0
3,task_4,95,22,0.62945157289505,0.0
3,task_4,95,23,0.62945157289505,0.0
3,task_4,95,24,0.62945157289505,0.0
3,task_4,95,25,0.62945157289505,0.0
3,task_4,95,26,0.62945157289505,0.0
3,task_4,95,27,0.62945157289505,0.0
3,task_4,95,28,0.62945157289505,0.0
3,task_4,95,29,0.62945157289505,0.0
3,task_4,96,0,0.5350257754325867,0.0
3,task_4,96,1,0.5350257754325867,0.0
3,task_4,96,2,0.5350257754325867,0.0
3,task_4,96,3,0.5350257754325867,0.0
3,task_4,96,4,0.5350257754325867,0.0
3,task_4,96,5,0.5350257754325867,0.0
3,task_4,96,6,0.5350257754325867,0.0
3,task_4,96,7,0.5350257754325867,0.0
3,task_4,96,8,0.5350257754325867,0.0
3,task_4,96,9,0.5350257754325867,0.0
3,task_4,96,10,0.5350257754325867,0.0
3,task_4,96,11,0.5350257754325867,0.0
3,task_4,96,12,0.5350257754325867,0.0
3,task_4,96,13,0.5350257754325867,0.0
3,task_4,96,14,0.5350257754325867,0.0
3,task_4,96,15,0.5350257754325867,0.0
3,task_4,96,16,0.5350257754325867,0.0
3,task_4,96,17,0.5350257754325867,0.0
3,task_4,96,18,0.5350257754325867,0.0
3,task_4,96,19,0.5350257754325867,0.0
3,task_4,96,20,0.5350257754325867,0.0
3,task_4,96,21,0.5350257754325867,0.0
3,task_4,96,22,0.5350257754325867,0.0
3,task_4,96,23,0.5350257754325867,0.0
3,task_4,96,24,0.5350257754325867,0.0
3,task_4,96,25,0.5350257754325867,0.0
3,task_4,96,26,0.5350257754325867,0.0
3,task_4,96,27,0.5350257754325867,0.0
3,task_4,96,28,0.5350257754325867,0.0
3,task_4,96,29,0.5350257754325867,0.0
3,task_4,97,0,0.0,0.05684341862797737
3,task_4,97,1,0.0,0.05684341862797737
3,task_4,97,2,0.0,0.05684341862797737
3,task_4,97,3,0.0,0.05684341862797737
3,task_4,97,4,0.0,0.05684341862797737
3,task_4,97,5,0.0,0.05684341862797737
3,task_4,97,6,0.0,0.05684341862797737
3,task_4,97,7,0.0,0.05684341862797737
3,task_4,97,8,0.0,0.05684341862797737
3,task_4,97,9,0.0,0.05684341862797737
3,task_4,97,10,0.0,0.05684341862797737
3,task_4,97,11,0.0,0.05684341862797737
3,task_4,97,12,0.0,0.05684341862797737
3,task_4,97,13,0.0,0.05684341862797737
3,task_4,97,14,0.0,0.05684341862797737
3,task_4,97,15,0.0,0.05684341862797737
3,task_4,97,16,0.0,0.05684341862797737
3,task_4,97,17,0.0,0.05684341862797737
3,task_4,97,18,0.0,0.05684341862797737
3,task_4,97,19,0.0,0.05684341862797737
3,task_4,97,20,0.0,0.05684341862797737
3,task_4,97,21,0.0,0.05684341862797737
3,task_4,97,22,0.0,0.05684341862797737
3,task_4,97,23,0.00245711300522089,0.05684341862797737
3,task_4,97,24,0.006474410183727741,0.05684341862797737
3,task_4,97,25,0.009919559583067894,0.05684341862797737
3,task_4,97,26,0.013755891472101212,0.05684341862797737
3,task_4,97,27,0.0190383642911911,0.05684341862797737
3,task_4,97,28,0.02468833141028881,0.05684341862797737
3,task_4,97,29,0.04844461381435394,0.05684341862797737
3,task_4,98,0,0.995476484298706,-931.3225708007812
3,task_4,98,1,0.995476484298706,-931.3225708007812
3,task_4,98,2,0.995476484298706,-931.3225708007812
3,task_4,98,3,0.995476484298706,-931.3225708007812
3,task_4,98,4,0.995476484298706,-931.3225708007812
3,task_4,98,5,0.995476484298706,-931.3225708007812
3,task_4,98,6,0.995476484298706,-931.3225708007812
3,task_4,98,7,0.995476484298706,-931.3225708007812
3,task_4,98,8,0.995476484298706,-931.3225708007812
3,task_4,98,9,0.995476484298706,-931.3225708007812
3,task_4,98,10,0.995476484298706,-931.3225708007812
3,task_4,98,11,0.995476484298706,-931.3225708007812
3,task_4,98,12,0.995476484298706,-931.3225708007812
3,task_4,98,13,0.995476484298706,-931.3225708007812
3,task_4,98,14,0.995476484298706,-931.3225708007812
3,task_4,98,15,0.995476484298706,-931.3225708007812
3,task_4,98,16,0.995476484298706,-931.3225708007812
3,task_4,98,17,0.995476484298706,-931.3225708007812
3,task_4,98,18,0.995476484298706,-931.3225708007812
3,task_4,98,19,0.995476484298706,-931.3225708007812
3,task_4,98,20,0.995476484298706,-931.3225708007812
3,task_4,98,21,0.995476484298706,-931.3225708007812
3,task_4,98,22,0.995476484298706,-931.3225708007812
3,task_4,98,23,0.995476484298706,-931.3225708007812
3,task_4,98,24,0.995476484298706,-931.3225708007812
3,task_4,98,25,0.995476484298706,-931.3225708007812
3,task_4,98,26,0.995476484298706,-931.3225708007812
3,task_4,98,27,0.995476484298706,-931.3225708007812
3,task_4,98,28,0.995476484298706,-931.3225708007812
3,task_4,98,29,0.995476484298706,-931.3225708007812
3,task_4,99,0,0.6755859851837158,0.0
3,task_4,99,1,0.6755859851837158,0.0
3,task_4,99,2,0.6755859851837158,0.0
3,task_4,99,3,0.6755859851837158,0.0
3,task_4,99,4,0.6755859851837158,0.0
3,task_4,99,5,0.6755859851837158,0.0
3,task_4,99,6,0.6755859851837158,0.0
3,task_4,99,7,0.6755859851837158,0.0
3,task_4,99,8,0.6755859851837158,0.0
3,task_4,99,9,0.6755859851837158,0.0
3,task_4,99,10,0.6755859851837158,0.0
3,task_4,99,11,0.6755859851837158,0.0
3,task_4,99,12,0.6755859851837158,0.0
3,task_4,99,13,0.6755859851837158,0.0
3,task_4,99,14,0.6755859851837158,0.0
3,task_4,99,15,0.6755859851837158,0.0
3,task_4,99,16,0.6755859851837158,0.0
3,task_4,99,17,0.6755859851837158,0.0
3,task_4,99,18,0.6755859851837158,0.0
3,task_4,99,19,0.6755859851837158,0.0
3,task_4,99,20,0.6755859851837158,0.0
3,task_4,99,21,0.6755859851837158,0.0
3,task_4,99,22,0.6755859851837158,0.0
3,task_4,99,23,0.6755859851837158,0.0
3,task_4,99,24,0.6755859851837158,0.0
3,task_4,99,25,0.6755859851837158,0.0
3,task_4,99,26,0.6755859851837158,0.0
3,task_4,99,27,0.6755859851837158,0.0
3,task_4,99,28,0.6755859851837158,0.0
3,task_4,99,29,0.6755859851837158,0.0
3,task_4,100,0,0.37966188788414,1.0417091846466064
3,task_4,100,1,0.40824094414711,1.0080664157867432
3,task_4,100,2,0.434648722410202,0.977310061454773
3,task_4,100,3,0.46187880635261536,0.9448014497756958
3,task_4,100,4,0.49079805612564087,0.9089922904968262
3,task_4,100,5,0.5224204659461975,0.8745702505111694
3,task_4,100,6,0.5553576946258545,0.8388141393661499
3,task_4,100,7,0.6031769514083862,0.7884421348571777
3,task_4,100,8,0.6403774619102478,0.7504352927207947
3,task_4,100,9,0.6837396025657654,0.706352949142456
3,task_4,100,10,0.735221803188324,0.6554283499717712
3,task_4,100,11,0.7930789589881897,0.5974391102790833
3,task_4,100,12,0.8563785552978516,0.5377508997917175
3,task_4,100,13,0.9232584834098816,0.46920013427734375
3,task_4,100,14,1.0018064975738525,0.39059680700302124
3,task_4,100,15,1.0753542184829712,0.3185890316963196
3,task_4,100,16,1.1781315803527832,0.2173604518175125
3,task_4,100,17,1.2726348638534546,0.11884180456399918
3,task_4,100,18,1.385404348373413,-0.0020347204990684986
3,task_4,100,19,1.497917652130127,-0.12258019298315048
3,task_4,100,20,1.6283197402954102,-0.2622572183609009
3,task_4,100,21,1.7733513116836548,-0.4246789813041687
3,task_4,100,22,1.9240915775299072,-0.6032437682151794
3,task_4,100,23,2.0899343490600586,-0.7939261794090271
3,task_4,100,24,2.25169038772583,-0.9836543202400208
3,task_4,100,25,2.430673360824585,-1.1937646865844727
3,task_4,100,26,2.6479132175445557,-1.451993465423584
3,task_4,100,27,2.8614656925201416,-1.7088631391525269
3,task_4,100,28,3.085904359817505,-1.9731563329696655
3,task_4,100,29,3.632713556289673,-2.624542713165283
3,task_4,101,0,0.39012977480888367,0.0
3,task_4,101,1,0.39012977480888367,0.0
3,task_4,101,2,0.39012977480888367,0.0
3,task_4,101,3,0.39012977480888367,0.0
3,task_4,101,4,0.39012977480888367,0.0
3,task_4,101,5,0.39012977480888367,0.0
3,task_4,101,6,0.39012977480888367,0.0
3,task_4,101,7,0.39012977480888367,0.0
3,task_4,101,8,0.39012977480888367,0.0
3,task_4,101,9,0.39012977480888367,0.0
3,task_4,101,10,0.39012977480888367,0.0
3,task_4,101,11,0.39012977480888367,0.0
3,task_4,101,12,0.39012977480888367,0.0
3,task_4,101,13,0.39012977480888367,0.0
3,task_4,101,14,0.39012977480888367,0.0
3,task_4,101,15,0.39012977480888367,0.0
3,task_4,101,16,0.39012977480888367,0.0
3,task_4,101,17,0.39012977480888367,0.0
3,task_4,101,18,0.39012977480888367,0.0
3,task_4,101,19,0.39012977480888367,0.0
3,task_4,101,20,0.39012977480888367,0.0
3,task_4,101,21,0.39012977480888367,0.0
3,task_4,101,22,0.39012977480888367,0.0
3,task_4,101,23,0.39012977480888367,0.0
3,task_4,101,24,0.39012977480888367,0.0
3,task_4,101,25,0.39012977480888367,0.0
3,task_4,101,26,0.39012977480888367,0.0
3,task_4,101,27,0.39012977480888367,0.0
3,task_4,101,28,0.39012977480888367,0.0
3,task_4,101,29,0.39012977480888367,0.0
3,task_4,102,0,0.3477334678173065,1.2452223300933838
3,task_4,102,1,0.3803211450576782,1.179341197013855
3,task_4,102,2,0.4105144143104553,1.1141018867492676
3,task_4,102,3,0.43550923466682434,1.0577075481414795
3,task_4,102,4,0.469660222530365,0.9837384223937988
3,task_4,102,5,0.5033787488937378,0.9120726585388184
3,task_4,102,6,0.5356998443603516,0.8434449434280396
3,task_4,102,7,0.5695143938064575,0.7712426781654358
3,task_4,102,8,0.6006842851638794,0.7044859528541565
3,task_4,102,9,0.6291770339012146,0.6409777998924255
3,task_4,102,10,0.6680378913879395,0.5563164353370667
3,task_4,102,11,0.7026416063308716,0.47943034768104553
3,task_4,102,12,0.7357184886932373,0.403817355632782
3,task_4,102,13,0.7735165357589722,0.3186708986759186
3,task_4,102,14,0.8168817162513733,0.22181545197963715
3,task_4,102,15,0.8486679792404175,0.14934444427490234
3,task_4,102,16,0.8951942324638367,0.044500116258859634
3,task_4,102,17,0.9328858852386475,-0.040098149329423904
3,task_4,102,18,0.9771335124969482,-0.1440596580505371
3,task_4,102,19,1.0255343914031982,-0.25602591037750244
3,task_4,102,20,1.0737253427505493,-0.3599505126476288
3,task_4,102,21,1.12177574634552,-0.4798579812049866
3,task_4,102,22,1.169630527496338,-0.5902829170227051
3,task_4,102,23,1.2287042140960693,-0.7304523587226868
3,task_4,102,24,1.2837060689926147,-0.8598311543464661
3,task_4,102,25,1.3413485288619995,-1.0024887323379517
3,task_4,102,26,1.4029844999313354,-1.1520229578018188
3,task_4,102,27,1.4668368101119995,-1.2979398965835571
3,task_4,102,28,1.5364223718643188,-1.4579534530639648
3,task_4,102,29,2.418390989303589,-3.2552597522735596
3,task_4,103,0,0.4770464301109314,1.1064934730529785
3,task_4,103,1,0.5033690333366394,1.073164701461792
3,task_4,103,2,0.5314422249794006,1.0379753112792969
3,task_4,103,3,0.5583398938179016,1.0039094686508179
3,task_4,103,4,0.593624472618103,0.961320161819458
3,task_4,103,5,0.6190274953842163,0.9282422065734863
3,task_4,103,6,0.6592453718185425,0.8772212266921997
3,task_4,103,7,0.6944642066955566,0.8346424698829651
3,task_4,103,8,0.7329490780830383,0.7846623659133911
3,task_4,103,9,0.7727129459381104,0.7334493398666382
3,task_4,103,10,0.8173307776451111,0.6771624088287354
3,task_4,103,11,0.8697941899299622,0.6079558730125427
3,task_4,103,12,0.931512713432312,0.5290265679359436
3,task_4,103,13,0.9939541816711426,0.4475848972797394
3,task_4,103,14,1.0547661781311035,0.36628809571266174
3,task_4,103,15,1.1295912265777588,0.2642199993133545
3,task_4,103,16,1.2178829908370972,0.14873406291007996
3,task_4,103,17,1.300790548324585,0.03725813329219818
3,task_4,103,18,1.3991045951843262,-0.0904495045542717
3,task_4,103,19,1.4945886135101318,-0.2117493897676468
3,task_4,103,20,1.6051660776138306,-0.3551195561885834
3,task_4,103,21,1.7247381210327148,-0.5078907608985901
3,task_4,103,22,1.850100040435791,-0.6724182367324829
3,task_4,103,23,1.9878654479980469,-0.850123941898346
3,task_4,103,24,2.1247000694274902,-1.024083137512207
3,task_4,103,25,2.297001838684082,-1.2417329549789429
3,task_4,103,26,2.4670228958129883,-1.4599608182907104
3,task_4,103,27,2.647435426712036,-1.6890008449554443
3,task_4,103,28,2.841881036758423,-1.9424591064453125
3,task_4,103,29,3.055220127105713,-2.3743226528167725
3,task_4,104,0,0.0,0.8574510812759399
3,task_4,104,1,0.0,0.8574510812759399
3,task_4,104,2,0.0,0.8574510812759399
3,task_4,104,3,0.0,0.8574510812759399
3,task_4,104,4,0.0,0.8574510812759399
3,task_4,104,5,0.0,0.8574510812759399
3,task_4,104,6,0.0,0.8574510812759399
3,task_4,104,7,0.0,0.8574510812759399
3,task_4,104,8,0.0,0.8574510812759399
3,task_4,104,9,0.0,0.8574510812759399
3,task_4,104,10,0.0,0.8574510812759399
3,task_4,104,11,0.0,0.8574510812759399
3,task_4,104,12,0.009272724390029907,0.8275129199028015
3,task_4,104,13,0.03907959163188934,0.7166748046875
3,task_4,104,14,0.08984950184822083,0.5234604477882385
3,task_4,104,15,0.12410573661327362,0.3956393003463745
3,task_4,104,16,0.1710345596075058,0.21754221618175507
3,task_4,104,17,0.21224255859851837,0.06066229194402695
3,task_4,104,18,0.2556990087032318,-0.10616443306207657
3,task_4,104,19,0.3031264543533325,-0.28859829902648926
3,task_4,104,20,0.35471123456954956,-0.4947288930416107
3,task_4,104,21,0.398714154958725,-0.6630064249038696
3,task_4,104,22,0.4330764710903168,-0.7980185747146606
3,task_4,104,23,0.48838967084884644,-1.014644980430603
3,task_4,104,24,0.5292715430259705,-1.1727309226989746
3,task_4,104,25,0.5776187777519226,-1.3646657466888428
3,task_4,104,26,0.6255768537521362,-1.5547369718551636
3,task_4,104,27,0.6617671251296997,-1.7038383483886719
3,task_4,104,28,0.7043154835700989,-1.8769745826721191
3,task_4,104,29,1.1891347169876099,-1.9927966594696045
3,task_4,105,0,0.4559592008590698,0.8231549263000488
3,task_4,105,1,0.460479736328125,0.8172206878662109
3,task_4,105,2,0.46373599767684937,0.8141506910324097
3,task_4,105,3,0.4680842459201813,0.8098847270011902
3,task_4,105,4,0.47241681814193726,0.8059822916984558
3,task_4,105,5,0.4775359332561493,0.8008130192756653
3,task_4,105,6,0.4831898808479309,0.7949004173278809
3,task_4,105,7,0.48814576864242554,0.7901124358177185
3,task_4,105,8,0.4925597012042999,0.7856226563453674
3,task_4,105,9,0.5087002515792847,0.7710379362106323
3,task_4,105,10,0.5331466794013977,0.7491691708564758
3,task_4,105,11,0.5665808916091919,0.7170020341873169
3,task_4,105,12,0.6132503747940063,0.6589707732200623
3,task_4,105,13,0.6698020696640015,0.5725221037864685
3,task_4,105,14,0.7236760258674622,0.5112286806106567
3,task_4,105,15,0.7953199744224548,0.4308321177959442
3,task_4,105,16,0.8883717656135559,0.3218333423137665
3,task_4,105,17,0.9804200530052185,0.21331143379211426
3,task_4,105,18,1.0841397047042847,0.09018842875957489
3,task_4,105,19,1.1983911991119385,-0.0444563589990139
3,task_4,105,20,1.3377071619033813,-0.20654970407485962
3,task_4,105,21,1.4836586713790894,-0.3797481656074524
3,task_4,105,22,1.6571335792541504,-0.5780889987945557
3,task_4,105,23,1.8237862586975098,-0.7750043272972107
3,task_4,105,24,2.010643243789673,-0.9985909461975098
3,task_4,105,25,2.2370617389678955,-1.2911145687103271
3,task_4,105,26,2.4618875980377197,-1.583751916885376
3,task_4,105,27,2.7014153003692627,-1.8847261667251587
3,task_4,105,28,2.9753754138946533,-2.2679519653320312
3,task_4,105,29,3.2576074600219727,-2.2679519653320312
3,task_4,106,0,0.0,1.117521047592163
3,task_4,106,1,0.0,1.117521047592163
3,task_4,106,2,0.0126027911901474,1.1028848886489868
3,task_4,106,3,0.039178915321826935,1.0708155632019043
3,task_4,106,4,0.07345234602689743,1.0294106006622314
3,task_4,106,5,0.11571446806192398,0.9747709035873413
3,task_4,106,6,0.1527644693851471,0.9298816323280334
3,task_4,106,7,0.2060067057609558,0.8652498722076416
3,task_4,106,8,0.25054049491882324,0.8072167634963989
3,task_4,106,9,0.2958662211894989,0.7465938925743103
3,task_4,106,10,0.3493937849998474,0.6723595857620239
3,task_4,106,11,0.4065137505531311,0.5943232178688049
3,task_4,106,12,0.47241276502609253,0.5054813027381897
3,task_4,106,13,0.5367037653923035,0.4214631915092468
3,task_4,106,14,0.633120059967041,0.2876296043395996
3,task_4,106,15,0.6934318542480469,0.21795883774757385
3,task_4,106,16,0.7924910187721252,0.10218872129917145
3,task_4,106,17,0.886122465133667,-0.016281822696328163
3,task_4,106,18,0.9746518135070801,-0.12461195141077042
3,task_4,106,19,1.0900254249572754,-0.26240476965904236
3,task_4,106,20,1.2081934213638306,-0.4051329493522644
3,task_4,106,21,1.3237669467926025,-0.5444181561470032
3,task_4,106,22,1.463503122329712,-0.7154339551925659
3,task_4,106,23,1.6189242601394653,-0.9082291126251221
3,task_4,106,24,1.7386852502822876,-1.0610426664352417
3,task_4,106,25,1.9072840213775635,-1.2815581560134888
3,task_4,106,26,2.083289623260498,-1.5120489597320557
3,task_4,106,27,2.265913248062134,-1.7489550113677979
3,task_4,106,28,2.4512686729431152,-1.9915746450424194
3,task_4,106,29,2.670762538909912,-1.9915746450424194
3,task_4,107,0,0.9730695486068726,-931.3225708007812
3,task_4,107,1,0.9730695486068726,-931.3225708007812
3,task_4,107,2,0.9730695486068726,-931.3225708007812
3,task_4,107,3,0.9730695486068726,-931.3225708007812
3,task_4,107,4,0.9730695486068726,-931.3225708007812
3,task_4,107,5,0.9730695486068726,-931.3225708007812
3,task_4,107,6,0.9730695486068726,-931.3225708007812
3,task_4,107,7,0.9730695486068726,-931.3225708007812
3,task_4,107,8,0.9730695486068726,-931.3225708007812
3,task_4,107,9,0.9730695486068726,-931.3225708007812
3,task_4,107,10,0.9730695486068726,-931.3225708007812
3,task_4,107,11,0.9730695486068726,-931.3225708007812
3,task_4,107,12,0.9730695486068726,-931.3225708007812
3,task_4,107,13,0.9730695486068726,-931.3225708007812
3,task_4,107,14,0.9730695486068726,-931.3225708007812
3,task_4,107,15,0.9730695486068726,-931.3225708007812
3,task_4,107,16,0.9730695486068726,-931.3225708007812
3,task_4,107,17,0.9730695486068726,-931.3225708007812
3,task_4,107,18,0.9730695486068726,-931.3225708007812
3,task_4,107,19,0.9730695486068726,-931.3225708007812
3,task_4,107,20,0.9730695486068726,-931.3225708007812
3,task_4,107,21,0.9730695486068726,-931.3225708007812
3,task_4,107,22,0.9730695486068726,-931.3225708007812
3,task_4,107,23,0.9730695486068726,-931.3225708007812
3,task_4,107,24,0.9730695486068726,-931.3225708007812
3,task_4,107,25,0.9730695486068726,-931.3225708007812
3,task_4,107,26,0.9730695486068726,-931.3225708007812
3,task_4,107,27,0.9730695486068726,-931.3225708007812
3,task_4,107,28,0.9730695486068726,-931.3225708007812
3,task_4,107,29,0.9730695486068726,-931.3225708007812
3,task_4,108,0,0.25101175904273987,0.0
3,task_4,108,1,0.25101175904273987,0.0
3,task_4,108,2,0.25101175904273987,0.0
3,task_4,108,3,0.25101175904273987,0.0
3,task_4,108,4,0.25101175904273987,0.0
3,task_4,108,5,0.25101175904273987,0.0
3,task_4,108,6,0.25101175904273987,0.0
3,task_4,108,7,0.25101175904273987,0.0
3,task_4,108,8,0.25101175904273987,0.0
3,task_4,108,9,0.25101175904273987,0.0
3,task_4,108,10,0.25101175904273987,0.0
3,task_4,108,11,0.25101175904273987,0.0
3,task_4,108,12,0.25101175904273987,0.0
3,task_4,108,13,0.25101175904273987,0.0
3,task_4,108,14,0.25101175904273987,0.0
3,task_4,108,15,0.25101175904273987,0.0
3,task_4,108,16,0.25101175904273987,0.0
3,task_4,108,17,0.25101175904273987,0.0
3,task_4,108,18,0.25101175904273987,0.0
3,task_4,108,19,0.25101175904273987,0.0
3,task_4,108,20,0.25101175904273987,0.0
3,task_4,108,21,0.25101175904273987,0.0
3,task_4,108,22,0.25101175904273987,0.0
3,task_4,108,23,0.25101175904273987,0.0
3,task_4,108,24,0.25101175904273987,0.0
3,task_4,108,25,0.25101175904273987,0.0
3,task_4,108,26,0.25101175904273987,0.0
3,task_4,108,27,0.25101175904273987,0.0
3,task_4,108,28,0.25101175904273987,0.0
3,task_4,108,29,0.25101175904273987,0.0
3,task_4,109,0,0.5620995163917542,1.0679055452346802
3,task_4,109,1,0.5821146965026855,1.0246468782424927
3,task_4,109,2,0.6002927422523499,0.9904687404632568
3,task_4,109,3,0.6203011274337769,0.9517822265625
3,task_4,109,4,0.640938401222229,0.9126904606819153
3,task_4,109,5,0.6625893115997314,0.8746022582054138
3,task_4,109,6,0.679497480392456,0.8448982834815979
3,task_4,109,7,0.7002751231193542,0.8085684776306152
3,task_4,109,8,0.7240613698959351,0.7647043466567993
3,task_4,109,9,0.7491909265518188,0.7229555249214172
3,task_4,109,10,0.7783395648002625,0.6706568002700806
3,task_4,109,11,0.8110014796257019,0.6111259460449219
3,task_4,109,12,0.8448338508605957,0.549034059047699
3,task_4,109,13,0.8878166675567627,0.4668941795825958
3,task_4,109,14,0.9198448657989502,0.40886691212654114
3,task_4,109,15,0.9804602861404419,0.2878150939941406
3,task_4,109,16,1.0285881757736206,0.2011619657278061
3,task_4,109,17,1.0919075012207031,0.08085659146308899
3,task_4,109,18,1.148660659790039,-0.01913030445575714
3,task_4,109,19,1.2130004167556763,-0.14811626076698303
3,task_4,109,20,1.299188256263733,-0.30096516013145447
3,task_4,109,21,1.386293888092041,-0.4632028341293335
3,task_4,109,22,1.4756940603256226,-0.6253038048744202
3,task_4,109,23,1.5720295906066895,-0.7964214086532593
3,task_4,109,24,1.6881990432739258,-0.9975414872169495
3,task_4,109,25,1.8164693117141724,-1.2348508834838867
3,task_4,109,26,1.9309546947479248,-1.4343173503875732
3,task_4,109,27,2.0724058151245117,-1.6882202625274658
3,task_4,109,28,2.234487295150757,-1.9807093143463135
3,task_4,109,29,2.678135871887207,-2.5508453845977783
3,task_4,110,0,0.53650963306427,0.9978397488594055
3,task_4,110,1,0.552183210849762,0.9655594229698181
3,task_4,110,2,0.5671874284744263,0.9374139904975891
3,task_4,110,3,0.5818542242050171,0.9111442565917969
3,task_4,110,4,0.5969987511634827,0.8832058906555176
3,task_4,110,5,0.6122874617576599,0.8535900115966797
3,task_4,110,6,0.6313392519950867,0.8157296180725098
3,task_4,110,7,0.6506128311157227,0.7771962881088257
3,task_4,110,8,0.669943630695343,0.7389830350875854
3,task_4,110,9,0.6932405233383179,0.6936578154563904
3,task_4,110,10,0.7191218137741089,0.646211564540863
3,task_4,110,11,0.7483083009719849,0.5931575894355774
3,task_4,110,12,0.7850909233093262,0.5264073014259338
3,task_4,110,13,0.8225074410438538,0.45798903703689575
3,task_4,110,14,0.859247088432312,0.3938325047492981
3,task_4,110,15,0.9064990282058716,0.3146129250526428
3,task_4,110,16,0.964813232421875,0.21860940754413605
3,task_4,110,17,1.0216482877731323,0.1252565085887909
3,task_4,110,18,1.0896694660186768,0.01636095717549324
3,task_4,110,19,1.1611465215682983,-0.09759893268346786
3,task_4,110,20,1.2385802268981934,-0.22033855319023132
3,task_4,110,21,1.3325681686401367,-0.37326139211654663
3,task_4,110,22,1.4296081066131592,-0.534188985824585
3,task_4,110,23,1.53531014919281,-0.7154321670532227
3,task_4,110,24,1.6431783437728882,-0.9071643352508545
3,task_4,110,25,1.7763553857803345,-1.1414210796356201
3,task_4,110,26,1.9139443635940552,-1.3850855827331543
3,task_4,110,27,2.0683693885803223,-1.6521483659744263
3,task_4,110,28,2.2204794883728027,-1.9191642999649048
3,task_4,110,29,2.7870116233825684,-2.9209508895874023
3,task_4,111,0,0.886562168598175,-931.3225708007812
3,task_4,111,1,0.886562168598175,-931.3225708007812
3,task_4,111,2,0.886562168598175,-931.3225708007812
3,task_4,111,3,0.886562168598175,-931.3225708007812
3,task_4,111,4,0.886562168598175,-931.3225708007812
3,task_4,111,5,0.886562168598175,-931.3225708007812
3,task_4,111,6,0.886562168598175,-931.3225708007812
3,task_4,111,7,0.886562168598175,-931.3225708007812
3,task_4,111,8,0.886562168598175,-931.3225708007812
3,task_4,111,9,0.886562168598175,-931.3225708007812
3,task_4,111,10,0.886562168598175,-931.3225708007812
3,task_4,111,11,0.886562168598175,-931.3225708007812
3,task_4,111,12,0.886562168598175,-931.3225708007812
3,task_4,111,13,0.886562168598175,-931.3225708007812
3,task_4,111,14,0.886562168598175,-931.3225708007812
3,task_4,111,15,0.886562168598175,-931.3225708007812
3,task_4,111,16,0.886562168598175,-931.3225708007812
3,task_4,111,17,0.886562168598175,-931.3225708007812
3,task_4,111,18,0.886562168598175,-931.3225708007812
3,task_4,111,19,0.886562168598175,-931.3225708007812
3,task_4,111,20,0.886562168598175,-931.3225708007812
3,task_4,111,21,0.886562168598175,-931.3225708007812
3,task_4,111,22,0.886562168598175,-931.3225708007812
3,task_4,111,23,0.886562168598175,-931.3225708007812
3,task_4,111,24,0.886562168598175,-931.3225708007812
3,task_4,111,25,0.886562168598175,-931.3225708007812
3,task_4,111,26,0.886562168598175,-931.3225708007812
3,task_4,111,27,0.886562168598175,-931.3225708007812
3,task_4,111,28,0.886562168598175,-931.3225708007812
3,task_4,111,29,0.886562168598175,-931.3225708007812
3,task_4,112,0,0.0,-0.7930826544761658
3,task_4,112,1,0.0,-0.7930826544761658
3,task_4,112,2,0.0,-0.7930826544761658
3,task_4,112,3,0.0,-0.7930826544761658
3,task_4,112,4,0.0,-0.7930826544761658
3,task_4,112,5,0.0,-0.7930826544761658
3,task_4,112,6,0.0,-0.7930826544761658
3,task_4,112,7,0.0,-0.7930826544761658
3,task_4,112,8,0.0,-0.7930826544761658
3,task_4,112,9,0.0,-0.7930826544761658
3,task_4,112,10,0.0,-0.7930826544761658
3,task_4,112,11,0.0,-0.7930826544761658
3,task_4,112,12,0.0,-0.7930826544761658
3,task_4,112,13,0.0,-0.7930826544761658
3,task_4,112,14,0.012126237154006958,-0.7024860382080078
3,task_4,112,15,0.03143933415412903,-0.5579662919044495
3,task_4,112,16,0.05332866311073303,-0.3958145081996918
3,task_4,112,17,0.08221349120140076,-0.1902509182691574
3,task_4,112,18,0.1110433042049408,-0.013996775262057781
3,task_4,112,19,0.13992050290107727,0.17250634729862213
3,task_4,112,20,0.17817646265029907,0.3970884680747986
3,task_4,112,21,0.21298721432685852,0.5914725661277771
3,task_4,112,22,0.25794073939323425,0.8421247005462646
3,task_4,112,23,0.30661144852638245,1.0610830783843994
3,task_4,112,24,0.3573778569698334,1.1874821186065674
3,task_4,112,25,0.4126426875591278,1.3708477020263672
3,task_4,112,26,0.47445687651634216,1.619787335395813
3,task_4,112,27,0.5400233268737793,1.9070931673049927
3,task_4,112,28,0.6069213151931763,1.9070931673049927
3,task_4,112,29,0.6938104629516602,1.9070931673049927
3,task_4,113,0,9.999999747378752e-05,-0.11368683725595474
3,task_4,113,1,9.999999747378752e-05,-0.11368683725595474
3,task_4,113,2,9.999999747378752e-05,-0.11368683725595474
3,task_4,113,3,9.999999747378752e-05,-0.11368683725595474
3,task_4,113,4,9.999999747378752e-05,-0.11368683725595474
3,task_4,113,5,9.999999747378752e-05,-0.11368683725595474
3,task_4,113,6,9.999999747378752e-05,-0.11368683725595474
3,task_4,113,7,9.999999747378752e-05,-0.11368683725595474
3,task_4,113,8,9.999999747378752e-05,-0.11368683725595474
3,task_4,113,9,9.999999747378752e-05,-0.11368683725595474
3,task_4,113,10,9.999999747378752e-05,-0.11368683725595474
3,task_4,113,11,9.999999747378752e-05,-0.11368683725595474
3,task_4,113,12,9.999999747378752e-05,-0.11368683725595474
3,task_4,113,13,9.999999747378752e-05,-0.11368683725595474
3,task_4,113,14,9.999999747378752e-05,-0.11368683725595474
3,task_4,113,15,9.999999747378752e-05,-0.11368683725595474
3,task_4,113,16,9.999999747378752e-05,-0.11368683725595474
3,task_4,113,17,9.999999747378752e-05,-0.11368683725595474
3,task_4,113,18,9.999999747378752e-05,-0.11368683725595474
3,task_4,113,19,9.999999747378752e-05,-0.11368683725595474
3,task_4,113,20,9.999999747378752e-05,-0.11368683725595474
3,task_4,113,21,9.999999747378752e-05,-0.11368683725595474
3,task_4,113,22,9.999999747378752e-05,-0.11368683725595474
3,task_4,113,23,9.999999747378752e-05,-0.11368683725595474
3,task_4,113,24,9.999999747378752e-05,-0.11368683725595474
3,task_4,113,25,9.999999747378752e-05,-0.11368683725595474
3,task_4,113,26,9.999999747378752e-05,-0.11368683725595474
3,task_4,113,27,9.999999747378752e-05,-0.11368683725595474
3,task_4,113,28,9.999999747378752e-05,-0.11368683725595474
3,task_4,113,29,9.999999747378752e-05,-0.11368683725595474
3,task_4,114,0,0.7199352979660034,0.0
3,task_4,114,1,0.7199352979660034,0.0
3,task_4,114,2,0.7199352979660034,0.0
3,task_4,114,3,0.7199352979660034,0.0
3,task_4,114,4,0.7199352979660034,0.0
3,task_4,114,5,0.7199352979660034,0.0
3,task_4,114,6,0.7199352979660034,0.0
3,task_4,114,7,0.7199352979660034,0.0
3,task_4,114,8,0.7199352979660034,0.0
3,task_4,114,9,0.7199352979660034,0.0
3,task_4,114,10,0.7199352979660034,0.0
3,task_4,114,11,0.7199352979660034,0.0
3,task_4,114,12,0.7199352979660034,0.0
3,task_4,114,13,0.7199352979660034,0.0
3,task_4,114,14,0.7199352979660034,0.0
3,task_4,114,15,0.7199352979660034,0.0
3,task_4,114,16,0.7199352979660034,0.0
3,task_4,114,17,0.7199352979660034,0.0
3,task_4,114,18,0.7199352979660034,0.0
3,task_4,114,19,0.7199352979660034,0.0
3,task_4,114,20,0.7199352979660034,0.0
3,task_4,114,21,0.7199352979660034,0.0
3,task_4,114,22,0.7199352979660034,0.0
3,task_4,114,23,0.7199352979660034,0.0
3,task_4,114,24,0.7199352979660034,0.0
3,task_4,114,25,0.7199352979660034,0.0
3,task_4,114,26,0.7199352979660034,0.0
3,task_4,114,27,0.7199352979660034,0.0
3,task_4,114,28,0.7199352979660034,0.0
3,task_4,114,29,0.7199352979660034,0.0
3,task_4,115,0,0.5845303535461426,1.1139721870422363
3,task_4,115,1,0.6191960573196411,1.0596675872802734
3,task_4,115,2,0.6445538997650146,1.0191181898117065
3,task_4,115,3,0.6722110509872437,0.9748407006263733
3,task_4,115,4,0.7013049125671387,0.9267135262489319
3,task_4,115,5,0.731031060218811,0.8773432374000549
3,task_4,115,6,0.7661796808242798,0.8168898224830627
3,task_4,115,7,0.7950919270515442,0.7671067714691162
3,task_4,115,8,0.8290870189666748,0.7084868550300598
3,task_4,115,9,0.8547537326812744,0.6648885011672974
3,task_4,115,10,0.8869152069091797,0.610158383846283
3,task_4,115,11,0.9317874312400818,0.5367193818092346
3,task_4,115,12,0.9681025743484497,0.4797585606575012
3,task_4,115,13,1.0201807022094727,0.4000208079814911
3,task_4,115,14,1.0669786930084229,0.3302795886993408
3,task_4,115,15,1.1156113147735596,0.258297860622406
3,task_4,115,16,1.1758769750595093,0.16997522115707397
3,task_4,115,17,1.2340933084487915,0.08276506513357162
3,task_4,115,18,1.3113960027694702,-0.034460730850696564
3,task_4,115,19,1.3785796165466309,-0.13373497128486633
3,task_4,115,20,1.470653772354126,-0.2738489806652069
3,task_4,115,21,1.544358491897583,-0.3849257826805115
3,task_4,115,22,1.6468795537948608,-0.5469678640365601
3,task_4,115,23,1.7497726678848267,-0.7123059034347534
3,task_4,115,24,1.8539410829544067,-0.8826748132705688
3,task_4,115,25,1.991857647895813,-1.1104297637939453
3,task_4,115,26,2.1261346340179443,-1.3331955671310425
3,task_4,115,27,2.272077798843384,-1.5769940614700317
3,task_4,115,28,2.4205336570739746,-1.8224626779556274
3,task_4,115,29,3.172365665435791,-2.9849953651428223
3,task_4,116,0,0.3688008785247803,1.0380146503448486
3,task_4,116,1,0.38876935839653015,1.0101218223571777
3,task_4,116,2,0.4106290638446808,0.9877553582191467
3,task_4,116,3,0.4356645941734314,0.9524076581001282
3,task_4,116,4,0.4589982032775879,0.9200666546821594
3,task_4,116,5,0.48200398683547974,0.8863044381141663
3,task_4,116,6,0.5128605365753174,0.8563373684883118
3,task_4,116,7,0.542395830154419,0.8147541284561157
3,task_4,116,8,0.5738793611526489,0.7827547192573547
3,task_4,116,9,0.610412061214447,0.7374849319458008
3,task_4,116,10,0.6506296396255493,0.696171224117279
3,task_4,116,11,0.6945532560348511,0.6406875252723694
3,task_4,116,12,0.7410372495651245,0.5804363489151001
3,task_4,116,13,0.7904157638549805,0.5162022113800049
3,task_4,116,14,0.842613697052002,0.4364832043647766
3,task_4,116,15,0.9065018892288208,0.3234736919403076
3,task_4,116,16,0.9760881662368774,0.23050999641418457
3,task_4,116,17,1.0443075895309448,0.10574133694171906
3,task_4,116,18,1.1215455532073975,-0.016958974301815033
3,task_4,116,19,1.2085142135620117,-0.1744055598974228
3,task_4,116,20,1.3007937669754028,-0.3221043348312378
3,task_4,116,21,1.4013124704360962,-0.4904943108558655
3,task_4,116,22,1.512566328048706,-0.6878715753555298
3,task_4,116,23,1.6217859983444214,-0.8706319332122803
3,task_4,116,24,1.7402771711349487,-1.0955710411071777
3,task_4,116,25,1.877368450164795,-1.32137930393219
3,task_4,116,26,2.013002634048462,-1.531105399131775
3,task_4,116,27,2.167125701904297,-1.8173378705978394
3,task_4,116,28,2.328474998474121,-2.0341899394989014
3,task_4,116,29,2.881009101867676,-2.153653144836426
3,task_4,117,0,0.48123857378959656,-465.6612854003906
3,task_4,117,1,0.48123857378959656,-465.6612854003906
3,task_4,117,2,0.48123857378959656,-465.6612854003906
3,task_4,117,3,0.48123857378959656,-465.6612854003906
3,task_4,117,4,0.48123857378959656,-465.6612854003906
3,task_4,117,5,0.48123857378959656,-465.6612854003906
3,task_4,117,6,0.48123857378959656,-465.6612854003906
3,task_4,117,7,0.48123857378959656,-465.6612854003906
3,task_4,117,8,0.48123857378959656,-465.6612854003906
3,task_4,117,9,0.48123857378959656,-465.6612854003906
3,task_4,117,10,0.48123857378959656,-465.6612854003906
3,task_4,117,11,0.48123857378959656,-465.6612854003906
3,task_4,117,12,0.48123857378959656,-465.6612854003906
3,task_4,117,13,0.48123857378959656,-465.6612854003906
3,task_4,117,14,0.48123857378959656,-465.6612854003906
3,task_4,117,15,0.48123857378959656,-465.6612854003906
3,task_4,117,16,0.48123857378959656,-465.6612854003906
3,task_4,117,17,0.48123857378959656,-465.6612854003906
3,task_4,117,18,0.48123857378959656,-465.6612854003906
3,task_4,117,19,0.48123857378959656,-465.6612854003906
3,task_4,117,20,0.48123857378959656,-465.6612854003906
3,task_4,117,21,0.48123857378959656,-465.6612854003906
3,task_4,117,22,0.48123857378959656,-465.6612854003906
3,task_4,117,23,0.48123857378959656,-465.6612854003906
3,task_4,117,24,0.48123857378959656,-465.6612854003906
3,task_4,117,25,0.48123857378959656,-465.6612854003906
3,task_4,117,26,0.48123857378959656,-465.6612854003906
3,task_4,117,27,0.48123857378959656,-465.6612854003906
3,task_4,117,28,0.48123857378959656,-465.6612854003906
3,task_4,117,29,0.48123857378959656,-465.6612854003906
3,task_4,118,0,0.0,-0.7953401803970337
3,task_4,118,1,0.0,-0.7953401803970337
3,task_4,118,2,0.0,-0.7953401803970337
3,task_4,118,3,0.0,-0.7953401803970337
3,task_4,118,4,0.0,-0.7953401803970337
3,task_4,118,5,0.0,-0.7953401803970337
3,task_4,118,6,0.0,-0.7953401803970337
3,task_4,118,7,0.0,-0.7953401803970337
3,task_4,118,8,0.0,-0.7953401803970337
3,task_4,118,9,0.0,-0.7953401803970337
3,task_4,118,10,0.0,-0.7953401803970337
3,task_4,118,11,0.0,-0.7953401803970337
3,task_4,118,12,0.0,-0.7953401803970337
3,task_4,118,13,0.0,-0.7953401803970337
3,task_4,118,14,0.0,-0.7953401803970337
3,task_4,118,15,0.0,-0.7953401803970337
3,task_4,118,16,0.0,-0.7953401803970337
3,task_4,118,17,0.004341987892985344,-0.5324346423149109
3,task_4,118,18,0.013471884652972221,0.15082505345344543
3,task_4,118,19,0.023164590820670128,0.8198087811470032
3,task_4,118,20,0.0309547521173954,1.1250606775283813
3,task_4,118,21,0.03932807594537735,1.5138391256332397
3,task_4,118,22,0.04646474868059158,1.540643334388733
3,task_4,118,23,0.05628931522369385,1.3796883821487427
3,task_4,118,24,0.062243133783340454,1.2538918256759644
3,task_4,118,25,0.06783813238143921,1.2538918256759644
3,task_4,118,26,0.073211669921875,1.2538918256759644
3,task_4,118,27,0.07897020131349564,1.2538918256759644
3,task_4,118,28,0.086211659014225,1.2538918256759644
3,task_4,118,29,0.11403819918632507,1.2538918256759644
3,task_4,119,0,0.1389099508523941,0.0
3,task_4,119,1,0.1389099508523941,0.0
3,task_4,119,2,0.1389099508523941,0.0
3,task_4,119,3,0.1389099508523941,0.0
3,task_4,119,4,0.1389099508523941,0.0
3,task_4,119,5,0.1389099508523941,0.0
3,task_4,119,6,0.1389099508523941,0.0
3,task_4,119,7,0.1389099508523941,0.0
3,task_4,119,8,0.1389099508523941,0.0
3,task_4,119,9,0.1389099508523941,0.0
3,task_4,119,10,0.1389099508523941,0.0
3,task_4,119,11,0.1389099508523941,0.0
3,task_4,119,12,0.1389099508523941,0.0
3,task_4,119,13,0.1389099508523941,0.0
3,task_4,119,14,0.1389099508523941,0.0
3,task_4,119,15,0.1389099508523941,0.0
3,task_4,119,16,0.1389099508523941,0.0
3,task_4,119,17,0.1389099508523941,0.0
3,task_4,119,18,0.1389099508523941,0.0
3,task_4,119,19,0.1389099508523941,0.0
3,task_4,119,20,0.1389099508523941,0.0
3,task_4,119,21,0.1389099508523941,0.0
3,task_4,119,22,0.1389099508523941,0.0
3,task_4,119,23,0.1389099508523941,0.0
3,task_4,119,24,0.1389099508523941,0.0
3,task_4,119,25,0.1389099508523941,0.0
3,task_4,119,26,0.1389099508523941,0.0
3,task_4,119,27,0.1389099508523941,0.0
3,task_4,119,28,0.1389099508523941,0.0
3,task_4,119,29,0.1389099508523941,0.0
3,task_4,120,0,0.050987593829631805,-2.075639247894287
3,task_4,120,1,0.10294467955827713,-1.8058395385742188
3,task_4,120,2,0.16377288103103638,-1.5089521408081055
3,task_4,120,3,0.21351805329322815,-1.317606806755066
3,task_4,120,4,0.2591888904571533,-1.1428934335708618
3,task_4,120,5,0.31694602966308594,-0.9819338917732239
3,task_4,120,6,0.3657709062099457,-0.8565558195114136
3,task_4,120,7,0.4307982325553894,-0.6915640234947205
3,task_4,120,8,0.4726603627204895,-0.5736908316612244
3,task_4,120,9,0.5287114381790161,-0.41924452781677246
3,task_4,120,10,0.5795894861221313,-0.2802230417728424
3,task_4,120,11,0.6283198595046997,-0.15516217052936554
3,task_4,120,12,0.6855863928794861,-0.03234737366437912
3,task_4,120,13,0.7377625107765198,0.08078697323799133
3,task_4,120,14,0.8008173108100891,0.19897904992103577
3,task_4,120,15,0.8438846468925476,0.26771029829978943
3,task_4,120,16,0.9058486223220825,0.3458348512649536
3,task_4,120,17,0.9644701480865479,0.3872098922729492
3,task_4,120,18,1.0216422080993652,0.42594870924949646
3,task_4,120,19,1.0828924179077148,0.46582406759262085
3,task_4,120,20,1.146026372909546,0.4933270514011383
3,task_4,120,21,1.2081986665725708,0.5323891639709473
3,task_4,120,22,1.2695119380950928,0.5966347455978394
3,task_4,120,23,1.3435451984405518,0.6781566143035889
3,task_4,120,24,1.4098281860351562,0.7712257504463196
3,task_4,120,25,1.4713014364242554,0.8337309956550598
3,task_4,120,26,1.5591914653778076,0.9710528254508972
3,task_4,120,27,1.6365470886230469,1.0805511474609375
3,task_4,120,28,1.712241291999817,1.182597041130066
3,task_4,120,29,2.508411169052124,2.5296976566314697
3,task_4,121,0,0.0,0.4314546585083008
3,task_4,121,1,0.0,0.4314546585083008
3,task_4,121,2,0.0,0.4314546585083008
3,task_4,121,3,0.0,0.4314546585083008
3,task_4,121,4,0.0,0.4314546585083008
3,task_4,121,5,0.0,0.4314546585083008
3,task_4,121,6,0.0,0.4314546585083008
3,task_4,121,7,0.0,0.4314546585083008
3,task_4,121,8,0.0,0.4314546585083008
3,task_4,121,9,0.0,0.4314546585083008
3,task_4,121,10,0.0,0.4314546585083008
3,task_4,121,11,0.0,0.4314546585083008
3,task_4,121,12,0.0,0.4314546585083008
3,task_4,121,13,0.0,0.4314546585083008
3,task_4,121,14,0.0,0.4314546585083008
3,task_4,121,15,0.0,0.4314546585083008
3,task_4,121,16,0.0,0.4314546585083008
3,task_4,121,17,0.0,0.4314546585083008
3,task_4,121,18,0.0,0.4314546585083008
3,task_4,121,19,0.0,0.4314546585083008
3,task_4,121,20,0.0,0.4314546585083008
3,task_4,121,21,0.0,0.4314546585083008
3,task_4,121,22,0.0,0.4314546585083008
3,task_4,121,23,0.03610477223992348,0.024075696244835854
3,task_4,121,24,0.10352327674627304,-0.7811432480812073
3,task_4,121,25,0.15686172246932983,-1.4178646802902222
3,task_4,121,26,0.20697090029716492,-2.0211405754089355
3,task_4,121,27,0.2610138952732086,-2.660348415374756
3,task_4,121,28,0.3122917413711548,-3.2986743450164795
3,task_4,121,29,1.18062162399292,0.23163971304893494
3,task_4,122,0,1.3209174871444702,0.0
3,task_4,122,1,1.3209174871444702,0.0
3,task_4,122,2,1.3209174871444702,0.0
3,task_4,122,3,1.3209174871444702,0.0
3,task_4,122,4,1.3209174871444702,0.0
3,task_4,122,5,1.3209174871444702,0.0
3,task_4,122,6,1.3209174871444702,0.0
3,task_4,122,7,1.3209174871444702,0.0
3,task_4,122,8,1.3209174871444702,0.0
3,task_4,122,9,1.3209174871444702,0.0
3,task_4,122,10,1.3209174871444702,0.0
3,task_4,122,11,1.3209174871444702,0.0
3,task_4,122,12,1.3209174871444702,0.0
3,task_4,122,13,1.3209174871444702,0.0
3,task_4,122,14,1.3209174871444702,0.0
3,task_4,122,15,1.3209174871444702,0.0
3,task_4,122,16,1.3209174871444702,0.0
3,task_4,122,17,1.3209174871444702,0.0
3,task_4,122,18,1.3209174871444702,0.0
3,task_4,122,19,1.3209174871444702,0.0
3,task_4,122,20,1.3209174871444702,0.0
3,task_4,122,21,1.3209174871444702,0.0
3,task_4,122,22,1.3209174871444702,0.0
3,task_4,122,23,1.3209174871444702,0.0
3,task_4,122,24,1.3209174871444702,0.0
3,task_4,122,25,1.3209174871444702,0.0
3,task_4,122,26,1.3209174871444702,0.0
3,task_4,122,27,1.3209174871444702,0.0
3,task_4,122,28,1.3209174871444702,0.0
3,task_4,122,29,1.3209174871444702,0.0
3,task_4,123,0,0.27234983444213867,0.8689868450164795
3,task_4,123,1,0.2767271101474762,0.8689868450164795
3,task_4,123,2,0.28172263503074646,0.8689868450164795
3,task_4,123,3,0.2859990894794464,0.8689868450164795
3,task_4,123,4,0.29187488555908203,0.8689868450164795
3,task_4,123,5,0.2972733974456787,0.8689868450164795
3,task_4,123,6,0.3044883906841278,0.8689868450164795
3,task_4,123,7,0.3112584352493286,0.8689868450164795
3,task_4,123,8,0.3203256130218506,0.8689868450164795
3,task_4,123,9,0.3285585641860962,0.8508251905441284
3,task_4,123,10,0.3405904173851013,0.8234596252441406
3,task_4,123,11,0.3533296287059784,0.7937447428703308
3,task_4,123,12,0.36351197957992554,0.7690108418464661
3,task_4,123,13,0.37806349992752075,0.7163349390029907
3,task_4,123,14,0.3882495164871216,0.6433712840080261
3,task_4,123,15,0.40230876207351685,0.4981868267059326
3,task_4,123,16,0.4176769256591797,0.3345474898815155
3,task_4,123,17,0.44015368819236755,0.0008207593346014619
3,task_4,123,18,0.4527877867221832,-0.19577258825302124
3,task_4,123,19,0.47135594487190247,-0.4481385052204132
3,task_4,123,20,0.48435643315315247,-0.6030210256576538
3,task_4,123,21,0.5026095509529114,-0.8077162504196167
3,task_4,123,22,0.5231017470359802,-0.985160231590271
3,task_4,123,23,0.544110894203186,-1.0929112434387207
3,task_4,123,24,0.5625211000442505,-1.181575894355774
3,task_4,123,25,0.5808517336845398,-1.2548067569732666
3,task_4,123,26,0.6043930649757385,-1.329094648361206
3,task_4,123,27,0.628668487071991,-1.429216980934143
3,task_4,123,28,0.6536913514137268,-1.5173629522323608
3,task_4,123,29,1.1414695978164673,-2.406405210494995
3,task_4,124,0,0.21747063100337982,0.0
3,task_4,124,1,0.21747063100337982,0.0
3,task_4,124,2,0.21747063100337982,0.0
3,task_4,124,3,0.21747063100337982,0.0
3,task_4,124,4,0.21747063100337982,0.0
3,task_4,124,5,0.21747063100337982,0.0
3,task_4,124,6,0.21747063100337982,0.0
3,task_4,124,7,0.21747063100337982,0.0
3,task_4,124,8,0.21747063100337982,0.0
3,task_4,124,9,0.21747063100337982,0.0
3,task_4,124,10,0.21747063100337982,0.0
3,task_4,124,11,0.21747063100337982,0.0
3,task_4,124,12,0.21747063100337982,0.0
3,task_4,124,13,0.21747063100337982,0.0
3,task_4,124,14,0.21747063100337982,0.0
3,task_4,124,15,0.21747063100337982,0.0
3,task_4,124,16,0.21747063100337982,0.0
3,task_4,124,17,0.21747063100337982,0.0
3,task_4,124,18,0.21747063100337982,0.0
3,task_4,124,19,0.21747063100337982,0.0
3,task_4,124,20,0.21747063100337982,0.0
3,task_4,124,21,0.21747063100337982,0.0
3,task_4,124,22,0.21747063100337982,0.0
3,task_4,124,23,0.21747063100337982,0.0
3,task_4,124,24,0.21747063100337982,0.0
3,task_4,124,25,0.21747063100337982,0.0
3,task_4,124,26,0.21747063100337982,0.0
3,task_4,124,27,0.21747063100337982,0.0
3,task_4,124,28,0.21747063100337982,0.0
3,task_4,124,29,0.21747063100337982,0.0
3,task_4,125,0,1.0420583486557007,1.0809580087661743
3,task_4,125,1,1.0735310316085815,1.0526471138000488
3,task_4,125,2,1.1205745935440063,1.0106452703475952
3,task_4,125,3,1.1568052768707275,0.978690505027771
3,task_4,125,4,1.198515772819519,0.9424676299095154
3,task_4,125,5,1.2429543733596802,0.9025921821594238
3,task_4,125,6,1.2877938747406006,0.864979088306427
3,task_4,125,7,1.3528608083724976,0.8105871677398682
3,task_4,125,8,1.3996683359146118,0.7687532305717468
3,task_4,125,9,1.4570571184158325,0.7207199335098267
3,task_4,125,10,1.5189504623413086,0.6658763885498047
3,task_4,125,11,1.5923681259155273,0.6031248569488525
3,task_4,125,12,1.6806763410568237,0.5281907320022583
3,task_4,125,13,1.7706600427627563,0.45743900537490845
3,task_4,125,14,1.8914328813552856,0.36109399795532227
3,task_4,125,15,1.978249192237854,0.2889094054698944
3,task_4,125,16,2.129257917404175,0.16999134421348572
3,task_4,125,17,2.2632153034210205,0.06897300481796265
3,task_4,125,18,2.413795232772827,-0.04713405668735504
3,task_4,125,19,2.575355052947998,-0.17131005227565765
3,task_4,125,20,2.7593908309936523,-0.3134339153766632
3,task_4,125,21,2.962374448776245,-0.4707895815372467
3,task_4,125,22,3.1798574924468994,-0.6352224946022034
3,task_4,125,23,3.4310531616210938,-0.8267444372177124
3,task_4,125,24,3.654737949371338,-0.9955974817276001
3,task_4,125,25,3.929361581802368,-1.2056246995925903
3,task_4,125,26,4.248185634613037,-1.4478777647018433
3,task_4,125,27,4.573101043701172,-1.6991273164749146
3,task_4,125,28,4.907322406768799,-1.9547640085220337
3,task_4,125,29,5.633981704711914,-2.5089938640594482
3,task_4,126,0,0.0,0.5213696360588074
3,task_4,126,1,0.0,0.5213696360588074
3,task_4,126,2,0.0,0.5213696360588074
3,task_4,126,3,0.0,0.5213696360588074
3,task_4,126,4,0.0,0.5213696360588074
3,task_4,126,5,0.0,0.5213696360588074
3,task_4,126,6,0.0,0.5213696360588074
3,task_4,126,7,0.0,0.5213696360588074
3,task_4,126,8,0.0,0.5213696360588074
3,task_4,126,9,0.0,0.5213696360588074
3,task_4,126,10,0.0,0.5213696360588074
3,task_4,126,11,0.0,0.5213696360588074
3,task_4,126,12,0.0,0.5213696360588074
3,task_4,126,13,0.0,0.5213696360588074
3,task_4,126,14,0.0,0.5213696360588074
3,task_4,126,15,0.0,0.5213696360588074
3,task_4,126,16,0.0,0.5213696360588074
3,task_4,126,17,0.0,0.5213696360588074
3,task_4,126,18,0.0,0.5213696360588074
3,task_4,126,19,0.024668365716934204,0.41634151339530945
3,task_4,126,20,0.07084296643733978,0.35721251368522644
3,task_4,126,21,0.1260402649641037,0.08325366675853729
3,task_4,126,22,0.17877091467380524,0.010379206389188766
3,task_4,126,23,0.23735584318637848,-0.19681289792060852
3,task_4,126,24,0.2945038676261902,-0.3412715792655945
3,task_4,126,25,0.34479808807373047,-0.6554586887359619
3,task_4,126,26,0.4303134083747864,-2.39491605758667
3,task_4,126,27,0.5026349425315857,-2.39491605758667
3,task_4,126,28,0.5769267082214355,-2.39491605758667
3,task_4,126,29,0.681101381778717,-2.39491605758667
3,task_4,127,0,0.13772691786289215,0.0
3,task_4,127,1,0.13772691786289215,0.0
3,task_4,127,2,0.13772691786289215,0.0
3,task_4,127,3,0.13772691786289215,0.0
3,task_4,127,4,0.13772691786289215,0.0
3,task_4,127,5,0.13772691786289215,0.0
3,task_4,127,6,0.13772691786289215,0.0
3,task_4,127,7,0.13772691786289215,0.0
3,task_4,127,8,0.13772691786289215,0.0
3,task_4,127,9,0.13772691786289215,0.0
3,task_4,127,10,0.13772691786289215,0.0
3,task_4,127,11,0.13772691786289215,0.0
3,task_4,127,12,0.13772691786289215,0.0
3,task_4,127,13,0.13772691786289215,0.0
3,task_4,127,14,0.13772691786289215,0.0
3,task_4,127,15,0.13772691786289215,0.0
3,task_4,127,16,0.13772691786289215,0.0
3,task_4,127,17,0.13772691786289215,0.0
3,task_4,127,18,0.13772691786289215,0.0
3,task_4,127,19,0.13772691786289215,0.0
3,task_4,127,20,0.13772691786289215,0.0
3,task_4,127,21,0.13772691786289215,0.0
3,task_4,127,22,0.13772691786289215,0.0
3,task_4,127,23,0.13772691786289215,0.0
3,task_4,127,24,0.13772691786289215,0.0
3,task_4,127,25,0.13772691786289215,0.0
3,task_4,127,26,0.13772691786289215,0.0
3,task_4,127,27,0.13772691786289215,0.0
3,task_4,127,28,0.13772691786289215,0.0
3,task_4,127,29,0.13772691786289215,0.0
4,task_5,0,0,0.0,-0.9191601872444153
4,task_5,0,1,0.0,-0.9191601872444153
4,task_5,0,2,0.0,-0.9191601872444153
4,task_5,0,3,0.01666189730167389,-0.9340219497680664
4,task_5,0,4,0.05466148257255554,-0.9671730399131775
4,task_5,0,5,0.09355507045984268,-0.9935876131057739
4,task_5,0,6,0.12665997445583344,-1.0333861112594604
4,task_5,0,7,0.15839828550815582,-1.0721043348312378
4,task_5,0,8,0.18057593703269958,-1.0994654893875122
4,task_5,0,9,0.20759089291095734,-1.1273155212402344
4,task_5,0,10,0.23010338842868805,-1.1565316915512085
4,task_5,0,11,0.24830904603004456,-1.038622498512268
4,task_5,0,12,0.265699177980423,-0.6420361399650574
4,task_5,0,13,0.2792736291885376,-0.2705369293689728
4,task_5,0,14,0.28883615136146545,0.0004960627411492169
4,task_5,0,15,0.29449644684791565,0.16949215531349182
4,task_5,0,16,0.29886746406555176,0.29632171988487244
4,task_5,0,17,0.3027026057243347,0.4063705503940582
4,task_5,0,18,0.30510708689689636,0.48167818784713745
4,task_5,0,19,0.3076481819152832,0.5518593788146973
4,task_5,0,20,0.31024840474128723,0.6348867416381836
4,task_5,0,21,0.3137928247451782,0.7514259815216064
4,task_5,0,22,0.3158835768699646,0.8127885460853577
4,task_5,0,23,0.3176667392253876,0.8667208552360535
4,task_5,0,24,0.3195979595184326,0.9275842308998108
4,task_5,0,25,0.3224881589412689,1.019208312034607
4,task_5,0,26,0.32490354776382446,1.0889664888381958
4,task_5,0,27,0.328154981136322,1.186385989189148
4,task_5,0,28,0.33276525139808655,1.3229854106903076
4,task_5,0,29,0.3938952088356018,2.575091600418091
4,task_5,1,0,0.0,-0.6200778484344482
4,task_5,1,1,0.0,-0.6200778484344482
4,task_5,1,2,0.0,-0.6200778484344482
4,task_5,1,3,0.0,-0.6200778484344482
4,task_5,1,4,0.0,-0.6200778484344482
4,task_5,1,5,0.0,-0.6200778484344482
4,task_5,1,6,0.0,-0.6200778484344482
4,task_5,1,7,0.0,-0.6200778484344482
4,task_5,1,8,0.0,-0.6200778484344482
4,task_5,1,9,0.0,-0.6200778484344482
4,task_5,1,10,0.0,-0.6200778484344482
4,task_5,1,11,0.0,-0.6200778484344482
4,task_5,1,12,0.0,-0.6200778484344482
4,task_5,1,13,0.0,-0.6200778484344482
4,task_5,1,14,0.0,-0.6200778484344482
4,task_5,1,15,0.0,-0.6200778484344482
4,task_5,1,16,0.031676873564720154,-0.380278617143631
4,task_5,1,17,0.06591267883777618,-0.18065190315246582
4,task_5,1,18,0.09180162847042084,-0.08066209405660629
4,task_5,1,19,0.1208929568529129,0.009767667390406132
4,task_5,1,20,0.1471908688545227,0.17069517076015472
4,task_5,1,21,0.16790248453617096,0.3570835590362549
4,task_5,1,22,0.19629748165607452,0.5738462209701538
4,task_5,1,23,0.21416893601417542,0.6731939315795898
4,task_5,1,24,0.23013712465763092,0.7426198124885559
4,task_5,1,25,0.24572622776031494,0.8034315705299377
4,task_5,1,26,0.2667815387248993,0.9030498266220093
4,task_5,1,27,0.28659588098526,1.0211166143417358
4,task_5,1,28,0.3052530586719513,1.1403619050979614
4,task_5,1,29,0.9493356347084045,4.167671203613281
4,task_5,2,0,0.0,-0.46766355633735657
4,task_5,2,1,0.0,-0.46766355633735657
4,task_5,2,2,0.0,-0.46766355633735657
4,task_5,2,3,0.0,-0.46766355633735657
4,task_5,2,4,0.0,-0.46766355633735657
4,task_5,2,5,0.0,-0.46766355633735657
4,task_5,2,6,0.0,-0.46766355633735657
4,task_5,2,7,0.0,-0.46766355633735657
4,task_5,2,8,0.0,-0.46766355633735657
4,task_5,2,9,0.0,-0.46766355633735657
4,task_5,2,10,0.0,-0.46766355633735657
4,task_5,2,11,0.0,-0.46766355633735657
4,task_5,2,12,0.0,-0.46766355633735657
4,task_5,2,13,0.0,-0.46766355633735657
4,task_5,2,14,0.0,-0.46766355633735657
4,task_5,2,15,0.0,-0.46766355633735657
4,task_5,2,16,0.0,-0.46766355633735657
4,task_5,2,17,0.0,-0.46766355633735657
4,task_5,2,18,0.0,-0.46766355633735657
4,task_5,2,19,0.0,-0.46766355633735657
4,task_5,2,20,0.010615255683660507,-0.4316440522670746
4,task_5,2,21,0.07309810817241669,-0.15855629742145538
4,task_5,2,22,0.12717778980731964,0.11783542484045029
4,task_5,2,23,0.18050521612167358,0.3780483901500702
4,task_5,2,24,0.2348850816488266,0.6375625729560852
4,task_5,2,25,0.27795857191085815,0.836078941822052
4,task_5,2,26,0.32315072417259216,1.0328166484832764
4,task_5,2,27,0.365988165140152,1.214003324508667
4,task_5,2,28,0.41325247287750244,1.4124362468719482
4,task_5,2,29,1.1822255849838257,4.314690113067627
4,task_5,3,0,0.0,-0.22062289714813232
4,task_5,3,1,0.0,-0.22062289714813232
4,task_5,3,2,0.0,-0.22062289714813232
4,task_5,3,3,0.0,-0.22062289714813232
4,task_5,3,4,0.0,-0.22062289714813232
4,task_5,3,5,0.0,-0.22062289714813232
4,task_5,3,6,0.0,-0.22062289714813232
4,task_5,3,7,0.0,-0.22062289714813232
4,task_5,3,8,0.0,-0.22062289714813232
4,task_5,3,9,0.0,-0.22062289714813232
4,task_5,3,10,0.0,-0.22062289714813232
4,task_5,3,11,0.0,-0.22062289714813232
4,task_5,3,12,0.0,-0.22062289714813232
4,task_5,3,13,0.0,-0.22062289714813232
4,task_5,3,14,0.0,-0.22062289714813232
4,task_5,3,15,0.0,-0.22062289714813232
4,task_5,3,16,0.0,-0.22062289714813232
4,task_5,3,17,0.0,-0.22062289714813232
4,task_5,3,18,0.0,-0.22062289714813232
4,task_5,3,19,0.0,-0.22062289714813232
4,task_5,3,20,0.0,-0.22062289714813232
4,task_5,3,21,0.0,-0.22062289714813232
4,task_5,3,22,0.0,-0.22062289714813232
4,task_5,3,23,0.0,-0.22062289714813232
4,task_5,3,24,0.0,-0.22062289714813232
4,task_5,3,25,0.005195111036300659,-0.18049339950084686
4,task_5,3,26,0.024952765554189682,-0.029935399070382118
4,task_5,3,27,0.049815308302640915,0.15077728033065796
4,task_5,3,28,0.07434622943401337,0.31927490234375
4,task_5,3,29,0.8446316719055176,5.255948543548584
4,task_5,4,0,0.0,-0.589173436164856
4,task_5,4,1,0.0,-0.589173436164856
4,task_5,4,2,0.0,-0.589173436164856
4,task_5,4,3,0.0,-0.589173436164856
4,task_5,4,4,0.0,-0.589173436164856
4,task_5,4,5,0.0,-0.589173436164856
4,task_5,4,6,0.0,-0.589173436164856
4,task_5,4,7,0.0,-0.589173436164856
4,task_5,4,8,0.0,-0.589173436164856
4,task_5,4,9,0.0,-0.589173436164856
4,task_5,4,10,0.0,-0.589173436164856
4,task_5,4,11,0.0,-0.589173436164856
4,task_5,4,12,0.0,-0.589173436164856
4,task_5,4,13,0.0,-0.589173436164856
4,task_5,4,14,0.0,-0.589173436164856
4,task_5,4,15,0.0,-0.589173436164856
4,task_5,4,16,0.0,-0.589173436164856
4,task_5,4,17,0.020410142838954926,-0.5507174730300903
4,task_5,4,18,0.08189362287521362,-0.42967769503593445
4,task_5,4,19,0.16226541996002197,-0.24835850298404694
4,task_5,4,20,0.23636214435100555,-0.07482869923114777
4,task_5,4,21,0.32087501883506775,0.1226695328950882
4,task_5,4,22,0.41978198289871216,0.3438546657562256
4,task_5,4,23,0.5246258974075317,0.5687044858932495
4,task_5,4,24,0.6307864785194397,0.7950477004051208
4,task_5,4,25,0.7530196905136108,1.058129906654358
4,task_5,4,26,0.8859124183654785,1.3570719957351685
4,task_5,4,27,1.0056097507476807,1.6367663145065308
4,task_5,4,28,1.1566829681396484,2.00012469291687
4,task_5,4,29,1.9666225910186768,3.437161684036255
4,task_5,5,0,0.0,-0.3545492887496948
4,task_5,5,1,0.0,-0.3545492887496948
4,task_5,5,2,0.0,-0.3545492887496948
4,task_5,5,3,0.0,-0.3545492887496948
4,task_5,5,4,0.0,-0.3545492887496948
4,task_5,5,5,0.0,-0.3545492887496948
4,task_5,5,6,0.0,-0.3545492887496948
4,task_5,5,7,0.0,-0.3545492887496948
4,task_5,5,8,0.0,-0.3545492887496948
4,task_5,5,9,0.0,-0.3545492887496948
4,task_5,5,10,0.0,-0.3545492887496948
4,task_5,5,11,0.0,-0.3545492887496948
4,task_5,5,12,0.0,-0.3545492887496948
4,task_5,5,13,0.0,-0.3545492887496948
4,task_5,5,14,0.0,-0.3545492887496948
4,task_5,5,15,0.0,-0.3545492887496948
4,task_5,5,16,0.0,-0.3545492887496948
4,task_5,5,17,0.0,-0.3545492887496948
4,task_5,5,18,0.003635317087173462,-0.33993321657180786
4,task_5,5,19,0.023246362805366516,-0.26717090606689453
4,task_5,5,20,0.04205429553985596,-0.18680664896965027
4,task_5,5,21,0.06389611959457397,-0.07216344028711319
4,task_5,5,22,0.07497870922088623,-0.00921789649873972
4,task_5,5,23,0.0915253758430481,0.09128516167402267
4,task_5,5,24,0.10831193625926971,0.20113523304462433
4,task_5,5,25,0.12291620671749115,0.2993807792663574
4,task_5,5,26,0.14098680019378662,0.4224914610385895
4,task_5,5,27,0.15674877166748047,0.530166506767273
4,task_5,5,28,0.17592158913612366,0.6660861372947693
4,task_5,5,29,0.7856789231300354,5.046634197235107
4,task_5,6,0,0.0,-0.85835862159729
4,task_5,6,1,0.0,-0.85835862159729
4,task_5,6,2,0.0,-0.85835862159729
4,task_5,6,3,0.0,-0.85835862159729
4,task_5,6,4,0.0,-0.85835862159729
4,task_5,6,5,0.0,-0.85835862159729
4,task_5,6,6,0.03348544239997864,-0.8818565011024475
4,task_5,6,7,0.07269682735204697,-0.9007359743118286
4,task_5,6,8,0.11833888292312622,-0.918810248374939
4,task_5,6,9,0.15411177277565002,-0.9193773865699768
4,task_5,6,10,0.19140449166297913,-0.9111577868461609
4,task_5,6,11,0.2250865250825882,-0.9069592356681824
4,task_5,6,12,0.257109671831131,-0.8984116315841675
4,task_5,6,13,0.28667330741882324,-0.872995913028717
4,task_5,6,14,0.30810415744781494,-0.7330141663551331
4,task_5,6,15,0.34104305505752563,-0.30148857831954956
4,task_5,6,16,0.3591524064540863,-0.05551682412624359
4,task_5,6,17,0.37727609276771545,0.19315020740032196
4,task_5,6,18,0.39453157782554626,0.44994521141052246
4,task_5,6,19,0.40602928400039673,0.6333513855934143
4,task_5,6,20,0.4127511978149414,0.7475152015686035
4,task_5,6,21,0.4197559952735901,0.8670340180397034
4,task_5,6,22,0.4242531359195709,0.9481797814369202
4,task_5,6,23,0.4278121292591095,1.0136172771453857
4,task_5,6,24,0.4315958619117737,1.085143804550171
4,task_5,6,25,0.4343228340148926,1.1396288871765137
4,task_5,6,26,0.43775349855422974,1.2043036222457886
4,task_5,6,27,0.4432799816131592,1.3075696229934692
4,task_5,6,28,0.4500699043273926,1.440892219543457
4,task_5,6,29,0.5076187252998352,2.4201433658599854
4,task_5,7,0,0.0,1.4583104848861694
4,task_5,7,1,0.0,1.4583104848861694
4,task_5,7,2,0.0,1.4583104848861694
4,task_5,7,3,0.0,1.4583104848861694
4,task_5,7,4,0.017313003540039062,1.4234261512756348
4,task_5,7,5,0.11296221613883972,1.2373995780944824
4,task_5,7,6,0.21019524335861206,1.0033518075942993
4,task_5,7,7,0.31052398681640625,0.7587029933929443
4,task_5,7,8,0.4231601357460022,0.5604233145713806
4,task_5,7,9,0.5368499159812927,0.4398707449436188
4,task_5,7,10,0.6672610640525818,0.38085123896598816
4,task_5,7,11,0.8112784624099731,0.30435073375701904
4,task_5,7,12,0.9538969993591309,0.23241026699543
4,task_5,7,13,1.1276310682296753,0.1495872586965561
4,task_5,7,14,1.2805814743041992,0.06445816159248352
4,task_5,7,15,1.4704259634017944,-0.03628922998905182
4,task_5,7,16,1.6859091520309448,-0.13470527529716492
4,task_5,7,17,1.9125990867614746,-0.23371289670467377
4,task_5,7,18,2.145709276199341,-0.33711642026901245
4,task_5,7,19,2.4270823001861572,-0.45189154148101807
4,task_5,7,20,2.718792676925659,-0.5520713329315186
4,task_5,7,21,3.0027523040771484,-0.6463813185691833
4,task_5,7,22,3.3566272258758545,-0.7646359801292419
4,task_5,7,23,3.685614585876465,-0.8783701062202454
4,task_5,7,24,4.074689865112305,-1.0130383968353271
4,task_5,7,25,4.479219913482666,-1.154665231704712
4,task_5,7,26,4.901596546173096,-1.304664969444275
4,task_5,7,27,5.359858512878418,-1.4620965719223022
4,task_5,7,28,5.829372406005859,-1.6227350234985352
4,task_5,7,29,6.318485260009766,-1.7956947088241577
4,task_5,8,0,0.08921684324741364,2.0330281257629395
4,task_5,8,1,0.12818476557731628,1.7276750802993774
4,task_5,8,2,0.17080344259738922,1.3768980503082275
4,task_5,8,3,0.21502165496349335,0.9905124306678772
4,task_5,8,4,0.2564712464809418,0.5883405208587646
4,task_5,8,5,0.2928590476512909,0.235734224319458
4,task_5,8,6,0.33764946460723877,-0.21005849540233612
4,task_5,8,7,0.37003472447395325,-0.5776980519294739
4,task_5,8,8,0.42107436060905457,-0.8632237911224365
4,task_5,8,9,0.4619778096675873,-0.9940094947814941
4,task_5,8,10,0.5077264308929443,-1.0297751426696777
4,task_5,8,11,0.5519132018089294,-1.0332070589065552
4,task_5,8,12,0.6114896535873413,-1.062854290008545
4,task_5,8,13,0.6584187746047974,-1.0512468814849854
4,task_5,8,14,0.7144080400466919,-1.00100576877594
4,task_5,8,15,0.7719993591308594,-0.9442400932312012
4,task_5,8,16,0.8459386229515076,-0.8721247315406799
4,task_5,8,17,0.9157364964485168,-0.764746904373169
4,task_5,8,18,0.9813311100006104,-0.690933108329773
4,task_5,8,19,1.073117733001709,-0.5865979194641113
4,task_5,8,20,1.163500189781189,-0.4724251329898834
4,task_5,8,21,1.2404919862747192,-0.36322733759880066
4,task_5,8,22,1.346240758895874,-0.19294103980064392
4,task_5,8,23,1.4566525220870972,-0.007243972737342119
4,task_5,8,24,1.5606106519699097,0.18329674005508423
4,task_5,8,25,1.6842138767242432,0.4423507750034332
4,task_5,8,26,1.8203431367874146,0.7534420490264893
4,task_5,8,27,1.9353020191192627,1.0168662071228027
4,task_5,8,28,2.0909576416015625,1.3939487934112549
4,task_5,8,29,2.4054384231567383,1.9754680395126343
4,task_5,9,0,0.0,-0.731295645236969
4,task_5,9,1,0.0,-0.731295645236969
4,task_5,9,2,0.0,-0.731295645236969
4,task_5,9,3,0.0,-0.731295645236969
4,task_5,9,4,0.0,-0.731295645236969
4,task_5,9,5,0.0,-0.731295645236969
4,task_5,9,6,0.0,-0.731295645236969
4,task_5,9,7,0.002226315438747406,-0.8252525925636292
4,task_5,9,8,0.029765479266643524,-1.4252630472183228
4,task_5,9,9,0.053564317524433136,-1.5307002067565918
4,task_5,9,10,0.0804111436009407,-1.3803914785385132
4,task_5,9,11,0.10146666318178177,-1.3243916034698486
4,task_5,9,12,0.13239827752113342,-1.0064306259155273
4,task_5,9,13,0.15386024117469788,-0.7278484106063843
4,task_5,9,14,0.1723286509513855,-0.43149620294570923
4,task_5,9,15,0.19811642169952393,-0.029470833018422127
4,task_5,9,16,0.21858054399490356,0.24283958971500397
4,task_5,9,17,0.2418985664844513,0.507095992565155
4,task_5,9,18,0.26221174001693726,0.6893126368522644
4,task_5,9,19,0.2878918945789337,0.868068277835846
4,task_5,9,20,0.30860382318496704,0.9590591192245483
4,task_5,9,21,0.32289808988571167,1.0444878339767456
4,task_5,9,22,0.34353363513946533,1.1861813068389893
4,task_5,9,23,0.3627884089946747,1.1861813068389893
4,task_5,9,24,0.3800577223300934,1.1861813068389893
4,task_5,9,25,0.40007004141807556,1.1861813068389893
4,task_5,9,26,0.4175228178501129,1.1861813068389893
4,task_5,9,27,0.43402424454689026,1.1861813068389893
4,task_5,9,28,0.4489726722240448,1.1861813068389893
4,task_5,9,29,0.47831976413726807,1.1861813068389893
4,task_5,10,0,0.0,-0.44854265451431274
4,task_5,10,1,0.0,-0.44854265451431274
4,task_5,10,2,0.0,-0.44854265451431274
4,task_5,10,3,0.0,-0.44854265451431274
4,task_5,10,4,0.0,-0.44854265451431274
4,task_5,10,5,0.0,-0.44854265451431274
4,task_5,10,6,0.0,-0.44854265451431274
4,task_5,10,7,0.0,-0.44854265451431274
4,task_5,10,8,0.0,-0.44854265451431274
4,task_5,10,9,0.0,-0.44854265451431274
4,task_5,10,10,0.0,-0.44854265451431274
4,task_5,10,11,0.0,-0.44854265451431274
4,task_5,10,12,0.0,-0.44854265451431274
4,task_5,10,13,0.0,-0.44854265451431274
4,task_5,10,14,0.0,-0.44854265451431274
4,task_5,10,15,0.0,-0.44854265451431274
4,task_5,10,16,0.007543429732322693,-0.44877853989601135
4,task_5,10,17,0.07285939157009125,-0.445271372795105
4,task_5,10,18,0.13927632570266724,-0.41169896721839905
4,task_5,10,19,0.19355498254299164,-0.3241540491580963
4,task_5,10,20,0.23994304239749908,-0.21060074865818024
4,task_5,10,21,0.2989579439163208,-0.006813064217567444
4,task_5,10,22,0.33750152587890625,0.14529383182525635
4,task_5,10,23,0.3797782063484192,0.32424044609069824
4,task_5,10,24,0.4195297956466675,0.48875680565834045
4,task_5,10,25,0.4549570679664612,0.633543074131012
4,task_5,10,26,0.4915081262588501,0.7870939373970032
4,task_5,10,27,0.5274778008460999,0.9358481764793396
4,task_5,10,28,0.5555302500724792,1.051437497138977
4,task_5,10,29,1.4958279132843018,4.657784461975098
4,task_5,11,0,0.2692810893058777,0.0
4,task_5,11,1,0.2692810893058777,0.0
4,task_5,11,2,0.2692810893058777,0.0
4,task_5,11,3,0.2692810893058777,0.0
4,task_5,11,4,0.2692810893058777,0.0
4,task_5,11,5,0.2692810893058777,0.0
4,task_5,11,6,0.2692810893058777,0.0
4,task_5,11,7,0.2692810893058777,0.0
4,task_5,11,8,0.2692810893058777,0.0
4,task_5,11,9,0.2692810893058777,0.0
4,task_5,11,10,0.2692810893058777,0.0
4,task_5,11,11,0.2692810893058777,0.0
4,task_5,11,12,0.2692810893058777,0.0
4,task_5,11,13,0.2692810893058777,0.0
4,task_5,11,14,0.2692810893058777,0.0
4,task_5,11,15,0.2692810893058777,0.0
4,task_5,11,16,0.2692810893058777,0.0
4,task_5,11,17,0.2692810893058777,0.0
4,task_5,11,18,0.2692810893058777,0.0
4,task_5,11,19,0.2692810893058777,0.0
4,task_5,11,20,0.2692810893058777,0.0
4,task_5,11,21,0.2692810893058777,0.0
4,task_5,11,22,0.2692810893058777,0.0
4,task_5,11,23,0.2692810893058777,0.0
4,task_5,11,24,0.2692810893058777,0.0
4,task_5,11,25,0.2692810893058777,0.0
4,task_5,11,26,0.2692810893058777,0.0
4,task_5,11,27,0.2692810893058777,0.0
4,task_5,11,28,0.2692810893058777,0.0
4,task_5,11,29,0.2692810893058777,0.0
4,task_5,12,0,0.0,-0.623248279094696
4,task_5,12,1,0.032358333468437195,-0.6479302048683167
4,task_5,12,2,0.1452508121728897,-0.7307426929473877
4,task_5,12,3,0.2530994117259979,-0.8052583336830139
4,task_5,12,4,0.33660459518432617,-0.8914584517478943
4,task_5,12,5,0.4457828104496002,-1.0182695388793945
4,task_5,12,6,0.5559820532798767,-1.1207542419433594
4,task_5,12,7,0.652676522731781,-1.2691855430603027
4,task_5,12,8,0.7596042156219482,-1.1885393857955933
4,task_5,12,9,0.8718437552452087,-1.053591251373291
4,task_5,12,10,0.9875426888465881,-0.9502111673355103
4,task_5,12,11,1.113732933998108,-0.811248779296875
4,task_5,12,12,1.2326703071594238,-0.6576766967773438
4,task_5,12,13,1.372060775756836,-0.443586140871048
4,task_5,12,14,1.4950807094573975,-0.284456729888916
4,task_5,12,15,1.6435229778289795,-0.15126949548721313
4,task_5,12,16,1.7969169616699219,-0.04493322595953941
4,task_5,12,17,1.9579572677612305,0.11126136034727097
4,task_5,12,18,2.1283700466156006,0.25266793370246887
4,task_5,12,19,2.3234503269195557,0.3693822920322418
4,task_5,12,20,2.518996000289917,0.4768206477165222
4,task_5,12,21,2.714162588119507,0.5854001641273499
4,task_5,12,22,2.9413959980010986,0.709449291229248
4,task_5,12,23,3.153931140899658,0.8350480794906616
4,task_5,12,24,3.405089855194092,1.0180041790008545
4,task_5,12,25,3.658970832824707,1.2209044694900513
4,task_5,12,26,3.925869941711426,1.4138156175613403
4,task_5,12,27,4.214334011077881,1.6359670162200928
4,task_5,12,28,4.503859519958496,1.8738970756530762
4,task_5,12,29,4.820165157318115,2.189741373062134
4,task_5,13,0,0.0,-0.283465713262558
4,task_5,13,1,0.0,-0.283465713262558
4,task_5,13,2,0.0,-0.283465713262558
4,task_5,13,3,0.0,-0.283465713262558
4,task_5,13,4,0.0,-0.283465713262558
4,task_5,13,5,0.0,-0.283465713262558
4,task_5,13,6,0.0,-0.283465713262558
4,task_5,13,7,0.0,-0.283465713262558
4,task_5,13,8,0.0,-0.283465713262558
4,task_5,13,9,0.0,-0.283465713262558
4,task_5,13,10,0.0,-0.283465713262558
4,task_5,13,11,0.0,-0.283465713262558
4,task_5,13,12,0.0,-0.283465713262558
4,task_5,13,13,0.0,-0.283465713262558
4,task_5,13,14,0.0,-0.283465713262558
4,task_5,13,15,0.0,-0.283465713262558
4,task_5,13,16,0.0,-0.283465713262558
4,task_5,13,17,0.0,-0.283465713262558
4,task_5,13,18,0.0,-0.283465713262558
4,task_5,13,19,0.0,-0.283465713262558
4,task_5,13,20,0.0,-0.283465713262558
4,task_5,13,21,0.0,-0.283465713262558
4,task_5,13,22,0.0,-0.283465713262558
4,task_5,13,23,0.0,-0.283465713262558
4,task_5,13,24,0.04544096440076828,-0.06394707411527634
4,task_5,13,25,0.09233605861663818,0.15007659792900085
4,task_5,13,26,0.144912451505661,0.3612850308418274
4,task_5,13,27,0.19569027423858643,0.5454622507095337
4,task_5,13,28,0.24037975072860718,0.698673665523529
4,task_5,13,29,1.6761195659637451,5.111625671386719
4,task_5,14,0,0.3130846917629242,0.0
4,task_5,14,1,0.3130846917629242,0.0
4,task_5,14,2,0.3130846917629242,0.0
4,task_5,14,3,0.3130846917629242,0.0
4,task_5,14,4,0.3130846917629242,0.0
4,task_5,14,5,0.3130846917629242,0.0
4,task_5,14,6,0.3130846917629242,0.0
4,task_5,14,7,0.3130846917629242,0.0
4,task_5,14,8,0.3130846917629242,0.0
4,task_5,14,9,0.3130846917629242,0.0
4,task_5,14,10,0.3130846917629242,0.0
4,task_5,14,11,0.3130846917629242,0.0
4,task_5,14,12,0.3130846917629242,0.0
4,task_5,14,13,0.3130846917629242,0.0
4,task_5,14,14,0.3130846917629242,0.0
4,task_5,14,15,0.3130846917629242,0.0
4,task_5,14,16,0.3130846917629242,0.0
4,task_5,14,17,0.3130846917629242,0.0
4,task_5,14,18,0.3130846917629242,0.0
4,task_5,14,19,0.3130846917629242,0.0
4,task_5,14,20,0.3130846917629242,0.0
4,task_5,14,21,0.3130846917629242,0.0
4,task_5,14,22,0.3130846917629242,0.0
4,task_5,14,23,0.3130846917629242,0.0
4,task_5,14,24,0.3130846917629242,0.0
4,task_5,14,25,0.3130846917629242,0.0
4,task_5,14,26,0.3130846917629242,0.0
4,task_5,14,27,0.3130846917629242,0.0
4,task_5,14,28,0.3130846917629242,0.0
4,task_5,14,29,0.3130846917629242,0.0
4,task_5,15,0,0.0,-0.12026029825210571
4,task_5,15,1,0.0,-0.12026029825210571
4,task_5,15,2,0.0,-0.12026029825210571
4,task_5,15,3,0.0,-0.12026029825210571
4,task_5,15,4,0.0,-0.12026029825210571
4,task_5,15,5,0.0,-0.12026029825210571
4,task_5,15,6,0.0,-0.12026029825210571
4,task_5,15,7,0.0,-0.12026029825210571
4,task_5,15,8,0.0,-0.12026029825210571
4,task_5,15,9,0.0,-0.12026029825210571
4,task_5,15,10,0.0,-0.12026029825210571
4,task_5,15,11,0.0,-0.12026029825210571
4,task_5,15,12,0.022748634219169617,-0.15415875613689423
4,task_5,15,13,0.06387270987033844,0.14794448018074036
4,task_5,15,14,0.11190804839134216,-0.48999008536338806
4,task_5,15,15,0.16787391901016235,-1.3565112352371216
4,task_5,15,16,0.23397666215896606,-0.6152329444885254
4,task_5,15,17,0.2942151725292206,0.20139579474925995
4,task_5,15,18,0.360897034406662,0.7931368947029114
4,task_5,15,19,0.4491681456565857,2.154982328414917
4,task_5,15,20,0.5338156223297119,2.3204233646392822
4,task_5,15,21,0.6099826693534851,1.2922486066818237
4,task_5,15,22,0.7189438343048096,0.3436667025089264
4,task_5,15,23,0.8120967149734497,0.20801076292991638
4,task_5,15,24,0.9169658422470093,-0.46378660202026367
4,task_5,15,25,1.0410988330841064,-1.4340285062789917
4,task_5,15,26,1.1676973104476929,-1.49241304397583
4,task_5,15,27,1.2866652011871338,-1.5656040906906128
4,task_5,15,28,1.4246405363082886,-0.9023090600967407
4,task_5,15,29,1.9591838121414185,2.455348491668701
4,task_5,16,0,0.0,-0.41849344968795776
4,task_5,16,1,0.0,-0.41849344968795776
4,task_5,16,2,0.0,-0.41849344968795776
4,task_5,16,3,0.0,-0.41849344968795776
4,task_5,16,4,0.0,-0.41849344968795776
4,task_5,16,5,0.0,-0.41849344968795776
4,task_5,16,6,0.0,-0.41849344968795776
4,task_5,16,7,0.0,-0.41849344968795776
4,task_5,16,8,0.0,-0.41849344968795776
4,task_5,16,9,0.0,-0.41849344968795776
4,task_5,16,10,0.0,-0.41849344968795776
4,task_5,16,11,0.0,-0.41849344968795776
4,task_5,16,12,0.0,-0.41849344968795776
4,task_5,16,13,0.0,-0.41849344968795776
4,task_5,16,14,0.0,-0.41849344968795776
4,task_5,16,15,0.0,-0.41849344968795776
4,task_5,16,16,0.0,-0.41849344968795776
4,task_5,16,17,0.0,-0.41849344968795776
4,task_5,16,18,0.0,-0.41849344968795776
4,task_5,16,19,0.0,-0.41849344968795776
4,task_5,16,20,0.0,-0.41849344968795776
4,task_5,16,21,0.035842783749103546,-0.27677080035209656
4,task_5,16,22,0.09395290911197662,-0.00944360438734293
4,task_5,16,23,0.13894696533679962,0.19997961819171906
4,task_5,16,24,0.18777036666870117,0.430899053812027
4,task_5,16,25,0.24034959077835083,0.6761332154273987
4,task_5,16,26,0.28540900349617004,0.8771288990974426
4,task_5,16,27,0.32861173152923584,1.0570299625396729
4,task_5,16,28,0.37142443656921387,1.2341991662979126
4,task_5,16,29,1.2227298021316528,4.599206447601318
4,task_5,17,0,0.0,1.5230988264083862
4,task_5,17,1,0.0,1.5230988264083862
4,task_5,17,2,0.0,1.5230988264083862
4,task_5,17,3,0.0,1.5230988264083862
4,task_5,17,4,0.0,1.5230988264083862
4,task_5,17,5,0.0,1.5230988264083862
4,task_5,17,6,0.0,1.5230988264083862
4,task_5,17,7,0.0,1.5230988264083862
4,task_5,17,8,0.044456787407398224,-0.3063642382621765
4,task_5,17,9,0.08554307371377945,-0.6991748809814453
4,task_5,17,10,0.13898736238479614,-0.14608733355998993
4,task_5,17,11,0.1857127547264099,0.14273695647716522
4,task_5,17,12,0.2373409867286682,0.12457680702209473
4,task_5,17,13,0.2877501845359802,-0.07251463830471039
4,task_5,17,14,0.33231058716773987,-0.1218356117606163
4,task_5,17,15,0.3891355097293854,-0.18248169124126434
4,task_5,17,16,0.44484618306159973,-0.33626145124435425
4,task_5,17,17,0.4940165579319,-0.36819589138031006
4,task_5,17,18,0.5462284088134766,-0.45986056327819824
4,task_5,17,19,0.6018675565719604,-0.7276934385299683
4,task_5,17,20,0.6599097847938538,-0.9664461016654968
4,task_5,17,21,0.7090175151824951,-0.9781963229179382
4,task_5,17,22,0.7683686017990112,-0.9672971963882446
4,task_5,17,23,0.818647563457489,-0.9896385669708252
4,task_5,17,24,0.8756018877029419,-1.051658034324646
4,task_5,17,25,0.9370823502540588,-1.0663965940475464
4,task_5,17,26,1.0011409521102905,-1.0169997215270996
4,task_5,17,27,1.0494422912597656,-0.9696155190467834
4,task_5,17,28,1.113756537437439,-0.8360345959663391
4,task_5,17,29,1.257019281387329,-0.18934684991836548
4,task_5,18,0,0.0,-0.24427945911884308
4,task_5,18,1,0.0,-0.24427945911884308
4,task_5,18,2,0.0,-0.24427945911884308
4,task_5,18,3,0.0,-0.24427945911884308
4,task_5,18,4,0.0,-0.24427945911884308
4,task_5,18,5,0.0,-0.24427945911884308
4,task_5,18,6,0.0,-0.24427945911884308
4,task_5,18,7,0.0,-0.24427945911884308
4,task_5,18,8,0.0,-0.24427945911884308
4,task_5,18,9,0.0,-0.24427945911884308
4,task_5,18,10,0.0,-0.24427945911884308
4,task_5,18,11,0.0,-0.24427945911884308
4,task_5,18,12,0.0,-0.24427945911884308
4,task_5,18,13,0.0,-0.24427945911884308
4,task_5,18,14,0.0,-0.24427945911884308
4,task_5,18,15,0.0,-0.24427945911884308
4,task_5,18,16,0.0,-0.24427945911884308
4,task_5,18,17,0.0,-0.24427945911884308
4,task_5,18,18,0.0,-0.24427945911884308
4,task_5,18,19,0.0,-0.24427945911884308
4,task_5,18,20,0.0,-0.24427945911884308
4,task_5,18,21,0.0,-0.24427945911884308
4,task_5,18,22,0.0,-0.24427945911884308
4,task_5,18,23,0.0,-0.24427945911884308
4,task_5,18,24,0.0,-0.24427945911884308
4,task_5,18,25,0.017413325607776642,-0.09271090477705002
4,task_5,18,26,0.04260695353150368,0.12930713593959808
4,task_5,18,27,0.06602036207914352,0.33497723937034607
4,task_5,18,28,0.0891134962439537,0.5307012796401978
4,task_5,18,29,0.7032069563865662,5.204711437225342
4,task_5,19,0,0.1720801740884781,2.2743618488311768
4,task_5,19,1,0.20569969713687897,2.059844970703125
4,task_5,19,2,0.24135686457157135,1.8332504034042358
4,task_5,19,3,0.273701548576355,1.6062591075897217
4,task_5,19,4,0.3058856725692749,1.3407683372497559
4,task_5,19,5,0.33636587858200073,1.0652713775634766
4,task_5,19,6,0.3633851408958435,0.809538722038269
4,task_5,19,7,0.39022278785705566,0.5544619560241699
4,task_5,19,8,0.4175037145614624,0.31278181076049805
4,task_5,19,9,0.44329702854156494,0.1071520671248436
4,task_5,19,10,0.46202152967453003,-0.011906011030077934
4,task_5,19,11,0.4877961277961731,-0.14834877848625183
4,task_5,19,12,0.5076097846031189,-0.23622946441173553
4,task_5,19,13,0.5247616171836853,-0.30115753412246704
4,task_5,19,14,0.5492557883262634,-0.37510135769844055
4,task_5,19,15,0.5674946308135986,-0.4203493595123291
4,task_5,19,16,0.5887914299964905,-0.46454206109046936
4,task_5,19,17,0.6059446334838867,-0.4948110282421112
4,task_5,19,18,0.6230971217155457,-0.5240921974182129
4,task_5,19,19,0.6414151787757874,-0.5585267543792725
4,task_5,19,20,0.6599218249320984,-0.5879318118095398
4,task_5,19,21,0.6810557842254639,-0.6237133145332336
4,task_5,19,22,0.7023704051971436,-0.6552122235298157
4,task_5,19,23,0.7249955534934998,-0.6956830024719238
4,task_5,19,24,0.7464035153388977,-0.7341417670249939
4,task_5,19,25,0.7721407413482666,-0.7793199419975281
4,task_5,19,26,0.7967334389686584,-0.8198485970497131
4,task_5,19,27,0.8207221627235413,-0.8648352026939392
4,task_5,19,28,0.8556404709815979,-0.926369845867157
4,task_5,19,29,1.3651288747787476,-1.7415679693222046
4,task_5,20,0,0.3536309003829956,-465.6612854003906
4,task_5,20,1,0.3536309003829956,-465.6612854003906
4,task_5,20,2,0.3536309003829956,-465.6612854003906
4,task_5,20,3,0.3536309003829956,-465.6612854003906
4,task_5,20,4,0.3536309003829956,-465.6612854003906
4,task_5,20,5,0.3536309003829956,-465.6612854003906
4,task_5,20,6,0.3536309003829956,-465.6612854003906
4,task_5,20,7,0.3536309003829956,-465.6612854003906
4,task_5,20,8,0.3536309003829956,-465.6612854003906
4,task_5,20,9,0.3536309003829956,-465.6612854003906
4,task_5,20,10,0.3536309003829956,-465.6612854003906
4,task_5,20,11,0.3536309003829956,-465.6612854003906
4,task_5,20,12,0.3536309003829956,-465.6612854003906
4,task_5,20,13,0.3536309003829956,-465.6612854003906
4,task_5,20,14,0.3536309003829956,-465.6612854003906
4,task_5,20,15,0.3536309003829956,-465.6612854003906
4,task_5,20,16,0.3536309003829956,-465.6612854003906
4,task_5,20,17,0.3536309003829956,-465.6612854003906
4,task_5,20,18,0.3536309003829956,-465.6612854003906
4,task_5,20,19,0.3536309003829956,-465.6612854003906
4,task_5,20,20,0.3536309003829956,-465.6612854003906
4,task_5,20,21,0.3536309003829956,-465.6612854003906
4,task_5,20,22,0.3536309003829956,-465.6612854003906
4,task_5,20,23,0.3536309003829956,-465.6612854003906
4,task_5,20,24,0.3536309003829956,-465.6612854003906
4,task_5,20,25,0.3536309003829956,-465.6612854003906
4,task_5,20,26,0.3536309003829956,-465.6612854003906
4,task_5,20,27,0.3536309003829956,-465.6612854003906
4,task_5,20,28,0.3536309003829956,-465.6612854003906
4,task_5,20,29,0.3536309003829956,-465.6612854003906
4,task_5,21,0,0.0,0.7102836966514587
4,task_5,21,1,0.0,0.7102836966514587
4,task_5,21,2,0.0,0.7102836966514587
4,task_5,21,3,0.0,0.7102836966514587
4,task_5,21,4,0.0,0.7102836966514587
4,task_5,21,5,0.0,0.7102836966514587
4,task_5,21,6,0.0,0.7102836966514587
4,task_5,21,7,0.0,0.7102836966514587
4,task_5,21,8,0.0,0.7102836966514587
4,task_5,21,9,0.0,0.7102836966514587
4,task_5,21,10,0.0,0.7102836966514587
4,task_5,21,11,0.0,0.7102836966514587
4,task_5,21,12,0.0,0.7102836966514587
4,task_5,21,13,0.041514813899993896,0.6703537702560425
4,task_5,21,14,0.11602172255516052,0.5883550643920898
4,task_5,21,15,0.20015141367912292,0.5082311034202576
4,task_5,21,16,0.3044239282608032,0.4128533601760864
4,task_5,21,17,0.40712547302246094,0.3204582631587982
4,task_5,21,18,0.5146617293357849,0.20486336946487427
4,task_5,21,19,0.6511362791061401,0.055853892117738724
4,task_5,21,20,0.7862394452095032,-0.11079360544681549
4,task_5,21,21,0.9094230532646179,-0.2694926857948303
4,task_5,21,22,1.0761241912841797,-0.4809628129005432
4,task_5,21,23,1.2344188690185547,-0.6888604164123535
4,task_5,21,24,1.400306224822998,-0.9238536357879639
4,task_5,21,25,1.592090129852295,-1.2194089889526367
4,task_5,21,26,1.7949464321136475,-1.5422158241271973
4,task_5,21,27,1.9882781505584717,-1.8605222702026367
4,task_5,21,28,2.2189111709594727,-2.2253031730651855
4,task_5,21,29,2.4729316234588623,-2.6732428073883057
4,task_5,22,0,0.0,-1.258724570274353
4,task_5,22,1,0.0,-1.258724570274353
4,task_5,22,2,0.0,-1.258724570274353
4,task_5,22,3,0.0,-1.258724570274353
4,task_5,22,4,0.08417243510484695,-1.4600211381912231
4,task_5,22,5,0.1674908548593521,-1.66429603099823
4,task_5,22,6,0.23934049904346466,-1.818920373916626
4,task_5,22,7,0.3133360743522644,-1.5194045305252075
4,task_5,22,8,0.37645503878593445,-0.8883712291717529
4,task_5,22,9,0.42561793327331543,-0.5048484206199646
4,task_5,22,10,0.4759693145751953,-0.14375537633895874
4,task_5,22,11,0.49695923924446106,0.00011102422286057845
4,task_5,22,12,0.5126138925552368,0.11181934177875519
4,task_5,22,13,0.5283551812171936,0.2249673455953598
4,task_5,22,14,0.5418219566345215,0.3198982775211334
4,task_5,22,15,0.5528769493103027,0.3856686055660248
4,task_5,22,16,0.5700939893722534,0.5041590929031372
4,task_5,22,17,0.5792313814163208,0.5686545968055725
4,task_5,22,18,0.5942398309707642,0.6611082553863525
4,task_5,22,19,0.6050318479537964,0.7174746990203857
4,task_5,22,20,0.6165127754211426,0.770025908946991
4,task_5,22,21,0.6240144968032837,0.8087451457977295
4,task_5,22,22,0.6326330304145813,0.8579728603363037
4,task_5,22,23,0.6384854316711426,0.9027757048606873
4,task_5,22,24,0.6441129446029663,0.9433033466339111
4,task_5,22,25,0.6492313146591187,0.985584020614624
4,task_5,22,26,0.6525090932846069,1.0099380016326904
4,task_5,22,27,0.6560803055763245,1.0358309745788574
4,task_5,22,28,0.6599871516227722,1.0648638010025024
4,task_5,22,29,0.6746628284454346,1.1616159677505493
4,task_5,23,0,0.0,-0.23994530737400055
4,task_5,23,1,0.0,-0.23994530737400055
4,task_5,23,2,0.0,-0.23994530737400055
4,task_5,23,3,0.0,-0.23994530737400055
4,task_5,23,4,0.0,-0.23994530737400055
4,task_5,23,5,0.0,-0.23994530737400055
4,task_5,23,6,0.0,-0.23994530737400055
4,task_5,23,7,0.0,-0.23994530737400055
4,task_5,23,8,0.0,-0.23994530737400055
4,task_5,23,9,0.0,-0.23994530737400055
4,task_5,23,10,0.0,-0.23994530737400055
4,task_5,23,11,0.0,-0.23994530737400055
4,task_5,23,12,0.0,-0.23994530737400055
4,task_5,23,13,0.0,-0.23994530737400055
4,task_5,23,14,0.0,-0.23994530737400055
4,task_5,23,15,0.0,-0.23994530737400055
4,task_5,23,16,0.0,-0.23994530737400055
4,task_5,23,17,0.0,-0.23994530737400055
4,task_5,23,18,0.0,-0.23994530737400055
4,task_5,23,19,0.0,-0.23994530737400055
4,task_5,23,20,0.0,-0.23994530737400055
4,task_5,23,21,0.0,-0.23994530737400055
4,task_5,23,22,0.0,-0.23994530737400055
4,task_5,23,23,0.0,-0.23994530737400055
4,task_5,23,24,0.0,-0.23994530737400055
4,task_5,23,25,0.01839752495288849,-0.11629963666200638
4,task_5,23,26,0.05242525041103363,0.10794442147016525
4,task_5,23,27,0.0833992138504982,0.29688432812690735
4,task_5,23,28,0.11629525572061539,0.4944683909416199
4,task_5,23,29,0.9717288017272949,5.215634346008301
4,task_5,24,0,0.051852837204933167,2.6887238025665283
4,task_5,24,1,0.06559917330741882,2.2047901153564453
4,task_5,24,2,0.07998855412006378,1.7434223890304565
4,task_5,24,3,0.09361842274665833,1.2622698545455933
4,task_5,24,4,0.10185328125953674,1.0032994747161865
4,task_5,24,5,0.10991320013999939,0.7184216380119324
4,task_5,24,6,0.11698150634765625,0.4567756950855255
4,task_5,24,7,0.12165549397468567,0.32937926054000854
4,task_5,24,8,0.1246621310710907,0.22780735790729523
4,task_5,24,9,0.12849226593971252,0.12798553705215454
4,task_5,24,10,0.13094094395637512,0.05916015803813934
4,task_5,24,11,0.13292354345321655,0.021154915913939476
4,task_5,24,12,0.1353071928024292,-0.05119149386882782
4,task_5,24,13,0.13721874356269836,-0.09384940564632416
4,task_5,24,14,0.14007338881492615,-0.16894659399986267
4,task_5,24,15,0.14206448197364807,-0.21611353754997253
4,task_5,24,16,0.1447220742702484,-0.27278932929039
4,task_5,24,17,0.1472306251525879,-0.3375272750854492
4,task_5,24,18,0.14914679527282715,-0.3840385675430298
4,task_5,24,19,0.15137845277786255,-0.4415127635002136
4,task_5,24,20,0.15356478095054626,-0.495412677526474
4,task_5,24,21,0.15582555532455444,-0.5515323281288147
4,task_5,24,22,0.15858468413352966,-0.5940106511116028
4,task_5,24,23,0.16105619072914124,-0.6732264161109924
4,task_5,24,24,0.1642465591430664,-0.7506839632987976
4,task_5,24,25,0.16806355118751526,-0.8213026523590088
4,task_5,24,26,0.17210111021995544,-0.8909551501274109
4,task_5,24,27,0.1771525740623474,-0.9684323668479919
4,task_5,24,28,0.18447262048721313,-1.0567983388900757
4,task_5,24,29,0.5795832872390747,-2.074856996536255
4,task_5,25,0,0.0,1.147322177886963
4,task_5,25,1,0.0,1.147322177886963
4,task_5,25,2,0.0,1.147322177886963
4,task_5,25,3,0.0,1.147322177886963
4,task_5,25,4,0.0,1.147322177886963
4,task_5,25,5,0.0,1.147322177886963
4,task_5,25,6,0.0,1.147322177886963
4,task_5,25,7,0.0,1.147322177886963
4,task_5,25,8,0.056851137429475784,0.935094952583313
4,task_5,25,9,0.1239691898226738,0.7393196821212769
4,task_5,25,10,0.1989690214395523,0.5826107263565063
4,task_5,25,11,0.2710650563240051,0.47425541281700134
4,task_5,25,12,0.35841450095176697,0.3574317395687103
4,task_5,25,13,0.43458372354507446,0.26916956901550293
4,task_5,25,14,0.5225725173950195,0.16559110581874847
4,task_5,25,15,0.6108214259147644,0.057424332946538925
4,task_5,25,16,0.7241238355636597,-0.0876779705286026
4,task_5,25,17,0.8179739713668823,-0.19125187397003174
4,task_5,25,18,0.9179680347442627,-0.2954939603805542
4,task_5,25,19,1.0421987771987915,-0.4272633194923401
4,task_5,25,20,1.1585581302642822,-0.5467728972434998
4,task_5,25,21,1.2659378051757812,-0.6578040719032288
4,task_5,25,22,1.4015262126922607,-0.7976731061935425
4,task_5,25,23,1.5300624370574951,-0.9234115481376648
4,task_5,25,24,1.6639162302017212,-1.0561978816986084
4,task_5,25,25,1.8095358610153198,-1.1982150077819824
4,task_5,25,26,1.9622329473495483,-1.3425997495651245
4,task_5,25,27,2.1019108295440674,-1.4762287139892578
4,task_5,25,28,2.2697482109069824,-1.6340208053588867
4,task_5,25,29,2.83284330368042,-2.1248629093170166
4,task_5,26,0,0.0,-0.6023709774017334
4,task_5,26,1,0.0,-0.6023709774017334
4,task_5,26,2,0.0,-0.6023709774017334
4,task_5,26,3,0.0,-0.6023709774017334
4,task_5,26,4,0.0,-0.6023709774017334
4,task_5,26,5,0.0,-0.6023709774017334
4,task_5,26,6,0.0,-0.6023709774017334
4,task_5,26,7,0.0,-0.6023709774017334
4,task_5,26,8,0.0,-0.6023709774017334
4,task_5,26,9,0.0,-0.6023709774017334
4,task_5,26,10,0.0,-0.6023709774017334
4,task_5,26,11,0.0,-0.6023709774017334
4,task_5,26,12,0.0,-0.6023709774017334
4,task_5,26,13,0.0,-0.6023709774017334
4,task_5,26,14,0.0,-0.6023709774017334
4,task_5,26,15,0.0,-0.6023709774017334
4,task_5,26,16,0.1141027882695198,-0.5247364044189453
4,task_5,26,17,0.23166826367378235,-0.4223534166812897
4,task_5,26,18,0.317140132188797,-0.3254481256008148
4,task_5,26,19,0.4077264368534088,-0.1904565691947937
4,task_5,26,20,0.49085938930511475,0.00485649798065424
4,task_5,26,21,0.5715200304985046,0.2649252414703369
4,task_5,26,22,0.6285586953163147,0.4728354513645172
4,task_5,26,23,0.6936618089675903,0.7051273584365845
4,task_5,26,24,0.7422670125961304,0.8722137808799744
4,task_5,26,25,0.7926746010780334,1.0323477983474731
4,task_5,26,26,0.8454681634902954,1.1855640411376953
4,task_5,26,27,0.8892039656639099,1.3011999130249023
4,task_5,26,28,0.9288850426673889,1.3983074426651
4,task_5,26,29,1.9674712419509888,3.8635520935058594
4,task_5,27,0,0.0,1.2522821426391602
4,task_5,27,1,0.0,1.2522821426391602
4,task_5,27,2,0.0,1.2522821426391602
4,task_5,27,3,0.03072623908519745,1.2487162351608276
4,task_5,27,4,0.07028713822364807,1.2267690896987915
4,task_5,27,5,0.11204631626605988,1.1850862503051758
4,task_5,27,6,0.15160726010799408,1.1062649488449097
4,task_5,27,7,0.18886183202266693,1.0083433389663696
4,task_5,27,8,0.2460872083902359,0.8218787312507629
4,task_5,27,9,0.2813557982444763,0.702026903629303
4,task_5,27,10,0.3271290063858032,0.5557771921157837
4,task_5,27,11,0.38040173053741455,0.39195337891578674
4,task_5,27,12,0.43958520889282227,0.2676299214363098
4,task_5,27,13,0.4969329833984375,0.18981868028640747
4,task_5,27,14,0.5545429587364197,0.12670433521270752
4,task_5,27,15,0.6228724122047424,0.0389166995882988
4,task_5,27,16,0.6904959678649902,-0.055554863065481186
4,task_5,27,17,0.7718779444694519,-0.17145349085330963
4,task_5,27,18,0.8524356484413147,-0.28809550404548645
4,task_5,27,19,0.9459241032600403,-0.4189823269844055
4,task_5,27,20,1.0457909107208252,-0.5511751770973206
4,task_5,27,21,1.1410847902297974,-0.6711216568946838
4,task_5,27,22,1.2623109817504883,-0.809322714805603
4,task_5,27,23,1.3786472082138062,-0.9292393922805786
4,task_5,27,24,1.5055829286575317,-1.052671194076538
4,task_5,27,25,1.6441452503204346,-1.1993905305862427
4,task_5,27,26,1.7957007884979248,-1.3453158140182495
4,task_5,27,27,1.950840711593628,-1.4954445362091064
4,task_5,27,28,2.112640142440796,-1.6576085090637207
4,task_5,27,29,2.2826876640319824,-1.9813569784164429
4,task_5,28,0,0.023377686738967896,1.7806936502456665
4,task_5,28,1,0.034981027245521545,1.6458711624145508
4,task_5,28,2,0.048362404108047485,1.4835829734802246
4,task_5,28,3,0.05908839404582977,1.3866231441497803
4,task_5,28,4,0.0730137974023819,1.3254590034484863
4,task_5,28,5,0.09131236374378204,1.2460774183273315
4,task_5,28,6,0.10812915861606598,1.139244556427002
4,task_5,28,7,0.12334004044532776,1.0060722827911377
4,task_5,28,8,0.14993682503700256,0.7218971252441406
4,task_5,28,9,0.17370182275772095,0.5070590972900391
4,task_5,28,10,0.19828660786151886,0.3360883593559265
4,task_5,28,11,0.2339179962873459,0.13104641437530518
4,task_5,28,12,0.2644895613193512,0.025005709379911423
4,task_5,28,13,0.3022189140319824,-0.05928441137075424
4,task_5,28,14,0.3520716428756714,-0.1397463083267212
4,task_5,28,15,0.39683470129966736,-0.2163383811712265
4,task_5,28,16,0.4521796703338623,-0.3235710859298706
4,task_5,28,17,0.5068930387496948,-0.408242404460907
4,task_5,28,18,0.5705426931381226,-0.494780033826828
4,task_5,28,19,0.6330538988113403,-0.5862349271774292
4,task_5,28,20,0.7054852843284607,-0.6906778216362
4,task_5,28,21,0.7881237268447876,-0.782154381275177
4,task_5,28,22,0.8823277354240417,-0.854330837726593
4,task_5,28,23,0.9689697623252869,-0.9239456653594971
4,task_5,28,24,1.0730338096618652,-1.0264874696731567
4,task_5,28,25,1.1817411184310913,-1.0928031206130981
4,task_5,28,26,1.3018248081207275,-1.1685307025909424
4,task_5,28,27,1.3989272117614746,-1.2634978294372559
4,task_5,28,28,1.5393502712249756,-1.3520458936691284
4,task_5,28,29,1.682000994682312,-1.3520458936691284
4,task_5,29,0,0.0,-0.4155922830104828
4,task_5,29,1,0.0,-0.4155922830104828
4,task_5,29,2,0.0,-0.4155922830104828
4,task_5,29,3,0.0,-0.4155922830104828
4,task_5,29,4,0.0,-0.4155922830104828
4,task_5,29,5,0.0,-0.4155922830104828
4,task_5,29,6,0.0,-0.4155922830104828
4,task_5,29,7,0.0,-0.4155922830104828
4,task_5,29,8,0.0,-0.4155922830104828
4,task_5,29,9,0.0,-0.4155922830104828
4,task_5,29,10,0.0,-0.4155922830104828
4,task_5,29,11,0.0,-0.4155922830104828
4,task_5,29,12,0.0,-0.4155922830104828
4,task_5,29,13,0.0,-0.4155922830104828
4,task_5,29,14,0.0,-0.4155922830104828
4,task_5,29,15,0.0,-0.4155922830104828
4,task_5,29,16,0.0,-0.4155922830104828
4,task_5,29,17,0.0,-0.4155922830104828
4,task_5,29,18,0.0,-0.4155922830104828
4,task_5,29,19,0.0,-0.4155922830104828
4,task_5,29,20,0.0,-0.4155922830104828
4,task_5,29,21,0.012749665416777134,-0.3592222332954407
4,task_5,29,22,0.06411191821098328,-0.10484865307807922
4,task_5,29,23,0.11219781637191772,0.1544678509235382
4,task_5,29,24,0.16327501833438873,0.42489081621170044
4,task_5,29,25,0.21499456465244293,0.6971169114112854
4,task_5,29,26,0.25789394974708557,0.9129627346992493
4,task_5,29,27,0.2999128997325897,1.1145797967910767
4,task_5,29,28,0.3486577570438385,1.3413275480270386
4,task_5,29,29,1.1593637466430664,4.5461626052856445
4,task_5,30,0,0.5102901458740234,-465.6612854003906
4,task_5,30,1,0.5102901458740234,-465.6612854003906
4,task_5,30,2,0.5102901458740234,-465.6612854003906
4,task_5,30,3,0.5102901458740234,-465.6612854003906
4,task_5,30,4,0.5102901458740234,-465.6612854003906
4,task_5,30,5,0.5102901458740234,-465.6612854003906
4,task_5,30,6,0.5102901458740234,-465.6612854003906
4,task_5,30,7,0.5102901458740234,-465.6612854003906
4,task_5,30,8,0.5102901458740234,-465.6612854003906
4,task_5,30,9,0.5102901458740234,-465.6612854003906
4,task_5,30,10,0.5102901458740234,-465.6612854003906
4,task_5,30,11,0.5102901458740234,-465.6612854003906
4,task_5,30,12,0.5102901458740234,-465.6612854003906
4,task_5,30,13,0.5102901458740234,-465.6612854003906
4,task_5,30,14,0.5102901458740234,-465.6612854003906
4,task_5,30,15,0.5102901458740234,-465.6612854003906
4,task_5,30,16,0.5102901458740234,-465.6612854003906
4,task_5,30,17,0.5102901458740234,-465.6612854003906
4,task_5,30,18,0.5102901458740234,-465.6612854003906
4,task_5,30,19,0.5102901458740234,-465.6612854003906
4,task_5,30,20,0.5102901458740234,-465.6612854003906
4,task_5,30,21,0.5102901458740234,-465.6612854003906
4,task_5,30,22,0.5102901458740234,-465.6612854003906
4,task_5,30,23,0.5102901458740234,-465.6612854003906
4,task_5,30,24,0.5102901458740234,-465.6612854003906
4,task_5,30,25,0.5102901458740234,-465.6612854003906
4,task_5,30,26,0.5102901458740234,-465.6612854003906
4,task_5,30,27,0.5102901458740234,-465.6612854003906
4,task_5,30,28,0.5102901458740234,-465.6612854003906
4,task_5,30,29,0.5102901458740234,-465.6612854003906
4,task_5,31,0,0.0,1.0741904973983765
4,task_5,31,1,0.0,1.0741904973983765
4,task_5,31,2,0.0,1.0741904973983765
4,task_5,31,3,0.0,1.0741904973983765
4,task_5,31,4,0.0,1.0741904973983765
4,task_5,31,5,0.0,1.0741904973983765
4,task_5,31,6,0.0,1.0741904973983765
4,task_5,31,7,0.0,1.0741904973983765
4,task_5,31,8,0.0,1.0741904973983765
4,task_5,31,9,0.0,1.0741904973983765
4,task_5,31,10,0.0,1.0741904973983765
4,task_5,31,11,0.0,1.0741904973983765
4,task_5,31,12,0.05703917145729065,0.6694157719612122
4,task_5,31,13,0.13061025738716125,0.22709797322750092
4,task_5,31,14,0.19346299767494202,0.00604384345933795
4,task_5,31,15,0.2872790992259979,-0.19467738270759583
4,task_5,31,16,0.37861689925193787,-0.3692723214626312
4,task_5,31,17,0.4720737040042877,-0.5019453167915344
4,task_5,31,18,0.5786756277084351,-0.631217896938324
4,task_5,31,19,0.7040084600448608,-0.6995100378990173
4,task_5,31,20,0.8317655324935913,-0.8464786410331726
4,task_5,31,21,0.948462724685669,-0.9557960629463196
4,task_5,31,22,1.1063647270202637,-1.0096473693847656
4,task_5,31,23,1.2491028308868408,-1.0080454349517822
4,task_5,31,24,1.4129780530929565,-1.0701613426208496
4,task_5,31,25,1.588435173034668,-1.1339524984359741
4,task_5,31,26,1.777419090270996,-1.2190032005310059
4,task_5,31,27,1.9593305587768555,-1.3211865425109863
4,task_5,31,28,2.1664016246795654,-1.3885149955749512
4,task_5,31,29,2.6468682289123535,-1.443434476852417
4,task_5,32,0,0.09677913784980774,0.6560586094856262
4,task_5,32,1,0.12701097130775452,0.7318315505981445
4,task_5,32,2,0.1592225283384323,0.8003632426261902
4,task_5,32,3,0.18680325150489807,0.7492557764053345
4,task_5,32,4,0.21780315041542053,0.7396963238716125
4,task_5,32,5,0.2471659928560257,0.7634593844413757
4,task_5,32,6,0.2776089906692505,0.7237374782562256
4,task_5,32,7,0.3010467290878296,0.7528354525566101
4,task_5,32,8,0.3335736393928528,0.8871506452560425
4,task_5,32,9,0.358944296836853,1.041361689567566
4,task_5,32,10,0.3838234543800354,1.0376288890838623
4,task_5,32,11,0.41131067276000977,0.9562303423881531
4,task_5,32,12,0.43537503480911255,0.8072425723075867
4,task_5,32,13,0.46284180879592896,0.6524409651756287
4,task_5,32,14,0.48301196098327637,0.530315101146698
4,task_5,32,15,0.513687789440155,0.3593721389770508
4,task_5,32,16,0.5437613725662231,0.19984284043312073
4,task_5,32,17,0.5684377551078796,0.0668296068906784
4,task_5,32,18,0.5896729826927185,-0.04219415411353111
4,task_5,32,19,0.6142913103103638,-0.14720872044563293
4,task_5,32,20,0.6532390117645264,-0.3581419289112091
4,task_5,32,21,0.6717267036437988,-0.435435950756073
4,task_5,32,22,0.7060375213623047,-0.6155695915222168
4,task_5,32,23,0.7361060976982117,-0.8221309185028076
4,task_5,32,24,0.7662141919136047,-1.0287048816680908
4,task_5,32,25,0.7987639307975769,-1.2798067331314087
4,task_5,32,26,0.8409357070922852,-1.6265596151351929
4,task_5,32,27,0.8658373951911926,-1.8314416408538818
4,task_5,32,28,0.9016140699386597,-2.04817271232605
4,task_5,32,29,0.953894853591919,-2.220285654067993
4,task_5,33,0,1.0536530017852783,-3725.290283203125
4,task_5,33,1,1.0536530017852783,-3725.290283203125
4,task_5,33,2,1.0536530017852783,-3725.290283203125
4,task_5,33,3,1.0536530017852783,-3725.290283203125
4,task_5,33,4,1.0536530017852783,-3725.290283203125
4,task_5,33,5,1.0536530017852783,-3725.290283203125
4,task_5,33,6,1.0536530017852783,-3725.290283203125
4,task_5,33,7,1.0536530017852783,-3725.290283203125
4,task_5,33,8,1.0536530017852783,-3725.290283203125
4,task_5,33,9,1.0536530017852783,-3725.290283203125
4,task_5,33,10,1.0536530017852783,-3725.290283203125
4,task_5,33,11,1.0536530017852783,-3725.290283203125
4,task_5,33,12,1.0536530017852783,-3725.290283203125
4,task_5,33,13,1.0536530017852783,-3725.290283203125
4,task_5,33,14,1.0536530017852783,-3725.290283203125
4,task_5,33,15,1.0536530017852783,-3725.290283203125
4,task_5,33,16,1.0536530017852783,-3725.290283203125
4,task_5,33,17,1.0536530017852783,-3725.290283203125
4,task_5,33,18,1.0536530017852783,-3725.290283203125
4,task_5,33,19,1.0536530017852783,-3725.290283203125
4,task_5,33,20,1.0536530017852783,-3725.290283203125
4,task_5,33,21,1.0536530017852783,-3725.290283203125
4,task_5,33,22,1.0536530017852783,-3725.290283203125
4,task_5,33,23,1.0536530017852783,-3725.290283203125
4,task_5,33,24,1.0536530017852783,-3725.290283203125
4,task_5,33,25,1.0536530017852783,-3725.290283203125
4,task_5,33,26,1.0536530017852783,-3725.290283203125
4,task_5,33,27,1.0536530017852783,-3725.290283203125
4,task_5,33,28,1.0536530017852783,-3725.290283203125
4,task_5,33,29,1.0536530017852783,-3725.290283203125
4,task_5,34,0,0.0,0.6416794657707214
4,task_5,34,1,0.0,0.6416794657707214
4,task_5,34,2,0.0,0.6416794657707214
4,task_5,34,3,0.0,0.6416794657707214
4,task_5,34,4,0.0,0.6416794657707214
4,task_5,34,5,0.0,0.6416794657707214
4,task_5,34,6,0.0,0.6416794657707214
4,task_5,34,7,0.0,0.6416794657707214
4,task_5,34,8,0.0,0.6416794657707214
4,task_5,34,9,0.0,0.6416794657707214
4,task_5,34,10,0.0,0.6416794657707214
4,task_5,34,11,0.0,0.6416794657707214
4,task_5,34,12,0.0,0.6416794657707214
4,task_5,34,13,0.0,0.6416794657707214
4,task_5,34,14,0.0,0.6416794657707214
4,task_5,34,15,0.0,0.6416794657707214
4,task_5,34,16,0.0,0.6416794657707214
4,task_5,34,17,0.0,0.6416794657707214
4,task_5,34,18,0.0,0.6416794657707214
4,task_5,34,19,0.0031118392944335938,0.4104325771331787
4,task_5,34,20,0.008126765489578247,0.03873278945684433
4,task_5,34,21,0.012544393539428711,-0.3252622187137604
4,task_5,34,22,0.016071587800979614,-0.6308985948562622
4,task_5,34,23,0.019939005374908447,-0.9577410221099854
4,task_5,34,24,0.024159401655197144,-1.2754950523376465
4,task_5,34,25,0.028893738985061646,-1.619167685508728
4,task_5,34,26,0.033634573221206665,-1.9581278562545776
4,task_5,34,27,0.040642499923706055,-1.9581278562545776
4,task_5,34,28,0.04793611168861389,-1.9581278562545776
4,task_5,34,29,0.06989972293376923,-1.9581278562545776
4,task_5,35,0,0.0,0.5414960384368896
4,task_5,35,1,0.0,0.5414960384368896
4,task_5,35,2,0.0,0.5414960384368896
4,task_5,35,3,0.0,0.5414960384368896
4,task_5,35,4,0.0,0.5414960384368896
4,task_5,35,5,0.0,0.5414960384368896
4,task_5,35,6,0.0,0.5414960384368896
4,task_5,35,7,0.0,0.5414960384368896
4,task_5,35,8,0.0,0.5414960384368896
4,task_5,35,9,0.0,0.5414960384368896
4,task_5,35,10,0.0,0.5414960384368896
4,task_5,35,11,0.0,0.5414960384368896
4,task_5,35,12,0.0,0.5414960384368896
4,task_5,35,13,0.0,0.5414960384368896
4,task_5,35,14,0.0,0.5414960384368896
4,task_5,35,15,0.0,0.5414960384368896
4,task_5,35,16,0.0,0.5414960384368896
4,task_5,35,17,0.05984888970851898,0.5067014694213867
4,task_5,35,18,0.131535604596138,0.45304539799690247
4,task_5,35,19,0.22230543196201324,0.31658491492271423
4,task_5,35,20,0.3295077085494995,0.14213821291923523
4,task_5,35,21,0.44082146883010864,-0.03406985104084015
4,task_5,35,22,0.5727072954177856,-0.15355291962623596
4,task_5,35,23,0.6977194547653198,-0.28773558139801025
4,task_5,35,24,0.8519206643104553,-0.4657304584980011
4,task_5,35,25,1.0107922554016113,-0.8138088583946228
4,task_5,35,26,1.1642332077026367,-1.2084927558898926
4,task_5,35,27,1.366618037223816,-1.8268744945526123
4,task_5,35,28,1.5485273599624634,-2.3544304370880127
4,task_5,35,29,1.956108808517456,-3.4792065620422363
4,task_5,36,0,0.2941797077655792,-1.058666706085205
4,task_5,36,1,0.307389497756958,-1.004162311553955
4,task_5,36,2,0.3170093595981598,-0.9662932753562927
4,task_5,36,3,0.3292229473590851,-0.9228138327598572
4,task_5,36,4,0.3405614495277405,-0.8800467252731323
4,task_5,36,5,0.3496015667915344,-0.8483147025108337
4,task_5,36,6,0.3572281301021576,-0.8197908401489258
4,task_5,36,7,0.3690871000289917,-0.7807101011276245
4,task_5,36,8,0.38331112265586853,-0.7329753637313843
4,task_5,36,9,0.39697104692459106,-0.6885680556297302
4,task_5,36,10,0.41564255952835083,-0.6410091519355774
4,task_5,36,11,0.4330824613571167,-0.6003339290618896
4,task_5,36,12,0.4593741297721863,-0.5340246558189392
4,task_5,36,13,0.4864250719547272,-0.4686536192893982
4,task_5,36,14,0.5187187194824219,-0.3932476043701172
4,task_5,36,15,0.5542877912521362,-0.31651771068573
4,task_5,36,16,0.6046795845031738,-0.21471446752548218
4,task_5,36,17,0.6473730206489563,-0.1294921487569809
4,task_5,36,18,0.7053952813148499,-0.012065036222338676
4,task_5,36,19,0.7765357494354248,0.12287234514951706
4,task_5,36,20,0.8542881011962891,0.2683229148387909
4,task_5,36,21,0.9153633713722229,0.3805755078792572
4,task_5,36,22,1.0160465240478516,0.5788741707801819
4,task_5,36,23,1.1154537200927734,0.7709466814994812
4,task_5,36,24,1.2168102264404297,0.9714575409889221
4,task_5,36,25,1.3376591205596924,1.1930843591690063
4,task_5,36,26,1.4654223918914795,1.405048131942749
4,task_5,36,27,1.5981037616729736,1.6127363443374634
4,task_5,36,28,1.7465343475341797,1.846280813217163
4,task_5,36,29,2.3984711170196533,2.862194538116455
4,task_5,37,0,9.999999747378752e-05,0.0035527136642485857
4,task_5,37,1,9.999999747378752e-05,0.0035527136642485857
4,task_5,37,2,9.999999747378752e-05,0.0035527136642485857
4,task_5,37,3,9.999999747378752e-05,0.0035527136642485857
4,task_5,37,4,9.999999747378752e-05,0.0035527136642485857
4,task_5,37,5,9.999999747378752e-05,0.0035527136642485857
4,task_5,37,6,9.999999747378752e-05,0.0035527136642485857
4,task_5,37,7,9.999999747378752e-05,0.0035527136642485857
4,task_5,37,8,9.999999747378752e-05,0.0035527136642485857
4,task_5,37,9,9.999999747378752e-05,0.0035527136642485857
4,task_5,37,10,9.999999747378752e-05,0.0035527136642485857
4,task_5,37,11,9.999999747378752e-05,0.0035527136642485857
4,task_5,37,12,9.999999747378752e-05,0.0035527136642485857
4,task_5,37,13,9.999999747378752e-05,0.0035527136642485857
4,task_5,37,14,9.999999747378752e-05,0.0035527136642485857
4,task_5,37,15,9.999999747378752e-05,0.0035527136642485857
4,task_5,37,16,9.999999747378752e-05,0.0035527136642485857
4,task_5,37,17,9.999999747378752e-05,0.0035527136642485857
4,task_5,37,18,9.999999747378752e-05,0.0035527136642485857
4,task_5,37,19,9.999999747378752e-05,0.0035527136642485857
4,task_5,37,20,9.999999747378752e-05,0.0035527136642485857
4,task_5,37,21,9.999999747378752e-05,0.0035527136642485857
4,task_5,37,22,9.999999747378752e-05,0.0035527136642485857
4,task_5,37,23,9.999999747378752e-05,0.0035527136642485857
4,task_5,37,24,9.999999747378752e-05,0.0035527136642485857
4,task_5,37,25,9.999999747378752e-05,0.0035527136642485857
4,task_5,37,26,9.999999747378752e-05,0.0035527136642485857
4,task_5,37,27,9.999999747378752e-05,0.0035527136642485857
4,task_5,37,28,9.999999747378752e-05,0.0035527136642485857
4,task_5,37,29,9.999999747378752e-05,0.0035527136642485857
4,task_5,38,0,0.0,2.1220850944519043
4,task_5,38,1,0.0,2.1220850944519043
4,task_5,38,2,0.0,2.1220850944519043
4,task_5,38,3,0.02276429533958435,1.967187762260437
4,task_5,38,4,0.08753366768360138,1.4996410608291626
4,task_5,38,5,0.14801476895809174,1.0433356761932373
4,task_5,38,6,0.21394924819469452,0.5689948797225952
4,task_5,38,7,0.27946507930755615,0.11765740066766739
4,task_5,38,8,0.35767632722854614,-0.30296850204467773
4,task_5,38,9,0.4213694930076599,-0.5280225872993469
4,task_5,38,10,0.48890817165374756,-0.6865285634994507
4,task_5,38,11,0.5575299263000488,-0.7828511595726013
4,task_5,38,12,0.6406441330909729,-0.8577666282653809
4,task_5,38,13,0.7292965054512024,-0.8744606375694275
4,task_5,38,14,0.8001959919929504,-0.8786431550979614
4,task_5,38,15,0.8951386213302612,-0.8681617975234985
4,task_5,38,16,0.9893572330474854,-0.8575533032417297
4,task_5,38,17,1.089799165725708,-0.8036220073699951
4,task_5,38,18,1.1918879747390747,-0.7311747074127197
4,task_5,38,19,1.3097147941589355,-0.656509280204773
4,task_5,38,20,1.4357998371124268,-0.5833652019500732
4,task_5,38,21,1.547098159790039,-0.5180336833000183
4,task_5,38,22,1.6943691968917847,-0.4348224699497223
4,task_5,38,23,1.8257651329040527,-0.37470269203186035
4,task_5,38,24,1.9734487533569336,-0.3050377666950226
4,task_5,38,25,2.1329779624938965,-0.2276172935962677
4,task_5,38,26,2.3105950355529785,-0.15793317556381226
4,task_5,38,27,2.470865488052368,-0.09432040899991989
4,task_5,38,28,2.662024974822998,-0.019979333505034447
4,task_5,38,29,2.847923517227173,-0.01898813061416149
4,task_5,39,0,0.0,0.6611678600311279
4,task_5,39,1,0.0,0.6611678600311279
4,task_5,39,2,0.0,0.6611678600311279
4,task_5,39,3,0.0,0.6611678600311279
4,task_5,39,4,0.0,0.6611678600311279
4,task_5,39,5,0.0,0.6611678600311279
4,task_5,39,6,0.0,0.6611678600311279
4,task_5,39,7,0.0,0.6611678600311279
4,task_5,39,8,0.0,0.6611678600311279
4,task_5,39,9,0.0,0.6611678600311279
4,task_5,39,10,0.0,0.6611678600311279
4,task_5,39,11,0.0,0.6611678600311279
4,task_5,39,12,0.0,0.6611678600311279
4,task_5,39,13,0.0,0.6611678600311279
4,task_5,39,14,0.0,0.6611678600311279
4,task_5,39,15,0.003396257758140564,0.648811399936676
4,task_5,39,16,0.03351013362407684,0.546044111251831
4,task_5,39,17,0.08435799181461334,0.37998896837234497
4,task_5,39,18,0.12864862382411957,0.23570816218852997
4,task_5,39,19,0.17545773088932037,0.07753848284482956
4,task_5,39,20,0.2209806889295578,-0.08737543225288391
4,task_5,39,21,0.2662263512611389,-0.259829580783844
4,task_5,39,22,0.3306366801261902,-0.5016980171203613
4,task_5,39,23,0.3902139663696289,-0.7194676399230957
4,task_5,39,24,0.44272834062576294,-0.9063875079154968
4,task_5,39,25,0.5162588357925415,-1.1696157455444336
4,task_5,39,26,0.5867565274238586,-1.4259063005447388
4,task_5,39,27,0.6526175141334534,-1.6552293300628662
4,task_5,39,28,0.7256160378456116,-1.9048092365264893
4,task_5,39,29,1.0829968452453613,-3.1752891540527344
4,task_5,40,0,0.0,-0.4860230088233948
4,task_5,40,1,0.0,-0.4860230088233948
4,task_5,40,2,0.0,-0.4860230088233948
4,task_5,40,3,0.0,-0.4860230088233948
4,task_5,40,4,0.0,-0.4860230088233948
4,task_5,40,5,0.0,-0.4860230088233948
4,task_5,40,6,0.0,-0.4860230088233948
4,task_5,40,7,0.0,-0.4860230088233948
4,task_5,40,8,0.0,-0.4860230088233948
4,task_5,40,9,0.0,-0.4860230088233948
4,task_5,40,10,0.0,-0.4860230088233948
4,task_5,40,11,0.0,-0.4860230088233948
4,task_5,40,12,0.0,-0.4860230088233948
4,task_5,40,13,0.0,-0.4860230088233948
4,task_5,40,14,0.0,-0.4860230088233948
4,task_5,40,15,0.0,-0.4860230088233948
4,task_5,40,16,0.0,-0.4860230088233948
4,task_5,40,17,0.0,-0.4860230088233948
4,task_5,40,18,0.05251959711313248,-0.4698905050754547
4,task_5,40,19,0.1297929584980011,-0.37280142307281494
4,task_5,40,20,0.20650994777679443,-0.18548107147216797
4,task_5,40,21,0.27667078375816345,0.015076220966875553
4,task_5,40,22,0.34229278564453125,0.2122351974248886
4,task_5,40,23,0.4044870138168335,0.4041689336299896
4,task_5,40,24,0.46414390206336975,0.6058402061462402
4,task_5,40,25,0.5177323818206787,0.7836425304412842
4,task_5,40,26,0.5631420612335205,0.9367111921310425
4,task_5,40,27,0.6193024516105652,1.1328356266021729
4,task_5,40,28,0.6627122163772583,1.2877823114395142
4,task_5,40,29,1.5673668384552002,4.398294925689697
4,task_5,41,0,0.0,0.5559594035148621
4,task_5,41,1,0.0,0.5559594035148621
4,task_5,41,2,0.0,0.5559594035148621
4,task_5,41,3,0.0,0.5559594035148621
4,task_5,41,4,0.0,0.5559594035148621
4,task_5,41,5,0.0,0.5559594035148621
4,task_5,41,6,0.0,0.5559594035148621
4,task_5,41,7,0.0,0.5559594035148621
4,task_5,41,8,0.0,0.5559594035148621
4,task_5,41,9,0.0,0.5559594035148621
4,task_5,41,10,0.0,0.5559594035148621
4,task_5,41,11,0.0,0.5559594035148621
4,task_5,41,12,0.0,0.5559594035148621
4,task_5,41,13,0.0,0.5559594035148621
4,task_5,41,14,0.0,0.5559594035148621
4,task_5,41,15,0.0,0.5559594035148621
4,task_5,41,16,0.0,0.5559594035148621
4,task_5,41,17,0.0,0.5559594035148621
4,task_5,41,18,0.012001559138298035,0.3771786689758301
4,task_5,41,19,0.021571330726146698,0.1850317120552063
4,task_5,41,20,0.03356669098138809,-0.1279127597808838
4,task_5,41,21,0.04393734037876129,-0.23976188898086548
4,task_5,41,22,0.052866168320178986,-0.28309956192970276
4,task_5,41,23,0.06307278573513031,-0.364109605550766
4,task_5,41,24,0.07555019855499268,-0.6482804417610168
4,task_5,41,25,0.08430984616279602,-0.8926792740821838
4,task_5,41,26,0.09362363815307617,-1.128799319267273
4,task_5,41,27,0.10154935717582703,-1.2771435976028442
4,task_5,41,28,0.11576122045516968,-1.5532927513122559
4,task_5,41,29,0.342202752828598,-4.054399013519287
4,task_5,42,0,0.0,-0.22084707021713257
4,task_5,42,1,0.0,-0.22084707021713257
4,task_5,42,2,0.0,-0.22084707021713257
4,task_5,42,3,0.0,-0.22084707021713257
4,task_5,42,4,0.0,-0.22084707021713257
4,task_5,42,5,0.0,-0.22084707021713257
4,task_5,42,6,0.0,-0.22084707021713257
4,task_5,42,7,0.0,-0.22084707021713257
4,task_5,42,8,0.0,-0.22084707021713257
4,task_5,42,9,0.0,-0.22084707021713257
4,task_5,42,10,0.0,-0.22084707021713257
4,task_5,42,11,0.0,-0.22084707021713257
4,task_5,42,12,0.0,-0.22084707021713257
4,task_5,42,13,0.0,-0.22084707021713257
4,task_5,42,14,0.0,-0.22084707021713257
4,task_5,42,15,0.0,-0.22084707021713257
4,task_5,42,16,0.0,-0.22084707021713257
4,task_5,42,17,0.0,-0.22084707021713257
4,task_5,42,18,0.0,-0.22084707021713257
4,task_5,42,19,0.0,-0.22084707021713257
4,task_5,42,20,0.0,-0.22084707021713257
4,task_5,42,21,0.0,-0.22084707021713257
4,task_5,42,22,0.0,-0.22084707021713257
4,task_5,42,23,0.0,-0.22084707021713257
4,task_5,42,24,0.0,-0.22084707021713257
4,task_5,42,25,0.0,-0.22084707021713257
4,task_5,42,26,0.042695000767707825,-0.07750265300273895
4,task_5,42,27,0.12476895749568939,0.16841241717338562
4,task_5,42,28,0.20328737795352936,0.40378403663635254
4,task_5,42,29,1.8590600490570068,5.247330665588379
4,task_5,43,0,0.0,1.448785424232483
4,task_5,43,1,0.0,1.448785424232483
4,task_5,43,2,0.0,1.448785424232483
4,task_5,43,3,0.007124021649360657,1.4287865161895752
4,task_5,43,4,0.0489216148853302,1.2708406448364258
4,task_5,43,5,0.08928383886814117,1.051303505897522
4,task_5,43,6,0.13299418985843658,0.7887535095214844
4,task_5,43,7,0.1638064831495285,0.6697793006896973
4,task_5,43,8,0.21555303037166595,0.6176183223724365
4,task_5,43,9,0.2512495517730713,0.5485774278640747
4,task_5,43,10,0.29295581579208374,0.4573674499988556
4,task_5,43,11,0.32908546924591064,0.3848941922187805
4,task_5,43,12,0.37077629566192627,0.30565768480300903
4,task_5,43,13,0.41177695989608765,0.21849793195724487
4,task_5,43,14,0.4468145966529846,0.14237789809703827
4,task_5,43,15,0.48676586151123047,0.051884725689888
4,task_5,43,16,0.5302431583404541,-0.05523420870304108
4,task_5,43,17,0.568306565284729,-0.16180305182933807
4,task_5,43,18,0.6021960973739624,-0.25561630725860596
4,task_5,43,19,0.6525971293449402,-0.3935079276561737
4,task_5,43,20,0.7040226459503174,-0.5339198112487793
4,task_5,43,21,0.7326788306236267,-0.6112254858016968
4,task_5,43,22,0.7841358780860901,-0.7444894909858704
4,task_5,43,23,0.8339592218399048,-0.8740134239196777
4,task_5,43,24,0.8783725500106812,-0.9914236664772034
4,task_5,43,25,0.9312222003936768,-1.1305210590362549
4,task_5,43,26,0.9908982515335083,-1.2893832921981812
4,task_5,43,27,1.040319800376892,-1.4246052503585815
4,task_5,43,28,1.0992920398712158,-1.5899219512939453
4,task_5,43,29,1.326137661933899,-2.2270288467407227
4,task_5,44,0,1.3384040594100952,-3725.290283203125
4,task_5,44,1,1.3384040594100952,-3725.290283203125
4,task_5,44,2,1.3384040594100952,-3725.290283203125
4,task_5,44,3,1.3384040594100952,-3725.290283203125
4,task_5,44,4,1.3384040594100952,-3725.290283203125
4,task_5,44,5,1.3384040594100952,-3725.290283203125
4,task_5,44,6,1.3384040594100952,-3725.290283203125
4,task_5,44,7,1.3384040594100952,-3725.290283203125
4,task_5,44,8,1.3384040594100952,-3725.290283203125
4,task_5,44,9,1.3384040594100952,-3725.290283203125
4,task_5,44,10,1.3384040594100952,-3725.290283203125
4,task_5,44,11,1.3384040594100952,-3725.290283203125
4,task_5,44,12,1.3384040594100952,-3725.290283203125
4,task_5,44,13,1.3384040594100952,-3725.290283203125
4,task_5,44,14,1.3384040594100952,-3725.290283203125
4,task_5,44,15,1.3384040594100952,-3725.290283203125
4,task_5,44,16,1.3384040594100952,-3725.290283203125
4,task_5,44,17,1.3384040594100952,-3725.290283203125
4,task_5,44,18,1.3384040594100952,-3725.290283203125
4,task_5,44,19,1.3384040594100952,-3725.290283203125
4,task_5,44,20,1.3384040594100952,-3725.290283203125
4,task_5,44,21,1.3384040594100952,-3725.290283203125
4,task_5,44,22,1.3384040594100952,-3725.290283203125
4,task_5,44,23,1.3384040594100952,-3725.290283203125
4,task_5,44,24,1.3384040594100952,-3725.290283203125
4,task_5,44,25,1.3384040594100952,-3725.290283203125
4,task_5,44,26,1.3384040594100952,-3725.290283203125
4,task_5,44,27,1.3384040594100952,-3725.290283203125
4,task_5,44,28,1.3384040594100952,-3725.290283203125
4,task_5,44,29,1.3384040594100952,-3725.290283203125
4,task_5,45,0,0.0,1.9642746448516846
4,task_5,45,1,0.0,1.9642746448516846
4,task_5,45,2,0.0,1.9642746448516846
4,task_5,45,3,0.052355606108903885,1.5270874500274658
4,task_5,45,4,0.07678961008787155,1.327052354812622
4,task_5,45,5,0.09745995700359344,1.1440181732177734
4,task_5,45,6,0.1204507052898407,0.9528394937515259
4,task_5,45,7,0.1386282742023468,0.7831625938415527
4,task_5,45,8,0.16166582703590393,0.5506475567817688
4,task_5,45,9,0.1814289093017578,0.3765082359313965
4,task_5,45,10,0.202472984790802,0.17676317691802979
4,task_5,45,11,0.22185075283050537,0.013435662724077702
4,task_5,45,12,0.24205908179283142,-0.13594628870487213
4,task_5,45,13,0.25864946842193604,-0.2666487693786621
4,task_5,45,14,0.27760615944862366,-0.4006134271621704
4,task_5,45,15,0.29134249687194824,-0.4842512905597687
4,task_5,45,16,0.307909220457077,-0.5792984366416931
4,task_5,45,17,0.32240989804267883,-0.6453771591186523
4,task_5,45,18,0.33614498376846313,-0.7026808261871338
4,task_5,45,19,0.3464670479297638,-0.7402546405792236
4,task_5,45,20,0.3579643964767456,-0.7796896696090698
4,task_5,45,21,0.3677925169467926,-0.8139035701751709
4,task_5,45,22,0.3788156807422638,-0.8507561683654785
4,task_5,45,23,0.38458940386772156,-0.8709911108016968
4,task_5,45,24,0.39237967133522034,-0.8980638980865479
4,task_5,45,25,0.39698269963264465,-0.9151720404624939
4,task_5,45,26,0.40188369154930115,-0.9151720404624939
4,task_5,45,27,0.4057876169681549,-0.9151720404624939
4,task_5,45,28,0.411294162273407,-0.9151720404624939
4,task_5,45,29,0.43931812047958374,-0.9151720404624939
4,task_5,46,0,0.14754818379878998,-0.11368683725595474
4,task_5,46,1,0.14754818379878998,-0.11368683725595474
4,task_5,46,2,0.14754818379878998,-0.11368683725595474
4,task_5,46,3,0.14754818379878998,-0.11368683725595474
4,task_5,46,4,0.14754818379878998,-0.11368683725595474
4,task_5,46,5,0.14754818379878998,-0.11368683725595474
4,task_5,46,6,0.14754818379878998,-0.11368683725595474
4,task_5,46,7,0.14754818379878998,-0.11368683725595474
4,task_5,46,8,0.14754818379878998,-0.11368683725595474
4,task_5,46,9,0.14754818379878998,-0.11368683725595474
4,task_5,46,10,0.14754818379878998,-0.11368683725595474
4,task_5,46,11,0.14754818379878998,-0.11368683725595474
4,task_5,46,12,0.14754818379878998,-0.11368683725595474
4,task_5,46,13,0.14754818379878998,-0.11368683725595474
4,task_5,46,14,0.14754818379878998,-0.11368683725595474
4,task_5,46,15,0.14754818379878998,-0.11368683725595474
4,task_5,46,16,0.14754818379878998,-0.11368683725595474
4,task_5,46,17,0.14754818379878998,-0.11368683725595474
4,task_5,46,18,0.14754818379878998,-0.11368683725595474
4,task_5,46,19,0.14754818379878998,-0.11368683725595474
4,task_5,46,20,0.14754818379878998,-0.11368683725595474
4,task_5,46,21,0.14754818379878998,-0.11368683725595474
4,task_5,46,22,0.14754818379878998,-0.11368683725595474
4,task_5,46,23,0.14754818379878998,-0.11368683725595474
4,task_5,46,24,0.14754818379878998,-0.11368683725595474
4,task_5,46,25,0.14754818379878998,-0.11368683725595474
4,task_5,46,26,0.14754818379878998,-0.11368683725595474
4,task_5,46,27,0.14754818379878998,-0.11368683725595474
4,task_5,46,28,0.14754818379878998,-0.11368683725595474
4,task_5,46,29,0.14754818379878998,-0.11368683725595474
4,task_5,47,0,0.09013274312019348,2.7051799297332764
4,task_5,47,1,0.12533321976661682,2.3991310596466064
4,task_5,47,2,0.1657511293888092,2.038558006286621
4,task_5,47,3,0.2106432467699051,1.6178640127182007
4,task_5,47,4,0.2491883635520935,1.2344249486923218
4,task_5,47,5,0.2840435802936554,0.8801233768463135
4,task_5,47,6,0.33075934648513794,0.43725478649139404
4,task_5,47,7,0.36006593704223633,0.20224465429782867
4,task_5,47,8,0.4099580645561218,-0.11186625063419342
4,task_5,47,9,0.4541701078414917,-0.30063706636428833
4,task_5,47,10,0.5012720823287964,-0.36763471364974976
4,task_5,47,11,0.5415526628494263,-0.38525041937828064
4,task_5,47,12,0.5988118052482605,-0.41138777136802673
4,task_5,47,13,0.6517499685287476,-0.4136839509010315
4,task_5,47,14,0.6939531564712524,-0.41223791241645813
4,task_5,47,15,0.7559800148010254,-0.4179094433784485
4,task_5,47,16,0.8213897943496704,-0.44459637999534607
4,task_5,47,17,0.8859474062919617,-0.47054916620254517
4,task_5,47,18,0.9497408270835876,-0.5018852949142456
4,task_5,47,19,1.0355949401855469,-0.534290611743927
4,task_5,47,20,1.1263229846954346,-0.5703471899032593
4,task_5,47,21,1.1869467496871948,-0.5962021946907043
4,task_5,47,22,1.2901625633239746,-0.6342490911483765
4,task_5,47,23,1.3782027959823608,-0.6631782650947571
4,task_5,47,24,1.472879409790039,-0.6670136451721191
4,task_5,47,25,1.5834903717041016,-0.673224925994873
4,task_5,47,26,1.707601547241211,-0.6807791590690613
4,task_5,47,27,1.800947666168213,-0.7005463242530823
4,task_5,47,28,1.9343655109405518,-0.7203581929206848
4,task_5,47,29,2.0798022747039795,-0.8369408845901489
4,task_5,48,0,0.0,-0.20605780184268951
4,task_5,48,1,0.0,-0.20605780184268951
4,task_5,48,2,0.0,-0.20605780184268951
4,task_5,48,3,0.0,-0.20605780184268951
4,task_5,48,4,0.0,-0.20605780184268951
4,task_5,48,5,0.0,-0.20605780184268951
4,task_5,48,6,0.0,-0.20605780184268951
4,task_5,48,7,0.0,-0.20605780184268951
4,task_5,48,8,0.0,-0.20605780184268951
4,task_5,48,9,0.0,-0.20605780184268951
4,task_5,48,10,0.0,-0.20605780184268951
4,task_5,48,11,0.0,-0.20605780184268951
4,task_5,48,12,0.0,-0.20605780184268951
4,task_5,48,13,0.0,-0.20605780184268951
4,task_5,48,14,0.0,-0.20605780184268951
4,task_5,48,15,0.0,-0.20605780184268951
4,task_5,48,16,0.0,-0.20605780184268951
4,task_5,48,17,0.0,-0.20605780184268951
4,task_5,48,18,0.0,-0.20605780184268951
4,task_5,48,19,0.0,-0.20605780184268951
4,task_5,48,20,0.0,-0.20605780184268951
4,task_5,48,21,0.0,-0.20605780184268951
4,task_5,48,22,0.0,-0.20605780184268951
4,task_5,48,23,0.0,-0.20605780184268951
4,task_5,48,24,0.0,-0.20605780184268951
4,task_5,48,25,0.0,-0.20605780184268951
4,task_5,48,26,0.0,-0.20605780184268951
4,task_5,48,27,0.016640841960906982,-0.011601959355175495
4,task_5,48,28,0.043866828083992004,0.3064286410808563
4,task_5,48,29,0.48133838176727295,5.268733501434326
4,task_5,49,0,0.0,0.457029789686203
4,task_5,49,1,0.0,0.457029789686203
4,task_5,49,2,0.0,0.457029789686203
4,task_5,49,3,0.0,0.457029789686203
4,task_5,49,4,0.0,0.457029789686203
4,task_5,49,5,0.0,0.457029789686203
4,task_5,49,6,0.0,0.457029789686203
4,task_5,49,7,0.0,0.457029789686203
4,task_5,49,8,0.0,0.457029789686203
4,task_5,49,9,0.0,0.457029789686203
4,task_5,49,10,0.0,0.457029789686203
4,task_5,49,11,0.0,0.457029789686203
4,task_5,49,12,0.0,0.457029789686203
4,task_5,49,13,0.0,0.457029789686203
4,task_5,49,14,0.0,0.457029789686203
4,task_5,49,15,0.0,0.457029789686203
4,task_5,49,16,0.0,0.457029789686203
4,task_5,49,17,0.0,0.457029789686203
4,task_5,49,18,0.0,0.457029789686203
4,task_5,49,19,0.0,0.457029789686203
4,task_5,49,20,0.01377122849225998,0.4018385708332062
4,task_5,49,21,0.05918703228235245,0.18296334147453308
4,task_5,49,22,0.10172472894191742,-0.04682803526520729
4,task_5,49,23,0.1389666497707367,-0.2521142065525055
4,task_5,49,24,0.1794518232345581,-0.4953009784221649
4,task_5,49,25,0.22609394788742065,-0.7686490416526794
4,task_5,49,26,0.2703564465045929,-0.9937339425086975
4,task_5,49,27,0.31944039463996887,-1.281287431716919
4,task_5,49,28,0.3717024028301239,-1.5716655254364014
4,task_5,49,29,0.9189275503158569,-4.315817832946777
4,task_5,50,0,0.0,1.8992886543273926
4,task_5,50,1,0.0,1.8992886543273926
4,task_5,50,2,0.08740562200546265,1.7666281461715698
4,task_5,50,3,0.21393464505672455,1.5349539518356323
4,task_5,50,4,0.3200972378253937,1.3341878652572632
4,task_5,50,5,0.44834768772125244,1.0893964767456055
4,task_5,50,6,0.5815426111221313,0.8426914811134338
4,task_5,50,7,0.6905941963195801,0.6516620516777039
4,task_5,50,8,0.8245211839675903,0.44895657896995544
4,task_5,50,9,0.9640655517578125,0.2774386405944824
4,task_5,50,10,1.095345377922058,0.1654910147190094
4,task_5,50,11,1.2337305545806885,0.09162994474172592
4,task_5,50,12,1.38528311252594,0.004675186704844236
4,task_5,50,13,1.5425447225570679,-0.08055192977190018
4,task_5,50,14,1.6742690801620483,-0.14266353845596313
4,task_5,50,15,1.8455009460449219,-0.21029959619045258
4,task_5,50,16,2.0240085124969482,-0.2719365060329437
4,task_5,50,17,2.207911491394043,-0.33488306403160095
4,task_5,50,18,2.3976197242736816,-0.39855727553367615
4,task_5,50,19,2.6162328720092773,-0.4715757369995117
4,task_5,50,20,2.8360202312469482,-0.5476815700531006
4,task_5,50,21,3.031369209289551,-0.6221808791160583
4,task_5,50,22,3.28774356842041,-0.726318895816803
4,task_5,50,23,3.520907402038574,-0.8225940465927124
4,task_5,50,24,3.7761449813842773,-0.9279593229293823
4,task_5,50,25,4.053728103637695,-1.040441632270813
4,task_5,50,26,4.350809574127197,-1.155248761177063
4,task_5,50,27,4.634149074554443,-1.2664356231689453
4,task_5,50,28,4.957015037536621,-1.3942521810531616
4,task_5,50,29,5.533846855163574,-1.5926991701126099
4,task_5,51,0,0.0,1.3194503784179688
4,task_5,51,1,0.0,1.3194503784179688
4,task_5,51,2,0.0,1.3194503784179688
4,task_5,51,3,0.0,1.3194503784179688
4,task_5,51,4,0.0,1.3194503784179688
4,task_5,51,5,0.0,1.3194503784179688
4,task_5,51,6,0.0,1.3194503784179688
4,task_5,51,7,0.0017499029636383057,1.3019704818725586
4,task_5,51,8,0.04390668496489525,0.9968600273132324
4,task_5,51,9,0.08663171529769897,0.6933596730232239
4,task_5,51,10,0.14239731431007385,0.3097851276397705
4,task_5,51,11,0.19579285383224487,0.03320609778165817
4,task_5,51,12,0.2601207196712494,-0.19592560827732086
4,task_5,51,13,0.33446335792541504,-0.3057662844657898
4,task_5,51,14,0.3940261900424957,-0.2799113392829895
4,task_5,51,15,0.48876410722732544,-0.23755133152008057
4,task_5,51,16,0.5738418102264404,-0.25720933079719543
4,task_5,51,17,0.6732030510902405,-0.30353233218193054
4,task_5,51,18,0.777350902557373,-0.3628377318382263
4,task_5,51,19,0.9046617150306702,-0.43420228362083435
4,task_5,51,20,1.045059084892273,-0.5091263651847839
4,task_5,51,21,1.175242304801941,-0.5622819066047668
4,task_5,51,22,1.3327643871307373,-0.6455590724945068
4,task_5,51,23,1.4890294075012207,-0.7180835008621216
4,task_5,51,24,1.6634422540664673,-0.8109147548675537
4,task_5,51,25,1.8461281061172485,-0.9309206008911133
4,task_5,51,26,2.0394606590270996,-1.0662041902542114
4,task_5,51,27,2.2572901248931885,-1.2732232809066772
4,task_5,51,28,2.4666314125061035,-1.48721444606781
4,task_5,51,29,3.0365371704101562,-2.1908669471740723
4,task_5,52,0,0.0,-0.3297964632511139
4,task_5,52,1,0.0,-0.3297964632511139
4,task_5,52,2,0.0,-0.3297964632511139
4,task_5,52,3,0.0,-0.3297964632511139
4,task_5,52,4,0.0,-0.3297964632511139
4,task_5,52,5,0.0,-0.3297964632511139
4,task_5,52,6,0.0,-0.3297964632511139
4,task_5,52,7,0.0,-0.3297964632511139
4,task_5,52,8,0.0,-0.3297964632511139
4,task_5,52,9,0.0,-0.3297964632511139
4,task_5,52,10,0.0,-0.3297964632511139
4,task_5,52,11,0.0,-0.3297964632511139
4,task_5,52,12,0.0,-0.3297964632511139
4,task_5,52,13,0.0,-0.3297964632511139
4,task_5,52,14,0.0,-0.3297964632511139
4,task_5,52,15,0.0,-0.3297964632511139
4,task_5,52,16,0.0,-0.3297964632511139
4,task_5,52,17,0.0,-0.3297964632511139
4,task_5,52,18,0.0,-0.3297964632511139
4,task_5,52,19,0.0,-0.3297964632511139
4,task_5,52,20,0.0,-0.3297964632511139
4,task_5,52,21,0.0,-0.3297964632511139
4,task_5,52,22,0.024854809045791626,-0.24526259303092957
4,task_5,52,23,0.08226095139980316,-0.04534861072897911
4,task_5,52,24,0.14334064722061157,0.16944213211536407
4,task_5,52,25,0.19242960214614868,0.3308796286582947
4,task_5,52,26,0.24987339973449707,0.5169004797935486
4,task_5,52,27,0.30539923906326294,0.7014659643173218
4,task_5,52,28,0.34578415751457214,0.8319019079208374
4,task_5,52,29,1.6936101913452148,4.995542526245117
4,task_5,53,0,0.0,-0.49898073077201843
4,task_5,53,1,0.0,-0.49898073077201843
4,task_5,53,2,0.0,-0.49898073077201843
4,task_5,53,3,0.0,-0.49898073077201843
4,task_5,53,4,0.0,-0.49898073077201843
4,task_5,53,5,0.0,-0.49898073077201843
4,task_5,53,6,0.0,-0.49898073077201843
4,task_5,53,7,0.0,-0.49898073077201843
4,task_5,53,8,0.0,-0.49898073077201843
4,task_5,53,9,0.0,-0.49898073077201843
4,task_5,53,10,0.0,-0.49898073077201843
4,task_5,53,11,0.0,-0.49898073077201843
4,task_5,53,12,0.0,-0.49898073077201843
4,task_5,53,13,0.0,-0.49898073077201843
4,task_5,53,14,0.0,-0.49898073077201843
4,task_5,53,15,0.0,-0.49898073077201843
4,task_5,53,16,0.0,-0.49898073077201843
4,task_5,53,17,0.0,-0.49898073077201843
4,task_5,53,18,0.0,-0.49898073077201843
4,task_5,53,19,0.04888327419757843,-0.44169530272483826
4,task_5,53,20,0.16021165251731873,-0.25557634234428406
4,task_5,53,21,0.2726084589958191,-0.00208220724016428
4,task_5,53,22,0.37501803040504456,0.24016094207763672
4,task_5,53,23,0.4785640835762024,0.48178553581237793
4,task_5,53,24,0.5759603977203369,0.6936911940574646
4,task_5,53,25,0.6601134538650513,0.8668281435966492
4,task_5,53,26,0.7523193955421448,1.0500009059906006
4,task_5,53,27,0.841900646686554,1.2260162830352783
4,task_5,53,28,0.9221329689025879,1.3824219703674316
4,task_5,53,29,2.4458112716674805,4.239083766937256
4,task_5,54,0,0.0,1.9668000936508179
4,task_5,54,1,0.0,1.9668000936508179
4,task_5,54,2,0.0,1.9668000936508179
4,task_5,54,3,0.015083402395248413,1.7567322254180908
4,task_5,54,4,0.03397151827812195,1.5360420942306519
4,task_5,54,5,0.0549648255109787,1.2513736486434937
4,task_5,54,6,0.08531776070594788,0.8717553019523621
4,task_5,54,7,0.10345329344272614,0.6365420818328857
4,task_5,54,8,0.12497864663600922,0.3644793629646301
4,task_5,54,9,0.13767783343791962,0.22403021156787872
4,task_5,54,10,0.16641952097415924,-0.05411379784345627
4,task_5,54,11,0.1863611787557602,-0.19958333671092987
4,task_5,54,12,0.20446030795574188,-0.2970544397830963
4,task_5,54,13,0.22210590541362762,-0.3839534819126129
4,task_5,54,14,0.23837055265903473,-0.4551788568496704
4,task_5,54,15,0.254106342792511,-0.5127581357955933
4,task_5,54,16,0.2668394446372986,-0.5588201284408569
4,task_5,54,17,0.2866383194923401,-0.6190808415412903
4,task_5,54,18,0.29778146743774414,-0.6516242623329163
4,task_5,54,19,0.30894845724105835,-0.6803813576698303
4,task_5,54,20,0.31932467222213745,-0.7118947505950928
4,task_5,54,21,0.32734227180480957,-0.7334182262420654
4,task_5,54,22,0.3354279398918152,-0.7532222270965576
4,task_5,54,23,0.34344804286956787,-0.7716144919395447
4,task_5,54,24,0.34843993186950684,-0.7830583453178406
4,task_5,54,25,0.3562575578689575,-0.8005318641662598
4,task_5,54,26,0.3616396188735962,-0.8142628073692322
4,task_5,54,27,0.3669714331626892,-0.8270682096481323
4,task_5,54,28,0.3777972459793091,-0.8536191582679749
4,task_5,54,29,0.46380630135536194,-1.0801137685775757
4,task_5,55,0,0.0,-0.26451948285102844
4,task_5,55,1,0.0,-0.26451948285102844
4,task_5,55,2,0.0,-0.26451948285102844
4,task_5,55,3,0.0,-0.26451948285102844
4,task_5,55,4,0.0,-0.26451948285102844
4,task_5,55,5,0.0,-0.26451948285102844
4,task_5,55,6,0.0,-0.26451948285102844
4,task_5,55,7,0.0,-0.26451948285102844
4,task_5,55,8,0.0,-0.26451948285102844
4,task_5,55,9,0.0,-0.26451948285102844
4,task_5,55,10,0.0,-0.26451948285102844
4,task_5,55,11,0.0,-0.26451948285102844
4,task_5,55,12,0.0,-0.26451948285102844
4,task_5,55,13,0.0,-0.26451948285102844
4,task_5,55,14,0.0,-0.26451948285102844
4,task_5,55,15,0.0,-0.26451948285102844
4,task_5,55,16,0.0,-0.26451948285102844
4,task_5,55,17,0.0,-0.26451948285102844
4,task_5,55,18,0.0,-0.26451948285102844
4,task_5,55,19,0.0,-0.26451948285102844
4,task_5,55,20,0.0,-0.26451948285102844
4,task_5,55,21,0.0,-0.26451948285102844
4,task_5,55,22,0.0,-0.26451948285102844
4,task_5,55,23,0.0,-0.26451948285102844
4,task_5,55,24,0.0,-0.26451948285102844
4,task_5,55,25,0.05527910590171814,-0.030052559450268745
4,task_5,55,26,0.12996834516525269,0.27076980471611023
4,task_5,55,27,0.192094624042511,0.5033109188079834
4,task_5,55,28,0.2552686035633087,0.7321100234985352
4,task_5,55,29,1.5521012544631958,5.136847972869873
4,task_5,56,0,0.0,-0.4081190228462219
4,task_5,56,1,0.0,-0.4081190228462219
4,task_5,56,2,0.0,-0.4081190228462219
4,task_5,56,3,0.0,-0.4081190228462219
4,task_5,56,4,0.0,-0.4081190228462219
4,task_5,56,5,0.0,-0.4081190228462219
4,task_5,56,6,0.0,-0.4081190228462219
4,task_5,56,7,0.0,-0.4081190228462219
4,task_5,56,8,0.0,-0.4081190228462219
4,task_5,56,9,0.0,-0.4081190228462219
4,task_5,56,10,0.0,-0.4081190228462219
4,task_5,56,11,0.0,-0.4081190228462219
4,task_5,56,12,0.0,-0.4081190228462219
4,task_5,56,13,0.0,-0.4081190228462219
4,task_5,56,14,0.0,-0.4081190228462219
4,task_5,56,15,0.0,-0.4081190228462219
4,task_5,56,16,0.0,-0.4081190228462219
4,task_5,56,17,0.0,-0.4081190228462219
4,task_5,56,18,0.0,-0.4081190228462219
4,task_5,56,19,0.037944912910461426,-0.3555886149406433
4,task_5,56,20,0.08401528000831604,-0.2608916759490967
4,task_5,56,21,0.13157108426094055,-0.11260859668254852
4,task_5,56,22,0.17844465374946594,0.0757450982928276
4,task_5,56,23,0.2217494249343872,0.25440317392349243
4,task_5,56,24,0.2563374638557434,0.39204224944114685
4,task_5,56,25,0.291789710521698,0.5283997058868408
4,task_5,56,26,0.3362961709499359,0.6896288394927979
4,task_5,56,27,0.37011876702308655,0.8104010820388794
4,task_5,56,28,0.4022296667098999,0.9220963716506958
4,task_5,56,29,1.6205918788909912,4.810632705688477
4,task_5,57,0,0.21043427288532257,0.437278151512146
4,task_5,57,1,0.2180282175540924,0.48018696904182434
4,task_5,57,2,0.2218441367149353,0.503058135509491
4,task_5,57,3,0.2254708856344223,0.5132986307144165
4,task_5,57,4,0.22907230257987976,0.5250711441040039
4,task_5,57,5,0.23361507058143616,0.5463067889213562
4,task_5,57,6,0.23666119575500488,0.5545133948326111
4,task_5,57,7,0.2407948523759842,0.5676804184913635
4,task_5,57,8,0.2473568320274353,0.5849499106407166
4,task_5,57,9,0.25614434480667114,0.6102880835533142
4,task_5,57,10,0.2669391334056854,0.6279119253158569
4,task_5,57,11,0.28651875257492065,0.6717357635498047
4,task_5,57,12,0.31067079305648804,0.7426022291183472
4,task_5,57,13,0.3431442081928253,0.7872859239578247
4,task_5,57,14,0.37562650442123413,0.7879819273948669
4,task_5,57,15,0.420909583568573,0.7211523056030273
4,task_5,57,16,0.46483874320983887,0.6192176938056946
4,task_5,57,17,0.525337815284729,0.47437646985054016
4,task_5,57,18,0.5955651998519897,0.3975570499897003
4,task_5,57,19,0.6673863530158997,0.23298418521881104
4,task_5,57,20,0.7491148114204407,0.029018422588706017
4,task_5,57,21,0.8467381000518799,-0.13122501969337463
4,task_5,57,22,0.9526523947715759,-0.3387840986251831
4,task_5,57,23,1.0691866874694824,-0.593248724937439
4,task_5,57,24,1.1940679550170898,-0.8275583982467651
4,task_5,57,25,1.3378416299819946,-1.0998952388763428
4,task_5,57,26,1.471516489982605,-1.331468105316162
4,task_5,57,27,1.6572812795639038,-1.7264753580093384
4,task_5,57,28,1.8160147666931152,-2.119091510772705
4,task_5,57,29,2.3473517894744873,-3.246708393096924
4,task_5,58,0,0.0,0.9925575256347656
4,task_5,58,1,0.0,0.9925575256347656
4,task_5,58,2,0.0,0.9925575256347656
4,task_5,58,3,0.0,0.9925575256347656
4,task_5,58,4,0.0,0.9925575256347656
4,task_5,58,5,0.0,0.9925575256347656
4,task_5,58,6,0.0,0.9925575256347656
4,task_5,58,7,0.0,0.9925575256347656
4,task_5,58,8,0.0,0.9925575256347656
4,task_5,58,9,0.0,0.9925575256347656
4,task_5,58,10,0.03650287538766861,0.8576962351799011
4,task_5,58,11,0.09310130774974823,0.6867402195930481
4,task_5,58,12,0.14945408701896667,0.5413499474525452
4,task_5,58,13,0.2135481834411621,0.40645405650138855
4,task_5,58,14,0.28191274404525757,0.27455323934555054
4,task_5,58,15,0.3618395924568176,0.1288129985332489
4,task_5,58,16,0.4534977078437805,-0.015040823258459568
4,task_5,58,17,0.546981692314148,-0.13608798384666443
4,task_5,58,18,0.645861804485321,-0.256926953792572
4,task_5,58,19,0.7593907713890076,-0.3886956572532654
4,task_5,58,20,0.8800694942474365,-0.5144662261009216
4,task_5,58,21,1.0058231353759766,-0.6332929134368896
4,task_5,58,22,1.1624023914337158,-0.7730955481529236
4,task_5,58,23,1.3058280944824219,-0.8986316323280334
4,task_5,58,24,1.4755520820617676,-1.045356273651123
4,task_5,58,25,1.650120496749878,-1.1967881917953491
4,task_5,58,26,1.838754415512085,-1.377262830734253
4,task_5,58,27,2.0321450233459473,-1.5617501735687256
4,task_5,58,28,2.242379903793335,-1.7593120336532593
4,task_5,58,29,2.7754201889038086,-2.264474630355835
4,task_5,59,0,0.0,-0.6899682879447937
4,task_5,59,1,0.0,-0.6899682879447937
4,task_5,59,2,0.0,-0.6899682879447937
4,task_5,59,3,0.0,-0.6899682879447937
4,task_5,59,4,0.0,-0.6899682879447937
4,task_5,59,5,0.0,-0.6899682879447937
4,task_5,59,6,0.0,-0.6899682879447937
4,task_5,59,7,0.00995684415102005,-0.7098072171211243
4,task_5,59,8,0.05487295240163803,-0.8125707507133484
4,task_5,59,9,0.10146800428628922,-0.8954392671585083
4,task_5,59,10,0.16014090180397034,-0.940149188041687
4,task_5,59,11,0.21870937943458557,-0.9320539236068726
4,task_5,59,12,0.2759624421596527,-0.8739311099052429
4,task_5,59,13,0.3421073257923126,-0.7520049810409546
4,task_5,59,14,0.41891151666641235,-0.6113760471343994
4,task_5,59,15,0.5022360682487488,-0.4833342730998993
4,task_5,59,16,0.5761515498161316,-0.3667016923427582
4,task_5,59,17,0.6608743071556091,-0.2296873778104782
4,task_5,59,18,0.7574513554573059,-0.0843438059091568
4,task_5,59,19,0.8589048385620117,0.06911508738994598
4,task_5,59,20,0.9660122990608215,0.2514464259147644
4,task_5,59,21,1.0892598628997803,0.4557685852050781
4,task_5,59,22,1.220573902130127,0.6640633344650269
4,task_5,59,23,1.351115345954895,0.8728194236755371
4,task_5,59,24,1.4942152500152588,1.0955767631530762
4,task_5,59,25,1.64888596534729,1.3357164859771729
4,task_5,59,26,1.7970340251922607,1.5747802257537842
4,task_5,59,27,1.9767006635665894,1.8774408102035522
4,task_5,59,28,2.1517081260681152,2.162224292755127
4,task_5,59,29,2.3364226818084717,2.162224292755127
4,task_5,60,0,0.0,1.015321135520935
4,task_5,60,1,0.0,1.015321135520935
4,task_5,60,2,0.0,1.015321135520935
4,task_5,60,3,0.0,1.015321135520935
4,task_5,60,4,0.0,1.015321135520935
4,task_5,60,5,0.0,1.015321135520935
4,task_5,60,6,0.0,1.015321135520935
4,task_5,60,7,0.0,1.015321135520935
4,task_5,60,8,0.03045782446861267,0.5603261590003967
4,task_5,60,9,0.05880585312843323,0.41428351402282715
4,task_5,60,10,0.09185279905796051,0.2920050323009491
4,task_5,60,11,0.13710777461528778,0.29331734776496887
4,task_5,60,12,0.17217889428138733,0.18924856185913086
4,task_5,60,13,0.21535053849220276,0.12001673132181168
4,task_5,60,14,0.2713643014431,-0.1466832309961319
4,task_5,60,15,0.3147135078907013,-0.3641817569732666
4,task_5,60,16,0.36685577034950256,-0.5455763936042786
4,task_5,60,17,0.4271453022956848,-0.6021375060081482
4,task_5,60,18,0.48492342233657837,-0.7414889335632324
4,task_5,60,19,0.542636513710022,-1.1190348863601685
4,task_5,60,20,0.6110368967056274,-1.456162929534912
4,task_5,60,21,0.6808556318283081,-1.7208257913589478
4,task_5,60,22,0.7577762603759766,-1.7301217317581177
4,task_5,60,23,0.8285980224609375,-1.4759379625320435
4,task_5,60,24,0.9149987697601318,-1.2024638652801514
4,task_5,60,25,0.9966808557510376,-1.0820103883743286
4,task_5,60,26,1.077789068222046,-1.0375704765319824
4,task_5,60,27,1.1615451574325562,1.0774773359298706
4,task_5,60,28,1.2550333738327026,1.0774773359298706
4,task_5,60,29,1.3552073240280151,1.0774773359298706
4,task_5,61,0,0.030368708074092865,1.6681262254714966
4,task_5,61,1,0.04125308245420456,1.5610367059707642
4,task_5,61,2,0.05120982974767685,1.4587210416793823
4,task_5,61,3,0.06177247315645218,1.346118450164795
4,task_5,61,4,0.07222045958042145,1.2313086986541748
4,task_5,61,5,0.08076900243759155,1.1240248680114746
4,task_5,61,6,0.09204322099685669,0.9870667457580566
4,task_5,61,7,0.10851148515939713,0.7959339022636414
4,task_5,61,8,0.12733733654022217,0.5949123501777649
4,task_5,61,9,0.1503191590309143,0.4054996073246002
4,task_5,61,10,0.173577219247818,0.27196750044822693
4,task_5,61,11,0.2079266905784607,0.16217489540576935
4,task_5,61,12,0.24546104669570923,0.0971192792057991
4,task_5,61,13,0.27989625930786133,0.07424185425043106
4,task_5,61,14,0.3368756175041199,0.03639199957251549
4,task_5,61,15,0.38628730177879333,0.005958788562566042
4,task_5,61,16,0.45257437229156494,-0.04071967676281929
4,task_5,61,17,0.5209382772445679,-0.11874605715274811
4,task_5,61,18,0.595084547996521,-0.22245432436466217
4,task_5,61,19,0.6817463040351868,-0.3521568775177002
4,task_5,61,20,0.7751759886741638,-0.4697534441947937
4,task_5,61,21,0.8759152293205261,-0.5878995656967163
4,task_5,61,22,1.000126600265503,-0.7068967223167419
4,task_5,61,23,1.122422456741333,-0.8244004845619202
4,task_5,61,24,1.2585443258285522,-0.9509226679801941
4,task_5,61,25,1.4090209007263184,-1.1015691757202148
4,task_5,61,26,1.562470555305481,-1.2600408792495728
4,task_5,61,27,1.7238260507583618,-1.4363893270492554
4,task_5,61,28,1.9163581132888794,-1.6637955904006958
4,task_5,61,29,2.2867915630340576,-2.084848642349243
4,task_5,62,0,0.0,-0.2706143260002136
4,task_5,62,1,0.0,-0.2706143260002136
4,task_5,62,2,0.0,-0.2706143260002136
4,task_5,62,3,0.0,-0.2706143260002136
4,task_5,62,4,0.0,-0.2706143260002136
4,task_5,62,5,0.0,-0.2706143260002136
4,task_5,62,6,0.0,-0.2706143260002136
4,task_5,62,7,0.0,-0.2706143260002136
4,task_5,62,8,0.0,-0.2706143260002136
4,task_5,62,9,0.0,-0.2706143260002136
4,task_5,62,10,0.0,-0.2706143260002136
4,task_5,62,11,0.0,-0.2706143260002136
4,task_5,62,12,0.0,-0.2706143260002136
4,task_5,62,13,0.0,-0.2706143260002136
4,task_5,62,14,0.0,-0.2706143260002136
4,task_5,62,15,0.0,-0.2706143260002136
4,task_5,62,16,0.0,-0.2706143260002136
4,task_5,62,17,0.0,-0.2706143260002136
4,task_5,62,18,0.0,-0.2706143260002136
4,task_5,62,19,0.0,-0.2706143260002136
4,task_5,62,20,0.0,-0.2706143260002136
4,task_5,62,21,0.0,-0.2706143260002136
4,task_5,62,22,0.0,-0.2706143260002136
4,task_5,62,23,0.0,-0.2706143260002136
4,task_5,62,24,0.02661699429154396,-0.08734230697154999
4,task_5,62,25,0.05443134903907776,0.09877856820821762
4,task_5,62,26,0.0791921466588974,0.2640940248966217
4,task_5,62,27,0.10647797584533691,0.4447901248931885
4,task_5,62,28,0.13287678360939026,0.619449257850647
4,task_5,62,29,0.8590381145477295,5.154972553253174
4,task_5,63,0,0.0,-0.3135311007499695
4,task_5,63,1,0.0,-0.3135311007499695
4,task_5,63,2,0.0,-0.3135311007499695
4,task_5,63,3,0.0,-0.3135311007499695
4,task_5,63,4,0.0,-0.3135311007499695
4,task_5,63,5,0.0,-0.3135311007499695
4,task_5,63,6,0.0,-0.3135311007499695
4,task_5,63,7,0.0,-0.3135311007499695
4,task_5,63,8,0.0,-0.3135311007499695
4,task_5,63,9,0.0,-0.3135311007499695
4,task_5,63,10,0.0,-0.3135311007499695
4,task_5,63,11,0.0,-0.3135311007499695
4,task_5,63,12,0.0,-0.3135311007499695
4,task_5,63,13,0.0,-0.3135311007499695
4,task_5,63,14,0.0,-0.3135311007499695
4,task_5,63,15,0.0,-0.3135311007499695
4,task_5,63,16,0.0,-0.3135311007499695
4,task_5,63,17,0.0,-0.3135311007499695
4,task_5,63,18,0.0,-0.3135311007499695
4,task_5,63,19,0.0,-0.3135311007499695
4,task_5,63,20,0.0,-0.3135311007499695
4,task_5,63,21,0.0,-0.3135311007499695
4,task_5,63,22,0.0,-0.3135311007499695
4,task_5,63,23,0.013239922001957893,-0.23899880051612854
4,task_5,63,24,0.05807022750377655,0.0008283103234134614
4,task_5,63,25,0.10333667695522308,0.2292362004518509
4,task_5,63,26,0.16214625537395477,0.5218392014503479
4,task_5,63,27,0.20639339089393616,0.74113929271698
4,task_5,63,28,0.25325527787208557,0.9706198573112488
4,task_5,63,29,1.1083488464355469,4.986550807952881
4,task_5,64,0,0.17314815521240234,-3.2898380756378174
4,task_5,64,1,0.19705265760421753,-2.3349478244781494
4,task_5,64,2,0.21504774689674377,-1.7322419881820679
4,task_5,64,3,0.22527949512004852,-1.3756176233291626
4,task_5,64,4,0.2360120713710785,-1.01510488986969
4,task_5,64,5,0.24588975310325623,-0.6697372794151306
4,task_5,64,6,0.25444355607032776,-0.44238314032554626
4,task_5,64,7,0.2637636661529541,-0.17178599536418915
4,task_5,64,8,0.2705692946910858,0.002744821598753333
4,task_5,64,9,0.2815743684768677,0.18864016234874725
4,task_5,64,10,0.28955787420272827,0.33558565378189087
4,task_5,64,11,0.2962525486946106,0.4217957556247711
4,task_5,64,12,0.30375730991363525,0.5200290083885193
4,task_5,64,13,0.31006067991256714,0.5988167524337769
4,task_5,64,14,0.3184530735015869,0.6649952530860901
4,task_5,64,15,0.3239271640777588,0.6729710102081299
4,task_5,64,16,0.3309442102909088,0.6741242408752441
4,task_5,64,17,0.33680540323257446,0.668503999710083
4,task_5,64,18,0.34063851833343506,0.6630160212516785
4,task_5,64,19,0.3444092273712158,0.6387631297111511
4,task_5,64,20,0.34852755069732666,0.6023908257484436
4,task_5,64,21,0.3523801267147064,0.5862075090408325
4,task_5,64,22,0.35568249225616455,0.5658119320869446
4,task_5,64,23,0.35867422819137573,0.5351839065551758
4,task_5,64,24,0.36070650815963745,0.5076034665107727
4,task_5,64,25,0.364257276058197,0.4785318374633789
4,task_5,64,26,0.36890164017677307,0.44421300292015076
4,task_5,64,27,0.37295106053352356,0.44530996680259705
4,task_5,64,28,0.3793688714504242,0.40819650888442993
4,task_5,64,29,0.40002819895744324,0.40819650888442993
4,task_5,65,0,0.0,-0.31050819158554077
4,task_5,65,1,0.0,-0.31050819158554077
4,task_5,65,2,0.0,-0.31050819158554077
4,task_5,65,3,0.0,-0.31050819158554077
4,task_5,65,4,0.0,-0.31050819158554077
4,task_5,65,5,0.0,-0.31050819158554077
4,task_5,65,6,0.0,-0.31050819158554077
4,task_5,65,7,0.0,-0.31050819158554077
4,task_5,65,8,0.0,-0.31050819158554077
4,task_5,65,9,0.0,-0.31050819158554077
4,task_5,65,10,0.0,-0.31050819158554077
4,task_5,65,11,0.0,-0.31050819158554077
4,task_5,65,12,0.0,-0.31050819158554077
4,task_5,65,13,0.0,-0.31050819158554077
4,task_5,65,14,0.0,-0.31050819158554077
4,task_5,65,15,0.0,-0.31050819158554077
4,task_5,65,16,0.0,-0.31050819158554077
4,task_5,65,17,0.0,-0.31050819158554077
4,task_5,65,18,0.0,-0.31050819158554077
4,task_5,65,19,0.0,-0.31050819158554077
4,task_5,65,20,0.0,-0.31050819158554077
4,task_5,65,21,0.0,-0.31050819158554077
4,task_5,65,22,0.0,-0.31050819158554077
4,task_5,65,23,0.006571128964424133,-0.17575085163116455
4,task_5,65,24,0.014134839177131653,-0.010260134004056454
4,task_5,65,25,0.023139744997024536,0.2086385190486908
4,task_5,65,26,0.03219833970069885,0.4598473906517029
4,task_5,65,27,0.039474084973335266,0.6669657826423645
4,task_5,65,28,0.050308018922805786,0.9838986992835999
4,task_5,65,29,0.205171138048172,5.008349418640137
4,task_5,66,0,0.0,0.0
4,task_5,66,1,0.00022549182176589966,0.0
4,task_5,66,2,0.0013569369912147522,0.0
4,task_5,66,3,0.001414567232131958,0.0
4,task_5,66,4,0.0014705657958984375,0.0
4,task_5,66,5,0.001749664545059204,0.0
4,task_5,66,6,0.0026099756360054016,0.0
4,task_5,66,7,0.0032744912896305323,0.0
4,task_5,66,8,0.0032744912896305323,0.0
4,task_5,66,9,0.0032744912896305323,0.0
4,task_5,66,10,0.0032744912896305323,0.0
4,task_5,66,11,0.0032744912896305323,0.0
4,task_5,66,12,0.0032744912896305323,0.0
4,task_5,66,13,0.0032744912896305323,0.0
4,task_5,66,14,0.0032744912896305323,0.0
4,task_5,66,15,0.0032744912896305323,0.0
4,task_5,66,16,0.0032744912896305323,0.0
4,task_5,66,17,0.0032744912896305323,0.0
4,task_5,66,18,0.0032744912896305323,0.0
4,task_5,66,19,0.0032744912896305323,0.0
4,task_5,66,20,0.0032744912896305323,0.0
4,task_5,66,21,0.0032744912896305323,0.0
4,task_5,66,22,0.0032744912896305323,0.0
4,task_5,66,23,0.0032744912896305323,0.0
4,task_5,66,24,0.0032744912896305323,0.0
4,task_5,66,25,0.0032744912896305323,0.0
4,task_5,66,26,0.0032744912896305323,0.0
4,task_5,66,27,0.0032744912896305323,0.0
4,task_5,66,28,0.0032744912896305323,0.0
4,task_5,66,29,0.0032744912896305323,0.0
4,task_5,67,0,0.0,1.3317906856536865
4,task_5,67,1,0.0,1.3317906856536865
4,task_5,67,2,0.0,1.3317906856536865
4,task_5,67,3,0.024758771061897278,1.2872933149337769
4,task_5,67,4,0.09613966941833496,1.1371586322784424
4,task_5,67,5,0.1598815768957138,0.9978550672531128
4,task_5,67,6,0.24363988637924194,0.8572490215301514
4,task_5,67,7,0.3061278462409973,0.7614783644676208
4,task_5,67,8,0.3968888819217682,0.6469125151634216
4,task_5,67,9,0.47514623403549194,0.5987809300422668
4,task_5,67,10,0.5595417022705078,0.547893762588501
4,task_5,67,11,0.640349805355072,0.4736858606338501
4,task_5,67,12,0.7465488910675049,0.3799177408218384
4,task_5,67,13,0.8394683599472046,0.29919761419296265
4,task_5,67,14,0.9363187551498413,0.21576742827892303
4,task_5,67,15,1.0517818927764893,0.10922159254550934
4,task_5,67,16,1.1761252880096436,0.00411386089399457
4,task_5,67,17,1.3012926578521729,-0.09030897170305252
4,task_5,67,18,1.4284964799880981,-0.19439323246479034
4,task_5,67,19,1.5750362873077393,-0.3237870931625366
4,task_5,67,20,1.7313652038574219,-0.45243313908576965
4,task_5,67,21,1.871805191040039,-0.5716739296913147
4,task_5,67,22,2.0533037185668945,-0.7231251001358032
4,task_5,67,23,2.222792863845825,-0.8662175536155701
4,task_5,67,24,2.4075570106506348,-1.0222821235656738
4,task_5,67,25,2.60573673248291,-1.184175729751587
4,task_5,67,26,2.818432331085205,-1.352858543395996
4,task_5,67,27,3.0147619247436523,-1.4983011484146118
4,task_5,67,28,3.2599639892578125,-1.6871742010116577
4,task_5,67,29,4.16213321685791,-2.3451645374298096
4,task_5,68,0,0.0,1.0419533252716064
4,task_5,68,1,0.0,1.0419533252716064
4,task_5,68,2,0.0,1.0419533252716064
4,task_5,68,3,0.0,1.0419533252716064
4,task_5,68,4,0.0,1.0419533252716064
4,task_5,68,5,0.0,1.0419533252716064
4,task_5,68,6,0.0,1.0419533252716064
4,task_5,68,7,0.0,1.0419533252716064
4,task_5,68,8,0.0,1.0419533252716064
4,task_5,68,9,0.08411641418933868,0.8009158968925476
4,task_5,68,10,0.18764713406562805,0.6160325407981873
4,task_5,68,11,0.2875254452228546,0.5377463102340698
4,task_5,68,12,0.4008178114891052,0.41186681389808655
4,task_5,68,13,0.5288639664649963,0.28815653920173645
4,task_5,68,14,0.6489891409873962,0.1714552640914917
4,task_5,68,15,0.7950748205184937,0.08719434589147568
4,task_5,68,16,0.9507124423980713,0.02646167203783989
4,task_5,68,17,1.1004211902618408,-0.057116057723760605
4,task_5,68,18,1.2736773490905762,-0.16634666919708252
4,task_5,68,19,1.4683245420455933,-0.28269094228744507
4,task_5,68,20,1.6611597537994385,-0.39290472865104675
4,task_5,68,21,1.8537321090698242,-0.5028651356697083
4,task_5,68,22,2.0885820388793945,-0.6574206352233887
4,task_5,68,23,2.311129331588745,-0.7994018197059631
4,task_5,68,24,2.5573618412017822,-0.9704569578170776
4,task_5,68,25,2.8165833950042725,-1.202675700187683
4,task_5,68,26,3.092446804046631,-1.4441896677017212
4,task_5,68,27,3.3659603595733643,-1.6613057851791382
4,task_5,68,28,3.6705100536346436,-1.9042998552322388
4,task_5,68,29,4.08905553817749,-2.275733470916748
4,task_5,69,0,0.0,-0.49353447556495667
4,task_5,69,1,0.0,-0.49353447556495667
4,task_5,69,2,0.0,-0.49353447556495667
4,task_5,69,3,0.0,-0.49353447556495667
4,task_5,69,4,0.0,-0.49353447556495667
4,task_5,69,5,0.0,-0.49353447556495667
4,task_5,69,6,0.0,-0.49353447556495667
4,task_5,69,7,0.0,-0.49353447556495667
4,task_5,69,8,0.0,-0.49353447556495667
4,task_5,69,9,0.0,-0.49353447556495667
4,task_5,69,10,0.0,-0.49353447556495667
4,task_5,69,11,0.0,-0.49353447556495667
4,task_5,69,12,0.0,-0.49353447556495667
4,task_5,69,13,0.0,-0.49353447556495667
4,task_5,69,14,0.0,-0.49353447556495667
4,task_5,69,15,0.0,-0.49353447556495667
4,task_5,69,16,0.0,-0.49353447556495667
4,task_5,69,17,0.040816258639097214,-0.43828660249710083
4,task_5,69,18,0.0848051905632019,-0.36135172843933105
4,task_5,69,19,0.13207873702049255,-0.24926480650901794
4,task_5,69,20,0.1762171983718872,-0.0986667051911354
4,task_5,69,21,0.22474589943885803,0.11841253191232681
4,task_5,69,22,0.24750885367393494,0.2282675951719284
4,task_5,69,23,0.28631991147994995,0.4277206361293793
4,task_5,69,24,0.31648820638656616,0.5824356079101562
4,task_5,69,25,0.34440332651138306,0.72194904088974
4,task_5,69,26,0.37348318099975586,0.8622865080833435
4,task_5,69,27,0.39767831563949585,0.976711094379425
4,task_5,69,28,0.4227578639984131,1.0973116159439087
4,task_5,69,29,1.1844205856323242,4.522561073303223
4,task_5,70,0,0.0,-0.6591777205467224
4,task_5,70,1,0.0,-0.6591777205467224
4,task_5,70,2,0.0,-0.6591777205467224
4,task_5,70,3,0.0,-0.6591777205467224
4,task_5,70,4,0.0,-0.6591777205467224
4,task_5,70,5,0.0,-0.6591777205467224
4,task_5,70,6,0.0,-0.6591777205467224
4,task_5,70,7,0.0,-0.6591777205467224
4,task_5,70,8,0.01637888513505459,-0.7062844038009644
4,task_5,70,9,0.06814922392368317,-0.8324859738349915
4,task_5,70,10,0.13531701266765594,-0.884450376033783
4,task_5,70,11,0.197213813662529,-0.8542883396148682
4,task_5,70,12,0.26289063692092896,-0.8088312149047852
4,task_5,70,13,0.3493116796016693,-0.7267410755157471
4,task_5,70,14,0.42489293217658997,-0.653325617313385
4,task_5,70,15,0.5181717276573181,-0.558687150478363
4,task_5,70,16,0.6066417694091797,-0.45994269847869873
4,task_5,70,17,0.7114940285682678,-0.32551127672195435
4,task_5,70,18,0.823826014995575,-0.17885920405387878
4,task_5,70,19,0.94163978099823,-0.035886090248823166
4,task_5,70,20,1.072545051574707,0.14390632510185242
4,task_5,70,21,1.211798071861267,0.3476344048976898
4,task_5,70,22,1.3669977188110352,0.5732713341712952
4,task_5,70,23,1.5083460807800293,0.7826464176177979
4,task_5,70,24,1.6847845315933228,1.04866361618042
4,task_5,70,25,1.8645288944244385,1.3245069980621338
4,task_5,70,26,2.044013261795044,1.6046266555786133
4,task_5,70,27,2.2534101009368896,1.9453682899475098
4,task_5,70,28,2.454911708831787,2.264045000076294
4,task_5,70,29,2.666548728942871,2.264045000076294
4,task_5,71,0,0.0,-0.18940474092960358
4,task_5,71,1,0.0,-0.18940474092960358
4,task_5,71,2,0.0,-0.18940474092960358
4,task_5,71,3,0.0,-0.18940474092960358
4,task_5,71,4,0.0,-0.18940474092960358
4,task_5,71,5,0.0,-0.18940474092960358
4,task_5,71,6,0.0,-0.18940474092960358
4,task_5,71,7,0.0,-0.18940474092960358
4,task_5,71,8,0.0,-0.18940474092960358
4,task_5,71,9,0.0,-0.18940474092960358
4,task_5,71,10,0.0,-0.18940474092960358
4,task_5,71,11,0.0,-0.18940474092960358
4,task_5,71,12,0.0,-0.18940474092960358
4,task_5,71,13,0.0,-0.18940474092960358
4,task_5,71,14,0.0,-0.18940474092960358
4,task_5,71,15,0.0,-0.18940474092960358
4,task_5,71,16,0.0,-0.18940474092960358
4,task_5,71,17,0.0,-0.18940474092960358
4,task_5,71,18,0.0,-0.18940474092960358
4,task_5,71,19,0.0,-0.18940474092960358
4,task_5,71,20,0.0,-0.18940474092960358
4,task_5,71,21,0.0,-0.18940474092960358
4,task_5,71,22,0.0,-0.18940474092960358
4,task_5,71,23,0.0,-0.18940474092960358
4,task_5,71,24,0.0,-0.18940474092960358
4,task_5,71,25,0.0,-0.18940474092960358
4,task_5,71,26,0.0,-0.18940474092960358
4,task_5,71,27,0.0,-0.18940474092960358
4,task_5,71,28,0.07105349749326706,0.012267312034964561
4,task_5,71,29,2.0654611587524414,5.291064739227295
4,task_5,72,0,0.0,-0.32826292514801025
4,task_5,72,1,0.0,-0.32826292514801025
4,task_5,72,2,0.0,-0.32826292514801025
4,task_5,72,3,0.0,-0.32826292514801025
4,task_5,72,4,0.0,-0.32826292514801025
4,task_5,72,5,0.0,-0.32826292514801025
4,task_5,72,6,0.0,-0.32826292514801025
4,task_5,72,7,0.0,-0.32826292514801025
4,task_5,72,8,0.0,-0.32826292514801025
4,task_5,72,9,0.0,-0.32826292514801025
4,task_5,72,10,0.0,-0.32826292514801025
4,task_5,72,11,0.0,-0.32826292514801025
4,task_5,72,12,0.0,-0.32826292514801025
4,task_5,72,13,0.0,-0.32826292514801025
4,task_5,72,14,0.0,-0.32826292514801025
4,task_5,72,15,0.0,-0.32826292514801025
4,task_5,72,16,0.0,-0.32826292514801025
4,task_5,72,17,0.0,-0.32826292514801025
4,task_5,72,18,0.0,-0.32826292514801025
4,task_5,72,19,0.0,-0.32826292514801025
4,task_5,72,20,0.0,-0.32826292514801025
4,task_5,72,21,0.0,-0.32826292514801025
4,task_5,72,22,0.0,-0.32826292514801025
4,task_5,72,23,0.07175321877002716,-0.1315855234861374
4,task_5,72,24,0.1614384651184082,0.1268390417098999
4,task_5,72,25,0.23536010086536407,0.3320372700691223
4,task_5,72,26,0.31456536054611206,0.5511214137077332
4,task_5,72,27,0.3966946005821228,0.7574928402900696
4,task_5,72,28,0.47720813751220703,0.955585777759552
4,task_5,72,29,2.2235732078552246,4.958555698394775
4,task_5,73,0,0.0,-0.48002398014068604
4,task_5,73,1,0.0,-0.48002398014068604
4,task_5,73,2,0.0,-0.48002398014068604
4,task_5,73,3,0.0,-0.48002398014068604
4,task_5,73,4,0.0,-0.48002398014068604
4,task_5,73,5,0.0,-0.48002398014068604
4,task_5,73,6,0.0,-0.48002398014068604
4,task_5,73,7,0.0,-0.48002398014068604
4,task_5,73,8,0.0,-0.48002398014068604
4,task_5,73,9,0.0,-0.48002398014068604
4,task_5,73,10,0.0,-0.48002398014068604
4,task_5,73,11,0.0,-0.48002398014068604
4,task_5,73,12,0.0,-0.48002398014068604
4,task_5,73,13,0.0,-0.48002398014068604
4,task_5,73,14,0.0,-0.48002398014068604
4,task_5,73,15,0.0,-0.48002398014068604
4,task_5,73,16,0.0,-0.48002398014068604
4,task_5,73,17,0.016681134700775146,-0.47540655732154846
4,task_5,73,18,0.15098467469215393,-0.4288698136806488
4,task_5,73,19,0.2846815884113312,-0.34935033321380615
4,task_5,73,20,0.41927921772003174,-0.20707541704177856
4,task_5,73,21,0.5424724817276001,-0.014495328068733215
4,task_5,73,22,0.6436492800712585,0.17400401830673218
4,task_5,73,23,0.7572484016418457,0.39350345730781555
4,task_5,73,24,0.8560143709182739,0.5914051532745361
4,task_5,73,25,0.9423302412033081,0.7564826011657715
4,task_5,73,26,1.03755521774292,0.9338376522064209
4,task_5,73,27,1.133864402770996,1.104892611503601
4,task_5,73,28,1.2070833444595337,1.2332344055175781
4,task_5,73,29,3.1094210147857666,4.448244571685791
4,task_5,74,0,0.0,-0.19293180108070374
4,task_5,74,1,0.0,-0.19293180108070374
4,task_5,74,2,0.0,-0.19293180108070374
4,task_5,74,3,0.0,-0.19293180108070374
4,task_5,74,4,0.0,-0.19293180108070374
4,task_5,74,5,0.0,-0.19293180108070374
4,task_5,74,6,0.0,-0.19293180108070374
4,task_5,74,7,0.0,-0.19293180108070374
4,task_5,74,8,0.0,-0.19293180108070374
4,task_5,74,9,0.0,-0.19293180108070374
4,task_5,74,10,0.0,-0.19293180108070374
4,task_5,74,11,0.0,-0.19293180108070374
4,task_5,74,12,0.0,-0.19293180108070374
4,task_5,74,13,0.0,-0.19293180108070374
4,task_5,74,14,0.0,-0.19293180108070374
4,task_5,74,15,0.0,-0.19293180108070374
4,task_5,74,16,0.0,-0.19293180108070374
4,task_5,74,17,0.0,-0.19293180108070374
4,task_5,74,18,0.0,-0.19293180108070374
4,task_5,74,19,0.0,-0.19293180108070374
4,task_5,74,20,0.0,-0.19293180108070374
4,task_5,74,21,0.0,-0.19293180108070374
4,task_5,74,22,0.0,-0.19293180108070374
4,task_5,74,23,0.0,-0.19293180108070374
4,task_5,74,24,0.0,-0.19293180108070374
4,task_5,74,25,0.0,-0.19293180108070374
4,task_5,74,26,0.0,-0.19293180108070374
4,task_5,74,27,0.004485040903091431,-0.17544931173324585
4,task_5,74,28,0.06963306665420532,0.09738471359014511
4,task_5,74,29,1.3992042541503906,5.287222862243652
4,task_5,75,0,0.0,-0.20485854148864746
4,task_5,75,1,0.0,-0.20485854148864746
4,task_5,75,2,0.0,-0.20485854148864746
4,task_5,75,3,0.0,-0.20485854148864746
4,task_5,75,4,0.0,-0.20485854148864746
4,task_5,75,5,0.0,-0.20485854148864746
4,task_5,75,6,0.0,-0.20485854148864746
4,task_5,75,7,0.0,-0.20485854148864746
4,task_5,75,8,0.0,-0.20485854148864746
4,task_5,75,9,0.0,-0.20485854148864746
4,task_5,75,10,0.0,-0.20485854148864746
4,task_5,75,11,0.0,-0.20485854148864746
4,task_5,75,12,0.0,-0.20485854148864746
4,task_5,75,13,0.0,-0.20485854148864746
4,task_5,75,14,0.0,-0.20485854148864746
4,task_5,75,15,0.0,-0.20485854148864746
4,task_5,75,16,0.0,-0.20485854148864746
4,task_5,75,17,0.0,-0.20485854148864746
4,task_5,75,18,0.0,-0.20485854148864746
4,task_5,75,19,0.0,-0.20485854148864746
4,task_5,75,20,0.0,-0.20485854148864746
4,task_5,75,21,0.0,-0.20485854148864746
4,task_5,75,22,0.0,-0.20485854148864746
4,task_5,75,23,0.0,-0.20485854148864746
4,task_5,75,24,0.0,-0.20485854148864746
4,task_5,75,25,0.0,-0.20485854148864746
4,task_5,75,26,0.0,-0.20485854148864746
4,task_5,75,27,0.044579386711120605,-0.0032861276995390654
4,task_5,75,28,0.10452982783317566,0.2620673179626465
4,task_5,75,29,1.3134106397628784,5.272399425506592
4,task_5,76,0,0.26990392804145813,-232.8306427001953
4,task_5,76,1,0.26990392804145813,-232.8306427001953
4,task_5,76,2,0.26990392804145813,-232.8306427001953
4,task_5,76,3,0.26990392804145813,-232.8306427001953
4,task_5,76,4,0.26990392804145813,-232.8306427001953
4,task_5,76,5,0.26990392804145813,-232.8306427001953
4,task_5,76,6,0.26990392804145813,-232.8306427001953
4,task_5,76,7,0.26990392804145813,-232.8306427001953
4,task_5,76,8,0.26990392804145813,-232.8306427001953
4,task_5,76,9,0.26990392804145813,-232.8306427001953
4,task_5,76,10,0.26990392804145813,-232.8306427001953
4,task_5,76,11,0.26990392804145813,-232.8306427001953
4,task_5,76,12,0.26990392804145813,-232.8306427001953
4,task_5,76,13,0.26990392804145813,-232.8306427001953
4,task_5,76,14,0.26990392804145813,-232.8306427001953
4,task_5,76,15,0.26990392804145813,-232.8306427001953
4,task_5,76,16,0.26990392804145813,-232.8306427001953
4,task_5,76,17,0.26990392804145813,-232.8306427001953
4,task_5,76,18,0.26990392804145813,-232.8306427001953
4,task_5,76,19,0.26990392804145813,-232.8306427001953
4,task_5,76,20,0.26990392804145813,-232.8306427001953
4,task_5,76,21,0.26990392804145813,-232.8306427001953
4,task_5,76,22,0.26990392804145813,-232.8306427001953
4,task_5,76,23,0.26990392804145813,-232.8306427001953
4,task_5,76,24,0.26990392804145813,-232.8306427001953
4,task_5,76,25,0.26990392804145813,-232.8306427001953
4,task_5,76,26,0.26990392804145813,-232.8306427001953
4,task_5,76,27,0.26990392804145813,-232.8306427001953
4,task_5,76,28,0.26990392804145813,-232.8306427001953
4,task_5,76,29,0.26990392804145813,-232.8306427001953
4,task_5,77,0,0.0,2.12829327583313
4,task_5,77,1,0.0,2.12829327583313
4,task_5,77,2,0.0,2.12829327583313
4,task_5,77,3,0.0,2.12829327583313
4,task_5,77,4,0.04502871260046959,1.59229576587677
4,task_5,77,5,0.09192055463790894,1.0435327291488647
4,task_5,77,6,0.1284409612417221,0.6274071931838989
4,task_5,77,7,0.184378519654274,0.06493963301181793
4,task_5,77,8,0.23237846791744232,-0.36221930384635925
4,task_5,77,9,0.28072527050971985,-0.6398447155952454
4,task_5,77,10,0.332618772983551,-0.79486483335495
4,task_5,77,11,0.38817742466926575,-0.8388074040412903
4,task_5,77,12,0.44172802567481995,-0.809018075466156
4,task_5,77,13,0.496442049741745,-0.7525953650474548
4,task_5,77,14,0.5635915994644165,-0.6830554008483887
4,task_5,77,15,0.625732958316803,-0.6085739731788635
4,task_5,77,16,0.6842920184135437,-0.5463408827781677
4,task_5,77,17,0.7521501779556274,-0.49118903279304504
4,task_5,77,18,0.8176793456077576,-0.45434531569480896
4,task_5,77,19,0.8896955847740173,-0.44068554043769836
4,task_5,77,20,0.9557275772094727,-0.42919921875
4,task_5,77,21,1.0487627983093262,-0.41479116678237915
4,task_5,77,22,1.13495934009552,-0.4097282588481903
4,task_5,77,23,1.2190732955932617,-0.40338125824928284
4,task_5,77,24,1.3104088306427002,-0.3858661353588104
4,task_5,77,25,1.399782419204712,-0.40324726700782776
4,task_5,77,26,1.4890650510787964,-0.43140244483947754
4,task_5,77,27,1.5994783639907837,-0.442117840051651
4,task_5,77,28,1.7021390199661255,-0.5500346422195435
4,task_5,77,29,1.8220264911651611,-0.5500346422195435
4,task_5,78,0,0.0,1.1392152309417725
4,task_5,78,1,0.0,1.1392152309417725
4,task_5,78,2,0.0,1.1392152309417725
4,task_5,78,3,0.0,1.1392152309417725
4,task_5,78,4,0.0,1.1392152309417725
4,task_5,78,5,0.0,1.1392152309417725
4,task_5,78,6,0.0,1.1392152309417725
4,task_5,78,7,0.0,1.1392152309417725
4,task_5,78,8,0.03626333177089691,1.0389059782028198
4,task_5,78,9,0.11145643889904022,0.8340518474578857
4,task_5,78,10,0.18995575606822968,0.6535212993621826
4,task_5,78,11,0.2786697447299957,0.4957086443901062
4,task_5,78,12,0.35646504163742065,0.3790720999240875
4,task_5,78,13,0.4475388824939728,0.24231550097465515
4,task_5,78,14,0.5438218712806702,0.10880856961011887
4,task_5,78,15,0.6445908546447754,-0.030728911980986595
4,task_5,78,16,0.7183454036712646,-0.11975724995136261
4,task_5,78,17,0.8305702209472656,-0.23825068771839142
4,task_5,78,18,0.9305516481399536,-0.340015172958374
4,task_5,78,19,1.033416509628296,-0.4434841275215149
4,task_5,78,20,1.1409435272216797,-0.5566836595535278
4,task_5,78,21,1.2751432657241821,-0.7019616365432739
4,task_5,78,22,1.3872390985488892,-0.8148877620697021
4,task_5,78,23,1.5051482915878296,-0.9414846301078796
4,task_5,78,24,1.6310224533081055,-1.0599614381790161
4,task_5,78,25,1.75044584274292,-1.1833070516586304
4,task_5,78,26,1.8668272495269775,-1.307999610900879
4,task_5,78,27,2.010432720184326,-1.4512523412704468
4,task_5,78,28,2.1435065269470215,-1.5936040878295898
4,task_5,78,29,2.6596627235412598,-2.0827255249023438
4,task_5,79,0,0.0,-0.18257419764995575
4,task_5,79,1,0.0,-0.18257419764995575
4,task_5,79,2,0.0,-0.18257419764995575
4,task_5,79,3,0.0,-0.18257419764995575
4,task_5,79,4,0.0,-0.18257419764995575
4,task_5,79,5,0.0,-0.18257419764995575
4,task_5,79,6,0.0,-0.18257419764995575
4,task_5,79,7,0.0,-0.18257419764995575
4,task_5,79,8,0.0,-0.18257419764995575
4,task_5,79,9,0.0,-0.18257419764995575
4,task_5,79,10,0.0,-0.18257419764995575
4,task_5,79,11,0.0,-0.18257419764995575
4,task_5,79,12,0.0,-0.18257419764995575
4,task_5,79,13,0.0,-0.18257419764995575
4,task_5,79,14,0.0,-0.18257419764995575
4,task_5,79,15,0.0,-0.18257419764995575
4,task_5,79,16,0.0,-0.18257419764995575
4,task_5,79,17,0.0,-0.18257419764995575
4,task_5,79,18,0.0,-0.18257419764995575
4,task_5,79,19,0.0,-0.18257419764995575
4,task_5,79,20,0.0,-0.18257419764995575
4,task_5,79,21,0.0,-0.18257419764995575
4,task_5,79,22,0.0,-0.18257419764995575
4,task_5,79,23,0.0,-0.18257419764995575
4,task_5,79,24,0.0,-0.18257419764995575
4,task_5,79,25,0.0,-0.18257419764995575
4,task_5,79,26,0.0,-0.18257419764995575
4,task_5,79,27,0.0,-0.18257419764995575
4,task_5,79,28,0.0,-0.18257419764995575
4,task_5,79,29,1.6545199155807495,5.294651031494141
4,task_5,80,0,0.0,1.6101709604263306
4,task_5,80,1,0.0,1.6101709604263306
4,task_5,80,2,0.0,1.6101709604263306
4,task_5,80,3,0.0,1.6101709604263306
4,task_5,80,4,0.0069197118282318115,1.5643514394760132
4,task_5,80,5,0.05780036747455597,1.1507667303085327
4,task_5,80,6,0.09914478659629822,0.8128452301025391
4,task_5,80,7,0.15933860838413239,0.3648684620857239
4,task_5,80,8,0.21316471695899963,0.17773310840129852
4,task_5,80,9,0.2669488787651062,0.14838336408138275
4,task_5,80,10,0.3314434587955475,0.15788298845291138
4,task_5,80,11,0.38983213901519775,0.18850740790367126
4,task_5,80,12,0.45820486545562744,0.18598459661006927
4,task_5,80,13,0.5327699184417725,0.14180980622768402
4,task_5,80,14,0.6083836555480957,0.05410827696323395
4,task_5,80,15,0.6900496482849121,-0.046479664742946625
4,task_5,80,16,0.7652260065078735,-0.10804233700037003
4,task_5,80,17,0.8583196997642517,-0.16946904361248016
4,task_5,80,18,0.9500736594200134,-0.2260783314704895
4,task_5,80,19,1.0454540252685547,-0.2898123562335968
4,task_5,80,20,1.1485493183135986,-0.37320977449417114
4,task_5,80,21,1.2661263942718506,-0.4764314293861389
4,task_5,80,22,1.3753591775894165,-0.5724214315414429
4,task_5,80,23,1.495605707168579,-0.709489107131958
4,task_5,80,24,1.627960205078125,-0.8847714066505432
4,task_5,80,25,1.7598804235458374,-1.0797852277755737
4,task_5,80,26,1.8948167562484741,-1.2982773780822754
4,task_5,80,27,2.053290605545044,-1.5770318508148193
4,task_5,80,28,2.2014193534851074,-1.788311243057251
4,task_5,80,29,2.3533644676208496,-1.788311243057251
4,task_5,81,0,0.0,-0.028421709313988686
4,task_5,81,1,0.0,-0.028421709313988686
4,task_5,81,2,0.0,-0.028421709313988686
4,task_5,81,3,0.0,-0.028421709313988686
4,task_5,81,4,0.0,-0.028421709313988686
4,task_5,81,5,0.0,-0.028421709313988686
4,task_5,81,6,0.0,-0.028421709313988686
4,task_5,81,7,0.0,-0.028421709313988686
4,task_5,81,8,0.0,-0.028421709313988686
4,task_5,81,9,0.0,-0.028421709313988686
4,task_5,81,10,0.0,-0.028421709313988686
4,task_5,81,11,0.0,-0.028421709313988686
4,task_5,81,12,0.0,-0.028421709313988686
4,task_5,81,13,0.0,-0.028421709313988686
4,task_5,81,14,0.0,-0.028421709313988686
4,task_5,81,15,0.0,-0.028421709313988686
4,task_5,81,16,0.0,-0.028421709313988686
4,task_5,81,17,0.0,-0.028421709313988686
4,task_5,81,18,0.0056854188442230225,-0.028421709313988686
4,task_5,81,19,0.014485448598861694,-0.028421709313988686
4,task_5,81,20,0.023307830095291138,-0.028421709313988686
4,task_5,81,21,0.02981320023536682,-0.028421709313988686
4,task_5,81,22,0.03310173749923706,-0.028421709313988686
4,task_5,81,23,0.03642070293426514,-0.028421709313988686
4,task_5,81,24,0.03987133502960205,-0.028421709313988686
4,task_5,81,25,0.04299813508987427,-0.028421709313988686
4,task_5,81,26,0.04564198851585388,-0.028421709313988686
4,task_5,81,27,0.049220532178878784,-0.028421709313988686
4,task_5,81,28,0.05340495705604553,-0.028421709313988686
4,task_5,81,29,0.07646934688091278,-0.028421709313988686
4,task_5,82,0,0.5004501342773438,2.966973066329956
4,task_5,82,1,0.5074061155319214,2.3046576976776123
4,task_5,82,2,0.5133554339408875,1.8047747611999512
4,task_5,82,3,0.518570601940155,1.4430255889892578
4,task_5,82,4,0.5237579345703125,1.1435081958770752
4,task_5,82,5,0.5287883281707764,0.8557564616203308
4,task_5,82,6,0.5343971252441406,0.5555504560470581
4,task_5,82,7,0.5400527715682983,0.2781409025192261
4,task_5,82,8,0.5448976755142212,0.12966828048229218
4,task_5,82,9,0.5501601696014404,-0.0334632433950901
4,task_5,82,10,0.5562134981155396,-0.203715518116951
4,task_5,82,11,0.5609795451164246,-0.3053467273712158
4,task_5,82,12,0.5659149885177612,-0.3923797011375427
4,task_5,82,13,0.5712028741836548,-0.4525671601295471
4,task_5,82,14,0.57610684633255,-0.5104214549064636
4,task_5,82,15,0.5799494385719299,-0.5453759431838989
4,task_5,82,16,0.5819005370140076,-0.5614511370658875
4,task_5,82,17,0.5849641561508179,-0.5784111022949219
4,task_5,82,18,0.5875114798545837,-0.607414960861206
4,task_5,82,19,0.5898796916007996,-0.6293373107910156
4,task_5,82,20,0.5924899578094482,-0.6427546739578247
4,task_5,82,21,0.5955846309661865,-0.66422039270401
4,task_5,82,22,0.5984368324279785,-0.6695966124534607
4,task_5,82,23,0.601810872554779,-0.6950222849845886
4,task_5,82,24,0.6050214767456055,-0.7163809537887573
4,task_5,82,25,0.6086724996566772,-0.7398943901062012
4,task_5,82,26,0.6127905249595642,-0.7493554353713989
4,task_5,82,27,0.6180831789970398,-0.7577426433563232
4,task_5,82,28,0.6234098672866821,-0.7649062275886536
4,task_5,82,29,1.117667555809021,-0.26222625374794006
4,task_5,83,0,0.0,0.29981091618537903
4,task_5,83,1,0.0,0.29981091618537903
4,task_5,83,2,0.0,0.29981091618537903
4,task_5,83,3,0.0,0.29981091618537903
4,task_5,83,4,0.0,0.29981091618537903
4,task_5,83,5,0.0,0.29981091618537903
4,task_5,83,6,0.0,0.29981091618537903
4,task_5,83,7,0.0,0.29981091618537903
4,task_5,83,8,0.0,0.29981091618537903
4,task_5,83,9,0.0,0.29981091618537903
4,task_5,83,10,0.0,0.29981091618537903
4,task_5,83,11,0.0,0.29981091618537903
4,task_5,83,12,0.0,0.29981091618537903
4,task_5,83,13,0.0,0.29981091618537903
4,task_5,83,14,0.0,0.29981091618537903
4,task_5,83,15,0.0,0.29981091618537903
4,task_5,83,16,0.0,0.29981091618537903
4,task_5,83,17,0.0,0.29981091618537903
4,task_5,83,18,0.0,0.29981091618537903
4,task_5,83,19,0.0,0.29981091618537903
4,task_5,83,20,0.0,0.29981091618537903
4,task_5,83,21,0.0,0.29981091618537903
4,task_5,83,22,0.0,0.29981091618537903
4,task_5,83,23,0.0,0.29981091618537903
4,task_5,83,24,0.0,0.29981091618537903
4,task_5,83,25,0.0035434369929134846,0.2836090624332428
4,task_5,83,26,0.05018724128603935,-0.33890196681022644
4,task_5,83,27,0.1054137647151947,-1.02590811252594
4,task_5,83,28,0.15494325757026672,-1.6362231969833374
4,task_5,83,29,0.3089231550693512,-4.777848243713379
4,task_5,84,0,0.0,0.9232990145683289
4,task_5,84,1,0.0,0.9232990145683289
4,task_5,84,2,0.0,0.9232990145683289
4,task_5,84,3,0.0,0.9232990145683289
4,task_5,84,4,0.0,0.9232990145683289
4,task_5,84,5,0.0,0.9232990145683289
4,task_5,84,6,0.0,0.9232990145683289
4,task_5,84,7,0.0,0.9232990145683289
4,task_5,84,8,0.0,0.9232990145683289
4,task_5,84,9,0.0,0.9232990145683289
4,task_5,84,10,0.0,0.9232990145683289
4,task_5,84,11,0.050562359392642975,0.7821854948997498
4,task_5,84,12,0.11809257417917252,0.6501564383506775
4,task_5,84,13,0.1943281888961792,0.4979212284088135
4,task_5,84,14,0.28207847476005554,0.3527950346469879
4,task_5,84,15,0.368670254945755,0.22090955078601837
4,task_5,84,16,0.4740852415561676,0.08780796825885773
4,task_5,84,17,0.5844149589538574,-0.04867960140109062
4,task_5,84,18,0.6941910982131958,-0.17598837614059448
4,task_5,84,19,0.8233752250671387,-0.3121005594730377
4,task_5,84,20,0.9545407891273499,-0.4493235945701599
4,task_5,84,21,1.1041617393493652,-0.5929849743843079
4,task_5,84,22,1.2706210613250732,-0.7515944838523865
4,task_5,84,23,1.43045973777771,-0.905410647392273
4,task_5,84,24,1.615972876548767,-1.0858778953552246
4,task_5,84,25,1.8088440895080566,-1.2604020833969116
4,task_5,84,26,2.008918285369873,-1.4237648248672485
4,task_5,84,27,2.2245328426361084,-1.6027965545654297
4,task_5,84,28,2.4398751258850098,-1.7864680290222168
4,task_5,84,29,3.1945340633392334,-2.352675437927246
4,task_5,85,0,0.0,-0.07717008888721466
4,task_5,85,1,0.0,-0.07717008888721466
4,task_5,85,2,0.0,-0.07717008888721466
4,task_5,85,3,0.0,-0.07717008888721466
4,task_5,85,4,0.0,-0.07717008888721466
4,task_5,85,5,0.0,-0.07717008888721466
4,task_5,85,6,0.0,-0.07717008888721466
4,task_5,85,7,0.0,-0.07717008888721466
4,task_5,85,8,0.0,-0.07717008888721466
4,task_5,85,9,0.03751040995121002,-0.18695814907550812
4,task_5,85,10,0.08496659249067307,-0.3505692481994629
4,task_5,85,11,0.1295163631439209,-0.4931945204734802
4,task_5,85,12,0.17404693365097046,-0.6408997774124146
4,task_5,85,13,0.20927385985851288,-0.7746145725250244
4,task_5,85,14,0.23707979917526245,-0.9140129685401917
4,task_5,85,15,0.27515292167663574,-1.0191916227340698
4,task_5,85,16,0.29932400584220886,-1.0120642185211182
4,task_5,85,17,0.32210326194763184,-0.9746834635734558
4,task_5,85,18,0.3476307988166809,-0.834169328212738
4,task_5,85,19,0.362568736076355,-0.646482527256012
4,task_5,85,20,0.37934744358062744,-0.3348470628261566
4,task_5,85,21,0.3933241069316864,-0.028950974345207214
4,task_5,85,22,0.40290385484695435,0.1845698356628418
4,task_5,85,23,0.41388624906539917,0.42978718876838684
4,task_5,85,24,0.4191952645778656,0.5460536479949951
4,task_5,85,25,0.4250621795654297,0.664802610874176
4,task_5,85,26,0.4304347634315491,0.7802130579948425
4,task_5,85,27,0.43655455112457275,0.9057267904281616
4,task_5,85,28,0.44279661774635315,1.0351357460021973
4,task_5,85,29,0.6197375655174255,4.358880043029785
4,task_5,86,0,0.0,0.7520270943641663
4,task_5,86,1,0.0,0.7520270943641663
4,task_5,86,2,0.0,0.7520270943641663
4,task_5,86,3,0.0,0.7520270943641663
4,task_5,86,4,0.0,0.7520270943641663
4,task_5,86,5,0.0,0.7520270943641663
4,task_5,86,6,0.0,0.7520270943641663
4,task_5,86,7,0.0,0.7520270943641663
4,task_5,86,8,0.0,0.7520270943641663
4,task_5,86,9,0.0,0.7520270943641663
4,task_5,86,10,0.0,0.7520270943641663
4,task_5,86,11,0.0,0.7520270943641663
4,task_5,86,12,0.0,0.7520270943641663
4,task_5,86,13,0.002138504758477211,0.7461186647415161
4,task_5,86,14,0.08460793644189835,0.6034159660339355
4,task_5,86,15,0.15290194749832153,0.5029689073562622
4,task_5,86,16,0.22763878107070923,0.39541202783584595
4,task_5,86,17,0.3131219148635864,0.25810879468917847
4,task_5,86,18,0.4097997844219208,0.09707064926624298
4,task_5,86,19,0.5033771395683289,-0.037907253950834274
4,task_5,86,20,0.6040992140769958,-0.20090217888355255
4,task_5,86,21,0.7290202379226685,-0.4058266282081604
4,task_5,86,22,0.8566086888313293,-0.6088690161705017
4,task_5,86,23,0.9873889684677124,-0.8114838600158691
4,task_5,86,24,1.1446654796600342,-1.0740668773651123
4,task_5,86,25,1.2923201322555542,-1.2948353290557861
4,task_5,86,26,1.4644181728363037,-1.5758391618728638
4,task_5,86,27,1.6113464832305908,-1.819849967956543
4,task_5,86,28,1.80439293384552,-2.152371644973755
4,task_5,86,29,2.0078952312469482,-2.397493839263916
4,task_5,87,0,0.895948052406311,-931.3225708007812
4,task_5,87,1,0.895948052406311,-931.3225708007812
4,task_5,87,2,0.895948052406311,-931.3225708007812
4,task_5,87,3,0.895948052406311,-931.3225708007812
4,task_5,87,4,0.895948052406311,-931.3225708007812
4,task_5,87,5,0.895948052406311,-931.3225708007812
4,task_5,87,6,0.895948052406311,-931.3225708007812
4,task_5,87,7,0.895948052406311,-931.3225708007812
4,task_5,87,8,0.895948052406311,-931.3225708007812
4,task_5,87,9,0.895948052406311,-931.3225708007812
4,task_5,87,10,0.895948052406311,-931.3225708007812
4,task_5,87,11,0.895948052406311,-931.3225708007812
4,task_5,87,12,0.895948052406311,-931.3225708007812
4,task_5,87,13,0.895948052406311,-931.3225708007812
4,task_5,87,14,0.895948052406311,-931.3225708007812
4,task_5,87,15,0.895948052406311,-931.3225708007812
4,task_5,87,16,0.895948052406311,-931.3225708007812
4,task_5,87,17,0.895948052406311,-931.3225708007812
4,task_5,87,18,0.895948052406311,-931.3225708007812
4,task_5,87,19,0.895948052406311,-931.3225708007812
4,task_5,87,20,0.895948052406311,-931.3225708007812
4,task_5,87,21,0.895948052406311,-931.3225708007812
4,task_5,87,22,0.895948052406311,-931.3225708007812
4,task_5,87,23,0.895948052406311,-931.3225708007812
4,task_5,87,24,0.895948052406311,-931.3225708007812
4,task_5,87,25,0.895948052406311,-931.3225708007812
4,task_5,87,26,0.895948052406311,-931.3225708007812
4,task_5,87,27,0.895948052406311,-931.3225708007812
4,task_5,87,28,0.895948052406311,-931.3225708007812
4,task_5,87,29,0.895948052406311,-931.3225708007812
4,task_5,88,0,0.0,-0.2478688806295395
4,task_5,88,1,0.0,-0.2478688806295395
4,task_5,88,2,0.0,-0.2478688806295395
4,task_5,88,3,0.0,-0.2478688806295395
4,task_5,88,4,0.0,-0.2478688806295395
4,task_5,88,5,0.0,-0.2478688806295395
4,task_5,88,6,0.0,-0.2478688806295395
4,task_5,88,7,0.0,-0.2478688806295395
4,task_5,88,8,0.0,-0.2478688806295395
4,task_5,88,9,0.0,-0.2478688806295395
4,task_5,88,10,0.0,-0.2478688806295395
4,task_5,88,11,0.0,-0.2478688806295395
4,task_5,88,12,0.0,-0.2478688806295395
4,task_5,88,13,0.0,-0.2478688806295395
4,task_5,88,14,0.0,-0.2478688806295395
4,task_5,88,15,0.0,-0.2478688806295395
4,task_5,88,16,0.0,-0.2478688806295395
4,task_5,88,17,0.0,-0.2478688806295395
4,task_5,88,18,0.0,-0.2478688806295395
4,task_5,88,19,0.0,-0.2478688806295395
4,task_5,88,20,0.0,-0.2478688806295395
4,task_5,88,21,0.0,-0.2478688806295395
4,task_5,88,22,0.0,-0.2478688806295395
4,task_5,88,23,0.0027894899249076843,-0.21978843212127686
4,task_5,88,24,0.015239261090755463,-0.08766834437847137
4,task_5,88,25,0.02683337777853012,0.02983291819691658
4,task_5,88,26,0.03841187804937363,0.14277520775794983
4,task_5,88,27,0.04918055981397629,0.24698090553283691
4,task_5,88,28,0.061268530786037445,0.3622451722621918
4,task_5,88,29,0.6947342157363892,5.2266058921813965
4,task_5,89,0,0.4996793270111084,1.3046746253967285
4,task_5,89,1,0.5131871700286865,1.1505011320114136
4,task_5,89,2,0.5219184756278992,1.0636125802993774
4,task_5,89,3,0.5310182571411133,0.9684035778045654
4,task_5,89,4,0.5420190095901489,0.8369239568710327
4,task_5,89,5,0.5497695803642273,0.7470008134841919
4,task_5,89,6,0.5593003034591675,0.6326096057891846
4,task_5,89,7,0.5650567412376404,0.5748640894889832
4,task_5,89,8,0.5695626735687256,0.5292117595672607
4,task_5,89,9,0.5758983492851257,0.4738830029964447
4,task_5,89,10,0.5823487043380737,0.4039122462272644
4,task_5,89,11,0.5883127450942993,0.3551943600177765
4,task_5,89,12,0.5926554799079895,0.32175981998443604
4,task_5,89,13,0.5979845523834229,0.2480439394712448
4,task_5,89,14,0.6026334166526794,0.21110862493515015
4,task_5,89,15,0.6089195013046265,0.1535417139530182
4,task_5,89,16,0.6157130002975464,0.09926291555166245
4,task_5,89,17,0.6247156858444214,0.026037193834781647
4,task_5,89,18,0.6334697008132935,-0.03493401035666466
4,task_5,89,19,0.6395695805549622,-0.08135517686605453
4,task_5,89,20,0.6500626802444458,-0.15369436144828796
4,task_5,89,21,0.666452169418335,-0.27647581696510315
4,task_5,89,22,0.6819865703582764,-0.3768337666988373
4,task_5,89,23,0.6995624303817749,-0.5000307559967041
4,task_5,89,24,0.7171882390975952,-0.6239036321640015
4,task_5,89,25,0.7376362681388855,-0.7484124898910522
4,task_5,89,26,0.7650842666625977,-0.9312726259231567
4,task_5,89,27,0.790127158164978,-1.0946688652038574
4,task_5,89,28,0.824566662311554,-1.329960584640503
4,task_5,89,29,1.3150792121887207,-3.9490044116973877
4,task_5,90,0,0.0,1.004555106163025
4,task_5,90,1,0.0,1.004555106163025
4,task_5,90,2,0.0,1.004555106163025
4,task_5,90,3,0.0,1.004555106163025
4,task_5,90,4,0.0,1.004555106163025
4,task_5,90,5,0.0,1.004555106163025
4,task_5,90,6,0.0,1.004555106163025
4,task_5,90,7,0.0,1.004555106163025
4,task_5,90,8,0.0,1.004555106163025
4,task_5,90,9,0.009893722832202911,0.9529051184654236
4,task_5,90,10,0.05877864360809326,0.7376135587692261
4,task_5,90,11,0.10161817818880081,0.5803955793380737
4,task_5,90,12,0.1712190806865692,0.4067349135875702
4,task_5,90,13,0.22205999493598938,0.29626238346099854
4,task_5,90,14,0.287034809589386,0.1748233288526535
4,task_5,90,15,0.35336410999298096,0.07745447009801865
4,task_5,90,16,0.42924338579177856,-0.012678234837949276
4,task_5,90,17,0.5077580213546753,-0.09416620433330536
4,task_5,90,18,0.5894322395324707,-0.17612527310848236
4,task_5,90,19,0.6964818239212036,-0.2783438563346863
4,task_5,90,20,0.8017731308937073,-0.37969571352005005
4,task_5,90,21,0.8955446481704712,-0.48177069425582886
4,task_5,90,22,1.0224676132202148,-0.6383927464485168
4,task_5,90,23,1.1515010595321655,-0.8081042766571045
4,task_5,90,24,1.2824492454528809,-0.9709621071815491
4,task_5,90,25,1.4270060062408447,-1.1608997583389282
4,task_5,90,26,1.5886796712875366,-1.3672691583633423
4,task_5,90,27,1.7356350421905518,-1.5610095262527466
4,task_5,90,28,1.9119349718093872,-1.7947334051132202
4,task_5,90,29,2.452887535095215,-2.5430331230163574
4,task_5,91,0,0.0,-0.29598942399024963
4,task_5,91,1,0.0,-0.29598942399024963
4,task_5,91,2,0.0,-0.29598942399024963
4,task_5,91,3,0.0,-0.29598942399024963
4,task_5,91,4,0.0,-0.29598942399024963
4,task_5,91,5,0.0,-0.29598942399024963
4,task_5,91,6,0.0,-0.29598942399024963
4,task_5,91,7,0.0,-0.29598942399024963
4,task_5,91,8,0.0,-0.29598942399024963
4,task_5,91,9,0.0,-0.29598942399024963
4,task_5,91,10,0.0,-0.29598942399024963
4,task_5,91,11,0.0,-0.29598942399024963
4,task_5,91,12,0.0,-0.29598942399024963
4,task_5,91,13,0.0,-0.29598942399024963
4,task_5,91,14,0.0,-0.29598942399024963
4,task_5,91,15,0.0,-0.29598942399024963
4,task_5,91,16,0.0,-0.29598942399024963
4,task_5,91,17,0.0,-0.29598942399024963
4,task_5,91,18,0.0,-0.29598942399024963
4,task_5,91,19,0.0,-0.29598942399024963
4,task_5,91,20,0.0,-0.29598942399024963
4,task_5,91,21,0.0,-0.29598942399024963
4,task_5,91,22,0.0,-0.29598942399024963
4,task_5,91,23,0.011378961615264416,-0.26815181970596313
4,task_5,91,24,0.11667689681053162,-0.011010192334651947
4,task_5,91,25,0.1989877074956894,0.18206581473350525
4,task_5,91,26,0.29727980494499207,0.4073027968406677
4,task_5,91,27,0.3943086564540863,0.6242913603782654
4,task_5,91,28,0.47764045000076294,0.8063035607337952
4,task_5,91,29,2.52950119972229,5.066955089569092
4,task_5,92,0,0.21291124820709229,-232.8306427001953
4,task_5,92,1,0.21291124820709229,-232.8306427001953
4,task_5,92,2,0.21291124820709229,-232.8306427001953
4,task_5,92,3,0.21291124820709229,-232.8306427001953
4,task_5,92,4,0.21291124820709229,-232.8306427001953
4,task_5,92,5,0.21291124820709229,-232.8306427001953
4,task_5,92,6,0.21291124820709229,-232.8306427001953
4,task_5,92,7,0.21291124820709229,-232.8306427001953
4,task_5,92,8,0.21291124820709229,-232.8306427001953
4,task_5,92,9,0.21291124820709229,-232.8306427001953
4,task_5,92,10,0.21291124820709229,-232.8306427001953
4,task_5,92,11,0.21291124820709229,-232.8306427001953
4,task_5,92,12,0.21291124820709229,-232.8306427001953
4,task_5,92,13,0.21291124820709229,-232.8306427001953
4,task_5,92,14,0.21291124820709229,-232.8306427001953
4,task_5,92,15,0.21291124820709229,-232.8306427001953
4,task_5,92,16,0.21291124820709229,-232.8306427001953
4,task_5,92,17,0.21291124820709229,-232.8306427001953
4,task_5,92,18,0.21291124820709229,-232.8306427001953
4,task_5,92,19,0.21291124820709229,-232.8306427001953
4,task_5,92,20,0.21291124820709229,-232.8306427001953
4,task_5,92,21,0.21291124820709229,-232.8306427001953
4,task_5,92,22,0.21291124820709229,-232.8306427001953
4,task_5,92,23,0.21291124820709229,-232.8306427001953
4,task_5,92,24,0.21291124820709229,-232.8306427001953
4,task_5,92,25,0.21291124820709229,-232.8306427001953
4,task_5,92,26,0.21291124820709229,-232.8306427001953
4,task_5,92,27,0.21291124820709229,-232.8306427001953
4,task_5,92,28,0.21291124820709229,-232.8306427001953
4,task_5,92,29,0.21291124820709229,-232.8306427001953
4,task_5,93,0,0.0,-0.3845110237598419
4,task_5,93,1,0.0,-0.3845110237598419
4,task_5,93,2,0.0,-0.3845110237598419
4,task_5,93,3,0.0,-0.3845110237598419
4,task_5,93,4,0.0,-0.3845110237598419
4,task_5,93,5,0.0,-0.3845110237598419
4,task_5,93,6,0.0,-0.3845110237598419
4,task_5,93,7,0.0,-0.3845110237598419
4,task_5,93,8,0.0,-0.3845110237598419
4,task_5,93,9,0.0,-0.3845110237598419
4,task_5,93,10,0.0,-0.3845110237598419
4,task_5,93,11,0.0,-0.3845110237598419
4,task_5,93,12,0.0,-0.3845110237598419
4,task_5,93,13,0.0,-0.3845110237598419
4,task_5,93,14,0.0,-0.3845110237598419
4,task_5,93,15,0.0,-0.3845110237598419
4,task_5,93,16,0.0,-0.3845110237598419
4,task_5,93,17,0.0,-0.3845110237598419
4,task_5,93,18,0.0,-0.3845110237598419
4,task_5,93,19,0.0,-0.3845110237598419
4,task_5,93,20,0.0,-0.3845110237598419
4,task_5,93,21,0.0,-0.3845110237598419
4,task_5,93,22,0.013203725218772888,-0.3139210045337677
4,task_5,93,23,0.07403291761875153,0.003260937286540866
4,task_5,93,24,0.1408277004957199,0.339592307806015
4,task_5,93,25,0.1953376978635788,0.5875397324562073
4,task_5,93,26,0.2614424228668213,0.86861652135849
4,task_5,93,27,0.3064049482345581,1.048061490058899
4,task_5,93,28,0.36240261793136597,1.2636295557022095
4,task_5,93,29,1.3096286058425903,4.6624627113342285
4,task_5,94,0,0.0,-0.3123060464859009
4,task_5,94,1,0.0,-0.3123060464859009
4,task_5,94,2,0.0,-0.3123060464859009
4,task_5,94,3,0.0,-0.3123060464859009
4,task_5,94,4,0.0,-0.3123060464859009
4,task_5,94,5,0.0,-0.3123060464859009
4,task_5,94,6,0.0,-0.3123060464859009
4,task_5,94,7,0.0,-0.3123060464859009
4,task_5,94,8,0.0,-0.3123060464859009
4,task_5,94,9,0.0,-0.3123060464859009
4,task_5,94,10,0.0,-0.3123060464859009
4,task_5,94,11,0.0,-0.3123060464859009
4,task_5,94,12,0.0,-0.3123060464859009
4,task_5,94,13,0.0,-0.3123060464859009
4,task_5,94,14,0.0,-0.3123060464859009
4,task_5,94,15,0.0,-0.3123060464859009
4,task_5,94,16,0.0,-0.3123060464859009
4,task_5,94,17,0.0,-0.3123060464859009
4,task_5,94,18,0.0,-0.3123060464859009
4,task_5,94,19,0.0,-0.3123060464859009
4,task_5,94,20,0.0,-0.3123060464859009
4,task_5,94,21,0.0,-0.3123060464859009
4,task_5,94,22,0.0,-0.3123060464859009
4,task_5,94,23,0.0003586225211620331,-0.3096458613872528
4,task_5,94,24,0.0374351441860199,-0.03152066841721535
4,task_5,94,25,0.08059057593345642,0.27676740288734436
4,task_5,94,26,0.11524003744125366,0.5208330154418945
4,task_5,94,27,0.1471811830997467,0.7585672736167908
4,task_5,94,28,0.17886777222156525,0.9930641651153564
4,task_5,94,29,0.7757003307342529,4.974972724914551
4,task_5,95,0,0.0,-0.2663472592830658
4,task_5,95,1,0.0,-0.2663472592830658
4,task_5,95,2,0.0,-0.2663472592830658
4,task_5,95,3,0.0,-0.2663472592830658
4,task_5,95,4,0.0,-0.2663472592830658
4,task_5,95,5,0.0,-0.2663472592830658
4,task_5,95,6,0.0,-0.2663472592830658
4,task_5,95,7,0.0,-0.2663472592830658
4,task_5,95,8,0.0,-0.2663472592830658
4,task_5,95,9,0.0,-0.2663472592830658
4,task_5,95,10,0.0,-0.2663472592830658
4,task_5,95,11,0.0,-0.2663472592830658
4,task_5,95,12,0.0,-0.2663472592830658
4,task_5,95,13,0.0,-0.2663472592830658
4,task_5,95,14,0.0,-0.2663472592830658
4,task_5,95,15,0.0,-0.2663472592830658
4,task_5,95,16,0.0,-0.2663472592830658
4,task_5,95,17,0.0,-0.2663472592830658
4,task_5,95,18,0.0,-0.2663472592830658
4,task_5,95,19,0.0,-0.2663472592830658
4,task_5,95,20,0.0,-0.2663472592830658
4,task_5,95,21,0.0,-0.2663472592830658
4,task_5,95,22,0.0,-0.2663472592830658
4,task_5,95,23,0.0,-0.2663472592830658
4,task_5,95,24,0.012310151010751724,-0.1426396667957306
4,task_5,95,25,0.032997965812683105,0.05038776248693466
4,task_5,95,26,0.06095896661281586,0.2931179702281952
4,task_5,95,27,0.07986611127853394,0.43059054017066956
4,task_5,95,28,0.10618185997009277,0.5990622043609619
4,task_5,95,29,0.867403507232666,5.161815166473389
4,task_5,96,0,0.0,-0.31944167613983154
4,task_5,96,1,0.0,-0.31944167613983154
4,task_5,96,2,0.0,-0.31944167613983154
4,task_5,96,3,0.0,-0.31944167613983154
4,task_5,96,4,0.0,-0.31944167613983154
4,task_5,96,5,0.0,-0.31944167613983154
4,task_5,96,6,0.0,-0.31944167613983154
4,task_5,96,7,0.0,-0.31944167613983154
4,task_5,96,8,0.0,-0.31944167613983154
4,task_5,96,9,0.0,-0.31944167613983154
4,task_5,96,10,0.0,-0.31944167613983154
4,task_5,96,11,0.0,-0.31944167613983154
4,task_5,96,12,0.0,-0.31944167613983154
4,task_5,96,13,0.0,-0.31944167613983154
4,task_5,96,14,0.0,-0.31944167613983154
4,task_5,96,15,0.0,-0.31944167613983154
4,task_5,96,16,0.0,-0.31944167613983154
4,task_5,96,17,0.0,-0.31944167613983154
4,task_5,96,18,0.0,-0.31944167613983154
4,task_5,96,19,0.0,-0.31944167613983154
4,task_5,96,20,0.0,-0.31944167613983154
4,task_5,96,21,0.0,-0.31944167613983154
4,task_5,96,22,0.02600511908531189,-0.2348259836435318
4,task_5,96,23,0.07603754103183746,-0.058079227805137634
4,task_5,96,24,0.11694499850273132,0.09360717236995697
4,task_5,96,25,0.15969318151474,0.26712507009506226
4,task_5,96,26,0.19974291324615479,0.45752662420272827
4,task_5,96,27,0.2397800087928772,0.6618311405181885
4,task_5,96,28,0.2695571482181549,0.8092033863067627
4,task_5,96,29,1.1378182172775269,5.031327724456787
4,task_5,97,0,0.0,0.8496444821357727
4,task_5,97,1,0.0,0.8496444821357727
4,task_5,97,2,0.0,0.8496444821357727
4,task_5,97,3,0.0,0.8496444821357727
4,task_5,97,4,0.0,0.8496444821357727
4,task_5,97,5,0.0,0.8496444821357727
4,task_5,97,6,0.0,0.8496444821357727
4,task_5,97,7,0.0,0.8496444821357727
4,task_5,97,8,0.0,0.8496444821357727
4,task_5,97,9,0.0,0.8496444821357727
4,task_5,97,10,0.0,0.8496444821357727
4,task_5,97,11,0.0,0.8496444821357727
4,task_5,97,12,0.0,0.8496444821357727
4,task_5,97,13,0.005391334183514118,1.180172085762024
4,task_5,97,14,0.030758066102862358,1.2065175771713257
4,task_5,97,15,0.05321557819843292,0.700792133808136
4,task_5,97,16,0.06718003004789352,0.24279633164405823
4,task_5,97,17,0.07746809720993042,-1.649244785308838
4,task_5,97,18,0.08919994533061981,-1.060534119606018
4,task_5,97,19,0.09644553810358047,-1.060534119606018
4,task_5,97,20,0.1022678017616272,-1.060534119606018
4,task_5,97,21,0.10785999894142151,-1.060534119606018
4,task_5,97,22,0.11138225346803665,-1.060534119606018
4,task_5,97,23,0.11577856540679932,-1.060534119606018
4,task_5,97,24,0.12118441611528397,-1.060534119606018
4,task_5,97,25,0.12483225762844086,-1.060534119606018
4,task_5,97,26,0.12972167134284973,-1.060534119606018
4,task_5,97,27,0.13463494181632996,-1.060534119606018
4,task_5,97,28,0.14269086718559265,-1.060534119606018
4,task_5,97,29,0.15809498727321625,-1.060534119606018
4,task_5,98,0,0.0,-0.4616348445415497
4,task_5,98,1,0.0,-0.4616348445415497
4,task_5,98,2,0.0,-0.4616348445415497
4,task_5,98,3,0.0,-0.4616348445415497
4,task_5,98,4,0.0,-0.4616348445415497
4,task_5,98,5,0.0,-0.4616348445415497
4,task_5,98,6,0.0,-0.4616348445415497
4,task_5,98,7,0.0,-0.4616348445415497
4,task_5,98,8,0.0,-0.4616348445415497
4,task_5,98,9,0.0,-0.4616348445415497
4,task_5,98,10,0.0,-0.4616348445415497
4,task_5,98,11,0.0,-0.4616348445415497
4,task_5,98,12,0.0,-0.4616348445415497
4,task_5,98,13,0.0,-0.4616348445415497
4,task_5,98,14,0.0,-0.4616348445415497
4,task_5,98,15,0.008228272199630737,-0.4571436047554016
4,task_5,98,16,0.0607990026473999,-0.42467084527015686
4,task_5,98,17,0.133635476231575,-0.36509817838668823
4,task_5,98,18,0.1748521476984024,-0.32073211669921875
4,task_5,98,19,0.22362937033176422,-0.24577613174915314
4,task_5,98,20,0.2700191140174866,-0.1361641138792038
4,task_5,98,21,0.31447848677635193,0.020696435123682022
4,task_5,98,22,0.34569281339645386,0.15088389813899994
4,task_5,98,23,0.3837052583694458,0.32175734639167786
4,task_5,98,24,0.4136354923248291,0.4589613974094391
4,task_5,98,25,0.4483395218849182,0.6155274510383606
4,task_5,98,26,0.47882169485092163,0.7456357479095459
4,task_5,98,27,0.510204017162323,0.8742495179176331
4,task_5,98,28,0.5394912958145142,0.9864702224731445
4,task_5,98,29,1.590570330619812,4.699925899505615
4,task_5,99,0,0.0,-0.2282850295305252
4,task_5,99,1,0.0,-0.2282850295305252
4,task_5,99,2,0.0,-0.2282850295305252
4,task_5,99,3,0.0,-0.2282850295305252
4,task_5,99,4,0.0,-0.2282850295305252
4,task_5,99,5,0.0,-0.2282850295305252
4,task_5,99,6,0.0,-0.2282850295305252
4,task_5,99,7,0.0,-0.2282850295305252
4,task_5,99,8,0.0,-0.2282850295305252
4,task_5,99,9,0.0,-0.2282850295305252
4,task_5,99,10,0.0,-0.2282850295305252
4,task_5,99,11,0.0,-0.2282850295305252
4,task_5,99,12,0.0,-0.2282850295305252
4,task_5,99,13,0.0,-0.2282850295305252
4,task_5,99,14,0.0,-0.2282850295305252
4,task_5,99,15,0.0,-0.2282850295305252
4,task_5,99,16,0.0,-0.2282850295305252
4,task_5,99,17,0.0,-0.2282850295305252
4,task_5,99,18,0.0,-0.2282850295305252
4,task_5,99,19,0.0,-0.2282850295305252
4,task_5,99,20,0.0,-0.2282850295305252
4,task_5,99,21,0.0,-0.2282850295305252
4,task_5,99,22,0.0,-0.2282850295305252
4,task_5,99,23,0.0,-0.2282850295305252
4,task_5,99,24,0.0,-0.2282850295305252
4,task_5,99,25,0.027668774127960205,-0.09390110522508621
4,task_5,99,26,0.05968290567398071,0.05526036024093628
4,task_5,99,27,0.08718016743659973,0.17829330265522003
4,task_5,99,28,0.11911250650882721,0.31846684217453003
4,task_5,99,29,1.3208248615264893,5.249006748199463
4,task_5,100,0,0.0,1.2559747695922852
4,task_5,100,1,0.0,1.2559747695922852
4,task_5,100,2,0.0,1.2559747695922852
4,task_5,100,3,0.0,1.2559747695922852
4,task_5,100,4,0.0,1.2559747695922852
4,task_5,100,5,0.0,1.2559747695922852
4,task_5,100,6,0.0,1.2559747695922852
4,task_5,100,7,0.0,1.2559747695922852
4,task_5,100,8,0.004823979921638966,1.2259547710418701
4,task_5,100,9,0.04994918033480644,0.9539039134979248
4,task_5,100,10,0.10858786851167679,0.6141664385795593
4,task_5,100,11,0.1613532304763794,0.3651426434516907
4,task_5,100,12,0.2301567792892456,0.10879462212324142
4,task_5,100,13,0.29376915097236633,-0.06347041577100754
4,task_5,100,14,0.3734387159347534,-0.21471843123435974
4,task_5,100,15,0.4503572881221771,-0.2916427254676819
4,task_5,100,16,0.5487847924232483,-0.37381547689437866
4,task_5,100,17,0.6383926272392273,-0.44986942410469055
4,task_5,100,18,0.7332755923271179,-0.521638035774231
4,task_5,100,19,0.8492915630340576,-0.5945144891738892
4,task_5,100,20,0.9626128077507019,-0.676405131816864
4,task_5,100,21,1.0815898180007935,-0.7633833289146423
4,task_5,100,22,1.2168827056884766,-0.8507980704307556
4,task_5,100,23,1.3575739860534668,-0.9485201239585876
4,task_5,100,24,1.5049930810928345,-1.0455960035324097
4,task_5,100,25,1.665431022644043,-1.1385588645935059
4,task_5,100,26,1.8357274532318115,-1.2209877967834473
4,task_5,100,27,1.9998657703399658,-1.2916442155838013
4,task_5,100,28,2.1977546215057373,-1.3625833988189697
4,task_5,100,29,2.6322021484375,-1.5076122283935547
4,task_5,101,0,0.0,-0.37372466921806335
4,task_5,101,1,0.0,-0.37372466921806335
4,task_5,101,2,0.0,-0.37372466921806335
4,task_5,101,3,0.0,-0.37372466921806335
4,task_5,101,4,0.0,-0.37372466921806335
4,task_5,101,5,0.0,-0.37372466921806335
4,task_5,101,6,0.0,-0.37372466921806335
4,task_5,101,7,0.0,-0.37372466921806335
4,task_5,101,8,0.0,-0.37372466921806335
4,task_5,101,9,0.0035414397716522217,-0.37247154116630554
4,task_5,101,10,0.01787284016609192,-0.3646084666252136
4,task_5,101,11,0.03296886384487152,-0.34864354133605957
4,task_5,101,12,0.04342639446258545,-0.32106244564056396
4,task_5,101,13,0.05224764347076416,-0.28605473041534424
4,task_5,101,14,0.05928121507167816,-0.26409322023391724
4,task_5,101,15,0.06607261300086975,-0.23476658761501312
4,task_5,101,16,0.07245327532291412,-0.20071662962436676
4,task_5,101,17,0.07637310028076172,-0.17325752973556519
4,task_5,101,18,0.08147969841957092,-0.14087721705436707
4,task_5,101,19,0.0855821967124939,-0.10750367492437363
4,task_5,101,20,0.09076042473316193,-0.06654296815395355
4,task_5,101,21,0.0941254049539566,-0.03765416145324707
4,task_5,101,22,0.09960398077964783,0.005955630447715521
4,task_5,101,23,0.10386453568935394,0.044404324144124985
4,task_5,101,24,0.10896332561969757,0.09396585077047348
4,task_5,101,25,0.11418367922306061,0.1467553973197937
4,task_5,101,26,0.11855563521385193,0.1940556764602661
4,task_5,101,27,0.12537343800067902,0.2650417387485504
4,task_5,101,28,0.13544966280460358,0.368626207113266
4,task_5,101,29,0.6673402786254883,5.162969589233398
4,task_5,102,0,0.13980025053024292,0.9942663908004761
4,task_5,102,1,0.17409655451774597,0.5987945795059204
4,task_5,102,2,0.2038002610206604,0.24043159186840057
4,task_5,102,3,0.24238885939121246,-0.17438741028308868
4,task_5,102,4,0.27015528082847595,-0.4556092917919159
4,task_5,102,5,0.3084844946861267,-0.7765333652496338
4,task_5,102,6,0.34153053164482117,-0.9709386229515076
4,task_5,102,7,0.3742779493331909,-1.0838143825531006
4,task_5,102,8,0.41031020879745483,-1.1658124923706055
4,task_5,102,9,0.44798964262008667,-1.2145229578018188
4,task_5,102,10,0.48215195536613464,-1.183145523071289
4,task_5,102,11,0.5146093964576721,-1.1372885704040527
4,task_5,102,12,0.5598577260971069,-0.9854037165641785
4,task_5,102,13,0.5968539714813232,-0.8428150415420532
4,task_5,102,14,0.6313349008560181,-0.7125625014305115
4,task_5,102,15,0.6667031049728394,-0.5890332460403442
4,task_5,102,16,0.711382269859314,-0.43006378412246704
4,task_5,102,17,0.7472073435783386,-0.30665236711502075
4,task_5,102,18,0.7902611494064331,-0.15972895920276642
4,task_5,102,19,0.8371649384498596,0.008138628676533699
4,task_5,102,20,0.8799575567245483,0.16116806864738464
4,task_5,102,21,0.9280504584312439,0.32949668169021606
4,task_5,102,22,0.971451997756958,0.4797486364841461
4,task_5,102,23,1.0236530303955078,0.6571785807609558
4,task_5,102,24,1.0760645866394043,0.8299900889396667
4,task_5,102,25,1.1246600151062012,0.9907459020614624
4,task_5,102,26,1.1764476299285889,1.1612560749053955
4,task_5,102,27,1.235347032546997,1.3456259965896606
4,task_5,102,28,1.2839261293411255,1.4886988401412964
4,task_5,102,29,1.8949263095855713,2.902780294418335
4,task_5,103,0,0.0,1.8875309228897095
4,task_5,103,1,0.0,1.8875309228897095
4,task_5,103,2,0.0,1.8875309228897095
4,task_5,103,3,0.0,1.8875309228897095
4,task_5,103,4,0.03832649439573288,1.6030555963516235
4,task_5,103,5,0.07488253712654114,1.3227343559265137
4,task_5,103,6,0.11153289675712585,0.9868937134742737
4,task_5,103,7,0.15233294665813446,0.6004116535186768
4,task_5,103,8,0.20206236839294434,0.1990533024072647
4,task_5,103,9,0.2478535920381546,-0.02978329174220562
4,task_5,103,10,0.29086148738861084,-0.13748212158679962
4,task_5,103,11,0.3506634831428528,-0.2225172519683838
4,task_5,103,12,0.40476882457733154,-0.2553784251213074
4,task_5,103,13,0.46781158447265625,-0.2853313088417053
4,task_5,103,14,0.5419148802757263,-0.31963878870010376
4,task_5,103,15,0.6039978265762329,-0.3733372390270233
4,task_5,103,16,0.6801289319992065,-0.4507041573524475
4,task_5,103,17,0.7596145868301392,-0.51275634765625
4,task_5,103,18,0.8448535203933716,-0.5622485876083374
4,task_5,103,19,0.9369889497756958,-0.6161872744560242
4,task_5,103,20,1.035590410232544,-0.6455332636833191
4,task_5,103,21,1.1354848146438599,-0.6674584746360779
4,task_5,103,22,1.261362910270691,-0.7056305408477783
4,task_5,103,23,1.3739047050476074,-0.7450563907623291
4,task_5,103,24,1.5018999576568604,-0.8119673728942871
4,task_5,103,25,1.637404441833496,-0.8853174448013306
4,task_5,103,26,1.7740398645401,-0.9534691572189331
4,task_5,103,27,1.9187246561050415,-0.9965001940727234
4,task_5,103,28,2.081876754760742,-1.0447636842727661
4,task_5,103,29,2.2436630725860596,-1.041205644607544
4,task_5,104,0,0.0,-0.5881249308586121
4,task_5,104,1,0.0,-0.5881249308586121
4,task_5,104,2,0.0,-0.5881249308586121
4,task_5,104,3,0.0,-0.5881249308586121
4,task_5,104,4,0.0,-0.5881249308586121
4,task_5,104,5,0.0,-0.5881249308586121
4,task_5,104,6,0.0,-0.5881249308586121
4,task_5,104,7,0.0,-0.5881249308586121
4,task_5,104,8,0.0,-0.5881249308586121
4,task_5,104,9,0.0,-0.5881249308586121
4,task_5,104,10,0.0,-0.5881249308586121
4,task_5,104,11,0.0,-0.5881249308586121
4,task_5,104,12,0.0,-0.5881249308586121
4,task_5,104,13,0.0,-0.5881249308586121
4,task_5,104,14,0.0,-0.5881249308586121
4,task_5,104,15,0.0,-0.5881249308586121
4,task_5,104,16,0.0,-0.5881249308586121
4,task_5,104,17,0.04083450138568878,-0.5090753436088562
4,task_5,104,18,0.08223234117031097,-0.3862801492214203
4,task_5,104,19,0.13070783019065857,-0.19487455487251282
4,task_5,104,20,0.1757218986749649,0.00732130091637373
4,task_5,104,21,0.21072618663311005,0.17889271676540375
4,task_5,104,22,0.2681933343410492,0.4633764624595642
4,task_5,104,23,0.3041992485523224,0.6394122838973999
4,task_5,104,24,0.3527422547340393,0.8547661900520325
4,task_5,104,25,0.3962606191635132,1.0376781225204468
4,task_5,104,26,0.4367944002151489,1.2086751461029053
4,task_5,104,27,0.47089290618896484,1.3518322706222534
4,task_5,104,28,0.5125991702079773,1.5264315605163574
4,task_5,104,29,1.1417824029922485,3.8199667930603027
4,task_5,105,0,0.0,0.2243642657995224
4,task_5,105,1,0.0,0.2243642657995224
4,task_5,105,2,0.0,0.2243642657995224
4,task_5,105,3,0.0,0.2243642657995224
4,task_5,105,4,0.0,0.2243642657995224
4,task_5,105,5,0.0,0.2243642657995224
4,task_5,105,6,0.0,0.2243642657995224
4,task_5,105,7,0.0,0.2243642657995224
4,task_5,105,8,0.0,0.2243642657995224
4,task_5,105,9,0.0,0.2243642657995224
4,task_5,105,10,0.0,0.2243642657995224
4,task_5,105,11,0.0,0.2243642657995224
4,task_5,105,12,0.0,0.2243642657995224
4,task_5,105,13,0.0,0.2243642657995224
4,task_5,105,14,0.0,0.2243642657995224
4,task_5,105,15,0.012933976948261261,0.08945601433515549
4,task_5,105,16,0.09491720795631409,-0.39007696509361267
4,task_5,105,17,0.17254813015460968,-0.5243324637413025
4,task_5,105,18,0.26945245265960693,-0.869255006313324
4,task_5,105,19,0.381209135055542,-1.0472005605697632
4,task_5,105,20,0.4938219487667084,-0.8414145708084106
4,task_5,105,21,0.620246410369873,-0.764761209487915
4,task_5,105,22,0.7690228819847107,-1.0876257419586182
4,task_5,105,23,0.9146148562431335,-1.3405240774154663
4,task_5,105,24,1.076750636100769,-1.244563341140747
4,task_5,105,25,1.2528191804885864,-1.2626255750656128
4,task_5,105,26,1.435218334197998,-0.7883549928665161
4,task_5,105,27,1.6350674629211426,0.8374564051628113
4,task_5,105,28,1.8566187620162964,2.9341795444488525
4,task_5,105,29,2.0717713832855225,2.9341795444488525
4,task_5,106,0,0.0,-0.8336412906646729
4,task_5,106,1,0.0,-0.8336412906646729
4,task_5,106,2,0.0,-0.8336412906646729
4,task_5,106,3,0.0,-0.8336412906646729
4,task_5,106,4,0.0,-0.8336412906646729
4,task_5,106,5,0.0,-0.8336412906646729
4,task_5,106,6,0.0,-0.8336412906646729
4,task_5,106,7,0.0,-0.8336412906646729
4,task_5,106,8,0.0,-0.8336412906646729
4,task_5,106,9,0.0,-0.8336412906646729
4,task_5,106,10,0.0,-0.8336412906646729
4,task_5,106,11,0.0,-0.8336412906646729
4,task_5,106,12,0.013193286955356598,-0.8122219443321228
4,task_5,106,13,0.08703144639730453,-0.6785018444061279
4,task_5,106,14,0.1456272006034851,-0.5697245597839355
4,task_5,106,15,0.2252066731452942,-0.4260414242744446
4,task_5,106,16,0.31543275713920593,-0.2685101628303528
4,task_5,106,17,0.4091682434082031,-0.13529983162879944
4,task_5,106,18,0.5033257603645325,0.002603771397843957
4,task_5,106,19,0.614970862865448,0.1749076247215271
4,task_5,106,20,0.7357281446456909,0.4074804484844208
4,task_5,106,21,0.8311675786972046,0.5933737754821777
4,task_5,106,22,0.969206690788269,0.8545393347740173
4,task_5,106,23,1.087304949760437,1.0277806520462036
4,task_5,106,24,1.219839334487915,1.207673192024231
4,task_5,106,25,1.3628662824630737,1.3770912885665894
4,task_5,106,26,1.51063072681427,1.5608965158462524
4,task_5,106,27,1.664697527885437,1.7447370290756226
4,task_5,106,28,1.8314228057861328,1.971455693244934
4,task_5,106,29,2.001775026321411,1.971455693244934
4,task_5,107,0,0.0,-0.44808635115623474
4,task_5,107,1,0.0,-0.44808635115623474
4,task_5,107,2,0.0,-0.44808635115623474
4,task_5,107,3,0.0,-0.44808635115623474
4,task_5,107,4,0.0,-0.44808635115623474
4,task_5,107,5,0.0,-0.44808635115623474
4,task_5,107,6,0.0,-0.44808635115623474
4,task_5,107,7,0.0,-0.44808635115623474
4,task_5,107,8,0.0,-0.44808635115623474
4,task_5,107,9,0.0,-0.44808635115623474
4,task_5,107,10,0.0,-0.44808635115623474
4,task_5,107,11,0.0,-0.44808635115623474
4,task_5,107,12,0.0,-0.44808635115623474
4,task_5,107,13,0.0,-0.44808635115623474
4,task_5,107,14,0.0,-0.44808635115623474
4,task_5,107,15,0.0,-0.44808635115623474
4,task_5,107,16,0.0,-0.44808635115623474
4,task_5,107,17,0.0,-0.44808635115623474
4,task_5,107,18,0.0,-0.44808635115623474
4,task_5,107,19,0.03427635133266449,-0.3854091167449951
4,task_5,107,20,0.09496092796325684,-0.23944473266601562
4,task_5,107,21,0.14910973608493805,-0.06768274307250977
4,task_5,107,22,0.20644491910934448,0.14142678678035736
4,task_5,107,23,0.2529623210430145,0.31808096170425415
4,task_5,107,24,0.3043658137321472,0.5130019783973694
4,task_5,107,25,0.3508262038230896,0.6812615394592285
4,task_5,107,26,0.39589548110961914,0.8361776471138
4,task_5,107,27,0.44379526376724243,0.9953609108924866
4,task_5,107,28,0.48180538415908813,1.1180009841918945
4,task_5,107,29,1.6379302740097046,4.602865695953369
4,task_5,108,0,0.0,-0.8316602110862732
4,task_5,108,1,0.0015813559293746948,-0.8268848061561584
4,task_5,108,2,0.0034988150000572205,-0.821090817451477
4,task_5,108,3,0.004025772213935852,-0.821090817451477
4,task_5,108,4,0.004711955785751343,-0.8191990852355957
4,task_5,108,5,0.005532160401344299,-0.8167600035667419
4,task_5,108,6,0.006849147379398346,-0.8132051825523376
4,task_5,108,7,0.008118018507957458,-0.8094508051872253
4,task_5,108,8,0.01002471148967743,-0.8040556311607361
4,task_5,108,9,0.011508159339427948,-0.7996138334274292
4,task_5,108,10,0.012561038136482239,-0.7959966659545898
4,task_5,108,11,0.013210691511631012,-0.7940841317176819
4,task_5,108,12,0.014230683445930481,-0.7915999889373779
4,task_5,108,13,0.014917455613613129,-0.7901239991188049
4,task_5,108,14,0.017170004546642303,-0.784337043762207
4,task_5,108,15,0.01749054342508316,-0.784337043762207
4,task_5,108,16,0.0200587660074234,-0.7759178280830383
4,task_5,108,17,0.022378526628017426,-0.769096314907074
4,task_5,108,18,0.7435078620910645,1.204041838645935
4,task_5,108,19,0.7435078620910645,1.204041838645935
4,task_5,108,20,0.7435078620910645,1.204041838645935
4,task_5,108,21,0.7435078620910645,1.204041838645935
4,task_5,108,22,0.7435078620910645,1.204041838645935
4,task_5,108,23,0.7435078620910645,1.204041838645935
4,task_5,108,24,0.7435078620910645,1.204041838645935
4,task_5,108,25,0.7435078620910645,1.204041838645935
4,task_5,108,26,0.7435078620910645,1.204041838645935
4,task_5,108,27,0.7435078620910645,1.204041838645935
4,task_5,108,28,0.7435078620910645,1.204041838645935
4,task_5,108,29,0.7435078620910645,1.204041838645935
4,task_5,109,0,0.051236242055892944,2.578800916671753
4,task_5,109,1,0.07551250606775284,2.2536587715148926
4,task_5,109,2,0.09912906587123871,1.9169373512268066
4,task_5,109,3,0.12316634505987167,1.5455162525177002
4,task_5,109,4,0.15028509497642517,1.0577350854873657
4,task_5,109,5,0.1759887933731079,0.6211575865745544
4,task_5,109,6,0.1902138590812683,0.4267149567604065
4,task_5,109,7,0.22621899843215942,0.09203209728002548
4,task_5,109,8,0.2502872943878174,0.003917783033102751
4,task_5,109,9,0.2799207270145416,-0.022369738668203354
4,task_5,109,10,0.3105293810367584,-0.034595388919115067
4,task_5,109,11,0.34364572167396545,-0.056654397398233414
4,task_5,109,12,0.3819495439529419,-0.09551552683115005
4,task_5,109,13,0.4172782003879547,-0.1208491399884224
4,task_5,109,14,0.4622657895088196,-0.2026025503873825
4,task_5,109,15,0.5115792751312256,-0.3012034296989441
4,task_5,109,16,0.5502095818519592,-0.32143622636795044
4,task_5,109,17,0.6154681444168091,-0.3627168536186218
4,task_5,109,18,0.6631278991699219,-0.3917217254638672
4,task_5,109,19,0.7253577709197998,-0.40378960967063904
4,task_5,109,20,0.7962327599525452,-0.40621867775917053
4,task_5,109,21,0.8681389093399048,-0.4191333055496216
4,task_5,109,22,0.9571589827537537,-0.45836102962493896
4,task_5,109,23,1.0337774753570557,-0.4870379865169525
4,task_5,109,24,1.1291838884353638,-0.5891237258911133
4,task_5,109,25,1.2211275100708008,-0.6939685344696045
4,task_5,109,26,1.328871726989746,-0.8650097846984863
4,task_5,109,27,1.4402449131011963,-1.0814191102981567
4,task_5,109,28,1.544954776763916,-1.2741426229476929
4,task_5,109,29,1.8359893560409546,-1.9085986614227295
4,task_5,110,0,0.0,2.25592303276062
4,task_5,110,1,0.019614089280366898,2.0239980220794678
4,task_5,110,2,0.037516411393880844,1.8121713399887085
4,task_5,110,3,0.06037097051739693,1.5459874868392944
4,task_5,110,4,0.07749944925308228,1.3322975635528564
4,task_5,110,5,0.10387315601110458,0.9922987222671509
4,task_5,110,6,0.12108775973320007,0.7611538171768188
4,task_5,110,7,0.1446201354265213,0.444259375333786
4,task_5,110,8,0.17220644652843475,0.07685033977031708
4,task_5,110,9,0.19594122469425201,-0.2022337168455124
4,task_5,110,10,0.22263015806674957,-0.46076104044914246
4,task_5,110,11,0.2594049870967865,-0.7334263324737549
4,task_5,110,12,0.29081103205680847,-0.8701848387718201
4,task_5,110,13,0.3253663182258606,-0.9296430349349976
4,task_5,110,14,0.3740169107913971,-0.9618141651153564
4,task_5,110,15,0.4178027808666229,-0.9711577296257019
4,task_5,110,16,0.47278496623039246,-0.9726296067237854
4,task_5,110,17,0.5195331573486328,-0.9559605121612549
4,task_5,110,18,0.5787687301635742,-0.9228617548942566
4,task_5,110,19,0.6392671465873718,-0.8810949325561523
4,task_5,110,20,0.7088614702224731,-0.8217843770980835
4,task_5,110,21,0.7869656085968018,-0.756605327129364
4,task_5,110,22,0.8750619292259216,-0.6488800048828125
4,task_5,110,23,0.9552469849586487,-0.5301560163497925
4,task_5,110,24,1.0556323528289795,-0.3829400837421417
4,task_5,110,25,1.160347580909729,-0.23610854148864746
4,task_5,110,26,1.2772672176361084,-0.07927076518535614
4,task_5,110,27,1.3818047046661377,0.059537939727306366
4,task_5,110,28,1.512686848640442,0.2290392816066742
4,task_5,110,29,1.948844313621521,0.7839944362640381
4,task_5,111,0,0.0,-0.264229953289032
4,task_5,111,1,0.0,-0.264229953289032
4,task_5,111,2,0.0,-0.264229953289032
4,task_5,111,3,0.0,-0.264229953289032
4,task_5,111,4,0.0,-0.264229953289032
4,task_5,111,5,0.0,-0.264229953289032
4,task_5,111,6,0.0,-0.264229953289032
4,task_5,111,7,0.0,-0.264229953289032
4,task_5,111,8,0.0,-0.264229953289032
4,task_5,111,9,0.0,-0.264229953289032
4,task_5,111,10,0.0,-0.264229953289032
4,task_5,111,11,0.0,-0.264229953289032
4,task_5,111,12,0.0,-0.264229953289032
4,task_5,111,13,0.0,-0.264229953289032
4,task_5,111,14,0.0,-0.264229953289032
4,task_5,111,15,0.0,-0.264229953289032
4,task_5,111,16,0.0,-0.264229953289032
4,task_5,111,17,0.0,-0.264229953289032
4,task_5,111,18,0.0,-0.264229953289032
4,task_5,111,19,0.0,-0.264229953289032
4,task_5,111,20,0.0,-0.264229953289032
4,task_5,111,21,0.0,-0.264229953289032
4,task_5,111,22,0.0,-0.264229953289032
4,task_5,111,23,0.0,-0.264229953289032
4,task_5,111,24,0.004406506195664406,-0.24262450635433197
4,task_5,111,25,0.04932857304811478,-0.02077459543943405
4,task_5,111,26,0.10515929758548737,0.249071404337883
4,task_5,111,27,0.1554618924856186,0.4815230965614319
4,task_5,111,28,0.21090777218341827,0.7329220175743103
4,task_5,111,29,1.2516506910324097,5.141401290893555
4,task_5,112,0,0.0,-0.4902511537075043
4,task_5,112,1,0.0,-0.4902511537075043
4,task_5,112,2,0.0,-0.4902511537075043
4,task_5,112,3,0.0,-0.4902511537075043
4,task_5,112,4,0.0,-0.4902511537075043
4,task_5,112,5,0.0,-0.4902511537075043
4,task_5,112,6,0.0,-0.4902511537075043
4,task_5,112,7,0.0,-0.4902511537075043
4,task_5,112,8,0.0,-0.4902511537075043
4,task_5,112,9,0.0,-0.4902511537075043
4,task_5,112,10,0.0,-0.4902511537075043
4,task_5,112,11,0.0,-0.4902511537075043
4,task_5,112,12,0.0,-0.4902511537075043
4,task_5,112,13,0.0,-0.4902511537075043
4,task_5,112,14,0.0,-0.4902511537075043
4,task_5,112,15,0.0,-0.4902511537075043
4,task_5,112,16,0.0,-0.4902511537075043
4,task_5,112,17,0.0,-0.4902511537075043
4,task_5,112,18,0.0,-0.4902511537075043
4,task_5,112,19,0.0,-0.4902511537075043
4,task_5,112,20,0.0,-0.4902511537075043
4,task_5,112,21,0.0,-0.4902511537075043
4,task_5,112,22,0.04088246822357178,-0.16713465750217438
4,task_5,112,23,0.08257660269737244,0.12069831043481827
4,task_5,112,24,0.12884125113487244,0.44104209542274475
4,task_5,112,25,0.1757933795452118,1.0419833660125732
4,task_5,112,26,0.22373002767562866,1.7014334201812744
4,task_5,112,27,0.28177258372306824,2.5491673946380615
4,task_5,112,28,0.3344312012195587,2.5491673946380615
4,task_5,112,29,0.40635329484939575,2.5491673946380615
4,task_5,113,0,9.999999747378752e-05,-0.11368683725595474
4,task_5,113,1,9.999999747378752e-05,-0.11368683725595474
4,task_5,113,2,9.999999747378752e-05,-0.11368683725595474
4,task_5,113,3,9.999999747378752e-05,-0.11368683725595474
4,task_5,113,4,9.999999747378752e-05,-0.11368683725595474
4,task_5,113,5,9.999999747378752e-05,-0.11368683725595474
4,task_5,113,6,9.999999747378752e-05,-0.11368683725595474
4,task_5,113,7,9.999999747378752e-05,-0.11368683725595474
4,task_5,113,8,9.999999747378752e-05,-0.11368683725595474
4,task_5,113,9,9.999999747378752e-05,-0.11368683725595474
4,task_5,113,10,9.999999747378752e-05,-0.11368683725595474
4,task_5,113,11,9.999999747378752e-05,-0.11368683725595474
4,task_5,113,12,9.999999747378752e-05,-0.11368683725595474
4,task_5,113,13,9.999999747378752e-05,-0.11368683725595474
4,task_5,113,14,9.999999747378752e-05,-0.11368683725595474
4,task_5,113,15,9.999999747378752e-05,-0.11368683725595474
4,task_5,113,16,9.999999747378752e-05,-0.11368683725595474
4,task_5,113,17,9.999999747378752e-05,-0.11368683725595474
4,task_5,113,18,9.999999747378752e-05,-0.11368683725595474
4,task_5,113,19,9.999999747378752e-05,-0.11368683725595474
4,task_5,113,20,9.999999747378752e-05,-0.11368683725595474
4,task_5,113,21,9.999999747378752e-05,-0.11368683725595474
4,task_5,113,22,9.999999747378752e-05,-0.11368683725595474
4,task_5,113,23,9.999999747378752e-05,-0.11368683725595474
4,task_5,113,24,9.999999747378752e-05,-0.11368683725595474
4,task_5,113,25,9.999999747378752e-05,-0.11368683725595474
4,task_5,113,26,9.999999747378752e-05,-0.11368683725595474
4,task_5,113,27,9.999999747378752e-05,-0.11368683725595474
4,task_5,113,28,9.999999747378752e-05,-0.11368683725595474
4,task_5,113,29,9.999999747378752e-05,-0.11368683725595474
4,task_5,114,0,0.0,-0.19408179819583893
4,task_5,114,1,0.0,-0.19408179819583893
4,task_5,114,2,0.0,-0.19408179819583893
4,task_5,114,3,0.0,-0.19408179819583893
4,task_5,114,4,0.0,-0.19408179819583893
4,task_5,114,5,0.0,-0.19408179819583893
4,task_5,114,6,0.0,-0.19408179819583893
4,task_5,114,7,0.0,-0.19408179819583893
4,task_5,114,8,0.0,-0.19408179819583893
4,task_5,114,9,0.0,-0.19408179819583893
4,task_5,114,10,0.0,-0.19408179819583893
4,task_5,114,11,0.0,-0.19408179819583893
4,task_5,114,12,0.0,-0.19408179819583893
4,task_5,114,13,0.0,-0.19408179819583893
4,task_5,114,14,0.0,-0.19408179819583893
4,task_5,114,15,0.0,-0.19408179819583893
4,task_5,114,16,0.0,-0.19408179819583893
4,task_5,114,17,0.0,-0.19408179819583893
4,task_5,114,18,0.0,-0.19408179819583893
4,task_5,114,19,0.0,-0.19408179819583893
4,task_5,114,20,0.0,-0.19408179819583893
4,task_5,114,21,0.0,-0.19408179819583893
4,task_5,114,22,0.0,-0.19408179819583893
4,task_5,114,23,0.0,-0.19408179819583893
4,task_5,114,24,0.0,-0.19408179819583893
4,task_5,114,25,0.0,-0.19408179819583893
4,task_5,114,26,0.0,-0.19408179819583893
4,task_5,114,27,0.015973880887031555,-0.12666013836860657
4,task_5,114,28,0.06494259834289551,0.07908225059509277
4,task_5,114,29,1.3872621059417725,5.287785530090332
4,task_5,115,0,0.11343008279800415,2.532322406768799
4,task_5,115,1,0.15156349539756775,2.205888271331787
4,task_5,115,2,0.18529796600341797,1.8850499391555786
4,task_5,115,3,0.2135867029428482,1.6043635606765747
4,task_5,115,4,0.24406005442142487,1.2699543237686157
4,task_5,115,5,0.2855346202850342,0.8703827857971191
4,task_5,115,6,0.3155602812767029,0.6068595051765442
4,task_5,115,7,0.34950971603393555,0.3468855619430542
4,task_5,115,8,0.38790881633758545,0.13467825949192047
4,task_5,115,9,0.42653414607048035,-0.02133116126060486
4,task_5,115,10,0.4604719281196594,-0.11256766319274902
4,task_5,115,11,0.5038484334945679,-0.2103724628686905
4,task_5,115,12,0.5422977209091187,-0.2647460401058197
4,task_5,115,13,0.5813586115837097,-0.30704644322395325
4,task_5,115,14,0.6408998966217041,-0.33525002002716064
4,task_5,115,15,0.6805309057235718,-0.3473653793334961
4,task_5,115,16,0.7365188598632812,-0.3635523021221161
4,task_5,115,17,0.7974420189857483,-0.3874584436416626
4,task_5,115,18,0.8588480949401855,-0.4235904812812805
4,task_5,115,19,0.922883927822113,-0.4657401144504547
4,task_5,115,20,0.990599513053894,-0.497642457485199
4,task_5,115,21,1.0660638809204102,-0.5371110439300537
4,task_5,115,22,1.154687762260437,-0.5755228996276855
4,task_5,115,23,1.244105577468872,-0.6364268064498901
4,task_5,115,24,1.3429009914398193,-0.7209020256996155
4,task_5,115,25,1.445257306098938,-0.8070524334907532
4,task_5,115,26,1.5515379905700684,-0.8997181057929993
4,task_5,115,27,1.658728003501892,-0.9786044955253601
4,task_5,115,28,1.783848762512207,-1.0762403011322021
4,task_5,115,29,2.3413703441619873,-1.4881447553634644
4,task_5,116,0,0.0,1.88335120677948
4,task_5,116,1,0.0,1.88335120677948
4,task_5,116,2,0.0,1.88335120677948
4,task_5,116,3,0.02290666103363037,1.710843563079834
4,task_5,116,4,0.04946886748075485,1.4952747821807861
4,task_5,116,5,0.07799524068832397,1.252930760383606
4,task_5,116,6,0.10691972076892853,1.0057379007339478
4,task_5,116,7,0.14526264369487762,0.7082337737083435
4,task_5,116,8,0.1828700453042984,0.4482622444629669
4,task_5,116,9,0.21585452556610107,0.2217649668455124
4,task_5,116,10,0.2618643045425415,-0.004965485073626041
4,task_5,116,11,0.30318504571914673,-0.10749738663434982
4,task_5,116,12,0.34804046154022217,-0.17821568250656128
4,task_5,116,13,0.4063411355018616,-0.25043463706970215
4,task_5,116,14,0.4522148072719574,-0.31947454810142517
4,task_5,116,15,0.5224382877349854,-0.4187335669994354
4,task_5,116,16,0.578022837638855,-0.47560572624206543
4,task_5,116,17,0.6459934711456299,-0.521563708782196
4,task_5,116,18,0.7157770395278931,-0.5641013383865356
4,task_5,116,19,0.7971067428588867,-0.624289870262146
4,task_5,116,20,0.8899408578872681,-0.6984613537788391
4,task_5,116,21,0.9747138023376465,-0.7576940655708313
4,task_5,116,22,1.074286699295044,-0.8126490116119385
4,task_5,116,23,1.1658416986465454,-0.8576905727386475
4,task_5,116,24,1.2779343128204346,-0.9164064526557922
4,task_5,116,25,1.3894128799438477,-0.953355610370636
4,task_5,116,26,1.5075830221176147,-0.9978886246681213
4,task_5,116,27,1.637574315071106,-1.0273946523666382
4,task_5,116,28,1.7682636976242065,-1.0355507135391235
4,task_5,116,29,2.2065794467926025,-0.9711236953735352
4,task_5,117,0,0.0,-0.4785963296890259
4,task_5,117,1,0.0,-0.4785963296890259
4,task_5,117,2,0.0,-0.4785963296890259
4,task_5,117,3,0.0,-0.4785963296890259
4,task_5,117,4,0.0,-0.4785963296890259
4,task_5,117,5,0.0,-0.4785963296890259
4,task_5,117,6,0.0,-0.4785963296890259
4,task_5,117,7,0.0,-0.4785963296890259
4,task_5,117,8,0.0,-0.4785963296890259
4,task_5,117,9,0.0,-0.4785963296890259
4,task_5,117,10,0.0,-0.4785963296890259
4,task_5,117,11,0.0,-0.4785963296890259
4,task_5,117,12,0.0,-0.4785963296890259
4,task_5,117,13,0.0,-0.4785963296890259
4,task_5,117,14,0.0,-0.4785963296890259
4,task_5,117,15,0.0,-0.4785963296890259
4,task_5,117,16,0.0,-0.4785963296890259
4,task_5,117,17,0.0,-0.4785963296890259
4,task_5,117,18,0.0,-0.4785963296890259
4,task_5,117,19,0.038882702589035034,-0.3584466874599457
4,task_5,117,20,0.088987797498703,-0.17668628692626953
4,task_5,117,21,0.14027903974056244,0.030442727729678154
4,task_5,117,22,0.1867564171552658,0.2388179451227188
4,task_5,117,23,0.2286609560251236,0.4400216042995453
4,task_5,117,24,0.26264166831970215,0.597812831401825
4,task_5,117,25,0.2929725646972656,0.7330801486968994
4,task_5,117,26,0.3329012393951416,0.9098583459854126
4,task_5,117,27,0.3606477379798889,1.0347124338150024
4,task_5,117,28,0.38820499181747437,1.1608861684799194
4,task_5,117,29,1.1421663761138916,4.482830047607422
4,task_5,118,0,0.0,-0.7411996722221375
4,task_5,118,1,0.0,-0.7411996722221375
4,task_5,118,2,0.0,-0.7411996722221375
4,task_5,118,3,0.0,-0.7411996722221375
4,task_5,118,4,0.0,-0.7411996722221375
4,task_5,118,5,0.0,-0.7411996722221375
4,task_5,118,6,0.0,-0.7411996722221375
4,task_5,118,7,0.0,-0.7411996722221375
4,task_5,118,8,0.0,-0.7411996722221375
4,task_5,118,9,0.0,-0.7411996722221375
4,task_5,118,10,0.0,-0.7411996722221375
4,task_5,118,11,0.0,-0.7411996722221375
4,task_5,118,12,0.0,-0.7411996722221375
4,task_5,118,13,0.0,-0.7411996722221375
4,task_5,118,14,0.0,-0.7411996722221375
4,task_5,118,15,0.0,-0.7411996722221375
4,task_5,118,16,0.0,-0.7411996722221375
4,task_5,118,17,0.006763112731277943,-0.4564644694328308
4,task_5,118,18,0.013637185096740723,-0.14646033942699432
4,task_5,118,19,0.021103374660015106,0.1907435953617096
4,task_5,118,20,0.03020860254764557,0.4678439199924469
4,task_5,118,21,0.03834835812449455,0.7099118828773499
4,task_5,118,22,0.04578149691224098,0.9022131562232971
4,task_5,118,23,0.05181553214788437,1.1169867515563965
4,task_5,118,24,0.05804251879453659,1.2620540857315063
4,task_5,118,25,0.06415865570306778,1.4043314456939697
4,task_5,118,26,0.06813863664865494,1.4973220825195312
4,task_5,118,27,0.07329913973808289,1.6193599700927734
4,task_5,118,28,0.08358822762966156,1.8582700490951538
4,task_5,118,29,0.09720063954591751,2.1742823123931885
4,task_5,119,0,0.0,-0.18683890998363495
4,task_5,119,1,0.0,-0.18683890998363495
4,task_5,119,2,0.0,-0.18683890998363495
4,task_5,119,3,0.0,-0.18683890998363495
4,task_5,119,4,0.0,-0.18683890998363495
4,task_5,119,5,0.0,-0.18683890998363495
4,task_5,119,6,0.0,-0.18683890998363495
4,task_5,119,7,0.0,-0.18683890998363495
4,task_5,119,8,0.0,-0.18683890998363495
4,task_5,119,9,0.0,-0.18683890998363495
4,task_5,119,10,0.0,-0.18683890998363495
4,task_5,119,11,0.0,-0.18683890998363495
4,task_5,119,12,0.0,-0.18683890998363495
4,task_5,119,13,0.0,-0.18683890998363495
4,task_5,119,14,0.0,-0.18683890998363495
4,task_5,119,15,0.0,-0.18683890998363495
4,task_5,119,16,0.0,-0.18683890998363495
4,task_5,119,17,0.0,-0.18683890998363495
4,task_5,119,18,0.0,-0.18683890998363495
4,task_5,119,19,0.0,-0.18683890998363495
4,task_5,119,20,0.0,-0.18683890998363495
4,task_5,119,21,0.0,-0.18683890998363495
4,task_5,119,22,0.0,-0.18683890998363495
4,task_5,119,23,0.0,-0.18683890998363495
4,task_5,119,24,0.0,-0.18683890998363495
4,task_5,119,25,0.0,-0.18683890998363495
4,task_5,119,26,0.0,-0.18683890998363495
4,task_5,119,27,0.0,-0.18683890998363495
4,task_5,119,28,0.0057988241314888,-0.06178368628025055
4,task_5,119,29,0.29219797253608704,5.293272972106934
4,task_5,120,0,0.0,0.8577607274055481
4,task_5,120,1,0.0,0.8577607274055481
4,task_5,120,2,0.0,0.8577607274055481
4,task_5,120,3,0.0,0.8577607274055481
4,task_5,120,4,0.0409197136759758,-0.253963828086853
4,task_5,120,5,0.08737175911664963,-1.4142682552337646
4,task_5,120,6,0.1562519073486328,-2.144315004348755
4,task_5,120,7,0.2070959210395813,-2.0156362056732178
4,task_5,120,8,0.25857099890708923,-1.7595020532608032
4,task_5,120,9,0.31434547901153564,-1.4009472131729126
4,task_5,120,10,0.3749680519104004,-1.102356195449829
4,task_5,120,11,0.42138850688934326,-0.8893157243728638
4,task_5,120,12,0.4835885763168335,-0.5908206701278687
4,task_5,120,13,0.5337597727775574,-0.3664122521877289
4,task_5,120,14,0.5892369151115417,-0.1548563539981842
4,task_5,120,15,0.6390702128410339,-0.025993509218096733
4,task_5,120,16,0.7008995413780212,0.07192926853895187
4,task_5,120,17,0.7556154727935791,0.14617487788200378
4,task_5,120,18,0.8086466193199158,0.22575263679027557
4,task_5,120,19,0.8751317858695984,0.33637550473213196
4,task_5,120,20,0.9359378814697266,0.3915499448776245
4,task_5,120,21,0.985713005065918,0.4718363583087921
4,task_5,120,22,1.0528006553649902,0.570376455783844
4,task_5,120,23,1.1087327003479004,0.6236467957496643
4,task_5,120,24,1.171424388885498,0.6640710234642029
4,task_5,120,25,1.2406120300292969,0.7535964250564575
4,task_5,120,26,1.3070653676986694,0.8124495148658752
4,task_5,120,27,1.3716727495193481,0.8937370777130127
4,task_5,120,28,1.4406174421310425,0.9787513613700867
4,task_5,120,29,1.990962028503418,1.7470980882644653
4,task_5,121,0,0.0,-0.5719744563102722
4,task_5,121,1,0.0,-0.5719744563102722
4,task_5,121,2,0.0,-0.5719744563102722
4,task_5,121,3,0.0,-0.5719744563102722
4,task_5,121,4,0.0,-0.5719744563102722
4,task_5,121,5,0.0,-0.5719744563102722
4,task_5,121,6,0.0,-0.5719744563102722
4,task_5,121,7,0.0,-0.5719744563102722
4,task_5,121,8,0.0,-0.5719744563102722
4,task_5,121,9,0.0,-0.5719744563102722
4,task_5,121,10,0.0,-0.5719744563102722
4,task_5,121,11,0.0,-0.5719744563102722
4,task_5,121,12,0.0,-0.5719744563102722
4,task_5,121,13,0.0,-0.5719744563102722
4,task_5,121,14,0.0,-0.5719744563102722
4,task_5,121,15,0.0,-0.5719744563102722
4,task_5,121,16,0.0,-0.5719744563102722
4,task_5,121,17,3.141909837722778e-05,-0.5719744563102722
4,task_5,121,18,0.08897560834884644,-0.4576431214809418
4,task_5,121,19,0.17320650815963745,-0.2911522388458252
4,task_5,121,20,0.25338155031204224,-0.051347650587558746
4,task_5,121,21,0.32558372616767883,0.18263782560825348
4,task_5,121,22,0.3955971300601959,0.41086500883102417
4,task_5,121,23,0.4664953351020813,0.6421226263046265
4,task_5,121,24,0.5350375771522522,0.8559876084327698
4,task_5,121,25,0.5922405123710632,1.0297585725784302
4,task_5,121,26,0.6503366827964783,1.207869291305542
4,task_5,121,27,0.7062482833862305,1.3799002170562744
4,task_5,121,28,0.7660753130912781,1.5671541690826416
4,task_5,121,29,1.5183628797531128,3.819387674331665
4,task_5,122,0,0.0,-0.348483681678772
4,task_5,122,1,0.0,-0.348483681678772
4,task_5,122,2,0.0,-0.348483681678772
4,task_5,122,3,0.0,-0.348483681678772
4,task_5,122,4,0.0,-0.348483681678772
4,task_5,122,5,0.0,-0.348483681678772
4,task_5,122,6,0.0,-0.348483681678772
4,task_5,122,7,0.0,-0.348483681678772
4,task_5,122,8,0.0,-0.348483681678772
4,task_5,122,9,0.0,-0.348483681678772
4,task_5,122,10,0.0,-0.348483681678772
4,task_5,122,11,0.0,-0.348483681678772
4,task_5,122,12,0.0,-0.348483681678772
4,task_5,122,13,0.0,-0.348483681678772
4,task_5,122,14,0.0,-0.348483681678772
4,task_5,122,15,0.0,-0.348483681678772
4,task_5,122,16,0.0,-0.348483681678772
4,task_5,122,17,0.0,-0.348483681678772
4,task_5,122,18,0.0,-0.348483681678772
4,task_5,122,19,0.0,-0.348483681678772
4,task_5,122,20,0.0,-0.348483681678772
4,task_5,122,21,0.0,-0.348483681678772
4,task_5,122,22,0.0,-0.348483681678772
4,task_5,122,23,0.0789569765329361,-0.06542863696813583
4,task_5,122,24,0.15401127934455872,0.18245406448841095
4,task_5,122,25,0.22882141172885895,0.4220179319381714
4,task_5,122,26,0.30604657530784607,0.6679885983467102
4,task_5,122,27,0.3790418207645416,0.8800047636032104
4,task_5,122,28,0.44381195306777954,1.0667470693588257
4,task_5,122,29,1.878897786140442,4.861340045928955
4,task_5,123,0,0.058025896549224854,-0.5075554847717285
4,task_5,123,1,0.065479576587677,-0.45395687222480774
4,task_5,123,2,0.0691400021314621,-0.43128201365470886
4,task_5,123,3,0.07394552230834961,-0.39566630125045776
4,task_5,123,4,0.07770135998725891,-0.3694436252117157
4,task_5,123,5,0.08258624374866486,-0.33373385667800903
4,task_5,123,6,0.08977673947811127,-0.28216931223869324
4,task_5,123,7,0.09495896100997925,-0.24276994168758392
4,task_5,123,8,0.10093435645103455,-0.21368737518787384
4,task_5,123,9,0.10857021808624268,-0.2128850370645523
4,task_5,123,10,0.11819788813591003,-0.2584051787853241
4,task_5,123,11,0.12917932868003845,-0.34464558959007263
4,task_5,123,12,0.14080257713794708,-0.46599718928337097
4,task_5,123,13,0.1526816338300705,-0.5734447240829468
4,task_5,123,14,0.16254393756389618,-0.6524705290794373
4,task_5,123,15,0.1800146996974945,-0.7505284547805786
4,task_5,123,16,0.19001612067222595,-0.8011166453361511
4,task_5,123,17,0.20339784026145935,-0.8855795860290527
4,task_5,123,18,0.22056953608989716,-0.8656532168388367
4,task_5,123,19,0.2322123944759369,-0.828305184841156
4,task_5,123,20,0.24768224358558655,-0.7231961488723755
4,task_5,123,21,0.266616553068161,-0.4308760166168213
4,task_5,123,22,0.28299131989479065,-0.09961860626935959
4,task_5,123,23,0.30181896686553955,0.19905157387256622
4,task_5,123,24,0.3281169533729553,0.7793790698051453
4,task_5,123,25,0.3534706234931946,1.3574669361114502
4,task_5,123,26,0.37893348932266235,1.9964321851730347
4,task_5,123,27,0.399239718914032,2.381030559539795
4,task_5,123,28,0.42395660281181335,2.7285003662109375
4,task_5,123,29,0.7140465974807739,1.6811248064041138
4,task_5,124,0,0.0,-0.6663209199905396
4,task_5,124,1,0.0,-0.6663209199905396
4,task_5,124,2,0.0,-0.6663209199905396
4,task_5,124,3,0.0,-0.6663209199905396
4,task_5,124,4,0.0,-0.6663209199905396
4,task_5,124,5,0.0,-0.6663209199905396
4,task_5,124,6,0.0,-0.6663209199905396
4,task_5,124,7,0.0,-0.6663209199905396
4,task_5,124,8,0.0,-0.6663209199905396
4,task_5,124,9,0.0,-0.6663209199905396
4,task_5,124,10,0.0,-0.6663209199905396
4,task_5,124,11,0.0,-0.6663209199905396
4,task_5,124,12,0.0,-0.6663209199905396
4,task_5,124,13,0.0,-0.6663209199905396
4,task_5,124,14,0.0,-0.6663209199905396
4,task_5,124,15,0.0,-0.6663209199905396
4,task_5,124,16,0.0,-0.6663209199905396
4,task_5,124,17,0.017756223678588867,-0.5920827984809875
4,task_5,124,18,0.05218316614627838,-0.37231525778770447
4,task_5,124,19,0.08536075800657272,-0.04795030504465103
4,task_5,124,20,0.1067124530673027,0.18548204004764557
4,task_5,124,21,0.13564011454582214,0.49531060457229614
4,task_5,124,22,0.15885230898857117,0.7310725450515747
4,task_5,124,23,0.17954376339912415,0.9317697882652283
4,task_5,124,24,0.19351467490196228,1.0653866529464722
4,task_5,124,25,0.21440652012825012,1.2655240297317505
4,task_5,124,26,0.22611397504806519,1.3783639669418335
4,task_5,124,27,0.24196186661720276,1.5313596725463867
4,task_5,124,28,0.25671908259391785,1.674453616142273
4,task_5,124,29,0.42204761505126953,3.0810811519622803
4,task_5,125,0,0.0,1.6547470092773438
4,task_5,125,1,0.0,1.6547470092773438
4,task_5,125,2,0.0,1.6547470092773438
4,task_5,125,3,0.04120321571826935,1.5454531908035278
4,task_5,125,4,0.08870384097099304,1.4091625213623047
4,task_5,125,5,0.14382313191890717,1.2472121715545654
4,task_5,125,6,0.21270640194416046,1.0152209997177124
4,task_5,125,7,0.2638694643974304,0.8238304853439331
4,task_5,125,8,0.3395542502403259,0.5649740099906921
4,task_5,125,9,0.40182241797447205,0.3898554742336273
4,task_5,125,10,0.4772316813468933,0.2374885231256485
4,task_5,125,11,0.5550020337104797,0.12876226007938385
4,task_5,125,12,0.6492289304733276,0.024466633796691895
4,task_5,125,13,0.7463982701301575,-0.06054897978901863
4,task_5,125,14,0.835273802280426,-0.12416716665029526
4,task_5,125,15,0.9526712894439697,-0.20142699778079987
4,task_5,125,16,1.0831507444381714,-0.27737700939178467
4,task_5,125,17,1.2093831300735474,-0.34459999203681946
4,task_5,125,18,1.3414781093597412,-0.414300799369812
4,task_5,125,19,1.50465989112854,-0.5041354298591614
4,task_5,125,20,1.6684494018554688,-0.5889931321144104
4,task_5,125,21,1.8280094861984253,-0.6712711453437805
4,task_5,125,22,2.034212589263916,-0.7667853832244873
4,task_5,125,23,2.223740577697754,-0.8543745875358582
4,task_5,125,24,2.443474531173706,-0.9549480676651001
4,task_5,125,25,2.6777122020721436,-1.0614292621612549
4,task_5,125,26,2.9287378787994385,-1.1739603281021118
4,task_5,125,27,3.1757631301879883,-1.2824878692626953
4,task_5,125,28,3.457852602005005,-1.409441351890564
4,task_5,125,29,4.014448642730713,-1.6604175567626953
4,task_5,126,0,0.0,0.37340766191482544
4,task_5,126,1,0.0,0.37340766191482544
4,task_5,126,2,0.0,0.37340766191482544
4,task_5,126,3,0.0,0.37340766191482544
4,task_5,126,4,0.0,0.37340766191482544
4,task_5,126,5,0.0,0.37340766191482544
4,task_5,126,6,0.0,0.37340766191482544
4,task_5,126,7,0.0,0.37340766191482544
4,task_5,126,8,0.0,0.37340766191482544
4,task_5,126,9,0.0,0.37340766191482544
4,task_5,126,10,0.0,0.37340766191482544
4,task_5,126,11,0.0,0.37340766191482544
4,task_5,126,12,0.0,0.37340766191482544
4,task_5,126,13,0.0,0.37340766191482544
4,task_5,126,14,0.0,0.37340766191482544
4,task_5,126,15,0.0,0.37340766191482544
4,task_5,126,16,0.0,0.37340766191482544
4,task_5,126,17,0.0,0.37340766191482544
4,task_5,126,18,0.0,0.37340766191482544
4,task_5,126,19,0.0,0.37340766191482544
4,task_5,126,20,0.0,0.37340766191482544
4,task_5,126,21,0.0,0.37340766191482544
4,task_5,126,22,0.0,0.37340766191482544
4,task_5,126,23,0.0,0.37340766191482544
4,task_5,126,24,0.02192552387714386,0.8435100317001343
4,task_5,126,25,0.08267153799533844,0.17685316503047943
4,task_5,126,26,0.15185870230197906,-2.4955365657806396
4,task_5,126,27,0.205966517329216,-2.4955365657806396
4,task_5,126,28,0.2722596526145935,-2.4955365657806396
4,task_5,126,29,0.36861249804496765,-2.4955365657806396
4,task_5,127,0,0.8645286560058594,0.0
4,task_5,127,1,0.8645286560058594,0.0
4,task_5,127,2,0.8645286560058594,0.0
4,task_5,127,3,0.8645286560058594,0.0
4,task_5,127,4,0.8645286560058594,0.0
4,task_5,127,5,0.8645286560058594,0.0
4,task_5,127,6,0.8645286560058594,0.0
4,task_5,127,7,0.8645286560058594,0.0
4,task_5,127,8,0.8645286560058594,0.0
4,task_5,127,9,0.8645286560058594,0.0
4,task_5,127,10,0.8645286560058594,0.0
4,task_5,127,11,0.8645286560058594,0.0
4,task_5,127,12,0.8645286560058594,0.0
4,task_5,127,13,0.8645286560058594,0.0
4,task_5,127,14,0.8645286560058594,0.0
4,task_5,127,15,0.8645286560058594,0.0
4,task_5,127,16,0.8645286560058594,0.0
4,task_5,127,17,0.8645286560058594,0.0
4,task_5,127,18,0.8645286560058594,0.0
4,task_5,127,19,0.8645286560058594,0.0
4,task_5,127,20,0.8645286560058594,0.0
4,task_5,127,21,0.8645286560058594,0.0
4,task_5,127,22,0.8645286560058594,0.0
4,task_5,127,23,0.8645286560058594,0.0
4,task_5,127,24,0.8645286560058594,0.0
4,task_5,127,25,0.8645286560058594,0.0
4,task_5,127,26,0.8645286560058594,0.0
4,task_5,127,27,0.8645286560058594,0.0
4,task_5,127,28,0.8645286560058594,0.0
4,task_5,127,29,0.8645286560058594,0.0
